date,strategy,window,scaled,raw
1985-01-31,tsmom,in_sample,3.096505395664601,0.043456226781221075
1985-02-28,tsmom,in_sample,2.6829318906755715,0.03765215356737468
1985-03-31,tsmom,in_sample,-3.703159531297949,-0.05196998546310775
1985-04-30,tsmom,in_sample,2.8082234272127824,0.03941048973341262
1985-05-31,tsmom,in_sample,4.5991272104316465,0.06454395827374501
1985-06-30,tsmom,in_sample,0.9295081953412636,0.01304467900760237
1985-07-31,tsmom,in_sample,-2.124575131059796,-0.02981619823377091
1985-08-31,tsmom,in_sample,4.2799714107652616,0.060064939174258626
1985-09-30,tsmom,in_sample,0.954923614192772,0.01340135792923358
1985-10-31,tsmom,in_sample,0.7455983930165935,0.010463696559356035
1985-11-30,tsmom,in_sample,3.361171819962593,0.04717054427337577
1985-12-31,tsmom,in_sample,1.176984084006441,0.016517745244068578
1986-01-31,tsmom,in_sample,-1.8522218243719766,-0.025994003356729176
1986-02-28,tsmom,in_sample,5.9481759314814155,0.08347645141357125
1986-03-31,tsmom,in_sample,6.112375596159353,0.08578082261719819
1986-04-30,tsmom,in_sample,0.3863209294487884,0.0054216117123398215
1986-05-31,tsmom,in_sample,-3.0761975816711646,-0.043171227771832875
1986-06-30,tsmom,in_sample,2.6254669473743877,0.03684569296454073
1986-07-31,tsmom,in_sample,3.144897046730896,0.04413535318158159
1986-08-31,tsmom,in_sample,1.70269739567612,0.023895583799044197
1986-09-30,tsmom,in_sample,-2.9071167928232495,-0.04079835507643564
1986-10-31,tsmom,in_sample,-0.8637352373047051,-0.01212162407460912
1986-11-30,tsmom,in_sample,2.7067091090298874,0.037985842051973626
1986-12-31,tsmom,in_sample,-0.22795460846564658,-0.0031991054093356316
1987-01-31,tsmom,in_sample,4.634715464552479,0.06504340233865377
1987-02-28,tsmom,in_sample,2.8245498861745277,0.03963961457335937
1987-03-31,tsmom,in_sample,2.590998489638926,0.03636196407511322
1987-04-30,tsmom,in_sample,-0.537694365631734,-0.007545980163506987
1987-05-31,tsmom,in_sample,1.190334271843474,0.01670510121994715
1987-06-30,tsmom,in_sample,-0.05313437915729399,-0.0007456856473660918
1987-07-31,tsmom,in_sample,2.915062208835812,0.04090986071133506
1987-08-31,tsmom,in_sample,0.7364351354919647,0.010335099787781694
1987-09-30,tsmom,in_sample,2.831686128042294,0.03973976429226685
1987-10-31,tsmom,in_sample,-7.465228231705713,-0.10476669973344238
1987-11-30,tsmom,in_sample,3.228414775329745,0.04530743748000572
1987-12-31,tsmom,in_sample,1.3764123446622512,0.01931651308531863
1988-01-31,tsmom,in_sample,-0.09989527174919012,-0.0014019260517299345
1988-02-29,tsmom,in_sample,0.4061309870997651,0.005699625230105755
1988-03-31,tsmom,in_sample,2.9648373817582825,0.04160840339936713
1988-04-30,tsmom,in_sample,0.14828380738540659,0.00208100873027547
1988-05-31,tsmom,in_sample,2.4257985412807086,0.03404355493229307
1988-06-30,tsmom,in_sample,-0.9865893909798603,-0.013845754111843132
1988-07-31,tsmom,in_sample,-1.2418092892555403,-0.017427499454214058
1988-08-31,tsmom,in_sample,0.974640698987913,0.013678066669842219
1988-09-30,tsmom,in_sample,1.5296726370753866,0.02146736159764038
1988-10-31,tsmom,in_sample,0.3998373842143193,0.00561130107131572
1988-11-30,tsmom,in_sample,0.00020082353205214972,2.8183490214752105e-06
1988-12-31,tsmom,in_sample,0.30951970958782016,0.004343786615692014
1989-01-31,tsmom,in_sample,4.507798102709555,0.06326224940850146
1989-02-28,tsmom,in_sample,-3.599832955008784,-0.05051990462745483
1989-03-31,tsmom,in_sample,4.28594181252032,0.06014872754194759
1989-04-30,tsmom,in_sample,0.891274994049439,0.01250811586508829
1989-05-31,tsmom,in_sample,1.6046257444362668,0.022519250361016013
1989-06-30,tsmom,in_sample,-0.2807594007250575,-0.003940165648007594
1989-07-31,tsmom,in_sample,3.0240827499493967,0.04243985041039274
1989-08-31,tsmom,in_sample,2.350840027992715,0.032991590302363184
1989-09-30,tsmom,in_sample,0.8804409429011214,0.012356071245912165
1989-10-31,tsmom,in_sample,-1.629144502996823,-0.02286334558975139
1989-11-30,tsmom,in_sample,1.6990410839102894,0.02384427127315574
1989-12-31,tsmom,in_sample,4.1341524723269645,0.05801852231135131
1990-01-31,tsmom,in_sample,-0.372189424253345,-0.005223290761440466
1990-02-28,tsmom,in_sample,0.5747248205907376,0.008065664014458221
1990-03-31,tsmom,in_sample,3.22450390692945,0.04525255251699139
1990-04-30,tsmom,in_sample,-1.410040330989012,-0.019788446834265925
1990-05-31,tsmom,in_sample,-3.6510247287225996,-0.051238327831546505
1990-06-30,tsmom,in_sample,0.7325771399902058,0.010280956840806663
1990-07-31,tsmom,in_sample,3.277561254375162,0.04599715710454969
1990-08-31,tsmom,in_sample,8.562740802167175,0.12016914509135777
1990-09-30,tsmom,in_sample,3.641870415509994,0.05110985658407175
1990-10-31,tsmom,in_sample,-2.9397909473732313,-0.041256902790254145
1990-11-30,tsmom,in_sample,-0.3678119452685797,-0.005161857405064491
1990-12-31,tsmom,in_sample,0.7099756417471592,0.009963768362911438
1991-01-31,tsmom,in_sample,-0.2667545336947997,-0.0037436219318042166
1991-02-28,tsmom,in_sample,-1.5899830748264643,-0.02231375575017601
1991-03-31,tsmom,in_sample,-1.3768681555102185,-0.01932290991563139
1991-04-30,tsmom,in_sample,2.3652877339735823,0.033194348801816154
1991-05-31,tsmom,in_sample,-0.5747344854917699,-0.008065799651273731
1991-06-30,tsmom,in_sample,0.9299872232375409,0.013051401664996833
1991-07-31,tsmom,in_sample,-2.256322994725848,-0.031665142223802144
1991-08-31,tsmom,in_sample,2.5023414820159404,0.035117755350528704
1991-09-30,tsmom,in_sample,1.8363331379808892,0.02577102219866838
1991-10-31,tsmom,in_sample,0.5048599982458251,0.0070851840294722385
1991-11-30,tsmom,in_sample,0.08920095202299583,0.001251842417468209
1991-12-31,tsmom,in_sample,5.2568496112851,0.07377440684670553
1992-01-31,tsmom,in_sample,-1.228658046795962,-0.017242935469414154
1992-02-29,tsmom,in_sample,-0.08467740271144432,-0.0011883591162558022
1992-03-31,tsmom,in_sample,-1.3121185587758601,-0.018414216792208955
1992-04-30,tsmom,in_sample,1.872674056239302,0.026281029120499195
1992-05-31,tsmom,in_sample,0.5115480093069574,0.007179043296048942
1992-06-30,tsmom,in_sample,1.470566912993613,0.02063787434618524
1992-07-31,tsmom,in_sample,3.787433960443044,0.053152689265243754
1992-08-31,tsmom,in_sample,3.5600305032005015,0.049961318689044694
1992-09-30,tsmom,in_sample,2.293405603714389,0.03218555800221532
1992-10-31,tsmom,in_sample,-0.49338479673903257,-0.006924141533070467
1992-11-30,tsmom,in_sample,1.0851461434971374,0.015228895440841928
1992-12-31,tsmom,in_sample,1.447105536273061,0.020308618369820584
1993-01-31,tsmom,in_sample,1.8371198174443046,0.02578206242524579
1993-02-28,tsmom,in_sample,3.8910165043662257,0.054606362339931054
1993-03-31,tsmom,in_sample,-0.3875709161563115,-0.0054391539733388465
1993-04-30,tsmom,in_sample,-0.5261254188925742,-0.007383622050448092
1993-05-31,tsmom,in_sample,2.032766885180362,0.02852776516373375
1993-06-30,tsmom,in_sample,1.114976391643011,0.01564753189152667
1993-07-31,tsmom,in_sample,2.3016488754789863,0.0323012437322396
1993-08-31,tsmom,in_sample,4.5139583014516536,0.06334870137914193
1993-09-30,tsmom,in_sample,-1.3512182123945256,-0.018962939690318176
1993-10-31,tsmom,in_sample,3.2621113679587994,0.04578033404692041
1993-11-30,tsmom,in_sample,0.5426687831724736,0.0076157909305276175
1993-12-31,tsmom,in_sample,4.394258252252273,0.061668835911762324
1994-01-31,tsmom,in_sample,0.7381881764465364,0.010359701890973665
1994-02-28,tsmom,in_sample,-3.2343591307953483,-0.04539086031516148
1994-03-31,tsmom,in_sample,-4.402911324660628,-0.06179027276682424
1994-04-30,tsmom,in_sample,-0.5603161127039831,-0.007863452812621519
1994-05-31,tsmom,in_sample,0.30428463286596885,0.004270317768661947
1994-06-30,tsmom,in_sample,-0.7959239606989215,-0.011169963464351222
1994-07-31,tsmom,in_sample,-1.3936620263842536,-0.019558594394740777
1994-08-31,tsmom,in_sample,1.299762952063703,0.01824081872610036
1994-09-30,tsmom,in_sample,1.9251216076691935,0.02701707585636091
1994-10-31,tsmom,in_sample,1.078739731456669,0.015138988123104219
1994-11-30,tsmom,in_sample,1.4746034436314661,0.020694522847768182
1994-12-31,tsmom,in_sample,1.4572226645975905,0.020450601724172568
1995-01-31,tsmom,in_sample,0.6466122078300722,0.009074528590297752
1995-02-28,tsmom,in_sample,-1.6604473734928142,-0.02330264876070066
1995-03-31,tsmom,in_sample,3.0007168402490985,0.04211193421418415
1995-04-30,tsmom,in_sample,-0.0025098568192178945,-3.5223225277447844e-05
1995-05-31,tsmom,in_sample,0.7346631389344008,0.010310231662452781
1995-06-30,tsmom,in_sample,0.6788052551950474,0.009526324466071025
1995-07-31,tsmom,in_sample,-0.9489984573237421,-0.01331820452637648
1995-08-31,tsmom,in_sample,-1.20211300905749,-0.016870403523726547
1995-09-30,tsmom,in_sample,3.15209814998063,0.044236413162401775
1995-10-31,tsmom,in_sample,1.5986388241993092,0.022435230173645255
1995-11-30,tsmom,in_sample,2.2699661287466406,0.03185660939413043
1995-12-31,tsmom,in_sample,1.2082347472449217,0.016956315740556772
1996-01-31,tsmom,in_sample,-2.143701629110939,-0.030084618704797627
1996-02-29,tsmom,in_sample,-1.476754576266978,-0.020724711752904978
1996-03-31,tsmom,in_sample,1.8771596914642026,0.026343980337010565
1996-04-30,tsmom,in_sample,2.9804399978950222,0.04182736985948304
1996-05-31,tsmom,in_sample,0.13175451194765314,0.0018490372917362363
1996-06-30,tsmom,in_sample,1.241032650501972,0.017416600138537294
1996-07-31,tsmom,in_sample,-3.1815463237877215,-0.04464968759784939
1996-08-31,tsmom,in_sample,3.3311203481997826,0.04674880317973435
1996-09-30,tsmom,in_sample,6.166007624415745,0.08653349225113771
1996-10-31,tsmom,in_sample,1.4168650911142624,0.019884225231469932
1996-11-30,tsmom,in_sample,5.392947553883478,0.07568439966192662
1996-12-31,tsmom,in_sample,2.2056372595836398,0.03095382074378904
1997-01-31,tsmom,in_sample,2.8061558861297726,0.03938147394861581
1997-02-28,tsmom,in_sample,-1.2018496638927227,-0.0168667077487352
1997-03-31,tsmom,in_sample,1.4932755071113482,0.02095656580309168
1997-04-30,tsmom,in_sample,1.8332893165203403,0.02572830533602175
1997-05-31,tsmom,in_sample,0.7419491772925214,0.010412483619019842
1997-06-30,tsmom,in_sample,2.3473505715380725,0.032942619416910034
1997-07-31,tsmom,in_sample,5.380654935186974,0.07551188556698647
1997-08-31,tsmom,in_sample,-3.4926477294459946,-0.04901567166981995
1997-09-30,tsmom,in_sample,2.86795725267874,0.040248791733335794
1997-10-31,tsmom,in_sample,-0.24677061830804545,-0.0034631685018701357
1997-11-30,tsmom,in_sample,1.2576050867561401,0.017649177013483733
1997-12-31,tsmom,in_sample,3.5983387433874934,0.050498934924264625
1998-01-31,tsmom,in_sample,2.092760690411506,0.029369715708771775
1998-02-28,tsmom,in_sample,1.7761372309146468,0.024926235364957573
1998-03-31,tsmom,in_sample,3.45668113740758,0.048510918026452396
1998-04-30,tsmom,in_sample,0.17912825022942502,0.0025138783467943816
1998-05-31,tsmom,in_sample,3.3810968909519543,0.04745017188350618
1998-06-30,tsmom,in_sample,2.1109160604350516,0.029624507409811537
1998-07-31,tsmom,in_sample,3.0764961473128456,0.04317541782951924
1998-08-31,tsmom,in_sample,4.439602730604119,0.06230519841811961
1998-09-30,tsmom,in_sample,0.4984804872767902,0.006995654240242156
1998-10-31,tsmom,in_sample,-0.8513539722597778,-0.011947865920535152
1998-11-30,tsmom,in_sample,2.1822114243232664,0.030625063554785076
1998-12-31,tsmom,in_sample,2.6301701189237043,0.03691169707670028
1999-01-31,tsmom,in_sample,-0.21516593499385253,-0.0030196297024954735
1999-02-28,tsmom,in_sample,-1.8817934205522961,-0.026409009896583388
1999-03-31,tsmom,in_sample,-2.77658386887396,-0.0389664614994058
1999-04-30,tsmom,in_sample,-0.6805938028949099,-0.009551424869436404
1999-05-31,tsmom,in_sample,0.22258404294244477,0.0031237351181530536
1999-06-30,tsmom,in_sample,-2.069921122178844,-0.029049186166632636
1999-07-31,tsmom,in_sample,0.3755431951229504,0.0052703574410871016
1999-08-31,tsmom,in_sample,-0.13848240218229896,-0.00194345622096054
1999-09-30,tsmom,in_sample,0.20784583740511192,0.002916899760115151
1999-10-31,tsmom,in_sample,1.3466994075726102,0.018899522973074224
1999-11-30,tsmom,in_sample,4.23969773415192,0.05949974008670874
1999-12-31,tsmom,in_sample,4.7811436277754105,0.06709836903662318
2000-01-31,tsmom,in_sample,-0.19707820929396758,-0.0027657873190553447
2000-02-29,tsmom,in_sample,1.377507107300232,0.01933187693823951
2000-03-31,tsmom,in_sample,-2.5758526046428694,-0.036149407360659414
2000-04-30,tsmom,in_sample,1.2246619737878959,0.017186854748509884
2000-05-31,tsmom,in_sample,0.6351615104402787,0.008913829983645653
2000-06-30,tsmom,in_sample,0.8175632278627218,0.011473648031659303
2000-07-31,tsmom,in_sample,0.024339501943541706,0.0003415795488945064
2000-08-31,tsmom,in_sample,3.679265124880892,0.051634652366153964
2000-09-30,tsmom,in_sample,-1.0054600410342396,-0.014110584022819651
2000-10-31,tsmom,in_sample,1.9701526627203327,0.027649039793268552
2000-11-30,tsmom,in_sample,2.797864960372558,0.039265119444458894
2000-12-31,tsmom,in_sample,-0.8221141246701127,-0.011537515126480711
2001-01-31,tsmom,in_sample,-0.024315091047076784,-0.00034123696739789483
2001-02-28,tsmom,in_sample,2.218554851412042,0.03113510568543592
2001-03-31,tsmom,in_sample,4.362568883269725,0.061224108637271714
2001-04-30,tsmom,in_sample,-4.58827129268414,-0.06439160677963347
2001-05-31,tsmom,in_sample,0.315358593027858,0.004425729260867009
2001-06-30,tsmom,in_sample,1.5648499836231422,0.02196103900291187
2001-07-31,tsmom,in_sample,0.4165540033663627,0.00584590140300046
2001-08-31,tsmom,in_sample,2.7966784493278847,0.03924846799824861
2001-09-30,tsmom,in_sample,6.2877286943032,0.08824172063804378
2001-10-31,tsmom,in_sample,3.5484697690499947,0.049799075831110325
2001-11-30,tsmom,in_sample,-4.036642113239479,-0.05665006602383542
2001-12-31,tsmom,in_sample,-0.2768596205068829,-0.003885436296075836
2002-01-31,tsmom,in_sample,0.8524720792435985,0.011963557387025927
2002-02-28,tsmom,in_sample,0.33009674996543886,0.004632563936858031
2002-03-31,tsmom,in_sample,-3.956619756795495,-0.055527035631553125
2002-04-30,tsmom,in_sample,1.0500022393978086,0.014735687365488281
2002-05-31,tsmom,in_sample,2.0624820475224777,0.028944786505078007
2002-06-30,tsmom,in_sample,4.312585961923684,0.060522650416581183
2002-07-31,tsmom,in_sample,3.8576121897748257,0.05413756759073167
2002-08-31,tsmom,in_sample,1.740004927967765,0.024419156141654467
2002-09-30,tsmom,in_sample,5.056214833056738,0.0709587067884725
2002-10-31,tsmom,in_sample,-2.18772280084654,-0.03070240998163368
2002-11-30,tsmom,in_sample,-0.646251982375305,-0.009069473201382024
2002-12-31,tsmom,in_sample,6.694466483560448,0.09394986170416385
2003-01-31,tsmom,in_sample,4.194221679270228,0.058861531040853066
2003-02-28,tsmom,in_sample,3.6758309656866484,0.05158645752013277
2003-03-31,tsmom,in_sample,-1.7966557302099895,-0.02521419112303154
2003-04-30,tsmom,in_sample,-0.032857809933591754,-0.00046112512576518787
2003-05-31,tsmom,in_sample,4.549455740353212,0.06384687094707435
2003-06-30,tsmom,in_sample,-1.7688619832940664,-0.024824134845148327
2003-07-31,tsmom,in_sample,-4.5770313011964046,-0.06423386521076882
2003-08-31,tsmom,in_sample,-1.4515070402683508,-0.020370388892186078
2003-09-30,tsmom,in_sample,4.269792738117631,0.05992209210945889
2003-10-31,tsmom,in_sample,2.518941989132949,0.03535072617078629
2003-11-30,tsmom,in_sample,1.2768045820346827,0.017918621924536523
2003-12-31,tsmom,in_sample,5.300802449413411,0.07439123913256443
2004-01-31,tsmom,in_sample,0.5970760851667763,0.008379340723571445
2004-02-29,tsmom,in_sample,4.203420325681876,0.05899062445858277
2004-03-31,tsmom,in_sample,0.27316383536151345,0.0038335698024353905
2004-04-30,tsmom,in_sample,-3.1512066169494517,-0.044223901425254446
2004-05-31,tsmom,in_sample,-0.9617896480508397,-0.013497715560271935
2004-06-30,tsmom,in_sample,-1.1829802266354736,-0.016601894858102713
2004-07-31,tsmom,in_sample,-0.28229345455909755,-0.003961694495139584
2004-08-31,tsmom,in_sample,0.26540455069501323,0.0037246763270358057
2004-09-30,tsmom,in_sample,4.167288789162797,0.058483555991295295
2004-10-31,tsmom,in_sample,1.0194104424304233,0.014306363370600025
2004-11-30,tsmom,in_sample,3.848459862285223,0.054009124210810215
2004-12-31,tsmom,in_sample,0.3105293569378689,0.0043579559642338275
2005-01-31,tsmom,in_sample,1.6606610706980243,0.023305647778311005
2005-02-28,tsmom,in_sample,-0.674673903210377,-0.009468345245685926
2005-03-31,tsmom,in_sample,0.4303559999518871,0.006039598043895689
2005-04-30,tsmom,in_sample,-2.6364226527867367,-0.036999444874553186
2005-05-31,tsmom,in_sample,1.8104855761520775,0.025408278600628116
2005-06-30,tsmom,in_sample,3.9539710761782416,0.05548986415891964
2005-07-31,tsmom,in_sample,0.5033247877058494,0.007063638949177688
2005-08-31,tsmom,in_sample,1.6839141365018266,0.02363198032801154
2005-09-30,tsmom,in_sample,1.155605834574159,0.0162177237886513
2005-10-31,tsmom,in_sample,-1.6207718425664999,-0.022745844024621972
2005-11-30,tsmom,in_sample,2.8121303562540865,0.03946531941162819
2005-12-31,tsmom,in_sample,1.574021032952206,0.022089745124342676
2006-01-31,tsmom,in_sample,2.5574763747272824,0.0358915161211629
2006-02-28,tsmom,in_sample,-0.39719991486737094,-0.005574286937179226
2006-03-31,tsmom,in_sample,3.216805658235444,0.045144515617868475
2006-04-30,tsmom,in_sample,0.8899352816807804,0.012489314397926131
2006-05-31,tsmom,in_sample,-2.1312661966248485,-0.029910100367127452
2006-06-30,tsmom,in_sample,0.08250737631506415,0.001157905056871839
2006-07-31,tsmom,in_sample,-0.5024234467189044,-0.007050989567590713
2006-08-31,tsmom,in_sample,-1.0061975026032535,-0.014120933527532407
2006-09-30,tsmom,in_sample,1.032246461221026,0.014486503519657547
2006-10-31,tsmom,in_sample,1.269304962370975,0.01781337257688956
2006-11-30,tsmom,in_sample,0.553248945756147,0.0077642724882416875
2006-12-31,tsmom,in_sample,2.6385398747539757,0.03702915787879446
2007-01-31,tsmom,in_sample,1.8959635154355234,0.026607872413541726
2007-02-28,tsmom,in_sample,-2.4028168110935884,-0.033721030295250747
2007-03-31,tsmom,in_sample,1.5103473940076608,0.021196151947391065
2007-04-30,tsmom,in_sample,3.587879679205636,0.05035215285643988
2007-05-31,tsmom,in_sample,1.606449585946205,0.022544846076230928
2007-06-30,tsmom,in_sample,1.691839830266822,0.023743209181716227
2007-07-31,tsmom,in_sample,-3.944008089412367,-0.05535004402073344
2007-08-31,tsmom,in_sample,-1.6239106482203707,-0.022789893891451772
2007-09-30,tsmom,in_sample,2.929765391765918,0.041116204563572824
2007-10-31,tsmom,in_sample,3.536992691307174,0.049638007003690865
2007-11-30,tsmom,in_sample,-1.6626729024171858,-0.02333388174023335
2007-12-31,tsmom,in_sample,2.5507465710344626,0.03579707033854687
2008-01-31,tsmom,in_sample,-2.307151130881244,-0.03237846215365862
2008-02-29,tsmom,in_sample,6.696683295134255,0.09398097234476453
2008-03-31,tsmom,in_sample,-1.9553793732929483,-0.027441712069389924
2008-04-30,tsmom,in_sample,-1.5441180214775156,-0.021670087516154755
2008-05-31,tsmom,in_sample,0.06856468844524774,0.0009622339603968144
2008-06-30,tsmom,in_sample,5.630973748140405,0.07902484928361375
2008-07-31,tsmom,in_sample,-2.468045077846269,-0.03463644105362344
2008-08-31,tsmom,in_sample,-2.524603523723753,-0.035430179909653386
2008-09-30,tsmom,in_sample,-1.0700362122858895,-0.015016843300295372
2008-10-31,tsmom,in_sample,6.375189889044753,0.08946914737483128
2008-11-30,tsmom,in_sample,5.734963859521388,0.0804842421429007
2008-12-31,tsmom,in_sample,4.360178912239419,0.06119056788412496
2009-01-31,tsmom,in_sample,0.19351306563420054,0.0027157542425416134
2009-02-28,tsmom,in_sample,1.7936334556167786,0.02517177664821694
2009-03-31,tsmom,in_sample,-1.5656219366603608,-0.02197187255944201
2009-04-30,tsmom,in_sample,-3.177741324004773,-0.04459628839056823
2009-05-31,tsmom,in_sample,-5.2531139444867,-0.07372198065562005
2009-06-30,tsmom,in_sample,1.0615727635920427,0.014898067616485494
2009-07-31,tsmom,in_sample,-2.4230498017987325,-0.034004979237750935
2009-08-31,tsmom,in_sample,1.3694686972516368,0.019219066228940804
2009-09-30,tsmom,in_sample,0.6453137140906349,0.009056305583648387
2009-10-31,tsmom,in_sample,-1.6365583476590833,-0.02296739117462749
2009-11-30,tsmom,in_sample,3.089899347037328,0.04336351777200169
2009-12-31,tsmom,in_sample,-1.0603740131224544,-0.014881244402699572
2010-01-31,tsmom,post_sample,-3.3102261842225045,-0.04645557535927846
2010-02-28,tsmom,post_sample,1.4679943497027081,0.020601771100915548
2010-03-31,tsmom,post_sample,3.702890538591598,0.051966210430754806
2010-04-30,tsmom,post_sample,1.5258603297149835,0.021413859836123882
2010-05-31,tsmom,post_sample,-3.657740334198636,-0.051332574356984
2010-06-30,tsmom,post_sample,0.8319586719097583,0.011675673089326004
2010-07-31,tsmom,post_sample,-0.6259481686669335,-0.008784530331826556
2010-08-31,tsmom,post_sample,3.9592799403967875,0.05556436853658191
2010-09-30,tsmom,post_sample,0.8255029151221551,0.011585073269477709
2010-10-31,tsmom,post_sample,1.5121231261256465,0.021221072497418177
2010-11-30,tsmom,post_sample,-0.49519194436596337,-0.006949502967031797
2010-12-31,tsmom,post_sample,3.2162244513667475,0.045136358985062915
2011-01-31,tsmom,post_sample,-0.4799434296090404,-0.006735505950820748
2011-02-28,tsmom,post_sample,3.0126501122812055,0.04227940525311575
2011-03-31,tsmom,post_sample,-1.1721616367696834,-0.01645006722191676
2011-04-30,tsmom,post_sample,3.665743803926439,0.051444894715286946
2011-05-31,tsmom,post_sample,-0.8696456485055066,-0.012204570537377087
2011-06-30,tsmom,post_sample,-1.6942664119386353,-0.02377726372706955
2011-07-31,tsmom,post_sample,1.34273343251959,0.01884386464560804
2011-08-31,tsmom,post_sample,1.903090519471372,0.02670789248910373
2011-09-30,tsmom,post_sample,-6.677123422885951,-0.09370646991844093
2011-10-31,tsmom,post_sample,-1.2959939436921453,-0.01818792462077632
2011-11-30,tsmom,post_sample,1.7691155664377884,0.024827693620345977
2011-12-31,tsmom,post_sample,1.0325349173623735,0.014490551701040464
2012-01-31,tsmom,post_sample,-0.5945226355998302,-0.008343505719501702
2012-02-29,tsmom,post_sample,-1.5683699939267808,-0.022010438679799668
2012-03-31,tsmom,post_sample,0.1511139386415688,0.00212072667356102
2012-04-30,tsmom,post_sample,2.599025253180702,0.03647461133782395
2012-05-31,tsmom,post_sample,7.627407161382622,0.10704271202686286
2012-06-30,tsmom,post_publication,-4.77494078816927,-0.06701131864588614
2012-07-31,tsmom,post_publication,1.2497918885533315,0.01753952691777802
2012-08-31,tsmom,post_publication,-1.2387957724398158,-0.017385207885681188
2012-09-30,tsmom,post_publication,-2.6376159122136995,-0.03701619102727732
2012-10-31,tsmom,post_publication,-0.7982768727624292,-0.011202984133513054
2012-11-30,tsmom,post_publication,-0.18348589420688363,-0.0025750333395101687
2012-12-31,tsmom,post_publication,0.7517473911652736,0.010549991341338483
2013-01-31,tsmom,post_publication,0.5673070584360516,0.00796156345165781
2013-02-28,tsmom,post_publication,1.325122149343599,0.018596708636554837
2013-03-31,tsmom,post_publication,0.890727348831666,0.01250043023508341
2013-04-30,tsmom,post_publication,4.342703765039729,0.060945322401650376
2013-05-31,tsmom,post_publication,-1.5801677088638384,-0.02217600731614785
2013-06-30,tsmom,post_publication,0.2270568801044482,0.0031865067271867834
2013-07-31,tsmom,post_publication,2.4378845378940035,0.03421316930158814
2013-08-31,tsmom,post_publication,-0.49552937643693484,-0.006954238474555835
2013-09-30,tsmom,post_publication,-1.0487843110478945,-0.014718595010134646
2013-10-31,tsmom,post_publication,1.7941940178940883,0.025179643555693305
2013-11-30,tsmom,post_publication,2.592725089032581,0.036386195098548874
2013-12-31,tsmom,post_publication,1.1759177475763274,0.01650278032335603
2014-01-31,tsmom,post_publication,-3.3182525269809577,-0.04656821671673371
2014-02-28,tsmom,post_publication,-0.6563752391312052,-0.00921154256188269
2014-03-31,tsmom,post_publication,0.8255547066207045,0.011585800109194976
2014-04-30,tsmom,post_publication,-0.07815487042605748,-0.0010968221718737723
2014-05-31,tsmom,post_publication,-0.16145297444464643,-0.002265824268154836
2014-06-30,tsmom,post_publication,1.651787456867695,0.023181115854187872
2014-07-31,tsmom,post_publication,-0.4464439854490592,-0.006265376157247904
2014-08-31,tsmom,post_publication,2.432387556691147,0.03413602489806218
2014-09-30,tsmom,post_publication,2.823954364554476,0.03963125704793399
2014-10-31,tsmom,post_publication,0.5899654458597986,0.00827955030992769
2014-11-30,tsmom,post_publication,6.032867946644445,0.08466501560035941
2014-12-31,tsmom,post_publication,3.2711402931376736,0.045907045603991545
2015-01-31,tsmom,post_publication,9.238192059715,0.1296483996951946
2015-02-28,tsmom,post_publication,-1.823386798671969,-0.025589333816086274
2015-03-31,tsmom,post_publication,4.176816032338197,0.05861726092221829
2015-04-30,tsmom,post_publication,-4.691863553276904,-0.06584541621765394
2015-05-31,tsmom,post_publication,0.9879265632829041,0.013864519931831043
2015-06-30,tsmom,post_publication,-4.1151892132175405,-0.05775239272878253
2015-07-31,tsmom,post_publication,6.227247919746088,0.08739293598592027
2015-08-31,tsmom,post_publication,-1.2716427254389504,-0.017846180645683805
2015-09-30,tsmom,post_publication,2.179171287659965,0.030582398404428387
2015-10-31,tsmom,post_publication,-0.4756784142604391,-0.006675650904395283
2015-11-30,tsmom,post_publication,3.06011373820266,0.04294550778753717
2015-12-31,tsmom,post_publication,-0.26273658487497414,-0.0036872342066757084
2016-01-31,tsmom,post_publication,2.0308808625928543,0.028501296801885588
2016-02-29,tsmom,post_publication,1.2100302251645545,0.016981513402335585
2016-03-31,tsmom,post_publication,-3.7329258434577155,-0.052387724638846465
2016-04-30,tsmom,post_publication,-3.4359891069290738,-0.04822052693903596
2016-05-31,tsmom,post_publication,0.8341634767721897,0.011706615228243091
2016-06-30,tsmom,post_publication,5.046141437011257,0.07081733717108951
2016-07-31,tsmom,post_publication,-0.6069580385332126,-0.008518023642430412
2016-08-31,tsmom,post_publication,-1.2083610195463577,-0.01695808784073624
2016-09-30,tsmom,post_publication,0.940306626931721,0.01319622374339822
2016-10-31,tsmom,post_publication,-2.4658008541049754,-0.03460494571181458
2016-11-30,tsmom,post_publication,-3.5174443026219846,-0.049363665737210134
2016-12-31,tsmom,post_publication,-2.8844991571384333,-0.04048094012635981
2017-01-31,tsmom,post_publication,0.31592530784174166,0.0044336825127834715
2017-02-28,tsmom,post_publication,2.8165998989408605,0.039528044786134794
2017-03-31,tsmom,post_publication,-1.2254663187217345,-0.0171981428915579
2017-04-30,tsmom,post_publication,-1.7434367266034159,-0.024467317859695432
2017-05-31,tsmom,post_publication,0.3930973837735126,0.0055167121879663465
2017-06-30,tsmom,post_publication,-0.7721052780314808,-0.010835693071321895
2017-07-31,tsmom,post_publication,-0.10448649952579968,-0.0014663591496809115
2017-08-31,tsmom,post_publication,-0.23738006570272105,-0.0033313818806715062
2017-09-30,tsmom,post_publication,1.5303458616128864,0.021476809602548504
2017-10-31,tsmom,post_publication,1.7214915584759403,0.02415934029109994
2017-11-30,tsmom,post_publication,-0.9856613124655358,-0.013832729496918925
2017-12-31,tsmom,post_publication,3.0631564407538274,0.04298820894745649
2018-01-31,tsmom,post_publication,1.1940954805740664,0.016757885865437184
2018-02-28,tsmom,post_publication,-3.8975821077723856,-0.05469850374261458
2018-03-31,tsmom,post_publication,-0.9559590163107657,-0.01341588871910796
2018-04-30,tsmom,post_publication,0.6850706018990415,0.009614252078796305
2018-05-31,tsmom,post_publication,-1.5028522411538197,-0.021090965286766326
2018-06-30,tsmom,post_publication,-0.03456737668356975,-0.0004851171137942395
2018-07-31,tsmom,post_publication,-0.19943868827683833,-0.0027989141820459777
2018-08-31,tsmom,post_publication,1.9507873408344216,0.02737726767856669
2018-09-30,tsmom,post_publication,-1.0488498818959169,-0.014719515228664184
2018-10-31,tsmom,post_publication,-0.382003524224068,-0.005361021428591388
2018-11-30,tsmom,post_publication,-1.832465297005482,-0.025716741080729324
2018-12-31,tsmom,post_publication,-0.4932621501404484,-0.00692242031585267
2019-01-31,tsmom,post_publication,-4.3196639438352005,-0.060621982517707465
2019-02-28,tsmom,post_publication,-0.33955718909256716,-0.004765331342570944
2019-03-31,tsmom,post_publication,4.128624141690635,0.057940937951191526
2019-04-30,tsmom,post_publication,-0.2171458421891753,-0.003047415636989946
2019-05-31,tsmom,post_publication,4.075955427258716,0.05720178742304024
2019-06-30,tsmom,post_publication,-0.26832246818625555,-0.003765626258660615
2019-07-31,tsmom,post_publication,1.8866439773502264,0.026477082407137115
2019-08-31,tsmom,post_publication,7.238440649734307,0.1015839723249539
2019-09-30,tsmom,post_publication,-4.104673179500499,-0.05760481115289167
2019-10-31,tsmom,post_publication,-2.776723687575985,-0.03896842370920268
2019-11-30,tsmom,post_publication,-0.09682510905429571,-0.001358839517305879
2019-12-31,tsmom,post_publication,-2.03556199761324,-0.028566991654322856
2020-01-31,tsmom,post_publication,1.1868202168584396,0.016655785119750736
2020-02-29,tsmom,post_publication,0.8974049850238666,0.012594143901184893
2020-03-31,tsmom,post_publication,6.504245476249717,0.0912803080699861
2020-04-30,tsmom,post_publication,-0.9489532333619757,-0.013317569855194826
2020-05-31,tsmom,post_publication,-3.0940322067981274,-0.04342151815245371
2020-06-30,tsmom,post_publication,-1.173920488495325,-0.016474750873226085
2020-07-31,tsmom,post_publication,-1.9272778474815084,-0.02704733643540264
2020-08-31,tsmom,post_publication,-1.75107834954783,-0.024574560075424808
2020-09-30,tsmom,post_publication,-1.4280649329310666,-0.020041403341537586
2020-10-31,tsmom,post_publication,0.14445224623365,0.0020272367618590823
2020-11-30,tsmom,post_publication,-5.335720156251352,-0.07488127276504387
2020-12-31,tsmom,post_publication,2.659891157547443,0.037328800885534245
2021-01-31,tsmom,post_publication,-0.704587904125586,-0.009888157079220927
2021-02-28,tsmom,post_publication,-3.2261216221527733,-0.045275255464549816
2021-03-31,tsmom,post_publication,-0.04743338581755388,-0.0006656781460722649
2021-04-30,tsmom,post_publication,3.1483971024788486,0.044184472817072266
2021-05-31,tsmom,post_publication,2.0888158203660385,0.029314353568095933
2021-06-30,tsmom,post_publication,-2.7712020075950563,-0.03889093268406172
2021-07-31,tsmom,post_publication,-2.485375154214586,-0.03487965061813829
2021-08-31,tsmom,post_publication,0.9344850875369192,0.013114524503826244
2021-09-30,tsmom,post_publication,0.7732999975862972,0.01085245971541906
2021-10-31,tsmom,post_publication,4.582542602659109,0.06431121058422054
2021-11-30,tsmom,post_publication,-8.176452080505605,-0.11474798538175221
2021-12-31,tsmom,post_publication,3.578925393691934,0.0502264887892976
2022-01-31,tsmom,post_publication,3.90206625724959,0.05476143410820514
2022-02-28,tsmom,post_publication,2.7997791100457805,0.039291982540647655
2022-03-31,tsmom,post_publication,7.226876031998455,0.10142167496494577
2022-04-30,tsmom,post_publication,3.6871396002878134,0.051745162423570766
2022-05-31,tsmom,post_publication,0.2556447850331596,0.0035877081852954762
2022-06-30,tsmom,post_publication,-0.25938902310541984,-0.0036402546652786315
2022-07-31,tsmom,post_publication,-3.7180865217958945,-0.05217947022136073
2022-08-31,tsmom,post_publication,4.643232983195695,0.0651629368378641
2022-09-30,tsmom,post_publication,3.344427319076394,0.046935552650603916
2022-10-31,tsmom,post_publication,-1.2333903899084007,-0.017309348974066403
2022-11-30,tsmom,post_publication,-4.910210060045862,-0.06890968193097195
2022-12-31,tsmom,post_publication,1.1261331703666726,0.015804105655952253
2023-01-31,tsmom,post_publication,-4.4883721500515215,-0.06298962640408795
2023-02-28,tsmom,post_publication,1.7713121794146052,0.024858520794684112
2023-03-31,tsmom,post_publication,-2.576451929198898,-0.0361578182563287
2023-04-30,tsmom,post_publication,2.067755189834512,0.02901878956300332
2023-05-31,tsmom,post_publication,1.7314131774290846,0.024298579875138244
2023-06-30,tsmom,post_publication,1.1073155784932116,0.015540020361260213
2023-07-31,tsmom,post_publication,-0.9840448340810989,-0.013810043907105522
2023-08-31,tsmom,post_publication,0.47127752143777984,0.006613888959200841
2023-09-30,tsmom,post_publication,-0.5557189057130408,-0.007798935802627509
2023-10-31,tsmom,post_publication,-0.27809968908854077,-0.0039028393665126713
2023-11-30,tsmom,post_publication,0.7765115985557218,0.010897531188652568
2023-12-31,tsmom,post_publication,-4.645466964484417,-0.06519428843752338
2024-01-31,tsmom,post_publication,1.5160770338390421,0.021276561472346463
2024-02-29,tsmom,post_publication,3.939613413818278,0.055288369327863844
2024-03-31,tsmom,post_publication,2.591020617910764,0.0363622746223516
2024-04-30,tsmom,post_publication,1.2038054121522617,0.016894154637738686
2024-05-31,tsmom,post_publication,0.2929004832955074,0.004110553091313748
2024-06-30,tsmom,post_publication,-1.210781495716268,-0.016992056701732067
2024-07-31,tsmom,post_publication,-1.9979845098461118,-0.028039630767898047
2024-08-31,tsmom,post_publication,-2.4829712840785527,-0.034845914805525034
2024-09-30,tsmom,post_publication,0.5389018116103229,0.007562925409701326
2024-10-31,tsmom,post_publication,-3.2676380042366104,-0.04585789462852383
2024-11-30,tsmom,post_publication,1.5186839826780885,0.02131314728295582
2024-12-31,tsmom,post_publication,0.15232783993326202,0.002137762513348574
2025-01-31,tsmom,post_publication,1.9583073975943286,0.02748280383956409
2025-02-28,tsmom,post_publication,-1.3661064839736015,-0.01917188106888854
2025-03-31,tsmom,post_publication,-0.2611608290938797,-0.003665120116168735
2025-04-30,tsmom,post_publication,-2.1273156210919537,-0.02985465815588048
2025-05-31,tsmom,post_publication,-0.3079968146484707,-0.00432241437201984
2025-06-30,tsmom,post_publication,-1.8148809285728391,-0.025469962792054823
2025-07-31,tsmom,post_publication,-0.4379273284228882,-0.00614585374993502
2025-08-31,tsmom,post_publication,0.7438074395121291,0.010438562393029831
2025-09-30,tsmom,post_publication,2.2175966677784316,0.031121658576530983
2025-10-31,tsmom,post_publication,-0.35416102309435554,-0.004970280936117773
2025-11-30,tsmom,post_publication,1.1931921424822811,0.016745208456564686
2025-12-31,tsmom,post_publication,1.9826786600343658,0.027824829113933615
2026-01-31,tsmom,post_publication,3.0328901934763834,0.042563453703255524
2026-02-28,tsmom,post_publication,2.3364881106287565,0.032790176096340246
2026-03-31,tsmom,post_publication,1.3385768298372251,0.018785531057991117
2026-04-30,tsmom,post_publication,3.672622696372476,0.05154143280320927
2026-05-31,tsmom,post_publication,0.0018229119803597478,2.5582670235817804e-05
1927-01-31,xsmom,in_sample,2.3711367501349274,0.0308
1927-02-28,xsmom,in_sample,-0.2694473579698781,-0.0035
1927-03-31,xsmom,in_sample,6.72078695736296,0.0873
1927-04-30,xsmom,in_sample,3.2410667915805336,0.0421
1927-05-31,xsmom,in_sample,2.525106668974858,0.0328
1927-06-30,xsmom,in_sample,3.356544230710482,0.0436
1927-07-31,xsmom,in_sample,6.87475687620289,0.0893
1927-08-31,xsmom,in_sample,4.703781020559872,0.0611
1927-09-30,xsmom,in_sample,5.9124448834533245,0.0768
1927-10-31,xsmom,in_sample,0.015396991883993036,0.0002
1927-11-30,xsmom,in_sample,-5.719982484903412,-0.0743
1927-12-31,xsmom,in_sample,0.2694473579698781,0.0035
1928-01-31,xsmom,in_sample,-0.3387338214478468,-0.0044
1928-02-29,xsmom,in_sample,1.1547743912994777,0.015
1928-03-31,xsmom,in_sample,4.411238174764004,0.0573
1928-04-30,xsmom,in_sample,-3.525911141434405,-0.0458
1928-05-31,xsmom,in_sample,1.0469954481115262,0.0136
1928-06-30,xsmom,in_sample,3.495117157666419,0.0454
1928-07-31,xsmom,in_sample,2.0785939043390598,0.027
1928-08-31,xsmom,in_sample,1.516603700573314,0.0197
1928-09-30,xsmom,in_sample,3.302654759116506,0.0429
1928-10-31,xsmom,in_sample,8.506838015906151,0.1105
1928-11-30,xsmom,in_sample,13.079744605452083,0.1699
1928-12-31,xsmom,in_sample,4.103298337084143,0.0533
1929-01-31,xsmom,in_sample,-5.396645655339558,-0.0701
1929-02-28,xsmom,in_sample,5.427439639107544,0.0705
1929-03-31,xsmom,in_sample,2.5635991486848404,0.0333
1929-04-30,xsmom,in_sample,6.897852364028879,0.0896
1929-05-31,xsmom,in_sample,-1.8091465463691816,-0.0235
1929-06-30,xsmom,in_sample,8.660807934746082,0.1125
1929-07-31,xsmom,in_sample,2.532805164916854,0.0329
1929-08-31,xsmom,in_sample,7.128807242288775,0.0926
1929-09-30,xsmom,in_sample,4.773067484037841,0.062
1929-10-31,xsmom,in_sample,4.257268255924075,0.0553
1929-11-30,xsmom,in_sample,-0.49270374028777714,-0.0064
1929-12-31,xsmom,in_sample,5.589108053889471,0.0726
1930-01-31,xsmom,in_sample,-7.790877893300475,-0.1012
1930-02-28,xsmom,in_sample,0.9931059765175507,0.0129
1930-03-31,xsmom,in_sample,-3.364242726652478,-0.0437
1930-04-30,xsmom,in_sample,0.3695278052158328,0.0048
1930-05-31,xsmom,in_sample,-0.47730674840378406,-0.0062
1930-06-30,xsmom,in_sample,7.2904756570707026,0.0947
1930-07-31,xsmom,in_sample,1.21636235883545,0.0158
1930-08-31,xsmom,in_sample,3.972423906070203,0.0516
1930-09-30,xsmom,in_sample,7.683098950112524,0.0998
1930-10-31,xsmom,in_sample,8.922556796773964,0.1159
1930-11-30,xsmom,in_sample,-2.4173277257869064,-0.0314
1930-12-31,xsmom,in_sample,18.915204529485443,0.2457
1931-01-31,xsmom,in_sample,-13.510860378203887,-0.1755
1931-02-28,xsmom,in_sample,-13.718719768637794,-0.1782
1931-03-31,xsmom,in_sample,11.555442408936774,0.1501
1931-04-30,xsmom,in_sample,16.497876803698535,0.2143
1931-05-31,xsmom,in_sample,7.105711754462785,0.0923
1931-06-30,xsmom,in_sample,-22.548894614107798,-0.2929
1931-07-31,xsmom,in_sample,10.854879278215089,0.141
1931-08-31,xsmom,in_sample,-6.990234315332838,-0.0908
1931-09-30,xsmom,in_sample,12.817995743424202,0.1665
1931-10-31,xsmom,in_sample,7.998737283734382,0.1039
1931-11-30,xsmom,in_sample,7.867862852720441,0.1022
1931-12-31,xsmom,in_sample,19.50029022107718,0.2533
1932-01-31,xsmom,in_sample,-13.764910744289772,-0.1788
1932-02-29,xsmom,in_sample,-4.850052443457806,-0.063
1932-03-31,xsmom,in_sample,12.04814614922455,0.1565
1932-04-30,xsmom,in_sample,13.095141597336076,0.1701
1932-05-31,xsmom,in_sample,18.322420341951712,0.238
1932-06-30,xsmom,in_sample,-3.6105945967963664,-0.0469
1932-07-31,xsmom,in_sample,-48.01551919023228,-0.6237
1932-08-31,xsmom,in_sample,-59.78651948554495,-0.7766
1932-09-30,xsmom,in_sample,1.3318397979653975,0.0173
1932-10-31,xsmom,in_sample,13.849594199651735,0.1799
1932-11-30,xsmom,in_sample,-7.305872648954695,-0.0949
1932-12-31,xsmom,in_sample,5.596806549831468,0.0727
1933-01-31,xsmom,in_sample,-1.1932668710094603,-0.0155
1933-02-28,xsmom,in_sample,3.6105945967963664,0.0469
1933-03-31,xsmom,in_sample,13.064347613568088,0.1697
1933-04-30,xsmom,in_sample,-24.27335770511502,-0.3153
1933-05-31,xsmom,in_sample,-23.57279457439334,-0.3062
1933-06-30,xsmom,in_sample,-5.234977240557632,-0.068
1933-07-31,xsmom,in_sample,-5.2657712243256185,-0.0684
1933-08-31,xsmom,in_sample,9.422959033003737,0.1224
1933-09-30,xsmom,in_sample,11.047341676765,0.1435
1933-10-31,xsmom,in_sample,0.45421126057779454,0.0059
1933-11-30,xsmom,in_sample,6.751580941130946,0.0877
1933-12-31,xsmom,in_sample,1.1778698791254671,0.0153
1934-01-31,xsmom,in_sample,-7.544526023156587,-0.098
1934-02-28,xsmom,in_sample,1.3934277655013698,0.0181
1934-03-31,xsmom,in_sample,1.054693944053523,0.0137
1934-04-30,xsmom,in_sample,-5.950937363163307,-0.0773
1934-05-31,xsmom,in_sample,-2.2248653272369934,-0.0289
1934-06-30,xsmom,in_sample,0.7390556104316656,0.0096
1934-07-31,xsmom,in_sample,14.157534037331596,0.1839
1934-08-31,xsmom,in_sample,5.304263704035601,0.0689
1934-09-30,xsmom,in_sample,-1.7475585788332095,-0.0227
1934-10-31,xsmom,in_sample,7.806274885184469,0.1014
1934-11-30,xsmom,in_sample,-0.21555788637590248,-0.0028
1934-12-31,xsmom,in_sample,3.333448742884492,0.0433
1935-01-31,xsmom,in_sample,4.6883840286758796,0.0609
1935-02-28,xsmom,in_sample,20.200853351798862,0.2624
1935-03-31,xsmom,in_sample,-2.2556593110049796,-0.0293
1935-04-30,xsmom,in_sample,-2.0170059368030877,-0.0262
1935-05-31,xsmom,in_sample,-2.7175690675247703,-0.0353
1935-06-30,xsmom,in_sample,6.505229070987058,0.0845
1935-07-31,xsmom,in_sample,-4.064805857374161,-0.0528
1935-08-31,xsmom,in_sample,-14.10364456573762,-0.1832
1935-09-30,xsmom,in_sample,17.252329406014194,0.2241
1935-10-31,xsmom,in_sample,3.171780328102565,0.0412
1935-11-30,xsmom,in_sample,-13.68792578486981,-0.1778
1935-12-31,xsmom,in_sample,6.6361035020009975,0.0862
1936-01-31,xsmom,in_sample,1.1085834156474985,0.0144
1936-02-29,xsmom,in_sample,-0.8468345536196169,-0.011
1936-03-31,xsmom,in_sample,4.896243419109785,0.0636
1936-04-30,xsmom,in_sample,-7.606113990692559,-0.0988
1936-05-31,xsmom,in_sample,2.0477999205710735,0.0266
1936-06-30,xsmom,in_sample,-3.348845734768485,-0.0435
1936-07-31,xsmom,in_sample,4.896243419109785,0.0636
1936-08-31,xsmom,in_sample,-0.6697691469536969,-0.0087
1936-09-30,xsmom,in_sample,0.13087443101394078,0.0017
1936-10-31,xsmom,in_sample,0.0923819513039582,0.0012
1936-11-30,xsmom,in_sample,0.9084225211555891,0.0118
1936-12-31,xsmom,in_sample,4.118695328968137,0.0535
1937-01-31,xsmom,in_sample,1.4011262614433662,0.0182
1937-02-28,xsmom,in_sample,5.15029378519567,0.0669
1937-03-31,xsmom,in_sample,4.6421930530239,0.0603
1937-04-30,xsmom,in_sample,-2.8792374823066975,-0.0374
1937-05-31,xsmom,in_sample,0.223256382317899,0.0029
1937-06-30,xsmom,in_sample,-1.4935082127473245,-0.0194
1937-07-31,xsmom,in_sample,-2.186372847527011,-0.0284
1937-08-31,xsmom,in_sample,0.5157992281137667,0.0067
1937-09-30,xsmom,in_sample,-2.7329660594087635,-0.0355
1937-10-31,xsmom,in_sample,-4.6883840286758796,-0.0609
1937-11-30,xsmom,in_sample,-7.729289925764504,-0.1004
1937-12-31,xsmom,in_sample,12.340688995020418,0.1603
1938-01-31,xsmom,in_sample,-6.459038095335078,-0.0839
1938-02-28,xsmom,in_sample,-5.65839451736744,-0.0735
1938-03-31,xsmom,in_sample,19.084571440209366,0.2479
1938-04-30,xsmom,in_sample,-8.568425983442124,-0.1113
1938-05-31,xsmom,in_sample,6.52062606287105,0.0847
1938-06-30,xsmom,in_sample,-25.674483966558387,-0.3335
1938-07-31,xsmom,in_sample,-13.256810012118002,-0.1722
1938-08-31,xsmom,in_sample,5.050213337949716,0.0656
1938-09-30,xsmom,in_sample,3.364242726652478,0.0437
1938-10-31,xsmom,in_sample,-11.147422124010959,-0.1448
1938-11-30,xsmom,in_sample,8.706998910398061,0.1131
1938-12-31,xsmom,in_sample,6.0818117941772485,0.079
1939-01-31,xsmom,in_sample,-3.7722630115782936,-0.049
1939-02-28,xsmom,in_sample,4.172584800562112,0.0542
1939-03-31,xsmom,in_sample,-1.608985651877272,-0.0209
1939-04-30,xsmom,in_sample,0.9700104886915613,0.0126
1939-05-31,xsmom,in_sample,3.410433702304457,0.0443
1939-06-30,xsmom,in_sample,4.257268255924075,0.0553
1939-07-31,xsmom,in_sample,2.486614189264875,0.0323
1939-08-31,xsmom,in_sample,8.42215456054419,0.1094
1939-09-30,xsmom,in_sample,-34.15052799869655,-0.4436
1939-10-31,xsmom,in_sample,9.74629586256759,0.1266
1939-11-30,xsmom,in_sample,-0.43111577275180496,-0.0056
1939-12-31,xsmom,in_sample,6.104907282003238,0.0793
1940-01-31,xsmom,in_sample,1.2086638628934532,0.0157
1940-02-29,xsmom,in_sample,5.250374232441625,0.0682
1940-03-31,xsmom,in_sample,1.2856488223134184,0.0167
1940-04-30,xsmom,in_sample,5.920143379395322,0.0769
1940-05-31,xsmom,in_sample,1.5396991883993034,0.02
1940-06-30,xsmom,in_sample,-2.440423213612896,-0.0317
1940-07-31,xsmom,in_sample,2.1478803678170286,0.0279
1940-08-31,xsmom,in_sample,-3.495117157666419,-0.0454
1940-09-30,xsmom,in_sample,-0.7005631307216831,-0.0091
1940-10-31,xsmom,in_sample,-0.7390556104316656,-0.0096
1940-11-30,xsmom,in_sample,0.6774676428956936,0.0088
1940-12-31,xsmom,in_sample,4.703781020559872,0.0611
1941-01-31,xsmom,in_sample,-4.626796061139907,-0.0601
1941-02-28,xsmom,in_sample,-0.015396991883993036,-0.0002
1941-03-31,xsmom,in_sample,2.0093074408610914,0.0261
1941-04-30,xsmom,in_sample,5.0964043136016945,0.0662
1941-05-31,xsmom,in_sample,-0.26174886202788156,-0.0034
1941-06-30,xsmom,in_sample,-0.893025529271596,-0.0116
1941-07-31,xsmom,in_sample,-1.054693944053523,-0.0137
1941-08-31,xsmom,in_sample,1.324141302023401,0.0172
1941-09-30,xsmom,in_sample,-1.8938300017311434,-0.0246
1941-10-31,xsmom,in_sample,8.121913218806325,0.1055
1941-11-30,xsmom,in_sample,7.005631307216831,0.091
1941-12-31,xsmom,in_sample,1.6166841478192688,0.021
1942-01-31,xsmom,in_sample,-7.967943299966395,-0.1035
1942-02-28,xsmom,in_sample,-1.770654066659199,-0.023
1942-03-31,xsmom,in_sample,4.9039419150517825,0.0637
1942-04-30,xsmom,in_sample,-2.771458539118746,-0.036
1942-05-31,xsmom,in_sample,-6.374354639973117,-0.0828
1942-06-30,xsmom,in_sample,-0.7467541063736622,-0.0097
1942-07-31,xsmom,in_sample,4.041710369548172,0.0525
1942-08-31,xsmom,in_sample,-0.37722630115782935,-0.0049
1942-09-30,xsmom,in_sample,-0.11547743912994776,-0.0015
1942-10-31,xsmom,in_sample,-6.305068176495148,-0.0819
1942-11-30,xsmom,in_sample,-0.1693669107239234,-0.0022
1942-12-31,xsmom,in_sample,2.6251871162208125,0.0341
1943-01-31,xsmom,in_sample,-1.6859706112972372,-0.0219
1943-02-28,xsmom,in_sample,-4.211077280272095,-0.0547
1943-03-31,xsmom,in_sample,2.663679595930795,0.0346
1943-04-30,xsmom,in_sample,12.040447653282554,0.1564
1943-05-31,xsmom,in_sample,8.891762813005979,0.1155
1943-06-30,xsmom,in_sample,-4.365047199112025,-0.0567
1943-07-31,xsmom,in_sample,-8.93025529271596,-0.116
1943-08-31,xsmom,in_sample,-1.0238999602855368,-0.0133
1943-09-30,xsmom,in_sample,3.864644962882252,0.0502
1943-10-31,xsmom,in_sample,0.007698495941996518,0.0001
1943-11-30,xsmom,in_sample,-4.996323866355739,-0.0649
1943-12-31,xsmom,in_sample,8.830174845470005,0.1147
1944-01-31,xsmom,in_sample,1.7629555707172024,0.0229
1944-02-29,xsmom,in_sample,-0.6158796753597214,-0.008
1944-03-31,xsmom,in_sample,5.127198297369681,0.0666
1944-04-30,xsmom,in_sample,1.1778698791254671,0.0153
1944-05-31,xsmom,in_sample,1.9169254895571328,0.0249
1944-06-30,xsmom,in_sample,-9.33057708169978,-0.1212
1944-07-31,xsmom,in_sample,0.015396991883993036,0.0002
1944-08-31,xsmom,in_sample,5.781570452439385,0.0751
1944-09-30,xsmom,in_sample,-1.3472367898493907,-0.0175
1944-10-31,xsmom,in_sample,-3.495117157666419,-0.0454
1944-11-30,xsmom,in_sample,1.4242217492693556,0.0185
1944-12-31,xsmom,in_sample,4.5652080936039345,0.0593
1945-01-31,xsmom,in_sample,0.3079398376798607,0.004
1945-02-28,xsmom,in_sample,3.9031374425922345,0.0507
1945-03-31,xsmom,in_sample,-2.671378091872792,-0.0347
1945-04-30,xsmom,in_sample,7.621510982576552,0.099
1945-05-31,xsmom,in_sample,-0.5157992281137667,-0.0067
1945-06-30,xsmom,in_sample,5.581409557947475,0.0725
1945-07-31,xsmom,in_sample,-4.472826142299977,-0.0581
1945-08-31,xsmom,in_sample,-3.572102117086384,-0.0464
1945-09-30,xsmom,in_sample,1.3395382939073939,0.0174
1945-10-31,xsmom,in_sample,3.079398376798607,0.04
1945-11-30,xsmom,in_sample,3.518212645492408,0.0457
1945-12-31,xsmom,in_sample,3.8877404507082414,0.0505
1946-01-31,xsmom,in_sample,4.942434394761763,0.0642
1946-02-28,xsmom,in_sample,-1.7167645950652235,-0.0223
1946-03-31,xsmom,in_sample,0.1693669107239234,0.0022
1946-04-30,xsmom,in_sample,0.0846834553619617,0.0011
1946-05-31,xsmom,in_sample,-1.4781112208633311,-0.0192
1946-06-30,xsmom,in_sample,0.015396991883993036,0.0002
1946-07-31,xsmom,in_sample,1.1932668710094603,0.0155
1946-08-31,xsmom,in_sample,0.8545330495616135,0.0111
1946-09-30,xsmom,in_sample,0.1847639026079164,0.0024
1946-10-31,xsmom,in_sample,0.893025529271596,0.0116
1946-11-30,xsmom,in_sample,3.1640818321605684,0.0411
1946-12-31,xsmom,in_sample,2.8022525228867323,0.0364
1947-01-31,xsmom,in_sample,-6.728485453304956,-0.0874
1947-02-28,xsmom,in_sample,-1.9169254895571328,-0.0249
1947-03-31,xsmom,in_sample,5.188786264905653,0.0674
1947-04-30,xsmom,in_sample,4.3958411828800115,0.0571
1947-05-31,xsmom,in_sample,4.980926874471746,0.0647
1947-06-30,xsmom,in_sample,-1.7321615869492164,-0.0225
1947-07-31,xsmom,in_sample,-4.195680288388102,-0.0545
1947-08-31,xsmom,in_sample,2.3788352460769238,0.0309
1947-09-30,xsmom,in_sample,-2.963920937668659,-0.0385
1947-10-31,xsmom,in_sample,3.62599158868036,0.0471
1947-11-30,xsmom,in_sample,4.149489312736123,0.0539
1947-12-31,xsmom,in_sample,4.46512764635798,0.058
1948-01-31,xsmom,in_sample,-3.518212645492408,-0.0457
1948-02-29,xsmom,in_sample,3.410433702304457,0.0443
1948-03-31,xsmom,in_sample,-1.4627142289793382,-0.019
1948-04-30,xsmom,in_sample,5.373550167513569,0.0698
1948-05-31,xsmom,in_sample,0.29254284579586765,0.0038
1948-06-30,xsmom,in_sample,6.689992973594974,0.0869
1948-07-31,xsmom,in_sample,-2.2094683353530007,-0.0287
1948-08-31,xsmom,in_sample,-0.8006435779676377,-0.0104
1948-09-30,xsmom,in_sample,0.3387338214478468,0.0044
1948-10-31,xsmom,in_sample,2.3788352460769238,0.0309
1948-11-30,xsmom,in_sample,3.171780328102565,0.0412
1948-12-31,xsmom,in_sample,4.711479516501869,0.0612
1949-01-31,xsmom,in_sample,-5.781570452439385,-0.0751
1949-02-28,xsmom,in_sample,0.8545330495616135,0.0111
1949-03-31,xsmom,in_sample,-1.7937495544851887,-0.0233
1949-04-30,xsmom,in_sample,2.5943931324528267,0.0337
1949-05-31,xsmom,in_sample,3.556705125202391,0.0462
1949-06-30,xsmom,in_sample,-1.4319202452113522,-0.0186
1949-07-31,xsmom,in_sample,-1.6859706112972372,-0.0219
1949-08-31,xsmom,in_sample,0.1847639026079164,0.0024
1949-09-30,xsmom,in_sample,-1.1085834156474985,-0.0144
1949-10-31,xsmom,in_sample,0.9392165049235752,0.0122
1949-11-30,xsmom,in_sample,3.5336096373764017,0.0459
1949-12-31,xsmom,in_sample,-3.3411472388264887,-0.0434
1950-01-31,xsmom,in_sample,-2.4481217095548926,-0.0318
1950-02-28,xsmom,in_sample,2.0016089449190946,0.026
1950-03-31,xsmom,in_sample,3.7106750440423215,0.0482
1950-04-30,xsmom,in_sample,-1.5550961802832965,-0.0202
1950-05-31,xsmom,in_sample,0.27714585391187463,0.0036
1950-06-30,xsmom,in_sample,-1.1547743912994777,-0.015
1950-07-31,xsmom,in_sample,-2.0477999205710735,-0.0266
1950-08-31,xsmom,in_sample,3.495117157666419,0.0454
1950-09-30,xsmom,in_sample,-1.8399405301371679,-0.0239
1950-10-31,xsmom,in_sample,2.286453294772966,0.0297
1950-11-30,xsmom,in_sample,2.186372847527011,0.0284
1950-12-31,xsmom,in_sample,6.020223826641277,0.0782
1951-01-31,xsmom,in_sample,0.3079398376798607,0.004
1951-02-28,xsmom,in_sample,-2.263357806946976,-0.0294
1951-03-31,xsmom,in_sample,-3.7876600034622867,-0.0492
1951-04-30,xsmom,in_sample,5.535218582295497,0.0719
1951-05-31,xsmom,in_sample,-1.8861315057891468,-0.0245
1951-06-30,xsmom,in_sample,-1.4011262614433662,-0.0182
1951-07-31,xsmom,in_sample,6.466736591277075,0.084
1951-08-31,xsmom,in_sample,-1.6012871559352755,-0.0208
1951-09-30,xsmom,in_sample,-0.8083420739096344,-0.0105
1951-10-31,xsmom,in_sample,2.5943931324528267,0.0337
1951-11-30,xsmom,in_sample,0.37722630115782935,0.0049
1951-12-31,xsmom,in_sample,2.58669463651083,0.0336
1952-01-31,xsmom,in_sample,1.7629555707172024,0.0229
1952-02-29,xsmom,in_sample,-0.42341727680980845,-0.0055
1952-03-31,xsmom,in_sample,3.2949562631745093,0.0428
1952-04-30,xsmom,in_sample,-1.1624728872414742,-0.0151
1952-05-31,xsmom,in_sample,0.9546134968075681,0.0124
1952-06-30,xsmom,in_sample,1.8091465463691816,0.0235
1952-07-31,xsmom,in_sample,-1.8476390260791642,-0.024
1952-08-31,xsmom,in_sample,0.9469150008655717,0.0123
1952-09-30,xsmom,in_sample,2.440423213612896,0.0317
1952-10-31,xsmom,in_sample,1.3472367898493907,0.0175
1952-11-30,xsmom,in_sample,-1.2009653669514566,-0.0156
1952-12-31,xsmom,in_sample,3.864644962882252,0.0502
1953-01-31,xsmom,in_sample,0.3156383336218572,0.0041
1953-02-28,xsmom,in_sample,-0.7698495941996517,-0.01
1953-03-31,xsmom,in_sample,-1.7783525626011956,-0.0231
1953-04-30,xsmom,in_sample,3.110192360566593,0.0404
1953-05-31,xsmom,in_sample,2.217166831294997,0.0288
1953-06-30,xsmom,in_sample,0.5157992281137667,0.0067
1953-07-31,xsmom,in_sample,0.3387338214478468,0.0044
1953-08-31,xsmom,in_sample,0.5157992281137667,0.0067
1953-09-30,xsmom,in_sample,2.987016425494649,0.0388
1953-10-31,xsmom,in_sample,1.385729269559373,0.018
1953-11-30,xsmom,in_sample,2.040101424629077,0.0265
1953-12-31,xsmom,in_sample,4.365047199112025,0.0567
1954-01-31,xsmom,in_sample,-1.9631164652091118,-0.0255
1954-02-28,xsmom,in_sample,1.9477194733251189,0.0253
1954-03-31,xsmom,in_sample,2.8253480107127222,0.0367
1954-04-30,xsmom,in_sample,11.309090538792884,0.1469
1954-05-31,xsmom,in_sample,-6.466736591277075,-0.084
1954-06-30,xsmom,in_sample,5.011720858239733,0.0651
1954-07-31,xsmom,in_sample,-2.5020111811488683,-0.0325
1954-08-31,xsmom,in_sample,-2.6790765878147877,-0.0348
1954-09-30,xsmom,in_sample,1.6166841478192688,0.021
1954-10-31,xsmom,in_sample,1.7244630910072198,0.0224
1954-11-30,xsmom,in_sample,1.308744310139408,0.017
1954-12-31,xsmom,in_sample,-3.42583069418845,-0.0445
1955-01-31,xsmom,in_sample,3.7106750440423215,0.0482
1955-02-28,xsmom,in_sample,1.0469954481115262,0.0136
1955-03-31,xsmom,in_sample,1.3703322776753801,0.0178
1955-04-30,xsmom,in_sample,0.3079398376798607,0.004
1955-05-31,xsmom,in_sample,2.0631969124550666,0.0268
1955-06-30,xsmom,in_sample,1.9862119530351015,0.0258
1955-07-31,xsmom,in_sample,-0.6389751631857109,-0.0083
1955-08-31,xsmom,in_sample,2.856141994480708,0.0371
1955-09-30,xsmom,in_sample,6.251178704901172,0.0812
1955-10-31,xsmom,in_sample,-2.2094683353530007,-0.0287
1955-11-30,xsmom,in_sample,1.993910448977098,0.0259
1955-12-31,xsmom,in_sample,-2.40962922984491,-0.0313
1956-01-31,xsmom,in_sample,-2.5943931324528267,-0.0337
1956-02-29,xsmom,in_sample,1.1085834156474985,0.0144
1956-03-31,xsmom,in_sample,4.388142686938015,0.057
1956-04-30,xsmom,in_sample,2.6559810999887987,0.0345
1956-05-31,xsmom,in_sample,0.5388947159397562,0.007
1956-06-30,xsmom,in_sample,1.639779635645258,0.0213
1956-07-31,xsmom,in_sample,4.241871264040081,0.0551
1956-08-31,xsmom,in_sample,-2.7406645553507603,-0.0356
1956-09-30,xsmom,in_sample,-3.410433702304457,-0.0443
1956-10-31,xsmom,in_sample,1.2009653669514566,0.0156
1956-11-30,xsmom,in_sample,3.733770531868311,0.0485
1956-12-31,xsmom,in_sample,4.449730654473987,0.0578
1957-01-31,xsmom,in_sample,-3.749167523752304,-0.0487
1957-02-28,xsmom,in_sample,2.3172472785409517,0.0301
1957-03-31,xsmom,in_sample,0.29254284579586765,0.0038
1957-04-30,xsmom,in_sample,2.455820205496889,0.0319
1957-05-31,xsmom,in_sample,2.0016089449190946,0.026
1957-06-30,xsmom,in_sample,1.8784330098471504,0.0244
1957-07-31,xsmom,in_sample,0.5696886997077423,0.0074
1957-08-31,xsmom,in_sample,1.4781112208633311,0.0192
1957-09-30,xsmom,in_sample,1.5089052046313174,0.0196
1957-10-31,xsmom,in_sample,3.7414690278103073,0.0486
1957-11-30,xsmom,in_sample,1.054693944053523,0.0137
1957-12-31,xsmom,in_sample,7.067219274752803,0.0918
1958-01-31,xsmom,in_sample,-9.15351167503386,-0.1189
1958-02-28,xsmom,in_sample,3.8877404507082414,0.0505
1958-03-31,xsmom,in_sample,-0.16166841478192687,-0.0021
1958-04-30,xsmom,in_sample,0.8468345536196169,0.011
1958-05-31,xsmom,in_sample,-1.516603700573314,-0.0197
1958-06-30,xsmom,in_sample,-1.1393773994154845,-0.0148
1958-07-31,xsmom,in_sample,-8.19889817822629,-0.1065
1958-08-31,xsmom,in_sample,-0.2694473579698781,-0.0035
1958-09-30,xsmom,in_sample,-1.385729269559373,-0.018
1958-10-31,xsmom,in_sample,1.5089052046313174,0.0196
1958-11-30,xsmom,in_sample,4.8038614678058265,0.0624
1958-12-31,xsmom,in_sample,-0.12317593507194428,-0.0016
1959-01-31,xsmom,in_sample,0.05388947159397562,0.0007
1959-02-28,xsmom,in_sample,2.963920937668659,0.0385
1959-03-31,xsmom,in_sample,2.7945540269447355,0.0363
1959-04-30,xsmom,in_sample,5.958635859105304,0.0774
1959-05-31,xsmom,in_sample,-0.33103532550585024,-0.0043
1959-06-30,xsmom,in_sample,5.496726102585514,0.0714
1959-07-31,xsmom,in_sample,-3.556705125202391,-0.0462
1959-08-31,xsmom,in_sample,0.48500524434578063,0.0063
1959-09-30,xsmom,in_sample,0.9854074805755543,0.0128
1959-10-31,xsmom,in_sample,6.335862160263134,0.0823
1959-11-30,xsmom,in_sample,4.9039419150517825,0.0637
1959-12-31,xsmom,in_sample,-0.5388947159397562,-0.007
1960-01-31,xsmom,in_sample,-1.8861315057891468,-0.0245
1960-02-29,xsmom,in_sample,6.482133583161067,0.0842
1960-03-31,xsmom,in_sample,2.8022525228867323,0.0364
1960-04-30,xsmom,in_sample,3.8723434588242482,0.0503
1960-05-31,xsmom,in_sample,5.404344151281555,0.0702
1960-06-30,xsmom,in_sample,3.525911141434405,0.0458
1960-07-31,xsmom,in_sample,-0.5311962199977597,-0.0069
1960-08-31,xsmom,in_sample,-1.2856488223134184,-0.0167
1960-09-30,xsmom,in_sample,-0.9931059765175507,-0.0129
1960-10-31,xsmom,in_sample,1.1778698791254671,0.0153
1960-11-30,xsmom,in_sample,5.950937363163307,0.0773
1960-12-31,xsmom,in_sample,0.3926232930418224,0.0051
1961-01-31,xsmom,in_sample,-3.42583069418845,-0.0445
1961-02-28,xsmom,in_sample,-2.1940713434690076,-0.0285
1961-03-31,xsmom,in_sample,-0.21555788637590248,-0.0028
1961-04-30,xsmom,in_sample,5.2888667121516075,0.0687
1961-05-31,xsmom,in_sample,-4.765368988095844,-0.0619
1961-06-30,xsmom,in_sample,1.8168450423111782,0.0236
1961-07-31,xsmom,in_sample,0.3079398376798607,0.004
1961-08-31,xsmom,in_sample,3.194875815928555,0.0415
1961-09-30,xsmom,in_sample,-1.385729269559373,-0.018
1961-10-31,xsmom,in_sample,1.9092269936151363,0.0248
1961-11-30,xsmom,in_sample,2.5097096770908647,0.0326
1961-12-31,xsmom,in_sample,-5.712283988961416,-0.0742
1962-01-31,xsmom,in_sample,-1.8399405301371679,-0.0239
1962-02-28,xsmom,in_sample,1.9477194733251189,0.0253
1962-03-31,xsmom,in_sample,-1.100884919705502,-0.0143
1962-04-30,xsmom,in_sample,3.2410667915805336,0.0421
1962-05-31,xsmom,in_sample,0.3695278052158328,0.0048
1962-06-30,xsmom,in_sample,6.320465168379141,0.0821
1962-07-31,xsmom,in_sample,-2.0708954083970634,-0.0269
1962-08-31,xsmom,in_sample,-1.8707345139051537,-0.0243
1962-09-30,xsmom,in_sample,4.5883035814299244,0.0596
1962-10-31,xsmom,in_sample,0.9084225211555891,0.0118
1962-11-30,xsmom,in_sample,-7.213490697650737,-0.0937
1962-12-31,xsmom,in_sample,4.942434394761763,0.0642
1963-01-31,xsmom,in_sample,-1.2009653669514566,-0.0156
1963-02-28,xsmom,in_sample,1.678272115355241,0.0218
1963-03-31,xsmom,in_sample,2.6097901243368193,0.0339
1963-04-30,xsmom,in_sample,1.1085834156474985,0.0144
1963-05-31,xsmom,in_sample,0.11547743912994776,0.0015
1963-06-30,xsmom,in_sample,-0.3079398376798607,-0.004
1963-07-31,xsmom,in_sample,2.4481217095548926,0.0318
1963-08-31,xsmom,in_sample,2.455820205496889,0.0319
1963-09-30,xsmom,in_sample,0.7775480901416483,0.0101
1963-10-31,xsmom,in_sample,2.7637600431767497,0.0359
1963-11-30,xsmom,in_sample,-0.29254284579586765,-0.0038
1963-12-31,xsmom,in_sample,2.4943126852068715,0.0324
1964-01-31,xsmom,in_sample,0.7313571144896691,0.0095
1964-02-29,xsmom,in_sample,1.3780307736173765,0.0179
1964-03-31,xsmom,in_sample,2.363438254192931,0.0307
1964-04-30,xsmom,in_sample,0.10777894318795124,0.0014
1964-05-31,xsmom,in_sample,2.856141994480708,0.0371
1964-06-30,xsmom,in_sample,-0.10008044724595472,-0.0013
1964-07-31,xsmom,in_sample,-0.893025529271596,-0.0116
1964-08-31,xsmom,in_sample,0.33103532550585024,0.0043
1964-09-30,xsmom,in_sample,0.46190975651979105,0.006
1964-10-31,xsmom,in_sample,-1.1547743912994777,-0.015
1964-11-30,xsmom,in_sample,2.363438254192931,0.0307
1964-12-31,xsmom,in_sample,-0.4388142686938015,-0.0057
1965-01-31,xsmom,in_sample,-2.540503660858851,-0.033
1965-02-28,xsmom,in_sample,0.223256382317899,0.0029
1965-03-31,xsmom,in_sample,1.070090935937516,0.0139
1965-04-30,xsmom,in_sample,1.8168450423111782,0.0236
1965-05-31,xsmom,in_sample,0.4696082524617876,0.0061
1965-06-30,xsmom,in_sample,-4.572906589545932,-0.0594
1965-07-31,xsmom,in_sample,5.011720858239733,0.0651
1965-08-31,xsmom,in_sample,2.3172472785409517,0.0301
1965-09-30,xsmom,in_sample,2.6328856121628093,0.0342
1965-10-31,xsmom,in_sample,3.0255089052046316,0.0393
1965-11-30,xsmom,in_sample,7.590716998808566,0.0986
1965-12-31,xsmom,in_sample,0.5388947159397562,0.007
1966-01-31,xsmom,in_sample,6.274274192727162,0.0815
1966-02-28,xsmom,in_sample,8.360566593008219,0.1086
1966-03-31,xsmom,in_sample,3.8030569953462794,0.0494
1966-04-30,xsmom,in_sample,2.4635187014388857,0.032
1966-05-31,xsmom,in_sample,-5.873952403743344,-0.0763
1966-06-30,xsmom,in_sample,3.941629922302217,0.0512
1966-07-31,xsmom,in_sample,-0.29254284579586765,-0.0038
1966-08-31,xsmom,in_sample,-3.1640818321605684,-0.0411
1966-09-30,xsmom,in_sample,-0.7698495941996517,-0.01
1966-10-31,xsmom,in_sample,-5.997128338815287,-0.0779
1966-11-30,xsmom,in_sample,10.015743220537468,0.1301
1966-12-31,xsmom,in_sample,-0.8545330495616135,-0.0111
1967-01-31,xsmom,in_sample,-4.580605085487928,-0.0595
1967-02-28,xsmom,in_sample,3.8338509791142656,0.0498
1967-03-31,xsmom,in_sample,3.0101119133206384,0.0391
1967-04-30,xsmom,in_sample,-0.40032178898381887,-0.0052
1967-05-31,xsmom,in_sample,2.748363051292757,0.0357
1967-06-30,xsmom,in_sample,4.526715613893952,0.0588
1967-07-31,xsmom,in_sample,-2.1632773597010213,-0.0281
1967-08-31,xsmom,in_sample,-0.8622315455036099,-0.0112
1967-09-30,xsmom,in_sample,0.06928646347796866,0.0009
1967-10-31,xsmom,in_sample,3.62599158868036,0.0471
1967-11-30,xsmom,in_sample,-0.19246239854991293,-0.0025
1967-12-31,xsmom,in_sample,5.104102809543691,0.0663
1968-01-31,xsmom,in_sample,-5.535218582295497,-0.0719
1968-02-29,xsmom,in_sample,-4.118695328968137,-0.0535
1968-03-31,xsmom,in_sample,3.3950367104204644,0.0441
1968-04-30,xsmom,in_sample,6.3512591521471276,0.0825
1968-05-31,xsmom,in_sample,6.620706510117005,0.086
1968-06-30,xsmom,in_sample,-0.8237390657936273,-0.0107
1968-07-31,xsmom,in_sample,-1.608985651877272,-0.0209
1968-08-31,xsmom,in_sample,3.110192360566593,0.0404
1968-09-30,xsmom,in_sample,2.2941517907149622,0.0298
1968-10-31,xsmom,in_sample,-2.671378091872792,-0.0347
1968-11-30,xsmom,in_sample,1.0931864237635056,0.0142
1968-12-31,xsmom,in_sample,1.6166841478192688,0.021
1969-01-31,xsmom,in_sample,0.6928646347796865,0.009
1969-02-28,xsmom,in_sample,-1.9862119530351015,-0.0258
1969-03-31,xsmom,in_sample,5.219580248673639,0.0678
1969-04-30,xsmom,in_sample,2.2941517907149622,0.0298
1969-05-31,xsmom,in_sample,4.411238174764004,0.0573
1969-06-30,xsmom,in_sample,0.3156383336218572,0.0041
1969-07-31,xsmom,in_sample,4.1802832965041095,0.0543
1969-08-31,xsmom,in_sample,3.110192360566593,0.0404
1969-09-30,xsmom,in_sample,1.2317593507194429,0.016
1969-10-31,xsmom,in_sample,-3.125589352450586,-0.0406
1969-11-30,xsmom,in_sample,5.057911833891712,0.0657
1969-12-31,xsmom,in_sample,7.367460616490667,0.0957
1970-01-31,xsmom,in_sample,-0.43111577275180496,-0.0056
1970-02-28,xsmom,in_sample,-0.2694473579698781,-0.0035
1970-03-31,xsmom,in_sample,0.7005631307216831,0.0091
1970-04-30,xsmom,in_sample,4.557509597661938,0.0592
1970-05-31,xsmom,in_sample,2.648282604046802,0.0344
1970-06-30,xsmom,in_sample,8.106516226922333,0.1053
1970-07-31,xsmom,in_sample,-0.20785939043390597,-0.0027
1970-08-31,xsmom,in_sample,-8.383662080834208,-0.1089
1970-09-30,xsmom,in_sample,-14.280709972403539,-0.1855
1970-10-31,xsmom,in_sample,10.185110131261393,0.1323
1970-11-30,xsmom,in_sample,5.2888667121516075,0.0687
1970-12-31,xsmom,in_sample,-1.8784330098471504,-0.0244
1971-01-31,xsmom,in_sample,-8.945652284599953,-0.1162
1971-02-28,xsmom,in_sample,-0.40032178898381887,-0.0052
1971-03-31,xsmom,in_sample,-2.109387888107046,-0.0274
1971-04-30,xsmom,in_sample,0.9777089846335577,0.0127
1971-05-31,xsmom,in_sample,2.2248653272369934,0.0289
1971-06-30,xsmom,in_sample,4.488223134183969,0.0583
1971-07-31,xsmom,in_sample,-0.9546134968075681,-0.0124
1971-08-31,xsmom,in_sample,4.911640410993778,0.0638
1971-09-30,xsmom,in_sample,3.302654759116506,0.0429
1971-10-31,xsmom,in_sample,3.880041954766245,0.0504
1971-11-30,xsmom,in_sample,3.3873382144784676,0.044
1971-12-31,xsmom,in_sample,-0.7698495941996517,-0.01
1972-01-31,xsmom,in_sample,-0.10777894318795124,-0.0014
1972-02-29,xsmom,in_sample,0.6312766672437145,0.0082
1972-03-31,xsmom,in_sample,2.286453294772966,0.0297
1972-04-30,xsmom,in_sample,2.7868555310027396,0.0362
1972-05-31,xsmom,in_sample,6.312766672437145,0.082
1972-06-30,xsmom,in_sample,5.050213337949716,0.0656
1972-07-31,xsmom,in_sample,3.6644840683903426,0.0476
1972-08-31,xsmom,in_sample,-4.557509597661938,-0.0592
1972-09-30,xsmom,in_sample,3.7029765481003247,0.0481
1972-10-31,xsmom,in_sample,3.864644962882252,0.0502
1972-11-30,xsmom,in_sample,-5.943238867221312,-0.0772
1972-12-31,xsmom,in_sample,7.429048584026639,0.0965
1973-01-31,xsmom,in_sample,6.066414802293256,0.0788
1973-02-28,xsmom,in_sample,3.217971303754544,0.0418
1973-03-31,xsmom,in_sample,4.534414109835949,0.0589
1973-04-30,xsmom,in_sample,6.482133583161067,0.0842
1973-05-31,xsmom,in_sample,9.784788342277572,0.1271
1973-06-30,xsmom,in_sample,7.198093705766744,0.0935
1973-07-31,xsmom,in_sample,-14.23451899675156,-0.1849
1973-08-31,xsmom,in_sample,3.2718607753485203,0.0425
1973-09-30,xsmom,in_sample,-4.249569759982077,-0.0552
1973-10-31,xsmom,in_sample,7.490636551562611,0.0973
1973-11-30,xsmom,in_sample,10.785592814737122,0.1401
1973-12-31,xsmom,in_sample,10.339080050101323,0.1343
1974-01-31,xsmom,in_sample,-14.419282899359477,-0.1873
1974-02-28,xsmom,in_sample,3.171780328102565,0.0412
1974-03-31,xsmom,in_sample,-4.057107361432164,-0.0527
1974-04-30,xsmom,in_sample,4.749971996211851,0.0617
1974-05-31,xsmom,in_sample,-0.8006435779676377,-0.0104
1974-06-30,xsmom,in_sample,3.0255089052046316,0.0393
1974-07-31,xsmom,in_sample,5.519821590411503,0.0717
1974-08-31,xsmom,in_sample,2.3711367501349274,0.0308
1974-09-30,xsmom,in_sample,3.8261524831722693,0.0497
1974-10-31,xsmom,in_sample,4.3958411828800115,0.0571
1974-11-30,xsmom,in_sample,-0.5311962199977597,-0.0069
1974-12-31,xsmom,in_sample,1.2471563426034358,0.0162
1975-01-31,xsmom,in_sample,-15.196830989501125,-0.1974
1975-02-28,xsmom,in_sample,-2.1786743515850144,-0.0283
1975-03-31,xsmom,in_sample,-0.8314375617356239,-0.0108
1975-04-30,xsmom,in_sample,2.4173277257869064,0.0314
1975-05-31,xsmom,in_sample,-0.10008044724595472,-0.0013
1975-06-30,xsmom,in_sample,-0.6389751631857109,-0.0083
1975-07-31,xsmom,in_sample,3.048604393030621,0.0396
1975-08-31,xsmom,in_sample,1.4935082127473245,0.0194
1975-09-30,xsmom,in_sample,1.4319202452113522,0.0186
1975-10-31,xsmom,in_sample,0.7005631307216831,0.0091
1975-11-30,xsmom,in_sample,-1.308744310139408,-0.017
1975-12-31,xsmom,in_sample,0.03079398376798607,0.0004
1976-01-31,xsmom,in_sample,7.005631307216831,0.091
1976-02-29,xsmom,in_sample,2.1786743515850144,0.0283
1976-03-31,xsmom,in_sample,-0.45421126057779454,-0.0059
1976-04-30,xsmom,in_sample,0.4388142686938015,0.0057
1976-05-31,xsmom,in_sample,-2.201769839411004,-0.0286
1976-06-30,xsmom,in_sample,-1.8476390260791642,-0.024
1976-07-31,xsmom,in_sample,-0.10008044724595472,-0.0013
1976-08-31,xsmom,in_sample,-0.5004022362297736,-0.0065
1976-09-30,xsmom,in_sample,0.6004826834757283,0.0078
1976-10-31,xsmom,in_sample,0.0461909756519791,0.0006
1976-11-30,xsmom,in_sample,2.6251871162208125,0.0341
1976-12-31,xsmom,in_sample,2.40962922984491,0.0313
1977-01-31,xsmom,in_sample,9.091923707497887,0.1181
1977-02-28,xsmom,in_sample,-0.0461909756519791,-0.0006
1977-03-31,xsmom,in_sample,1.6705736194132443,0.0217
1977-04-30,xsmom,in_sample,6.212686225191189,0.0807
1977-05-31,xsmom,in_sample,2.2556593110049796,0.0293
1977-06-30,xsmom,in_sample,0.8237390657936273,0.0107
1977-07-31,xsmom,in_sample,0.8699300414456064,0.0113
1977-08-31,xsmom,in_sample,-3.1332878483925826,-0.0407
1977-09-30,xsmom,in_sample,2.7406645553507603,0.0356
1977-10-31,xsmom,in_sample,0.3079398376798607,0.004
1977-11-30,xsmom,in_sample,3.8184539872302725,0.0496
1977-12-31,xsmom,in_sample,1.4550157330373419,0.0189
1978-01-31,xsmom,in_sample,1.770654066659199,0.023
1978-02-28,xsmom,in_sample,4.79616297186383,0.0623
1978-03-31,xsmom,in_sample,2.109387888107046,0.0274
1978-04-30,xsmom,in_sample,-1.3472367898493907,-0.0175
1978-05-31,xsmom,in_sample,5.435138135049541,0.0706
1978-06-30,xsmom,in_sample,5.1425952892536735,0.0668
1978-07-31,xsmom,in_sample,3.3873382144784676,0.044
1978-08-31,xsmom,in_sample,4.988625370413743,0.0648
1978-09-30,xsmom,in_sample,-4.164886304620116,-0.0541
1978-10-31,xsmom,in_sample,-9.530737976191688,-0.1238
1978-11-30,xsmom,in_sample,6.397450127799106,0.0831
1978-12-31,xsmom,in_sample,4.249569759982077,0.0552
1979-01-31,xsmom,in_sample,-2.4019307339029132,-0.0312
1979-02-28,xsmom,in_sample,-1.0469954481115262,-0.0136
1979-03-31,xsmom,in_sample,1.4165232533273593,0.0184
1979-04-30,xsmom,in_sample,0.7544526023156587,0.0098
1979-05-31,xsmom,in_sample,0.8699300414456064,0.0113
1979-06-30,xsmom,in_sample,0.6312766672437145,0.0082
1979-07-31,xsmom,in_sample,-0.6158796753597214,-0.008
1979-08-31,xsmom,in_sample,-0.8160405698516309,-0.0106
1979-09-30,xsmom,in_sample,6.366656144031119,0.0827
1979-10-31,xsmom,in_sample,5.027117850123726,0.0653
1979-11-30,xsmom,in_sample,7.76008390953249,0.1008
1979-12-31,xsmom,in_sample,4.719178012443865,0.0613
1980-01-31,xsmom,in_sample,6.867058380260894,0.0892
1980-02-29,xsmom,in_sample,7.852465860836447,0.102
1980-03-31,xsmom,in_sample,-13.510860378203887,-0.1755
1980-04-30,xsmom,in_sample,-0.015396991883993036,-0.0002
1980-05-31,xsmom,in_sample,-3.9493284182442134,-0.0513
1980-06-30,xsmom,in_sample,2.6097901243368193,0.0339
1980-07-31,xsmom,in_sample,-2.8946344741906906,-0.0376
1980-08-31,xsmom,in_sample,1.8399405301371679,0.0239
1980-09-30,xsmom,in_sample,6.297369680553151,0.0818
1980-10-31,xsmom,in_sample,5.388947159397563,0.07
1980-11-30,xsmom,in_sample,12.479261921976354,0.1621
1980-12-31,xsmom,in_sample,-5.412042647223552,-0.0703
1981-01-31,xsmom,in_sample,-8.060325251270354,-0.1047
1981-02-28,xsmom,in_sample,0.0846834553619617,0.0011
1981-03-31,xsmom,in_sample,-1.293347318255415,-0.0168
1981-04-30,xsmom,in_sample,0.7159601226056761,0.0093
1981-05-31,xsmom,in_sample,4.380444190996019,0.0569
1981-06-30,xsmom,in_sample,-9.338275577641776,-0.1213
1981-07-31,xsmom,in_sample,-5.381248663455566,-0.0699
1981-08-31,xsmom,in_sample,-0.37722630115782935,-0.0049
1981-09-30,xsmom,in_sample,1.3549352857913872,0.0176
1981-10-31,xsmom,in_sample,5.719982484903412,0.0743
1981-11-30,xsmom,in_sample,-0.7082616266636796,-0.0092
1981-12-31,xsmom,in_sample,2.0324029286870804,0.0264
1982-01-31,xsmom,in_sample,1.0392969521695299,0.0135
1982-02-28,xsmom,in_sample,3.3796397185364713,0.0439
1982-03-31,xsmom,in_sample,3.2718607753485203,0.0425
1982-04-30,xsmom,in_sample,-1.0162014643435402,-0.0132
1982-05-31,xsmom,in_sample,4.087901345200151,0.0531
1982-06-30,xsmom,in_sample,7.798576389242473,0.1013
1982-07-31,xsmom,in_sample,4.003217889838189,0.052
1982-08-31,xsmom,in_sample,-0.8314375617356239,-0.0108
1982-09-30,xsmom,in_sample,5.974032850989298,0.0776
1982-10-31,xsmom,in_sample,0.0461909756519791,0.0006
1982-11-30,xsmom,in_sample,6.243480208959176,0.0811
1982-12-31,xsmom,in_sample,-2.886935978248694,-0.0375
1983-01-31,xsmom,in_sample,-3.3796397185364713,-0.0439
1983-02-28,xsmom,in_sample,6.87475687620289,0.0893
1983-03-31,xsmom,in_sample,2.0785939043390598,0.027
1983-04-30,xsmom,in_sample,3.171780328102565,0.0412
1983-05-31,xsmom,in_sample,-3.0178104092626348,-0.0392
1983-06-30,xsmom,in_sample,0.8391360576776205,0.0109
1983-07-31,xsmom,in_sample,-3.9801224020121997,-0.0517
1983-08-31,xsmom,in_sample,-3.302654759116506,-0.0429
1983-09-30,xsmom,in_sample,-1.863036017963157,-0.0242
1983-10-31,xsmom,in_sample,-5.81236443620737,-0.0755
1983-11-30,xsmom,in_sample,0.4388142686938015,0.0057
1983-12-31,xsmom,in_sample,-2.0170059368030877,-0.0262
1984-01-31,xsmom,in_sample,-3.7106750440423215,-0.0482
1984-02-29,xsmom,in_sample,0.9546134968075681,0.0124
1984-03-31,xsmom,in_sample,2.4481217095548926,0.0318
1984-04-30,xsmom,in_sample,2.286453294772966,0.0297
1984-05-31,xsmom,in_sample,2.486614189264875,0.0323
1984-06-30,xsmom,in_sample,0.07698495941996518,0.001
1984-07-31,xsmom,in_sample,3.6644840683903426,0.0476
1984-08-31,xsmom,in_sample,-3.756866019694301,-0.0488
1984-09-30,xsmom,in_sample,3.5644036211443875,0.0463
1984-10-31,xsmom,in_sample,3.179478824044562,0.0413
1984-11-30,xsmom,in_sample,2.4943126852068715,0.0324
1984-12-31,xsmom,in_sample,1.2009653669514566,0.0156
1985-01-31,xsmom,in_sample,-7.775480901416483,-0.101
1985-02-28,xsmom,in_sample,2.0631969124550666,0.0268
1985-03-31,xsmom,in_sample,0.32333682956385373,0.0042
1985-04-30,xsmom,in_sample,2.6097901243368193,0.0339
1985-05-31,xsmom,in_sample,6.320465168379141,0.0821
1985-06-30,xsmom,in_sample,3.672182564332339,0.0477
1985-07-31,xsmom,in_sample,-3.3796397185364713,-0.0439
1985-08-31,xsmom,in_sample,1.786051058543192,0.0232
1985-09-30,xsmom,in_sample,3.1486848402765757,0.0409
1985-10-31,xsmom,in_sample,5.627600533599455,0.0731
1985-11-30,xsmom,in_sample,0.5696886997077423,0.0074
1985-12-31,xsmom,in_sample,0.20016089449190944,0.0026
1986-01-31,xsmom,in_sample,4.919338906935774,0.0639
1986-02-28,xsmom,in_sample,2.9485239457846664,0.0383
1986-03-31,xsmom,in_sample,2.4943126852068715,0.0324
1986-04-30,xsmom,in_sample,0.7236586185476727,0.0094
1986-05-31,xsmom,in_sample,1.262553334487429,0.0164
1986-06-30,xsmom,in_sample,5.604505045773465,0.0728
1986-07-31,xsmom,in_sample,3.125589352450586,0.0406
1986-08-31,xsmom,in_sample,-5.6737915092514335,-0.0737
1986-09-30,xsmom,in_sample,-7.898656836488427,-0.1026
1986-10-31,xsmom,in_sample,4.118695328968137,0.0535
1986-11-30,xsmom,in_sample,0.02309548782598955,0.0003
1986-12-31,xsmom,in_sample,2.3711367501349274,0.0308
1987-01-31,xsmom,in_sample,3.0101119133206384,0.0391
1987-02-28,xsmom,in_sample,-2.5097096770908647,-0.0326
1987-03-31,xsmom,in_sample,3.1332878483925826,0.0407
1987-04-30,xsmom,in_sample,4.187981792446105,0.0544
1987-05-31,xsmom,in_sample,-0.5388947159397562,-0.007
1987-06-30,xsmom,in_sample,1.2471563426034358,0.0162
1987-07-31,xsmom,in_sample,1.8861315057891468,0.0245
1987-08-31,xsmom,in_sample,0.5927841875337319,0.0077
1987-09-30,xsmom,in_sample,2.3865337420189205,0.031
1987-10-31,xsmom,in_sample,-2.201769839411004,-0.0286
1987-11-30,xsmom,in_sample,-0.1770654066659199,-0.0023
1987-12-31,xsmom,in_sample,4.657590044907893,0.0605
1988-01-31,xsmom,in_sample,-7.344365128664678,-0.0954
1988-02-29,xsmom,in_sample,-0.8622315455036099,-0.0112
1988-03-31,xsmom,in_sample,0.20016089449190944,0.0026
1988-04-30,xsmom,in_sample,1.4704127249213348,0.0191
1988-05-31,xsmom,in_sample,1.4781112208633311,0.0192
1988-06-30,xsmom,in_sample,-4.726876508385862,-0.0614
1988-07-31,xsmom,in_sample,1.0469954481115262,0.0136
1988-08-31,xsmom,in_sample,0.5388947159397562,0.007
1988-09-30,xsmom,in_sample,1.8553375220211608,0.0241
1988-10-31,xsmom,in_sample,0.8006435779676377,0.0104
1988-11-30,xsmom,in_sample,1.2548548385454323,0.0163
1988-12-31,xsmom,in_sample,-0.36182930927383633,-0.0047
1989-01-31,xsmom,in_sample,-1.608985651877272,-0.0209
1989-02-28,xsmom,in_sample,2.6790765878147877,0.0348
1989-03-31,xsmom,in_sample,4.911640410993778,0.0638
1989-04-30,xsmom,in_sample,2.6790765878147877,0.0348
1989-05-31,xsmom,in_sample,1.0315984562275333,0.0134
1989-06-30,xsmom,in_sample,2.3711367501349274,0.0308
1989-07-31,xsmom,in_sample,7.590716998808566,0.0986
1989-08-31,xsmom,in_sample,0.8083420739096344,0.0105
1989-09-30,xsmom,in_sample,5.019419354181729,0.0652
1989-10-31,xsmom,in_sample,4.503620126067963,0.0585
1989-11-30,xsmom,in_sample,3.0255089052046316,0.0393
1989-12-31,xsmom,in_sample,0.5311962199977597,0.0069
1990-01-31,xsmom,post_sample,-1.4627142289793382,-0.019
1990-02-28,xsmom,post_sample,-0.9700104886915613,-0.0126
1990-03-31,xsmom,post_sample,1.4550157330373419,0.0189
1990-04-30,xsmom,post_sample,4.5883035814299244,0.0596
1990-05-31,xsmom,post_sample,6.836264396492908,0.0888
1990-06-30,xsmom,post_sample,3.087096872740603,0.0401
1990-07-31,xsmom,post_sample,5.766173460555391,0.0749
1990-08-31,xsmom,post_sample,4.965529882587754,0.0645
1990-09-30,xsmom,post_sample,6.366656144031119,0.0827
1990-10-31,xsmom,post_sample,7.929450820256412,0.103
1990-11-30,xsmom,post_sample,-6.166495249539211,-0.0801
1990-12-31,xsmom,post_sample,2.2094683353530007,0.0287
1991-01-31,xsmom,post_sample,-1.3318397979653975,-0.0173
1991-02-28,xsmom,post_sample,-9.700104886915613,-0.126
1991-03-31,xsmom,post_sample,0.2694473579698781,0.0035
1991-04-30,xsmom,post_sample,-0.8314375617356239,-0.0108
1991-05-31,xsmom,post_sample,1.608985651877272,0.0209
1991-06-30,xsmom,post_sample,-0.40802028492581544,-0.0053
1991-07-31,xsmom,post_sample,4.5652080936039345,0.0593
1991-08-31,xsmom,post_sample,-0.11547743912994776,-0.0015
1991-09-30,xsmom,post_sample,5.596806549831468,0.0727
1991-10-31,xsmom,post_sample,2.363438254192931,0.0307
1991-11-30,xsmom,post_sample,2.23256382317899,0.029
1991-12-31,xsmom,post_sample,11.670919848066722,0.1516
1992-01-31,xsmom,post_sample,-2.455820205496889,-0.0319
1992-02-29,xsmom,post_sample,-0.7621510982576553,-0.0099
1992-03-31,xsmom,post_sample,0.9931059765175507,0.0129
1992-04-30,xsmom,post_sample,-2.1016893921650492,-0.0273
1992-05-31,xsmom,post_sample,-0.9700104886915613,-0.0126
1992-06-30,xsmom,post_sample,1.324141302023401,0.0172
1992-07-31,xsmom,post_sample,1.0777894318795125,0.014
1992-08-31,xsmom,post_sample,-0.8468345536196169,-0.011
1992-09-30,xsmom,post_sample,3.3257502469424955,0.0432
1992-10-31,xsmom,post_sample,2.2479608150629833,0.0292
1992-11-30,xsmom,post_sample,0.5696886997077423,0.0074
1992-12-31,xsmom,post_sample,5.635299029541451,0.0732
1993-01-31,xsmom,post_sample,3.6798810602743357,0.0478
1993-02-28,xsmom,post_sample,1.0392969521695299,0.0135
1993-03-31,xsmom,post_sample,5.904746387511329,0.0767
1993-04-30,xsmom,post_publication,2.0939908962230525,0.0272
1993-05-31,xsmom,post_publication,1.8553375220211608,0.0241
1993-06-30,xsmom,post_publication,4.511318622009959,0.0586
1993-07-31,xsmom,post_publication,4.965529882587754,0.0645
1993-08-31,xsmom,post_publication,4.249569759982077,0.0552
1993-09-30,xsmom,post_publication,6.120304273887231,0.0795
1993-10-31,xsmom,post_publication,-6.643801997942995,-0.0863
1993-11-30,xsmom,post_publication,-7.144204234172768,-0.0928
1993-12-31,xsmom,post_publication,1.801448050427185,0.0234
1994-01-31,xsmom,post_publication,-1.3780307736173765,-0.0179
1994-02-28,xsmom,post_publication,0.25405036608588505,0.0033
1994-03-31,xsmom,post_publication,-0.6389751631857109,-0.0083
1994-04-30,xsmom,post_publication,1.4088247573853627,0.0183
1994-05-31,xsmom,post_publication,-2.8638404904227044,-0.0372
1994-06-30,xsmom,post_publication,-1.4781112208633311,-0.0192
1994-07-31,xsmom,post_publication,-0.7621510982576553,-0.0099
1994-08-31,xsmom,post_publication,2.23256382317899,0.029
1994-09-30,xsmom,post_publication,1.5704931721672897,0.0204
1994-10-31,xsmom,post_publication,2.6944735796987813,0.035
1994-11-30,xsmom,post_publication,-1.5243021965153105,-0.0198
1994-12-31,xsmom,post_publication,2.8792374823066975,0.0374
1995-01-31,xsmom,post_publication,-2.6559810999887987,-0.0345
1995-02-28,xsmom,post_publication,0.8083420739096344,0.0105
1995-03-31,xsmom,post_publication,2.7945540269447355,0.0363
1995-04-30,xsmom,post_publication,1.4935082127473245,0.0194
1995-05-31,xsmom,post_publication,-0.1847639026079164,-0.0024
1995-06-30,xsmom,post_publication,0.1770654066659199,0.0023
1995-07-31,xsmom,post_publication,0.5465932118817528,0.0071
1995-08-31,xsmom,post_publication,-0.42341727680980845,-0.0055
1995-09-30,xsmom,post_publication,3.7876600034622867,0.0492
1995-10-31,xsmom,post_publication,6.72078695736296,0.0873
1995-11-30,xsmom,post_publication,-2.8484434985387113,-0.037
1995-12-31,xsmom,post_publication,0.9238195130395821,0.012
1996-01-31,xsmom,post_publication,1.8861315057891468,0.0245
1996-02-29,xsmom,post_publication,-0.6158796753597214,-0.008
1996-03-31,xsmom,post_publication,-3.0409058970886242,-0.0395
1996-04-30,xsmom,post_publication,-3.1563833362185725,-0.041
1996-05-31,xsmom,post_publication,3.110192360566593,0.0404
1996-06-30,xsmom,post_publication,2.155578863759025,0.028
1996-07-31,xsmom,post_publication,0.37722630115782935,0.0049
1996-08-31,xsmom,post_publication,0.9238195130395821,0.012
1996-09-30,xsmom,post_publication,2.201769839411004,0.0286
1996-10-31,xsmom,post_publication,5.234977240557632,0.068
1996-11-30,xsmom,post_publication,-7.898656836488427,-0.1026
1996-12-31,xsmom,post_publication,0.0846834553619617,0.0011
1997-01-31,xsmom,post_publication,4.480524638241973,0.0582
1997-02-28,xsmom,post_publication,-2.979317929552652,-0.0387
1997-03-31,xsmom,post_publication,2.4635187014388857,0.032
1997-04-30,xsmom,post_publication,8.976446268367939,0.1166
1997-05-31,xsmom,post_publication,-8.822476349528008,-0.1146
1997-06-30,xsmom,post_publication,2.363438254192931,0.0307
1997-07-31,xsmom,post_publication,8.46834553619617,0.11
1997-08-31,xsmom,post_publication,-3.1640818321605684,-0.0411
1997-09-30,xsmom,post_publication,2.263357806946976,0.0294
1997-10-31,xsmom,post_publication,-1.4781112208633311,-0.0192
1997-11-30,xsmom,post_publication,2.140181871875032,0.0278
1997-12-31,xsmom,post_publication,3.048604393030621,0.0396
1998-01-31,xsmom,post_publication,1.9092269936151363,0.0248
1998-02-28,xsmom,post_publication,1.1547743912994777,0.015
1998-03-31,xsmom,post_publication,1.116281911589495,0.0145
1998-04-30,xsmom,post_publication,0.5927841875337319,0.0077
1998-05-31,xsmom,post_publication,3.9493284182442134,0.0513
1998-06-30,xsmom,post_publication,10.12352216372542,0.1315
1998-07-31,xsmom,post_publication,6.312766672437145,0.082
1998-08-31,xsmom,post_publication,3.5951976049123737,0.0467
1998-09-30,xsmom,post_publication,-3.171780328102565,-0.0412
1998-10-31,xsmom,post_publication,-7.09801325852079,-0.0922
1998-11-30,xsmom,post_publication,2.9177299620166806,0.0379
1998-12-31,xsmom,post_publication,10.708607855317156,0.1391
1999-01-31,xsmom,post_publication,5.081007321717702,0.066
1999-02-28,xsmom,post_publication,1.993910448977098,0.0259
1999-03-31,xsmom,post_publication,-3.4874186617244223,-0.0453
1999-04-30,xsmom,post_publication,-14.19602651704158,-0.1844
1999-05-31,xsmom,post_publication,-7.9371493161984095,-0.1031
1999-06-30,xsmom,post_publication,5.319660695919593,0.0691
1999-07-31,xsmom,post_publication,1.8399405301371679,0.0239
1999-08-31,xsmom,post_publication,4.780765979979837,0.0621
1999-09-30,xsmom,post_publication,5.1194998014276845,0.0665
1999-10-31,xsmom,post_publication,8.13731021069032,0.1057
1999-11-30,xsmom,post_publication,6.0356208185252695,0.0784
1999-12-31,xsmom,post_publication,17.159947454710235,0.2229
2000-01-31,xsmom,post_publication,1.3703322776753801,0.0178
2000-02-29,xsmom,post_publication,19.507988717019177,0.2534
2000-03-31,xsmom,post_publication,-6.5437215506970405,-0.085
2000-04-30,xsmom,post_publication,-5.165690777079663,-0.0671
2000-05-31,xsmom,post_publication,-9.800185334161567,-0.1273
2000-06-30,xsmom,post_publication,13.941976150955695,0.1811
2000-07-31,xsmom,post_publication,0.7929450820256413,0.0103
2000-08-31,xsmom,post_publication,5.365851671571573,0.0697
2000-09-30,xsmom,post_publication,0.5234977240557631,0.0068
2000-10-31,xsmom,post_publication,0.5081007321717701,0.0066
2000-11-30,xsmom,post_publication,-0.5234977240557631,-0.0068
2000-12-31,xsmom,post_publication,12.817995743424202,0.1665
2001-01-31,xsmom,post_publication,-32.156617549719456,-0.4177
2001-02-28,xsmom,post_publication,11.732507815602693,0.1524
2001-03-31,xsmom,post_publication,11.332186026618874,0.1472
2001-04-30,xsmom,post_publication,-7.059520778810807,-0.0917
2001-05-31,xsmom,post_publication,6.897852364028879,0.0896
2001-06-30,xsmom,post_publication,0.8006435779676377,0.0104
2001-07-31,xsmom,post_publication,2.7945540269447355,0.0363
2001-08-31,xsmom,post_publication,8.583822975326116,0.1115
2001-09-30,xsmom,post_publication,11.62472887241474,0.151
2001-10-31,xsmom,post_publication,-10.339080050101323,-0.1343
2001-11-30,xsmom,post_publication,-11.932668710094601,-0.155
2001-12-31,xsmom,post_publication,4.31115772751805,0.056
2002-01-31,xsmom,post_publication,0.7082616266636796,0.0092
2002-02-28,xsmom,post_publication,11.886477734442623,0.1544
2002-03-31,xsmom,post_publication,-1.293347318255415,-0.0168
2002-04-30,xsmom,post_publication,10.608527408071202,0.1378
2002-05-31,xsmom,post_publication,3.364242726652478,0.0437
2002-06-30,xsmom,post_publication,8.51453651184815,0.1106
2002-07-31,xsmom,post_publication,-3.941629922302217,-0.0512
2002-08-31,xsmom,post_publication,-1.7398600828912127,-0.0226
2002-09-30,xsmom,post_publication,10.315984562275334,0.134
2002-10-31,xsmom,post_publication,-12.294498019368438,-0.1597
2002-11-30,xsmom,post_publication,-15.889695624280812,-0.2064
2002-12-31,xsmom,post_publication,10.331381554159327,0.1342
2003-01-31,xsmom,post_publication,1.8861315057891468,0.0245
2003-02-28,xsmom,post_publication,-0.7005631307216831,-0.0091
2003-03-31,xsmom,post_publication,2.425026221728903,0.0315
2003-04-30,xsmom,post_publication,-11.224407083430924,-0.1458
2003-05-31,xsmom,post_publication,-11.463060457632816,-0.1489
2003-06-30,xsmom,post_publication,-0.877628537387603,-0.0114
2003-07-31,xsmom,post_publication,-0.8237390657936273,-0.0107
2003-08-31,xsmom,post_publication,0.20016089449190944,0.0026
2003-09-30,xsmom,post_publication,-0.6774676428956936,-0.0088
2003-10-31,xsmom,post_publication,5.904746387511329,0.0767
2003-11-30,xsmom,post_publication,1.9862119530351015,0.0258
2003-12-31,xsmom,post_publication,-7.71389293388051,-0.1002
2004-01-31,xsmom,post_publication,1.0315984562275333,0.0134
2004-02-29,xsmom,post_publication,-1.6628751234712478,-0.0216
2004-03-31,xsmom,post_publication,0.28484434985387114,0.0037
2004-04-30,xsmom,post_publication,-7.89095834054643,-0.1025
2004-05-31,xsmom,post_publication,2.2479608150629833,0.0292
2004-06-30,xsmom,post_publication,0.5234977240557631,0.0068
2004-07-31,xsmom,post_publication,-3.348845734768485,-0.0435
2004-08-31,xsmom,post_publication,-1.6243826437612652,-0.0211
2004-09-30,xsmom,post_publication,3.910835938534231,0.0508
2004-10-31,xsmom,post_publication,-2.5559006527428436,-0.0332
2004-11-30,xsmom,post_publication,4.2033787843300985,0.0546
2004-12-31,xsmom,post_publication,-4.041710369548172,-0.0525
2005-01-31,xsmom,post_publication,2.0631969124550666,0.0268
2005-02-28,xsmom,post_publication,1.0623924399955194,0.0138
2005-03-31,xsmom,post_publication,1.0623924399955194,0.0138
2005-04-30,xsmom,post_publication,-2.4327247176709,-0.0316
2005-05-31,xsmom,post_publication,0.40802028492581544,0.0053
2005-06-30,xsmom,post_publication,4.072504353316158,0.0529
2005-07-31,xsmom,post_publication,-1.0777894318795125,-0.014
2005-08-31,xsmom,post_publication,3.287257767232513,0.0427
2005-09-30,xsmom,post_publication,4.572906589545932,0.0594
2005-10-31,xsmom,post_publication,-0.2694473579698781,-0.0035
2005-11-30,xsmom,post_publication,-0.34643231738984326,-0.0045
2005-12-31,xsmom,post_publication,1.6551766275292512,0.0215
2006-01-31,xsmom,post_publication,2.425026221728903,0.0315
2006-02-28,xsmom,post_publication,-3.287257767232513,-0.0427
2006-03-31,xsmom,post_publication,2.0785939043390598,0.027
2006-04-30,xsmom,post_publication,0.7698495941996517,0.01
2006-05-31,xsmom,post_publication,-4.850052443457806,-0.063
2006-06-30,xsmom,post_publication,-0.14627142289793382,-0.0019
2006-07-31,xsmom,post_publication,-1.0777894318795125,-0.014
2006-08-31,xsmom,post_publication,-6.666897485768984,-0.0866
2006-09-30,xsmom,post_publication,-0.10777894318795124,-0.0014
2006-10-31,xsmom,post_publication,0.5311962199977597,0.0069
2006-11-30,xsmom,post_publication,-2.455820205496889,-0.0319
2006-12-31,xsmom,post_publication,1.2702518304294255,0.0165
2007-01-31,xsmom,post_publication,0.15396991883993036,0.002
2007-02-28,xsmom,post_publication,-2.0016089449190946,-0.026
2007-03-31,xsmom,post_publication,2.5943931324528267,0.0337
2007-04-30,xsmom,post_publication,-1.2856488223134184,-0.0167
2007-05-31,xsmom,post_publication,1.6474781315872546,0.0214
2007-06-30,xsmom,post_publication,1.385729269559373,0.018
2007-07-31,xsmom,post_publication,2.3018502866569586,0.0299
2007-08-31,xsmom,post_publication,2.286453294772966,0.0297
2007-09-30,xsmom,post_publication,4.703781020559872,0.0611
2007-10-31,xsmom,post_publication,6.682294477652977,0.0868
2007-11-30,xsmom,post_publication,5.712283988961416,0.0742
2007-12-31,xsmom,post_publication,8.660807934746082,0.1125
2008-01-31,xsmom,post_publication,-13.095141597336076,-0.1701
2008-02-29,xsmom,post_publication,11.18591460372094,0.1453
2008-03-31,xsmom,post_publication,7.236586185476726,0.094
2008-04-30,xsmom,post_publication,1.2240608547774463,0.0159
2008-05-31,xsmom,post_publication,7.321269640838689,0.0951
2008-06-30,xsmom,post_publication,14.473172370953453,0.188
2008-07-31,xsmom,post_publication,-7.490636551562611,-0.0973
2008-08-31,xsmom,post_publication,-0.49270374028777714,-0.0064
2008-09-30,xsmom,post_publication,8.329772609240232,0.1082
2008-10-31,xsmom,post_publication,8.24508915387827,0.1071
2008-11-30,xsmom,post_publication,9.0611297237299,0.1177
2008-12-31,xsmom,post_publication,-2.640584108104805,-0.0343
2009-01-31,xsmom,post_publication,-3.6875795562163316,-0.0479
2009-02-28,xsmom,post_publication,15.651042250078921,0.2033
2009-03-31,xsmom,post_publication,-30.162707100742352,-0.3918
2009-04-30,xsmom,post_publication,-34.781804665940264,-0.4518
2009-05-31,xsmom,post_publication,-16.505575299640533,-0.2144
2009-06-30,xsmom,post_publication,7.059520778810807,0.0917
2009-07-31,xsmom,post_publication,-5.250374232441625,-0.0682
2009-08-31,xsmom,post_publication,-19.19235038339732,-0.2493
2009-09-30,xsmom,post_publication,-3.2333682956385377,-0.042
2009-10-31,xsmom,post_publication,7.313571144896692,0.095
2009-11-30,xsmom,post_publication,1.2086638628934532,0.0157
2009-12-31,xsmom,post_publication,3.1332878483925826,0.0407
2010-01-31,xsmom,post_publication,-6.736183949246953,-0.0875
2010-02-28,xsmom,post_publication,5.404344151281555,0.0702
2010-03-31,xsmom,post_publication,2.840745002596715,0.0369
2010-04-30,xsmom,post_publication,4.7345750043278585,0.0615
2010-05-31,xsmom,post_publication,-0.9931059765175507,-0.0129
2010-06-30,xsmom,post_publication,-3.3796397185364713,-0.0439
2010-07-31,xsmom,post_publication,2.517408173032861,0.0327
2010-08-31,xsmom,post_publication,-0.9777089846335577,-0.0127
2010-09-30,xsmom,post_publication,2.0631969124550666,0.0268
2010-10-31,xsmom,post_publication,1.116281911589495,0.0145
2010-11-30,xsmom,post_publication,5.612203541715462,0.0729
2010-12-31,xsmom,post_publication,-7.344365128664678,-0.0954
2011-01-31,xsmom,post_publication,-2.671378091872792,-0.0347
2011-02-28,xsmom,post_publication,2.1786743515850144,0.0283
2011-03-31,xsmom,post_publication,3.5798006130283806,0.0465
2011-04-30,xsmom,post_publication,2.5943931324528267,0.0337
2011-05-31,xsmom,post_publication,0.5311962199977597,0.0069
2011-06-30,xsmom,post_publication,4.057107361432164,0.0527
2011-07-31,xsmom,post_publication,1.993910448977098,0.0259
2011-08-31,xsmom,post_publication,4.057107361432164,0.0527
2011-09-30,xsmom,post_publication,-2.9485239457846664,-0.0383
2011-10-31,xsmom,post_publication,-1.0777894318795125,-0.014
2011-11-30,xsmom,post_publication,4.880846427225792,0.0634
2011-12-31,xsmom,post_publication,1.4935082127473245,0.0194
2012-01-31,xsmom,post_publication,-12.179020580238491,-0.1582
2012-02-29,xsmom,post_publication,-0.446512764635798,-0.0058
2012-03-31,xsmom,post_publication,0.7236586185476727,0.0094
2012-04-30,xsmom,post_publication,5.15029378519567,0.0669
2012-05-31,xsmom,post_publication,6.412847119683099,0.0833
2012-06-30,xsmom,post_publication,-1.2471563426034358,-0.0162
2012-07-31,xsmom,post_publication,3.464323173898433,0.045
2012-08-31,xsmom,post_publication,1.3010458141974113,0.0169
2012-09-30,xsmom,post_publication,-1.0238999602855368,-0.0133
2012-10-31,xsmom,post_publication,-1.4627142289793382,-0.019
2012-11-30,xsmom,post_publication,2.5559006527428436,0.0332
2012-12-31,xsmom,post_publication,-3.333448742884492,-0.0433
2013-01-31,xsmom,post_publication,-2.5712976446268367,-0.0334
2013-02-28,xsmom,post_publication,2.0477999205710735,0.0266
2013-03-31,xsmom,post_publication,-0.36182930927383633,-0.0047
2013-04-30,xsmom,post_publication,-0.4388142686938015,-0.0057
2013-05-31,xsmom,post_publication,0.43111577275180496,0.0056
2013-06-30,xsmom,post_publication,1.6705736194132443,0.0217
2013-07-31,xsmom,post_publication,-1.5550961802832965,-0.0202
2013-08-31,xsmom,post_publication,-4.388142686938015,-0.057
2013-09-30,xsmom,post_publication,4.980926874471746,0.0647
2013-10-31,xsmom,post_publication,-1.0623924399955194,-0.0138
2013-11-30,xsmom,post_publication,0.12317593507194428,0.0016
2013-12-31,xsmom,post_publication,0.1847639026079164,0.0024
2014-01-31,xsmom,post_publication,3.510514149550412,0.0456
2014-02-28,xsmom,post_publication,0.7313571144896691,0.0095
2014-03-31,xsmom,post_publication,-5.8200629321493675,-0.0756
2014-04-30,xsmom,post_publication,-3.6875795562163316,-0.0479
2014-05-31,xsmom,post_publication,2.663679595930795,0.0346
2014-06-30,xsmom,post_publication,-0.40802028492581544,-0.0053
2014-07-31,xsmom,post_publication,1.8476390260791642,0.024
2014-08-31,xsmom,post_publication,0.19246239854991293,0.0025
2014-09-30,xsmom,post_publication,3.7876600034622867,0.0492
2014-10-31,xsmom,post_publication,-0.007698495941996518,-0.0001
2014-11-30,xsmom,post_publication,2.9100314660746838,0.0378
2014-12-31,xsmom,post_publication,-0.6774676428956936,-0.0088
2015-01-31,xsmom,post_publication,6.474435087219071,0.0841
2015-02-28,xsmom,post_publication,-4.057107361432164,-0.0527
2015-03-31,xsmom,post_publication,3.125589352450586,0.0406
2015-04-30,xsmom,post_publication,-9.954155253001497,-0.1293
2015-05-31,xsmom,post_publication,9.646215415321636,0.1253
2015-06-30,xsmom,post_publication,3.7876600034622867,0.0492
2015-07-31,xsmom,post_publication,15.535564810948973,0.2018
2015-08-31,xsmom,post_publication,-2.617488620278816,-0.034
2015-09-30,xsmom,post_publication,9.823280821987556,0.1276
2015-10-31,xsmom,post_publication,-3.618293092738363,-0.047
2015-11-30,xsmom,post_publication,4.141790816794127,0.0538
2015-12-31,xsmom,post_publication,2.348041262308938,0.0305
2016-01-31,xsmom,post_publication,5.6506960214254445,0.0734
2016-02-29,xsmom,post_publication,-5.188786264905653,-0.0674
2016-03-31,xsmom,post_publication,-4.149489312736123,-0.0539
2016-04-30,xsmom,post_publication,-15.035162574719198,-0.1953
2016-05-31,xsmom,post_publication,3.972423906070203,0.0516
2016-06-30,xsmom,post_publication,0.8622315455036099,0.0112
2016-07-31,xsmom,post_publication,-2.8792374823066975,-0.0374
2016-08-31,xsmom,post_publication,-4.634494557081903,-0.0602
2016-09-30,xsmom,post_publication,-1.3318397979653975,-0.0173
2016-10-31,xsmom,post_publication,2.963920937668659,0.0385
2016-11-30,xsmom,post_publication,-0.9084225211555891,-0.0118
2016-12-31,xsmom,post_publication,-0.3387338214478468,-0.0044
2017-01-31,xsmom,post_publication,0.03849247970998259,0.0005
2017-02-28,xsmom,post_publication,-1.9708149611511085,-0.0256
2017-03-31,xsmom,post_publication,1.7475585788332095,0.0227
2017-04-30,xsmom,post_publication,-0.9084225211555891,-0.0118
2017-05-31,xsmom,post_publication,6.097208786061242,0.0792
2017-06-30,xsmom,post_publication,-2.994714921436645,-0.0389
2017-07-31,xsmom,post_publication,1.5858901640512826,0.0206
2017-08-31,xsmom,post_publication,2.4789156933228784,0.0322
2017-09-30,xsmom,post_publication,-2.1632773597010213,-0.0281
2017-10-31,xsmom,post_publication,6.605309518233012,0.0858
2017-11-30,xsmom,post_publication,-6.197289233307196,-0.0805
2017-12-31,xsmom,post_publication,-1.308744310139408,-0.017
2018-01-31,xsmom,post_publication,9.984949236769484,0.1297
2018-02-28,xsmom,post_publication,3.2949562631745093,0.0428
2018-03-31,xsmom,post_publication,-1.9708149611511085,-0.0256
2018-04-30,xsmom,post_publication,-1.1778698791254671,-0.0153
2018-05-31,xsmom,post_publication,4.919338906935774,0.0639
2018-06-30,xsmom,post_publication,-2.771458539118746,-0.036
2018-07-31,xsmom,post_publication,-0.9854074805755543,-0.0128
2018-08-31,xsmom,post_publication,7.644606470402541,0.0993
2018-09-30,xsmom,post_publication,0.33103532550585024,0.0043
2018-10-31,xsmom,post_publication,-5.181087768963656,-0.0673
2018-11-30,xsmom,post_publication,1.9477194733251189,0.0253
2018-12-31,xsmom,post_publication,2.7945540269447355,0.0363
2019-01-31,xsmom,post_publication,-6.628405006059001,-0.0861
2019-02-28,xsmom,post_publication,-2.1632773597010213,-0.0281
2019-03-31,xsmom,post_publication,-1.770654066659199,-0.023
2019-04-30,xsmom,post_publication,-2.3249457744829485,-0.0302
2019-05-31,xsmom,post_publication,9.830979317929554,0.1277
2019-06-30,xsmom,post_publication,-3.441227686072443,-0.0447
2019-07-31,xsmom,post_publication,4.8654494353418,0.0632
2019-08-31,xsmom,post_publication,10.115823667783424,0.1314
2019-09-30,xsmom,post_publication,-6.297369680553151,-0.0818
2019-10-31,xsmom,post_publication,2.9254284579586765,0.038
2019-11-30,xsmom,post_publication,0.3387338214478468,0.0044
2019-12-31,xsmom,post_publication,-5.573711062005479,-0.0724
2020-01-31,xsmom,post_publication,9.222798138511829,0.1198
2020-02-29,xsmom,post_publication,4.234172768098085,0.055
2020-03-31,xsmom,post_publication,16.42089184427857,0.2133
2020-04-30,xsmom,post_publication,-24.396533640186966,-0.3169
2020-05-31,xsmom,post_publication,6.074113298235252,0.0789
2020-06-30,xsmom,post_publication,-8.29128012953025,-0.1077
2020-07-31,xsmom,post_publication,8.553028991558131,0.1111
2020-08-31,xsmom,post_publication,5.850856915917353,0.076
2020-09-30,xsmom,post_publication,1.2086638628934532,0.0157
2020-10-31,xsmom,post_publication,-0.23095487825989552,-0.003
2020-11-30,xsmom,post_publication,-20.862924002810562,-0.271
2020-12-31,xsmom,post_publication,-1.2548548385454323,-0.0163
2021-01-31,xsmom,post_publication,-3.4566246779564365,-0.0449
2021-02-28,xsmom,post_publication,-17.37550534108614,-0.2257
2021-03-31,xsmom,post_publication,-10.577733424303215,-0.1374
2021-04-30,xsmom,post_publication,1.786051058543192,0.0232
2021-05-31,xsmom,post_publication,-3.8030569953462794,-0.0494
2021-06-30,xsmom,post_publication,5.157992281137667,0.067
2021-07-31,xsmom,post_publication,-0.06928646347796866,-0.0009
2021-08-31,xsmom,post_publication,2.6020916283948226,0.0338
2021-09-30,xsmom,post_publication,0.3079398376798607,0.004
2021-10-31,xsmom,post_publication,1.5396991883993034,0.02
2021-11-30,xsmom,post_publication,4.572906589545932,0.0594
2021-12-31,xsmom,post_publication,-7.506033543446605,-0.0975
2022-01-31,xsmom,post_publication,-2.6251871162208125,-0.0341
2022-02-28,xsmom,post_publication,2.9254284579586765,0.038
2022-03-31,xsmom,post_publication,4.034011873606175,0.0524
2022-04-30,xsmom,post_publication,6.120304273887231,0.0795
2022-05-31,xsmom,post_publication,7.321269640838689,0.0951
2022-06-30,xsmom,post_publication,0.7775480901416483,0.0101
2022-07-31,xsmom,post_publication,-4.942434394761763,-0.0642
2022-08-31,xsmom,post_publication,2.4019307339029132,0.0312
2022-09-30,xsmom,post_publication,3.333448742884492,0.0433
2022-10-31,xsmom,post_publication,8.345169601124224,0.1084
2022-11-30,xsmom,post_publication,0.26174886202788156,0.0034
2022-12-31,xsmom,post_publication,4.103298337084143,0.0533
2023-01-31,xsmom,post_publication,-16.613354242828485,-0.2158
2023-02-28,xsmom,post_publication,-10.34677854604332,-0.1344
2023-03-31,xsmom,post_publication,4.0109163857801855,0.0521
2023-04-30,xsmom,post_publication,6.643801997942995,0.0863
2023-05-31,xsmom,post_publication,4.403539678822008,0.0572
2023-06-30,xsmom,post_publication,-0.9854074805755543,-0.0128
2023-07-31,xsmom,post_publication,-5.5506155741794885,-0.0721
2023-08-31,xsmom,post_publication,6.305068176495148,0.0819
2023-09-30,xsmom,post_publication,1.2856488223134184,0.0167
2023-10-31,xsmom,post_publication,3.9262329304182235,0.051
2023-11-30,xsmom,post_publication,2.902332970132687,0.0377
2023-12-31,xsmom,post_publication,-12.102035620818526,-0.1572
2024-01-31,xsmom,post_publication,9.422959033003737,0.1224
2024-02-29,xsmom,post_publication,7.867862852720441,0.1022
2024-03-31,xsmom,post_publication,2.5943931324528267,0.0337
2024-04-30,xsmom,post_publication,1.262553334487429,0.0164
2024-05-31,xsmom,post_publication,4.46512764635798,0.058
2024-06-30,xsmom,post_publication,7.128807242288775,0.0926
2024-07-31,xsmom,post_publication,-13.156729564872048,-0.1709
2024-08-31,xsmom,post_publication,5.435138135049541,0.0706
2024-09-30,xsmom,post_publication,-0.07698495941996518,-0.001
2024-10-31,xsmom,post_publication,4.626796061139907,0.0601
2024-11-30,xsmom,post_publication,-4.326554719402043,-0.0562
2024-12-31,xsmom,post_publication,2.9100314660746838,0.0378
2025-01-31,xsmom,post_publication,-1.262553334487429,-0.0164
2025-02-28,xsmom,post_publication,-4.141790816794127,-0.0538
2025-03-31,xsmom,post_publication,-3.8030569953462794,-0.0494
2025-04-30,xsmom,post_publication,9.353672569525768,0.1215
2025-05-31,xsmom,post_publication,-2.186372847527011,-0.0284
2025-06-30,xsmom,post_publication,-3.287257767232513,-0.0427
2025-07-31,xsmom,post_publication,2.7021720756407777,0.0351
2025-08-31,xsmom,post_publication,-9.854074805755543,-0.128
2025-09-30,xsmom,post_publication,3.6875795562163316,0.0479
2025-10-31,xsmom,post_publication,3.3796397185364713,0.0439
2025-11-30,xsmom,post_publication,-2.3172472785409517,-0.0301
2025-12-31,xsmom,post_publication,-2.2402623191209865,-0.0291
2026-01-31,xsmom,post_publication,4.8038614678058265,0.0624
2026-02-28,xsmom,post_publication,1.532000692457307,0.0199
2026-03-31,xsmom,post_publication,-0.8083420739096344,-0.0105
2026-04-30,xsmom,post_publication,19.369415790063236,0.2516
2026-05-31,xsmom,post_publication,12.55624688139632,0.1631
2026-06-30,xsmom,post_publication,11.763301799370678,0.1528
1972-01-31,value_mom,in_sample,-0.31089889576035823,-0.00144509194057
1972-02-29,value_mom,in_sample,0.10781622397978693,0.000501141555858
1972-03-31,value_mom,in_sample,1.1535816185399412,0.00536197304807
1972-04-30,value_mom,in_sample,1.9461909822050107,0.00904610772681
1972-05-31,value_mom,in_sample,-1.3783798718696962,-0.00640685982178
1972-06-30,value_mom,in_sample,-5.003882157491289,-0.0232585894513
1972-07-31,value_mom,in_sample,3.828082572506267,0.0177933448745
1972-08-31,value_mom,in_sample,0.475588269110861,0.00221058609115
1972-09-30,value_mom,in_sample,0.9420081853949037,0.00437855667945
1972-10-31,value_mom,in_sample,-0.7167409931520379,-0.00333149022658
1972-11-30,value_mom,in_sample,-0.6685787253526405,-0.00310762675847
1972-12-31,value_mom,in_sample,-9.281505878247302,-0.0431414505613
1973-01-31,value_mom,in_sample,-2.25446075373312,-0.0104789792115
1973-02-28,value_mom,in_sample,10.149961488675494,0.0471781268586
1973-03-31,value_mom,in_sample,0.1377745843870268,0.000640391279056
1973-04-30,value_mom,in_sample,7.539177705796261,0.0350429193855
1973-05-31,value_mom,in_sample,10.485095564805285,0.048735866558
1973-06-30,value_mom,in_sample,9.265471414948646,0.0430669206289
1973-07-31,value_mom,in_sample,2.145872372329956,0.00997424858381
1973-08-31,value_mom,in_sample,20.293718608650206,0.0943274151355
1973-09-30,value_mom,in_sample,8.155328195713096,0.0379068539935
1973-10-31,value_mom,in_sample,-6.7304254716361465,-0.0312837508859
1973-11-30,value_mom,in_sample,3.5538729448394064,0.0165187886494
1973-12-31,value_mom,in_sample,-0.7553887554404622,-0.00351112923645
1974-01-31,value_mom,in_sample,-7.395183836417824,-0.0343736201922
1974-02-28,value_mom,in_sample,13.200960201648428,0.0613595012891
1974-03-31,value_mom,in_sample,10.145579146563879,0.047157757255
1974-04-30,value_mom,in_sample,-4.032073932063214,-0.018741518939
1974-05-31,value_mom,in_sample,-2.7242163115135005,-0.0126624542249
1974-06-30,value_mom,in_sample,-2.6038892040019928,-0.0121031607193
1974-07-31,value_mom,in_sample,0.9961087547927938,0.00463002202038
1974-08-31,value_mom,in_sample,2.6970055065593947,0.0125359754388
1974-09-30,value_mom,in_sample,0.727535387930099,0.00338166374958
1974-10-31,value_mom,in_sample,-2.5814153043629466,-0.0119986995852
1974-11-30,value_mom,in_sample,1.5883737081860616,0.00738293405224
1974-12-31,value_mom,in_sample,3.907869982294813,0.0181642054482
1975-01-31,value_mom,in_sample,4.512052319770788,0.0209725107797
1975-02-28,value_mom,in_sample,-0.7449800305054465,-0.0034627483489
1975-03-31,value_mom,in_sample,2.3069566466255913,0.0107229858412
1975-04-30,value_mom,in_sample,3.551153644962756,0.0165061490473
1975-05-31,value_mom,in_sample,3.2735872160115633,0.0152159900441
1975-06-30,value_mom,in_sample,6.957046404721772,0.0323371096737
1975-07-31,value_mom,in_sample,-10.516166908568843,-0.0488802895491
1975-08-31,value_mom,in_sample,7.059558582860064,0.0328135974466
1975-09-30,value_mom,in_sample,9.467393857576324,0.0440054781421
1975-10-31,value_mom,in_sample,-9.60936342709496,-0.0446653681691
1975-11-30,value_mom,in_sample,12.56903533164365,0.0584222456438
1975-12-31,value_mom,in_sample,-5.955429241179515,-0.0276814839693
1976-01-31,value_mom,in_sample,0.13349796136484476,0.000620513069302
1976-02-29,value_mom,in_sample,1.4243302887559521,0.00662044236586
1976-03-31,value_mom,in_sample,5.159706724400084,0.0239828790157
1976-04-30,value_mom,in_sample,4.819132469100488,0.0223998527708
1976-05-31,value_mom,in_sample,4.983468729863286,0.0231637056156
1976-06-30,value_mom,in_sample,0.1707133222987255,0.000793494121613
1976-07-31,value_mom,in_sample,2.5507110490470986,0.0118559828612
1976-08-31,value_mom,in_sample,11.02950079136033,0.0512663213651
1976-09-30,value_mom,in_sample,-5.840648115628813,-0.0271479687921
1976-10-31,value_mom,in_sample,2.103193859705594,0.00977587420722
1976-11-30,value_mom,in_sample,2.7529110359865197,0.0127958304306
1976-12-31,value_mom,in_sample,4.762390310145074,0.0221361090338
1977-01-31,value_mom,in_sample,2.898533437479429,0.0134726992186
1977-02-28,value_mom,in_sample,3.3227060172605536,0.0154442995839
1977-03-31,value_mom,in_sample,3.3780279282252077,0.0157014418535
1977-04-30,value_mom,in_sample,2.9501761458960414,0.0137127401539
1977-05-31,value_mom,in_sample,0.2283174856215761,0.00106124454883
1977-06-30,value_mom,in_sample,-4.986449241624709,-0.023177559359
1977-07-31,value_mom,in_sample,-0.30982323801834644,-0.00144009216619
1977-08-31,value_mom,in_sample,-0.9323516794087251,-0.00433367218753
1977-09-30,value_mom,in_sample,-1.5683398881185082,-0.00728981467384
1977-10-31,value_mom,in_sample,3.985412181760702,0.0185246300397
1977-11-30,value_mom,in_sample,5.174183276605287,0.0240501676076
1977-12-31,value_mom,in_sample,3.0018799879484903,0.013953065245
1978-01-31,value_mom,in_sample,1.7473796208426668,0.00812201085829
1978-02-28,value_mom,in_sample,0.535283635870044,0.00248805665978
1978-03-31,value_mom,in_sample,2.7287186944214388,0.0126833817912
1978-04-30,value_mom,in_sample,-1.0326124985926717,-0.00479969539872
1978-05-31,value_mom,in_sample,1.2833418555138179,0.00596511276717
1978-06-30,value_mom,in_sample,-2.567606874448342,-0.0119345164985
1978-07-31,value_mom,in_sample,0.15093363239597296,0.000701555967907
1978-08-31,value_mom,in_sample,0.3284843099391145,0.00152683086164
1978-09-30,value_mom,in_sample,6.671519701972869,0.0310099504506
1978-10-31,value_mom,in_sample,-1.4085691922572359,-0.00654718307213
1978-11-30,value_mom,in_sample,2.5898373730802975,0.0120378462782
1978-12-31,value_mom,in_sample,-2.621794563570442,-0.0121863867814
1979-01-31,value_mom,in_sample,1.2175626377387387,0.00565936379617
1979-02-28,value_mom,in_sample,-0.7547513804454794,-0.00350816664803
1979-03-31,value_mom,in_sample,2.4651430655290842,0.011458253551
1979-04-30,value_mom,in_sample,1.484959954113724,0.00690225565617
1979-05-31,value_mom,in_sample,0.37970324428538704,0.00176490204889
1979-06-30,value_mom,in_sample,3.750831278054427,0.0174342724412
1979-07-31,value_mom,in_sample,1.2168740240416394,0.00565616304468
1979-08-31,value_mom,in_sample,1.0288177802971432,0.00478205713464
1979-09-30,value_mom,in_sample,1.5939670501899028,0.00740893251528
1979-10-31,value_mom,in_sample,2.2447645369996447,0.0104339101397
1979-11-30,value_mom,in_sample,0.2778524589504274,0.0012914885018
1979-12-31,value_mom,in_sample,0.03631893438945746,0.000168814364065
1980-01-31,value_mom,in_sample,4.973771361198981,0.0231186311895
1980-02-29,value_mom,in_sample,3.722498785645536,0.0173025799296
1980-03-31,value_mom,in_sample,-1.0889224720892852,-0.00506143029062
1980-04-30,value_mom,in_sample,0.9789887545237179,0.00455044639387
1980-05-31,value_mom,in_sample,2.931439421972787,0.0136256498197
1980-06-30,value_mom,in_sample,-1.1489377792554891,-0.00534038797712
1980-07-31,value_mom,in_sample,1.1282421871292934,0.00524419261009
1980-08-31,value_mom,in_sample,1.1693531106060802,0.00543528066153
1980-09-30,value_mom,in_sample,0.8442417564693558,0.00392412766595
1980-10-31,value_mom,in_sample,5.283523409881317,0.0245583924599
1980-11-30,value_mom,in_sample,-1.87404183150767,-0.00871075061357
1980-12-31,value_mom,in_sample,0.036582783689602605,0.000170040764359
1981-01-31,value_mom,in_sample,6.74514980923362,0.0313521912113
1981-02-28,value_mom,in_sample,2.341798124002783,0.0108849328241
1981-03-31,value_mom,in_sample,-1.5749959019897566,-0.0073207525515
1981-04-30,value_mom,in_sample,1.9398108090623731,0.00901645198691
1981-05-31,value_mom,in_sample,2.900521053818736,0.0134819378759
1981-06-30,value_mom,in_sample,7.053547115640131,0.032785655492
1981-07-31,value_mom,in_sample,1.022647994477627,0.00475337929794
1981-08-31,value_mom,in_sample,0.6355813675278094,0.00295425144417
1981-09-30,value_mom,in_sample,-1.2809719281318204,-0.00595409708649
1981-10-31,value_mom,in_sample,-0.568608689649447,-0.00264295514058
1981-11-30,value_mom,in_sample,-0.1103546349791171,-0.000512940366748
1981-12-31,value_mom,in_sample,3.0623817766329458,0.0142342841506
1982-01-31,value_mom,in_sample,3.97048048895492,0.0184552259047
1982-02-28,value_mom,in_sample,2.996001288205904,0.0139257404081
1982-03-31,value_mom,in_sample,4.520691415500717,0.0210126662379
1982-04-30,value_mom,in_sample,3.5357416745595636,0.0164345125297
1982-05-31,value_mom,in_sample,2.8554612191504734,0.013272494855
1982-06-30,value_mom,in_sample,0.4730045581987767,0.00219857672133
1982-07-31,value_mom,in_sample,-1.4226936926717264,-0.00661283528895
1982-08-31,value_mom,in_sample,-1.8782031079040458,-0.00873009267964
1982-09-30,value_mom,in_sample,1.736976629781421,0.00807365662241
1982-10-31,value_mom,in_sample,-1.7285637867600347,-0.00803455281145
1982-11-30,value_mom,in_sample,-2.455815869340887,-0.0114148997269
1982-12-31,value_mom,in_sample,1.17515650309068,0.00546225546209
1983-01-31,value_mom,in_sample,-0.9468092893062263,-0.00440087273352
1983-02-28,value_mom,in_sample,1.2993666324194781,0.00603959767616
1983-03-31,value_mom,in_sample,1.792870362948913,0.00833345678391
1983-04-30,value_mom,in_sample,1.2888274367325383,0.00599061034634
1983-05-31,value_mom,in_sample,-2.095835385547017,-0.00974167121761
1983-06-30,value_mom,in_sample,2.8923560229015584,0.0134439859226
1983-07-31,value_mom,in_sample,-0.7124378640222602,-0.00331148881355
1983-08-31,value_mom,in_sample,-0.2160086638856709,-0.00100403180433
1983-09-30,value_mom,in_sample,0.49737265685097076,0.00231184229882
1983-10-31,value_mom,in_sample,1.7290902555036116,0.00803699989553
1983-11-30,value_mom,in_sample,1.2055131707581614,0.00560335656083
1983-12-31,value_mom,in_sample,2.7278589988030246,0.0126793858323
1984-01-31,value_mom,in_sample,2.479402078448864,0.0115245309966
1984-02-29,value_mom,in_sample,-1.139034083327799,-0.00529435451942
1984-03-31,value_mom,in_sample,0.9345012657357767,0.00434366369898
1984-04-30,value_mom,in_sample,0.8051422133230263,0.00374238872943
1984-05-31,value_mom,in_sample,0.9383330907368016,0.00436147443907
1984-06-30,value_mom,in_sample,-1.2533890393974425,-0.00582588881444
1984-07-31,value_mom,in_sample,2.986191638804341,0.0138801440889
1984-08-31,value_mom,in_sample,0.386162025103483,0.00179492316583
1984-09-30,value_mom,in_sample,0.10083572068874333,0.000468695416021
1984-10-31,value_mom,in_sample,1.9462962710343057,0.00904659712076
1984-11-30,value_mom,in_sample,-0.12478807523383277,-0.000580028569605
1984-12-31,value_mom,in_sample,4.027921209633711,0.0187222166327
1985-01-31,value_mom,in_sample,0.29861141066071145,0.00138797837108
1985-02-28,value_mom,in_sample,-0.09971480657985861,-0.000463485285117
1985-03-31,value_mom,in_sample,2.1513865318288694,0.00999987899794
1985-04-30,value_mom,in_sample,1.5804450079210541,0.00734608058956
1985-05-31,value_mom,in_sample,5.1791176336817975,0.0240731030369
1985-06-30,value_mom,in_sample,2.663673069132071,0.012381042638
1985-07-31,value_mom,in_sample,0.13790077618847754,0.000640977832298
1985-08-31,value_mom,in_sample,2.6176551150552636,0.0121671461737
1985-09-30,value_mom,in_sample,1.3520846230813106,0.00628463664049
1985-10-31,value_mom,in_sample,-0.2676682948509612,-0.00124415139748
1985-11-30,value_mom,in_sample,0.6764696295285693,0.00314430454081
1985-12-31,value_mom,in_sample,-1.2882466343852093,-0.00598791071375
1986-01-31,value_mom,in_sample,2.073408404087439,0.00963742816432
1986-02-28,value_mom,in_sample,4.152257859260563,0.0193001469269
1986-03-31,value_mom,in_sample,3.4236222790000475,0.0159133693635
1986-04-30,value_mom,in_sample,-0.3705631926755489,-0.00172241809318
1986-05-31,value_mom,in_sample,-0.2775890815355204,-0.00129026429488
1986-06-30,value_mom,in_sample,-0.52727404164496,-0.00245082719316
1986-07-31,value_mom,in_sample,-0.16617872923015115,-0.000772416838977
1986-08-31,value_mom,in_sample,-1.4124212077768068,-0.00656508765995
1986-09-30,value_mom,in_sample,1.146079559072396,0.0053271026583
1986-10-31,value_mom,in_sample,-0.0225667861609528,-0.000104892880774
1986-11-30,value_mom,in_sample,1.9994456426105447,0.00929364119058
1986-12-31,value_mom,in_sample,-0.21410364665128112,-0.000995177076669
1987-01-31,value_mom,in_sample,3.2845756592100255,0.0152670655253
1987-02-28,value_mom,in_sample,-1.5698280074314024,-0.00729673161454
1987-03-31,value_mom,in_sample,2.103098525003983,0.00977543108114
1987-04-30,value_mom,in_sample,0.595233216054985,0.00276670884011
1987-05-31,value_mom,in_sample,0.9933800228954115,0.00461733857722
1987-06-30,value_mom,in_sample,-1.5457193977267436,-0.00718467216995
1987-07-31,value_mom,in_sample,0.8675105342057324,0.00403228348005
1987-08-31,value_mom,in_sample,0.6119093017340028,0.00284422110324
1987-09-30,value_mom,in_sample,3.2218160302278838,0.014975351932
1987-10-31,value_mom,in_sample,-3.537687768356695,-0.0164435581857
1987-11-30,value_mom,in_sample,1.3625066786978226,0.0063330794905
1987-12-31,value_mom,in_sample,-0.9441876522177511,-0.0043886870787
1988-01-31,value_mom,in_sample,1.7065089043880293,0.00793203931526
1988-02-29,value_mom,in_sample,-0.6250625582261671,-0.00290535887249
1988-03-31,value_mom,in_sample,3.115093712460374,0.0144792949714
1988-04-30,value_mom,in_sample,1.9874549020244676,0.00923790692192
1988-05-31,value_mom,in_sample,1.3012387481615453,0.0060482994741
1988-06-30,value_mom,in_sample,0.33427543130430043,0.0015537486247
1988-07-31,value_mom,in_sample,1.757921734664732,0.00817101175192
1988-08-31,value_mom,in_sample,1.784329104912699,0.00829375608597
1988-09-30,value_mom,in_sample,0.3105262519523357,0.00144335985155
1988-10-31,value_mom,in_sample,-0.27032595222891903,-0.00125650447853
1988-11-30,value_mom,in_sample,1.0514848248558242,0.00488741602737
1988-12-31,value_mom,in_sample,1.7176827678442539,0.00798397665002
1989-01-31,value_mom,in_sample,1.6442578064417084,0.00764268942962
1989-02-28,value_mom,in_sample,-1.3672514251414736,-0.00635513358892
1989-03-31,value_mom,in_sample,4.762542790305782,0.0221368177782
1989-04-30,value_mom,in_sample,-0.17603726371193623,-0.000818240381356
1989-05-31,value_mom,in_sample,0.9547435000982598,0.00443775180973
1989-06-30,value_mom,in_sample,1.4647452630040607,0.00680829556946
1989-07-31,value_mom,in_sample,-0.7511367498283237,-0.0034913654511
1989-08-31,value_mom,in_sample,1.6436985712308283,0.00764009004343
1989-09-30,value_mom,in_sample,-0.481409128496697,-0.00223764207977
1989-10-31,value_mom,in_sample,-0.6830541591481731,-0.00317491015188
1989-11-30,value_mom,in_sample,0.1331960852297388,0.000619109916136
1989-12-31,value_mom,in_sample,2.6559651038564067,0.0123452151756
1990-01-31,value_mom,in_sample,1.06835010238664,0.00496580767484
1990-02-28,value_mom,in_sample,0.862550286010653,0.00400922770601
1990-03-31,value_mom,in_sample,2.073481774155464,0.00963776919639
1990-04-30,value_mom,in_sample,-1.4711266042066673,-0.00683795673863
1990-05-31,value_mom,in_sample,-1.3277855130185208,-0.00617169172948
1990-06-30,value_mom,in_sample,1.2206838750439795,0.00567387164723
1990-07-31,value_mom,in_sample,3.847819311198525,0.0178850833863
1990-08-31,value_mom,in_sample,1.9138046563265672,0.00889557255557
1990-09-30,value_mom,in_sample,2.6275664487557266,0.0122132151326
1990-10-31,value_mom,in_sample,0.024371839723924357,0.000113282966399
1990-11-30,value_mom,in_sample,-0.09264647626986812,-0.000430630915727
1990-12-31,value_mom,in_sample,-1.7637880147070493,-0.0081982788607
1991-01-31,value_mom,in_sample,0.42073199888792,0.00195560817045
1991-02-28,value_mom,in_sample,-2.82903725332551,-0.0131496733829
1991-03-31,value_mom,in_sample,-0.33160378128962287,-0.00154133050435
1991-04-30,value_mom,in_sample,0.33058209711677383,0.001536581605
1991-05-31,value_mom,in_sample,0.5335420748688958,0.0024799616945
1991-06-30,value_mom,in_sample,1.586519559671282,0.00737431576793
1991-07-31,value_mom,in_sample,0.6978439865422791,0.00324365488099
1991-08-31,value_mom,in_sample,0.7828768458978324,0.00363889687578
1991-09-30,value_mom,in_sample,0.7620072067025289,0.00354189251901
1991-10-31,value_mom,in_sample,0.9294290648938538,0.00432008755684
1991-11-30,value_mom,in_sample,1.2150972194690324,0.00564790426344
1991-12-31,value_mom,in_sample,-0.5064131423286952,-0.0023538634603
1992-01-31,value_mom,in_sample,2.876223376921578,0.0133689996264
1992-02-29,value_mom,in_sample,0.9543393536896075,0.00443587329319
1992-03-31,value_mom,in_sample,0.7193628908303599,0.00334367709265
1992-04-30,value_mom,in_sample,1.853378212982251,0.00861470386332
1992-05-31,value_mom,in_sample,0.518253097350744,0.00240889686123
1992-06-30,value_mom,in_sample,3.054475253296462,0.0141975337687
1992-07-31,value_mom,in_sample,2.5665455030926188,0.0119295831288
1992-08-31,value_mom,in_sample,1.4329342458043892,0.00666043449564
1992-09-30,value_mom,in_sample,2.2797314337045704,0.0105964400853
1992-10-31,value_mom,in_sample,-0.4723518521668637,-0.00219554287258
1992-11-30,value_mom,in_sample,0.03358053990596485,0.000156086008152
1992-12-31,value_mom,in_sample,1.7401030788513279,0.00808818869832
1993-01-31,value_mom,in_sample,1.0329051760630212,0.00480105579549
1993-02-28,value_mom,in_sample,4.28495596127608,0.0199169421628
1993-03-31,value_mom,in_sample,-0.3758266118600638,-0.00174688303901
1993-04-30,value_mom,in_sample,1.5528170592855077,0.00721766287418
1993-05-31,value_mom,in_sample,0.015788372719284016,7.3386076575e-05
1993-06-30,value_mom,in_sample,1.4052186009628795,0.00653160915874
1993-07-31,value_mom,in_sample,2.926929839061504,0.013604688787
1993-08-31,value_mom,in_sample,0.18615695052094064,0.000865277788205
1993-09-30,value_mom,in_sample,-1.7199799872640489,-0.00799465437617
1993-10-31,value_mom,in_sample,2.773897822915582,0.0128933793028
1993-11-30,value_mom,in_sample,0.02469684857216354,0.000114793642936
1993-12-31,value_mom,in_sample,2.7471450636144414,0.0127690295628
1994-01-31,value_mom,in_sample,2.2549532401235224,0.0104812683419
1994-02-28,value_mom,in_sample,0.2799626062966182,0.00130129669657
1994-03-31,value_mom,in_sample,-0.19432287880284108,-0.000903233912554
1994-04-30,value_mom,in_sample,0.9310070448241105,0.00432742217948
1994-05-31,value_mom,in_sample,1.7672406827028972,0.00821432723772
1994-06-30,value_mom,in_sample,-0.6934142063838633,-0.00322306478018
1994-07-31,value_mom,in_sample,1.2089766010920948,0.00561945496237
1994-08-31,value_mom,in_sample,1.37102213989682,0.00637266028193
1994-09-30,value_mom,in_sample,1.8174498960167234,0.0084477051316
1994-10-31,value_mom,in_sample,0.13996717275642773,0.000650582668684
1994-11-30,value_mom,in_sample,0.6057765888492602,0.00281571558558
1994-12-31,value_mom,in_sample,-0.10876263620642981,-0.000505540583001
1995-01-31,value_mom,in_sample,0.979356913357267,0.00455215763624
1995-02-28,value_mom,in_sample,-1.3740263291152774,-0.00638662408073
1995-03-31,value_mom,in_sample,-0.24229213388604512,-0.00112620023653
1995-04-30,value_mom,in_sample,1.4244518667085837,0.00662100747343
1995-05-31,value_mom,in_sample,-0.38878205255671144,-0.00180710133889
1995-06-30,value_mom,in_sample,0.5384239362525305,0.0025026531181
1995-07-31,value_mom,in_sample,-1.2081341257434346,-0.00561553904516
1995-08-31,value_mom,in_sample,-0.6743900604156914,-0.003134638477
1995-09-30,value_mom,in_sample,1.8675503557890096,0.00868057752717
1995-10-31,value_mom,in_sample,1.723787776382707,0.00801235339486
1995-11-30,value_mom,in_sample,0.5436821273130382,0.00252709376304
1995-12-31,value_mom,in_sample,0.8323909316418612,0.00386904374098
1996-01-31,value_mom,in_sample,-1.5756179533916965,-0.00732364391419
1996-02-29,value_mom,in_sample,0.3794991743808769,0.00176395350974
1996-03-31,value_mom,in_sample,1.3135534726571068,0.00610553965527
1996-04-30,value_mom,in_sample,1.0046972089989474,0.00466994209126
1996-05-31,value_mom,in_sample,0.49597865210907993,0.0023053628129
1996-06-30,value_mom,in_sample,1.6160048377883522,0.0075113665531
1996-07-31,value_mom,in_sample,-0.6138678363389115,-0.00285332458547
1996-08-31,value_mom,in_sample,0.2733124090188015,0.00127038585507
1996-09-30,value_mom,in_sample,2.8066714005728812,0.0130457144625
1996-10-31,value_mom,in_sample,2.0646463290930632,0.0095967010851
1996-11-30,value_mom,in_sample,1.143873697657411,0.00531684957411
1996-12-31,value_mom,in_sample,1.923739641161531,0.00894175144752
1997-01-31,value_mom,in_sample,0.756869853975587,0.00351801354381
1997-02-28,value_mom,in_sample,-0.5746401746961909,-0.00267099014022
1997-03-31,value_mom,in_sample,1.5528167129317505,0.00721766126429
1997-04-30,value_mom,in_sample,1.1906117617046432,0.00553409318801
1997-05-31,value_mom,in_sample,-0.4646878514264777,-0.00215991976213
1997-06-30,value_mom,in_sample,1.3468637131951013,0.00626036928251
1997-07-31,value_mom,in_sample,3.7997304612156033,0.0176615611722
1997-08-31,value_mom,in_sample,-1.2014875675025196,-0.0055846451183
1997-09-30,value_mom,in_sample,2.0501021417284346,0.00952909811761
1997-10-31,value_mom,in_sample,1.0528014613123093,0.00489353589707
1997-11-30,value_mom,in_sample,1.183364994626377,0.00550040942508
1997-12-31,value_mom,in_sample,1.0830437529624721,0.00503410536362
1998-01-31,value_mom,in_sample,0.05119932519641399,0.000237980041785
1998-02-28,value_mom,in_sample,-0.4012080590586404,-0.00186485877095
1998-03-31,value_mom,in_sample,2.8345267408059356,0.0131751891188
1998-04-30,value_mom,in_sample,-0.8180740290076244,-0.00380249721768
1998-05-31,value_mom,in_sample,1.2777189765775563,0.00593897701325
1998-06-30,value_mom,in_sample,1.3434744079566752,0.00624461542249
1998-07-31,value_mom,in_sample,0.8015000272846614,0.0037254594519
1998-08-31,value_mom,in_sample,0.4031069691489651,0.00187368511194
1998-09-30,value_mom,in_sample,-0.5368050235747928,-0.00249512823559
1998-10-31,value_mom,in_sample,-0.4293554774860746,-0.00199569103852
1998-11-30,value_mom,in_sample,0.21317179360423102,0.000990845722179
1998-12-31,value_mom,in_sample,1.9868833859999089,0.00923525045317
1999-01-31,value_mom,in_sample,-1.1098133131391528,-0.00515853319592
1999-02-28,value_mom,in_sample,-0.6998382386145949,-0.0032529243819
1999-03-31,value_mom,in_sample,-2.9093783794160064,-0.0135231076903
1999-04-30,value_mom,in_sample,-0.2518526214430942,-0.00117063842433
1999-05-31,value_mom,in_sample,1.041187288426786,0.00483955195611
1999-06-30,value_mom,in_sample,1.5574054590110644,0.00723899025602
1999-07-31,value_mom,in_sample,1.1118544908111587,0.00516802081213
1999-08-31,value_mom,in_sample,0.6799026895481542,0.00316026177782
1999-09-30,value_mom,in_sample,0.30755975765923566,0.00142957126287
1999-10-31,value_mom,in_sample,-1.2400331881146414,-0.00576380936253
1999-11-30,value_mom,in_sample,-0.32664430277959955,-0.00151827830789
1999-12-31,value_mom,in_sample,0.7017296019971377,0.00326171564497
2000-01-31,value_mom,in_sample,0.5948971606707181,0.00276514681807
2000-02-29,value_mom,in_sample,-3.8392448458383024,-0.0178452283371
2000-03-31,value_mom,in_sample,0.9236301948140032,0.00429313377691
2000-04-30,value_mom,in_sample,1.0492350910355013,0.00487695901946
2000-05-31,value_mom,in_sample,0.04053922002482248,0.000188430711507
2000-06-30,value_mom,in_sample,0.9783776768017253,0.00454760603804
2000-07-31,value_mom,in_sample,1.2364978232212025,0.00574737660132
2000-08-31,value_mom,in_sample,0.22982955411706216,0.00106827280794
2000-09-30,value_mom,in_sample,0.3627961382686202,0.00168631597806
2000-10-31,value_mom,in_sample,1.5656712445329277,0.0072774105277
2000-11-30,value_mom,in_sample,3.7740062300211195,0.0175419921429
2000-12-31,value_mom,in_sample,2.1715247208484,0.0100934834946
2001-01-31,value_mom,in_sample,-4.486362286914089,-0.020853100708
2001-02-28,value_mom,in_sample,10.174786720482679,0.0472935172408
2001-03-31,value_mom,in_sample,5.570380711496078,0.0258917364515
2001-04-30,value_mom,in_sample,-3.8373309091617425,-0.0178363321509
2001-05-31,value_mom,in_sample,2.26300867713805,0.0105187108908
2001-06-30,value_mom,in_sample,5.029378363028257,0.0233770985925
2001-07-31,value_mom,in_sample,4.323389113605855,0.0200955836422
2001-08-31,value_mom,in_sample,4.889930220959122,0.022728928435
2001-09-30,value_mom,in_sample,4.89285390468516,0.0227425180355
2001-10-31,value_mom,in_sample,-4.616965454710029,-0.0214601584614
2001-11-30,value_mom,in_sample,-1.944164608856808,-0.00903668892271
2001-12-31,value_mom,in_sample,1.9186902525387481,0.00891828133906
2002-01-31,value_mom,in_sample,2.733147728639939,0.0127039684248
2002-02-28,value_mom,in_sample,3.2636068592087355,0.0151696002583
2002-03-31,value_mom,in_sample,-2.6071385453052556,-0.0121182640117
2002-04-30,value_mom,in_sample,2.627105673325958,0.0122110733982
2002-05-31,value_mom,in_sample,5.0984500900275895,0.0236981515051
2002-06-30,value_mom,in_sample,3.1739084985205643,0.014752672505
2002-07-31,value_mom,in_sample,1.7969391188569708,0.00835236880467
2002-08-31,value_mom,in_sample,0.751459188720238,0.0034928641822
2002-09-30,value_mom,in_sample,3.9769745012965645,0.0184854107816
2002-10-31,value_mom,in_sample,0.08657386051513703,0.000402404736075
2002-11-30,value_mom,in_sample,-2.081832467514917,-0.00967658412895
2002-12-31,value_mom,in_sample,5.021578544032208,0.023340844184
2003-01-31,value_mom,in_sample,1.7692328786228944,0.00822358718141
2003-02-28,value_mom,in_sample,3.1267788834536017,0.0145336089193
2003-03-31,value_mom,in_sample,1.301313847072436,0.00604864854202
2003-04-30,value_mom,in_sample,-2.414223161748647,-0.0112215722904
2003-05-31,value_mom,in_sample,-0.5921051857656887,-0.00275216941452
2003-06-30,value_mom,in_sample,-0.29858343870666715,-0.00138784835439
2003-07-31,value_mom,in_sample,-1.473559033656279,-0.00684926293573
2003-08-31,value_mom,in_sample,-0.14946016752442315,-0.000694707142647
2003-09-30,value_mom,in_sample,1.0085872895234107,0.00468802360937
2003-10-31,value_mom,in_sample,2.416157655129232,0.0112305640264
2003-11-30,value_mom,in_sample,0.6832450057890649,0.00317579722786
2003-12-31,value_mom,in_sample,1.3903089904062569,0.00646230766444
2004-01-31,value_mom,in_sample,2.6705560599418723,0.0124130355292
2004-02-29,value_mom,in_sample,1.0625003430629185,0.00493861735616
2004-03-31,value_mom,in_sample,0.5595061268596424,0.00260064543699
2004-04-30,value_mom,in_sample,-2.4296831553161637,-0.0112934320249
2004-05-31,value_mom,in_sample,-0.08449996084444988,-0.00039276502445
2004-06-30,value_mom,in_sample,1.565317783500292,0.00727576760231
2004-07-31,value_mom,in_sample,0.431284244303389,0.00200465615683
2004-08-31,value_mom,in_sample,1.478309497569179,0.00687134360957
2004-09-30,value_mom,in_sample,1.4707668592206429,0.00683628460474
2004-10-31,value_mom,in_sample,-0.9789130019147255,-0.00455009428749
2004-11-30,value_mom,in_sample,2.21062065228507,0.0102752056435
2004-12-31,value_mom,in_sample,0.17011400255434556,0.000790708418144
2005-01-31,value_mom,in_sample,1.5802965168105578,0.0073453903867
2005-02-28,value_mom,in_sample,1.4853432265194213,0.00690403714807
2005-03-31,value_mom,in_sample,1.2023542885522085,0.00558867373217
2005-04-30,value_mom,in_sample,-0.17730337510254573,-0.000824125405045
2005-05-31,value_mom,in_sample,0.8483908993183941,0.00394341333397
2005-06-30,value_mom,in_sample,1.9955342554319087,0.00927546063682
2005-07-31,value_mom,in_sample,0.2919050289146103,0.00135680637805
2005-08-31,value_mom,in_sample,-0.39278691036490476,-0.00182571635432
2005-09-30,value_mom,in_sample,1.6969641338334758,0.0078876741818
2005-10-31,value_mom,in_sample,0.3109726056569061,0.0014454345522
2005-11-30,value_mom,in_sample,0.2035324032568682,0.000946040785613
2005-12-31,value_mom,in_sample,0.40497593319425623,0.00188237226045
2006-01-31,value_mom,in_sample,1.0387822842788001,0.0048283732348
2006-02-28,value_mom,in_sample,0.4658262905281799,0.00216521135111
2006-03-31,value_mom,in_sample,0.9164961291860262,0.0042599738626
2006-04-30,value_mom,in_sample,-0.5208957169766352,-0.00242118004517
2006-05-31,value_mom,in_sample,-0.6981503857155102,-0.00324507905773
2006-06-30,value_mom,in_sample,0.6800806115156746,0.00316108877851
2006-07-31,value_mom,in_sample,-0.4794305901868496,-0.00222844561814
2006-08-31,value_mom,in_sample,-0.12182431462815937,-0.000566252687402
2006-09-30,value_mom,in_sample,1.2133916518582553,0.00563997659936
2006-10-31,value_mom,in_sample,0.5964444256690589,0.00277233867436
2006-11-30,value_mom,in_sample,-0.2810493209266096,-0.00130634786457
2006-12-31,value_mom,in_sample,2.2442424115449646,0.0104314832437
2007-01-31,value_mom,in_sample,0.568959009791852,0.00264458346677
2007-02-28,value_mom,in_sample,0.20421874702159096,0.00094923098621
2007-03-31,value_mom,in_sample,-0.22768655421049147,-0.00105831191089
2007-04-30,value_mom,in_sample,0.12298084423481048,0.00057162836302
2007-05-31,value_mom,in_sample,0.10547627412250694,0.000490265213979
2007-06-30,value_mom,in_sample,-0.1694574336458982,-0.000787656614323
2007-07-31,value_mom,in_sample,-0.46862605439434885,-0.0021782249586
2007-08-31,value_mom,in_sample,0.9576828429000109,0.00445141419532
2007-09-30,value_mom,in_sample,0.22232417364948048,0.0010333869818
2007-10-31,value_mom,in_sample,-0.6591715304888885,-0.00306390109181
2007-11-30,value_mom,in_sample,1.421678670332823,0.00660811735453
2007-12-31,value_mom,in_sample,2.27242093062677,0.0105624600705
2008-01-31,value_mom,in_sample,-0.9864412430921348,-0.0045850863727
2008-02-29,value_mom,in_sample,1.9392455498618901,0.00901382460056
2008-03-31,value_mom,in_sample,0.07793963242799339,0.000362271903209
2008-04-30,value_mom,in_sample,-0.23184492612030314,-0.00107764047659
2008-05-31,value_mom,in_sample,0.5642844475765321,0.00262285559229
2008-06-30,value_mom,in_sample,4.691588185475862,0.0218070130443
2008-07-31,value_mom,in_sample,-0.7678829808682532,-0.00356920375751
2008-08-31,value_mom,in_sample,0.3673373796374643,0.00170742416272
2008-09-30,value_mom,in_sample,-0.6840627991990738,-0.00317959842073
2008-10-31,value_mom,in_sample,4.892925858893517,0.0227428524865
2008-11-30,value_mom,in_sample,2.5363851451393478,0.011789394499
2008-12-31,value_mom,in_sample,0.8333222061095302,0.00387337240617
2009-01-31,value_mom,in_sample,0.95454545279354,0.00443683126428
2009-02-28,value_mom,in_sample,0.2834068210719403,0.0013173057821
2009-03-31,value_mom,in_sample,-3.265368368778421,-0.0151777879467
2009-04-30,value_mom,in_sample,-3.521025705720311,-0.0163661111032
2009-05-31,value_mom,in_sample,-5.0105478954332225,-0.0232895725275
2009-06-30,value_mom,in_sample,0.6569921534122162,0.00305377110971
2009-07-31,value_mom,in_sample,0.11322593492252282,0.000526286481719
2009-08-31,value_mom,in_sample,-1.0621490423324838,-0.00493698447209
2009-09-30,value_mom,in_sample,-1.4692373608798508,-0.00682917532981
2009-10-31,value_mom,in_sample,0.13775516055489828,0.000640300994968
2009-11-30,value_mom,in_sample,-1.4569866015071093,-0.0067722324655
2009-12-31,value_mom,in_sample,3.0983312644404255,0.0144013812867
2010-01-31,value_mom,in_sample,-0.9182620181625224,-0.00426818190696
2010-02-28,value_mom,in_sample,-0.07780468944419743,-0.000361644673518
2010-03-31,value_mom,in_sample,4.332153506334198,0.0201363214945
2010-04-30,value_mom,in_sample,1.5149799515619529,0.00704179187505
2010-05-31,value_mom,in_sample,-2.8423077336081706,-0.0132113560211
2010-06-30,value_mom,in_sample,-2.934235909627026,-0.013638648199
2010-07-31,value_mom,in_sample,-0.03796868344183235,-0.000176482577404
2010-08-31,value_mom,in_sample,-0.2324489723827631,-0.00108044814943
2010-09-30,value_mom,in_sample,0.7752911404972831,0.0036036376906
2010-10-31,value_mom,in_sample,-0.09169127495363603,-0.000426191035938
2010-11-30,value_mom,in_sample,1.8510065419492152,0.00860368007796
2010-12-31,value_mom,in_sample,0.13214949314268334,0.000614245242087
2011-01-31,value_mom,in_sample,-0.6316809211878078,-0.00293612174462
2011-02-28,value_mom,in_sample,0.08828681312879455,0.000410366726453
2011-03-31,value_mom,in_sample,0.7605458386192815,0.00353509992094
2011-04-30,value_mom,in_sample,0.4833159465427903,0.0022465051778
2011-05-31,value_mom,in_sample,-0.13473589593379395,-0.000626267124054
2011-06-30,value_mom,in_sample,0.8170013380936586,0.00379751123344
2011-07-31,value_mom,in_sample,-1.0700046704592296,-0.00497349828751
2011-08-31,value_mom,post_sample,-2.296152694541439,-0.0106727678948
2011-09-30,value_mom,post_sample,-2.982825170857616,-0.0138644963791
2011-10-31,value_mom,post_sample,1.3368056590934958,0.0062136183512
2011-11-30,value_mom,post_sample,1.5547047367841402,0.00722643700486
2011-12-31,value_mom,post_sample,0.43385457319912185,0.00201660332558
2012-01-31,value_mom,post_sample,-2.233515914142644,-0.0103816253151
2012-02-29,value_mom,post_sample,-1.4031198996349619,-0.00652185416631
2012-03-31,value_mom,post_sample,0.30760846384111196,0.00142979765451
2012-04-30,value_mom,post_sample,1.115341342868017,0.00518422808039
2012-05-31,value_mom,post_sample,2.272352904252333,0.0105621438765
2012-06-30,value_mom,post_sample,-0.4958832877029158,-0.00230491954875
2012-07-31,value_mom,post_sample,0.5898480009474747,0.00274167777356
2012-08-31,value_mom,post_sample,-0.6967268482192421,-0.00323846230035
2012-09-30,value_mom,post_sample,-0.04373532893991336,-0.000203286573967
2012-10-31,value_mom,post_sample,0.5097935983920214,0.00236957618839
2012-11-30,value_mom,post_sample,0.7059302322193138,0.00328124063191
2012-12-31,value_mom,post_sample,1.5274948855361643,0.00709996265169
2013-01-31,value_mom,post_sample,2.0761343653785094,0.0096500987294
2013-02-28,value_mom,post_sample,0.19941951005123065,0.000926923609885
2013-03-31,value_mom,post_sample,0.5618370094210748,0.00261147963309
2013-04-30,value_mom,post_sample,2.1323274171042255,0.00991129015617
2013-05-31,value_mom,post_sample,0.3478540972157345,0.00161686374328
2013-06-30,value_mom,post_sample,-0.4065876916291948,-0.00188986388926
2013-07-31,value_mom,post_publication,1.9253033256179326,0.00894901962324
2013-08-31,value_mom,post_publication,-0.40517739186479457,-0.0018833086623
2013-09-30,value_mom,post_publication,1.2268803358901095,0.00570267347236
2013-10-31,value_mom,post_publication,1.3341730925107844,0.0062013818949
2013-11-30,value_mom,post_publication,1.796711150599142,0.00835130918337
2013-12-31,value_mom,post_publication,0.8957841691130408,0.00416370241557
2014-01-31,value_mom,post_publication,0.8517509167041895,0.00395903106086
2014-02-28,value_mom,post_publication,-0.33811896439791983,-0.00157161378528
2014-03-31,value_mom,post_publication,0.06588954340691972,0.000306261776557
2014-04-30,value_mom,post_publication,-0.02628915356852474,-0.000122194850044
2014-05-31,value_mom,post_publication,-0.2967237705084497,-0.00137920441399
2014-06-30,value_mom,post_publication,-0.7415678883130904,-0.00344688834023
2014-07-31,value_mom,post_publication,-0.4476763158459881,-0.00208084829131
2014-08-31,value_mom,post_publication,-0.7962596890436241,-0.00370110178881
2014-09-30,value_mom,post_publication,0.057467175272964785,0.000267113691836
2014-10-31,value_mom,post_publication,-0.3725007669951018,-0.00173142414972
2014-11-30,value_mom,post_publication,0.2157752056037779,0.0010029466648
2014-12-31,value_mom,post_publication,0.340088397064927,0.00158076792289
2015-01-31,value_mom,post_publication,1.0065248524013748,0.00467843717692
2015-02-28,value_mom,post_publication,-0.929162450388303,-0.00431884830357
2015-03-31,value_mom,post_publication,0.20529044564642415,0.000954212358182
2015-04-30,value_mom,post_publication,0.11199299703033823,0.000520555652065
2015-05-31,value_mom,post_publication,0.5327401550734602,0.00247623428392
2015-06-30,value_mom,post_publication,-0.5483590469967636,-0.00254883259529
2015-07-31,value_mom,post_publication,0.607785499872281,0.00282505322289
2015-08-31,value_mom,post_publication,0.3984783016302198,0.00185217056101
2015-09-30,value_mom,post_publication,0.886117629612054,0.00411877128678
2015-10-31,value_mom,post_publication,-0.4242606739855041,-0.00197200983676
2015-11-30,value_mom,post_publication,-0.0019844589124008117,-9.22398123573e-06
2015-12-31,value_mom,post_publication,0.5795142582737602,0.00269364541173
2016-01-31,value_mom,post_publication,0.3616891991707927,0.00168117080453
2016-02-29,value_mom,post_publication,-0.588220676031469,-0.00273411379005
2016-03-31,value_mom,post_publication,0.5232857769805149,0.00243228930447
2016-04-30,value_mom,post_publication,0.7151931329632599,0.00332429560378
2016-05-31,value_mom,post_publication,-1.0092913896582725,-0.00469129634351
2016-06-30,value_mom,post_publication,4.801547873635329,0.0223181176552
2016-07-31,value_mom,post_publication,-0.6264870126501672,-0.00291197989185
2016-08-31,value_mom,post_publication,-1.2007333486500453,-0.0055811394269
2016-09-30,value_mom,post_publication,3.2300065744024367,0.0150134224737
2016-10-31,value_mom,post_publication,0.7908151103039687,0.00367579479363
2016-11-30,value_mom,post_publication,-1.7609995088020296,-0.00818531758144
2016-12-31,value_mom,post_publication,-0.9850546656029948,-0.00457864140946
2017-01-31,value_mom,post_publication,1.614586423442218,0.00750477360868
2017-02-28,value_mom,post_publication,-0.4373582076401292,-0.00203288860019
2017-03-31,value_mom,post_publication,-1.706209671789494,-0.00793064844954
2017-04-30,value_mom,post_publication,-2.174580033309115,-0.0101076849198
2017-05-31,value_mom,post_publication,-1.4340716435643222,-0.00666572124435
2017-06-30,value_mom,post_publication,0.21064088582682608,0.000979081787082
2017-07-31,value_mom,post_publication,2.8099301139456134,0.0130608613173
2017-08-31,value_mom,post_publication,0.9331371918693097,0.00433732333503
2017-09-30,value_mom,post_publication,0.36148933345990225,0.00168024180693
2017-10-31,value_mom,post_publication,1.2970147013303521,0.00602866564421
2017-11-30,value_mom,post_publication,-0.5591809887065599,-0.00259913415943
2017-12-31,value_mom,post_publication,0.754923167636407,0.00350896513361
2018-01-31,value_mom,post_publication,1.7369320036308427,0.0080734491952
2018-02-28,value_mom,post_publication,-1.9043186488265842,-0.00885148055919
2018-03-31,value_mom,post_publication,0.5053431956318146,0.00234889023148
2018-04-30,value_mom,post_publication,0.7048346113480043,0.00327614806673
2018-05-31,value_mom,post_publication,-0.31903395353330977,-0.00148290457543
2018-06-30,value_mom,post_publication,-1.1626551545467267,-0.00540414783201
2018-07-31,value_mom,post_publication,-0.2894854019725589,-0.0013455596884
2018-08-31,value_mom,post_publication,-0.12113373013538932,-0.000563042775439
2018-09-30,value_mom,post_publication,1.1309874447709714,0.00525695286671
2018-10-31,value_mom,post_publication,-0.22718860926903883,-0.00105599740855
2018-11-30,value_mom,post_publication,-3.414564056455302,-0.0158712657582
2018-12-31,value_mom,post_publication,0.008524848484310881,3.96244245549e-05
2019-01-31,value_mom,post_publication,-0.8116137166828289,-0.00377246898213
2019-02-28,value_mom,post_publication,-1.8450145343376805,-0.00857582857374
2019-03-31,value_mom,post_publication,0.26984297714310396,0.00125425955771
2019-04-30,value_mom,post_publication,-0.9109541290854108,-0.00423421404232
2019-05-31,value_mom,post_publication,0.19905195134647138,0.000925215156979
2019-06-30,value_mom,post_publication,0.18533156035871182,0.000861441284803
2019-07-31,value_mom,post_publication,-1.3645621923978104,-0.00634263374213
2019-08-31,value_mom,post_publication,0.8249444213498329,0.00383443154983
2019-09-30,value_mom,post_publication,0.09459534037577098,0.000439689448424
2019-10-31,value_mom,post_publication,-1.0233810075556635,-0.00475678642259
2019-11-30,value_mom,post_publication,-1.6211479730776817,-0.00753527240628
2019-12-31,value_mom,post_publication,0.6938049337395967,0.0032248809235
2020-01-31,value_mom,post_publication,-1.5141006950229712,-0.00703770499486
2020-02-29,value_mom,post_publication,-1.4267257714038062,-0.0066315768302
2020-03-31,value_mom,post_publication,-2.4499082540540686,-0.0113874404874
2020-04-30,value_mom,post_publication,-0.3848631015342923,-0.00178888562756
2020-05-31,value_mom,post_publication,-1.1992888179432035,-0.00557442509079
2020-06-30,value_mom,post_publication,-0.8484794322689432,-0.00394382484477
2020-07-31,value_mom,post_publication,1.1123647920765685,0.00517039274801
2020-08-31,value_mom,post_publication,-1.6161495149413483,-0.00751203902827
2020-09-30,value_mom,post_publication,-0.8667559264768314,-0.00402877598111
2020-10-31,value_mom,post_publication,-1.050734679987027,-0.00488392927229
2020-11-30,value_mom,post_publication,-1.4164341432097691,-0.00658374022106
2020-12-31,value_mom,post_publication,0.3812858817183448,0.00177225832011
2021-01-31,value_mom,post_publication,0.661779929460393,0.00307602521442
2021-02-28,value_mom,post_publication,-0.15574230475811351,-0.000723907200961
2021-03-31,value_mom,post_publication,-0.17917668320586302,-0.00083283274521
2021-04-30,value_mom,post_publication,-0.5377920852416593,-0.00249971620576
2021-05-31,value_mom,post_publication,1.6826101485917146,0.0078209552945
2021-06-30,value_mom,post_publication,-3.0349221320728996,-0.0141066487309
2021-07-31,value_mom,post_publication,-2.318348583334929,-0.0107759368042
2021-08-31,value_mom,post_publication,-0.5826762542513888,-0.00270834271354
2021-09-30,value_mom,post_publication,2.681519286648809,0.0124639938014
2021-10-31,value_mom,post_publication,0.8873748177417357,0.00412461483418
2021-11-30,value_mom,post_publication,-2.2307069590956226,-0.010368568986
2021-12-31,value_mom,post_publication,2.131645531011906,0.00990812067532
2022-01-31,value_mom,post_publication,5.410451414234193,0.0251483676532
2022-02-28,value_mom,post_publication,0.808021356640883,0.00375577130126
2022-03-31,value_mom,post_publication,1.6946661671355867,0.00787699298222
2022-04-30,value_mom,post_publication,3.8044375047736705,0.0176834400235
2022-05-31,value_mom,post_publication,4.248553479762619,0.0197477394626
2022-06-30,value_mom,post_publication,-0.20914944404684713,-0.000972149403193
2022-07-31,value_mom,post_publication,-3.810373040339755,-0.0177110290395
2022-08-31,value_mom,post_publication,2.2739477807013264,0.010569557036
2022-09-30,value_mom,post_publication,0.3205910743591434,0.00149014224268
2022-10-31,value_mom,post_publication,1.0150273942538985,0.00471795791782
2022-11-30,value_mom,post_publication,-0.7038076577440269,-0.00327137467449
2022-12-31,value_mom,post_publication,2.2180051577159876,0.0103095296293
2023-01-31,value_mom,post_publication,-2.9072566194913327,-0.013513245519
2023-02-28,value_mom,post_publication,1.0703620755603436,0.00497515954536
2023-03-31,value_mom,post_publication,-1.563762308995592,-0.00726853758734
2023-04-30,value_mom,post_publication,0.37310336769334,0.00173422510342
2023-05-31,value_mom,post_publication,-1.083155543308903,-0.00503462497733
2023-06-30,value_mom,post_publication,0.8814778069825885,0.00409720488568
2023-07-31,value_mom,post_publication,0.2055981750160994,0.00095564271782
2023-08-31,value_mom,post_publication,1.0153204406570806,0.00471932002943
2023-09-30,value_mom,post_publication,1.6171172458393093,0.00751653714692
2023-10-31,value_mom,post_publication,0.08708399612479135,0.000404775901969
2023-11-30,value_mom,post_publication,-0.09475973688731595,-0.000440453581321
2023-12-31,value_mom,post_publication,-1.3771575484864462,-0.00640117832952
2024-01-31,value_mom,post_publication,1.9207988780380816,0.00892808246012
2024-02-29,value_mom,post_publication,0.439252343946055,0.00204169275211
2024-03-31,value_mom,post_publication,2.2326435011157932,0.0103775702443
2024-04-30,value_mom,post_publication,0.8753569058196806,0.00406875427019
2024-05-31,value_mom,post_publication,0.48679329170330526,0.00226266825697
2024-06-30,value_mom,post_publication,-1.155919157713841,-0.00537283818483
2024-07-31,value_mom,post_publication,-0.3528846267603627,-0.00164024619269
2024-08-31,value_mom,post_publication,-0.6929282361079304,-0.00322080593739
2024-09-30,value_mom,post_publication,-0.19435313908534535,-0.000903374565644
2024-10-31,value_mom,post_publication,0.15651824978052953,0.000727513877966
2024-11-30,value_mom,post_publication,0.5062657158877345,0.00235317820614
2024-12-31,value_mom,post_publication,-0.06141074410300851,-0.000285443829418
2025-01-31,value_mom,post_publication,-0.12938269258343785,-0.000601384851639
2025-02-28,value_mom,post_publication,3.012419333498526,0.0140020532714
2025-03-31,value_mom,post_publication,4.50051204275637,0.0209188703148
2025-04-30,value_mom,post_publication,-2.84910277123008,-0.0132429400963
2025-05-31,value_mom,post_publication,-0.8042976611641837,-0.00373846315898
2025-06-30,value_mom,post_publication,-0.9275363555596424,-0.00431129003764
2025-07-31,value_mom,post_publication,1.2639369162728862,0.00587491649537
2025-08-31,value_mom,post_publication,2.170009517123049,0.0100864406626
2025-09-30,value_mom,post_publication,3.90737330493122,0.0181618968377
2025-10-31,value_mom,post_publication,0.11988417435692095,0.000557234704039
2025-11-30,value_mom,post_publication,4.845647528594805,0.0225230976562
2025-12-31,value_mom,post_publication,2.568850041779313,0.0119402948757
2026-01-31,value_mom,post_publication,10.045505996773871,0.0466926063516
2026-02-28,value_mom,post_publication,7.06047300516467,0.0328178477811
2026-03-31,value_mom,post_publication,1.4809911458757383,0.00688380820307
2026-04-30,value_mom,post_publication,5.849616131789773,0.0271896531083
2026-05-31,value_mom,post_publication,-0.6542832084692597,-0.00304117963847
2026-06-30,value_mom,post_publication,-0.763868114357493,-0.00355054222054
1957-07-31,quality,in_sample,3.2128046459855186,0.0111539791294
1957-08-31,quality,in_sample,1.4049080526548716,0.00487745656046
1957-09-30,quality,in_sample,2.0189959171654666,0.00700940169224
1957-10-31,quality,in_sample,0.7800789224847733,0.00270822069171
1957-11-30,quality,in_sample,-2.5839604622262997,-0.00897080409258
1957-12-31,quality,in_sample,-0.9414567619621786,-0.00326848041859
1958-01-31,quality,in_sample,-7.266004567371627,-0.0252255808332
1958-02-28,quality,in_sample,1.382886862287368,0.00480100500961
1958-03-31,quality,in_sample,4.580053917777118,0.0159006947012
1958-04-30,quality,in_sample,0.7373108269851084,0.00255974155987
1958-05-31,quality,in_sample,-4.369685021174145,-0.0151703514215
1958-06-30,quality,in_sample,1.641552104385183,0.00569901999333
1958-07-31,quality,in_sample,-0.7455234933321898,-0.00258825369152
1958-08-31,quality,in_sample,4.198328520040207,0.0145754485102
1958-09-30,quality,in_sample,-2.3382996736050954,-0.00811793701502
1958-10-31,quality,in_sample,-2.343600021781721,-0.00813633837441
1958-11-30,quality,in_sample,3.3473216645028465,0.0116209854315
1958-12-31,quality,in_sample,-3.4681639493187233,-0.0120405167978
1959-01-31,quality,in_sample,0.8686069506136439,0.00301556579573
1959-02-28,quality,in_sample,-3.8840928109312927,-0.0134845080618
1959-03-31,quality,in_sample,-3.1120897600213984,-0.0108043245877
1959-04-30,quality,in_sample,7.429294934941354,0.0257924803346
1959-05-31,quality,in_sample,1.5995340227580146,0.00555314470455
1959-06-30,quality,in_sample,-0.0840068724939379,-0.00029164888805
1959-07-31,quality,in_sample,7.525735560457207,0.0261272958129
1959-08-31,quality,in_sample,2.433811617831993,0.00844952836585
1959-09-30,quality,in_sample,2.8702576659935337,0.00996474969074
1959-10-31,quality,in_sample,0.8123229799070033,0.00282016324134
1959-11-30,quality,in_sample,6.541078583772704,0.0227088360627
1959-12-31,quality,in_sample,0.6669905864310435,0.00231560891505
1960-01-31,quality,in_sample,-1.2899381492279405,-0.00447831249643
1960-02-29,quality,in_sample,4.729488979127844,0.0164194923684
1960-03-31,quality,in_sample,5.477350699882838,0.0190158637461
1960-04-30,quality,in_sample,5.808948698145665,0.0201670813144
1960-05-31,quality,in_sample,1.9276681253304617,0.00669233657428
1960-06-30,quality,in_sample,5.565548000141975,0.0193220606534
1960-07-31,quality,in_sample,-0.7047937199573149,-0.00244685105668
1960-08-31,quality,in_sample,-3.766227258961965,-0.0130753110979
1960-09-30,quality,in_sample,-0.33653149939706317,-0.00116834533508
1960-10-31,quality,in_sample,5.854087376058941,0.0203237904601
1960-11-30,quality,in_sample,-1.4239977945202533,-0.00494373092377
1960-12-31,quality,in_sample,-4.305636461273381,-0.0149479923368
1961-01-31,quality,in_sample,-2.6563301488055115,-0.00922205185354
1961-02-28,quality,in_sample,-4.802868317909895,-0.0166742453657
1961-03-31,quality,in_sample,-3.7097301258984037,-0.0128791685021
1961-04-30,quality,in_sample,2.7496468668441554,0.00954602197937
1961-05-31,quality,in_sample,-3.1309406829295487,-0.0108697698369
1961-06-30,quality,in_sample,6.2061945469647615,0.0215462102672
1961-07-31,quality,in_sample,-2.7743180187241845,-0.00963167347191
1961-08-31,quality,in_sample,5.533706325804184,0.0192115150678
1961-09-30,quality,in_sample,1.0369071584928302,0.00359985809265
1961-10-31,quality,in_sample,10.560629500651608,0.0366636176248
1961-11-30,quality,in_sample,2.6880749164149162,0.00933226100548
1961-12-31,quality,in_sample,-4.7441503628920545,-0.0164703926834
1962-01-31,quality,in_sample,-0.29040624082165756,-0.00100821105112
1962-02-28,quality,in_sample,4.259396038748167,0.0147874582351
1962-03-31,quality,in_sample,-1.1433537036963846,-0.0039694113878
1962-04-30,quality,in_sample,4.644291348890543,0.0161237094951
1962-05-31,quality,in_sample,0.38785656130005464,0.00134653191421
1962-06-30,quality,in_sample,-2.1818534916115286,-0.00757479865427
1962-07-31,quality,in_sample,-2.1749900167165244,-0.00755097054638
1962-08-31,quality,in_sample,0.10553206136867756,0.000366378457358
1962-09-30,quality,in_sample,1.5711574367275805,0.00545462895796
1962-10-31,quality,in_sample,1.5731723017887842,0.00546162401845
1962-11-30,quality,in_sample,-6.989707894276044,-0.0242663543427
1962-12-31,quality,in_sample,2.529125407375971,0.00878043177781
1963-01-31,quality,in_sample,-4.017416715111234,-0.0139473721972
1963-02-28,quality,in_sample,-1.6752273086547191,-0.00581593109344
1963-03-31,quality,in_sample,1.5456413692519413,0.00536604414953
1963-04-30,quality,in_sample,-0.6545588047654374,-0.00227244916881
1963-05-31,quality,in_sample,-4.202059582462078,-0.0145884017386
1963-06-30,quality,in_sample,2.20958930659046,0.007671089819
1963-07-31,quality,in_sample,1.9714576809071265,0.00684436193617
1963-08-31,quality,in_sample,-2.8558185421950895,-0.00991462100156
1963-09-30,quality,in_sample,1.7962162282142615,0.00623597153547
1963-10-31,quality,in_sample,5.7653790774870055,0.0200158195064
1963-11-30,quality,in_sample,-2.4854729598421508,-0.00862888241755
1963-12-31,quality,in_sample,0.9153326040188837,0.00317778448635
1964-01-31,quality,in_sample,1.3844857558234605,0.00480655593072
1964-02-29,quality,in_sample,-1.2661662477242985,-0.00439578295528
1964-03-31,quality,in_sample,-4.206156218551273,-0.0146026241388
1964-04-30,quality,in_sample,4.1566337365385895,0.0144306956241
1964-05-31,quality,in_sample,-0.032037512030612295,-0.000111225480514
1964-06-30,quality,in_sample,-0.88966143600605,-0.00308866121127
1964-07-31,quality,in_sample,1.979102805835773,0.00687090371922
1964-08-31,quality,in_sample,-0.17810720897961685,-0.000618339522833
1964-09-30,quality,in_sample,-0.7825038007388826,-0.00271663920588
1964-10-31,quality,in_sample,-1.5489047728834793,-0.0053773737945
1964-11-30,quality,in_sample,1.6504548239286756,0.00572992780097
1964-12-31,quality,in_sample,1.9728661835457684,0.00684925187215
1965-01-31,quality,in_sample,-2.1363075536916694,-0.0074166756132
1965-02-28,quality,in_sample,-3.3970447200900087,-0.0117936102828
1965-03-31,quality,in_sample,-1.155440815679858,-0.00401137453516
1965-04-30,quality,in_sample,-1.796714756619189,-0.00623770228976
1965-05-31,quality,in_sample,-0.09785253774159583,-0.000339717251434
1965-06-30,quality,in_sample,3.5098830592467563,0.0121853541386
1965-07-31,quality,in_sample,-2.004554273200206,-0.00695926425373
1965-08-31,quality,in_sample,-1.9507168720673456,-0.00677235551984
1965-09-30,quality,in_sample,-0.46136773387888486,-0.0016017426024
1965-10-31,quality,in_sample,0.15233450043015948,0.000528863726778
1965-11-30,quality,in_sample,-3.3899693350104427,-0.0117690464807
1965-12-31,quality,in_sample,-3.270688189832471,-0.0113549349643
1966-01-31,quality,in_sample,0.2668161512039194,0.000926312711118
1966-02-28,quality,in_sample,-5.201693128479162,-0.0180588560419
1966-03-31,quality,in_sample,-0.7171194158478238,-0.00248964250212
1966-04-30,quality,in_sample,-1.7744233000133924,-0.00616031244844
1966-05-31,quality,in_sample,8.064318499906578,0.0279971084931
1966-06-30,quality,in_sample,-3.431823671171235,-0.01191435329
1966-07-31,quality,in_sample,2.164260119829776,0.00751371927868
1966-08-31,quality,in_sample,4.9108519960649835,0.0170491351661
1966-09-30,quality,in_sample,1.4721195331603991,0.00511079644054
1966-10-31,quality,in_sample,-1.0373792379568136,-0.00360149702345
1966-11-30,quality,in_sample,1.0429346979494227,0.0036207840613
1966-12-31,quality,in_sample,-3.664026237568265,-0.0127204971004
1967-01-31,quality,in_sample,-9.752532961798543,-0.033858127431
1967-02-28,quality,in_sample,-1.9281918694570794,-0.00669415487066
1967-03-31,quality,in_sample,-1.983919799440873,-0.00688762700372
1967-04-30,quality,in_sample,7.864788805458663,0.0273043959591
1967-05-31,quality,in_sample,2.319493743710822,0.00805264796926
1967-06-30,quality,in_sample,-2.64704140171696,-0.00918980386383
1967-07-31,quality,in_sample,1.0545641470364473,0.00366115832824
1967-08-31,quality,in_sample,1.4469739059537154,0.00502349769942
1967-09-30,quality,in_sample,3.879103754061816,0.0134671874207
1967-10-31,quality,in_sample,3.0327591045346365,0.0105289102463
1967-11-30,quality,in_sample,-0.24130359506043444,-0.000837740093073
1967-12-31,quality,in_sample,-4.660942481915731,-0.0161815176754
1968-01-31,quality,in_sample,-1.0308772081061357,-0.00357892375391
1968-02-29,quality,in_sample,5.923110292045712,0.0205634191488
1968-03-31,quality,in_sample,0.4750832627059679,0.00164935916772
1968-04-30,quality,in_sample,-5.791903748733251,-0.0201079059113
1968-05-31,quality,in_sample,-1.1198995165086747,-0.00388798486387
1968-06-30,quality,in_sample,-1.2562114121293102,-0.00436122248843
1968-07-31,quality,in_sample,3.687178159551462,0.0128008742422
1968-08-31,quality,in_sample,-1.1866413039478585,-0.00411969409807
1968-09-30,quality,in_sample,-9.183619496874254,-0.0318830154608
1968-10-31,quality,in_sample,-0.026849672049973603,-9.3214718813e-05
1968-11-30,quality,in_sample,-4.0536421505726965,-0.0140731370026
1968-12-31,quality,in_sample,-0.8098296081445905,-0.00281150693644
1969-01-31,quality,in_sample,-1.6351298129578813,-0.00567672355379
1969-02-28,quality,in_sample,12.033815087784467,0.0417781151132
1969-03-31,quality,in_sample,0.47812519036206125,0.00165991990867
1969-04-30,quality,in_sample,2.077396523112158,0.00721215262535
1969-05-31,quality,in_sample,4.013796846672103,0.0139348050039
1969-06-30,quality,in_sample,13.222654584435913,0.0459054407352
1969-07-31,quality,in_sample,7.790602277033441,0.0270468406201
1969-08-31,quality,in_sample,-0.4130494009004916,-0.00143399456385
1969-09-30,quality,in_sample,11.041403339127815,0.0383327329154
1969-10-31,quality,in_sample,-4.665304736679578,-0.016196662231
1969-11-30,quality,in_sample,8.141668602939689,0.028265646898
1969-12-31,quality,in_sample,11.661904577767727,0.0404869435283
1970-01-31,quality,in_sample,5.182966676261921,0.0179938429209
1970-02-28,quality,in_sample,-7.166963212875954,-0.0248817363351
1970-03-31,quality,in_sample,2.335221645697767,0.00810725094387
1970-04-30,quality,in_sample,11.245033005728379,0.0390396794315
1970-05-31,quality,in_sample,1.9644773821735102,0.00682012824786
1970-06-30,quality,in_sample,10.652786694201875,0.0369835621987
1970-07-31,quality,in_sample,-0.5750359014204472,-0.00199636739542
1970-08-31,quality,in_sample,-5.934798383009671,-0.0206039970043
1970-09-30,quality,in_sample,-9.146937204605178,-0.0317556645735
1970-10-31,quality,in_sample,11.667081119104695,0.0405049150642
1970-11-30,quality,in_sample,2.7084931479405285,0.00940314752159
1970-12-31,quality,in_sample,-2.367363161800343,-0.00821883749808
1971-01-31,quality,in_sample,-12.581265492923405,-0.0436787132093
1971-02-28,quality,in_sample,3.957975729440673,0.0137410093502
1971-03-31,quality,in_sample,2.624648056550296,0.00911206029329
1971-04-30,quality,in_sample,-3.052325613528728,-0.0105968398147
1971-05-31,quality,in_sample,4.808013253070798,0.0166921071736
1971-06-30,quality,in_sample,2.012869311697511,0.00698813179349
1971-07-31,quality,in_sample,7.585196510805105,0.0263337279718
1971-08-31,quality,in_sample,-7.8647215460711815,-0.0273041624529
1971-09-30,quality,in_sample,6.510796035636581,0.0226037033369
1971-10-31,quality,in_sample,7.600429604518845,0.0263866131074
1971-11-30,quality,in_sample,5.146503344384207,0.0178672522042
1971-12-31,quality,in_sample,-4.097433008558972,-0.0142251668861
1972-01-31,quality,in_sample,-4.5168722187805335,-0.0156813451205
1972-02-29,quality,in_sample,3.2313952390860505,0.0112185205847
1972-03-31,quality,in_sample,1.614996642830704,0.0056068266929
1972-04-30,quality,in_sample,-0.43330425217858604,-0.00150431386842
1972-05-31,quality,in_sample,10.07656943769974,0.0349830934615
1972-06-30,quality,in_sample,8.284732530100989,0.0287623257296
1972-07-31,quality,in_sample,6.508436232257454,0.0225955107449
1972-08-31,quality,in_sample,-3.7596232492874715,-0.0130523837823
1972-09-30,quality,in_sample,4.668572927908828,0.0162080084972
1972-10-31,quality,in_sample,0.7372516514025426,0.00255953611843
1972-11-30,quality,in_sample,-6.972138178012449,-0.0242053570926
1972-12-31,quality,in_sample,8.820639609681733,0.0306228485561
1973-01-31,quality,in_sample,8.38630781917378,0.0291149673556
1973-02-28,quality,in_sample,3.953266949802489,0.013724661755
1973-03-31,quality,in_sample,-1.2510257919493761,-0.00434321943327
1973-04-30,quality,in_sample,3.2288196621161065,0.0112095788858
1973-05-31,quality,in_sample,5.948836157085598,0.020652732317
1973-06-30,quality,in_sample,4.651926675884447,0.0161502172624
1973-07-31,quality,in_sample,-7.041630595005506,-0.0244466157604
1973-08-31,quality,in_sample,-0.538555887186138,-0.00186971876214
1973-09-30,quality,in_sample,-14.977766966168366,-0.0519987109563
1973-10-31,quality,in_sample,2.637293425482443,0.00915596155611
1973-11-30,quality,in_sample,5.834759011513309,0.0202566876641
1973-12-31,quality,in_sample,-6.223985518385717,-0.0216079756547
1974-01-31,quality,in_sample,-9.559423507856021,-0.0331877042163
1974-02-28,quality,in_sample,-6.00565436543834,-0.0208499895984
1974-03-31,quality,in_sample,9.054185757336652,0.0314336569132
1974-04-30,quality,in_sample,9.375722322509942,0.0325499439373
1974-05-31,quality,in_sample,12.885441014086936,0.0447347274363
1974-06-30,quality,in_sample,4.899504698475539,0.017009740452
1974-07-31,quality,in_sample,-4.322835638530405,-0.0150077031768
1974-08-31,quality,in_sample,0.4440419619157295,0.0015415922602
1974-09-30,quality,in_sample,-6.852692615420015,-0.0237906747639
1974-10-31,quality,in_sample,4.359384422876025,0.0151345905611
1974-11-30,quality,in_sample,-3.8404028829568824,-0.0133328285797
1974-12-31,quality,in_sample,2.9177002120219537,0.0101294572365
1975-01-31,quality,in_sample,-16.612666715875932,-0.0576746357934
1975-02-28,quality,in_sample,7.925139409491015,0.0275139167523
1975-03-31,quality,in_sample,0.03959329308951505,0.000137457086081
1975-04-30,quality,in_sample,8.363168855526903,0.0290346352016
1975-05-31,quality,in_sample,-4.922856703902445,-0.0170908122288
1975-06-30,quality,in_sample,-10.582428560864836,-0.0367392980005
1975-07-31,quality,in_sample,-1.8661461670703738,-0.00647874915953
1975-08-31,quality,in_sample,5.7750385172203815,0.0200493544396
1975-09-30,quality,in_sample,4.316176412986151,0.0149845841668
1975-10-31,quality,in_sample,0.056071832204556124,0.000194666067524
1975-11-30,quality,in_sample,-0.49931342932515077,-0.00173347968003
1975-12-31,quality,in_sample,-4.124068473554821,-0.0143176379366
1976-01-31,quality,in_sample,-8.169805184412597,-0.0283633294144
1976-02-29,quality,in_sample,-7.107686278490788,-0.0246759430293
1976-03-31,quality,in_sample,0.4036968904976341,0.00140152520535
1976-04-30,quality,in_sample,-2.4834157232955567,-0.00862174025485
1976-05-31,quality,in_sample,3.6863362404159443,0.0127979513292
1976-06-30,quality,in_sample,-3.957397589837252,-0.0137390022076
1976-07-31,quality,in_sample,-0.5671950584293693,-0.00196914613278
1976-08-31,quality,in_sample,-0.42931661131599885,-0.00149046986984
1976-09-30,quality,in_sample,2.3602206607835337,0.0081940406878
1976-10-31,quality,in_sample,-0.25487805832126903,-0.000884866917324
1976-11-30,quality,in_sample,-5.777351877137287,-0.0200573857926
1976-12-31,quality,in_sample,-2.552061115203695,-0.00886005828319
1977-01-31,quality,in_sample,-7.56897178901555,-0.0262774001747
1977-02-28,quality,in_sample,5.976549613439995,0.0207489458587
1977-03-31,quality,in_sample,-2.441773576462857,-0.00847717010887
1977-04-30,quality,in_sample,-4.996369551846529,-0.0173460287334
1977-05-31,quality,in_sample,-2.01720281928352,-0.00700317654675
1977-06-30,quality,in_sample,-2.400181815220272,-0.00833277488788
1977-07-31,quality,in_sample,2.645297427499697,0.00918374926227
1977-08-31,quality,in_sample,8.796772353590967,0.0305399879699
1977-09-30,quality,in_sample,1.0094260082900628,0.00350445105438
1977-10-31,quality,in_sample,3.028031326453054,0.0105124966937
1977-11-30,quality,in_sample,-1.8537423717824746,-0.00643568657434
1977-12-31,quality,in_sample,1.0680898175685134,0.00370811575748
1978-01-31,quality,in_sample,-3.119889502816734,-0.0108314031617
1978-02-28,quality,in_sample,-0.123085904741219,-0.000427320601121
1978-03-31,quality,in_sample,-4.126131719532115,-0.0143248009624
1978-04-30,quality,in_sample,8.725684635859201,0.0302931908542
1978-05-31,quality,in_sample,1.524838014618867,0.00529382059131
1978-06-30,quality,in_sample,-0.9205923778822023,-0.00319604498282
1978-07-31,quality,in_sample,3.6593366695527125,0.0127042162027
1978-08-31,quality,in_sample,1.8397419922907206,0.00638708108541
1978-09-30,quality,in_sample,-2.8162897893419605,-0.00977738798153
1978-10-31,quality,in_sample,9.679227444182326,0.0336036307206
1978-11-30,quality,in_sample,-1.4492387198435992,-0.00503136051389
1978-12-31,quality,in_sample,6.868884629823496,0.0238468890099
1979-01-31,quality,in_sample,-7.761642799927991,-0.0269463012351
1979-02-28,quality,in_sample,-2.558345710929539,-0.00888187668091
1979-03-31,quality,in_sample,-4.9663686384218915,-0.0172418737663
1979-04-30,quality,in_sample,2.7476050698719394,0.00953893341865
1979-05-31,quality,in_sample,-4.4020142503883735,-0.0152825896643
1979-06-30,quality,in_sample,-8.477580248019143,-0.0294318402684
1979-07-31,quality,in_sample,1.6518084087884313,0.00573462707744
1979-08-31,quality,in_sample,2.8746584766571006,0.00998002810188
1979-09-30,quality,in_sample,0.15756388715870556,0.000547018727426
1979-10-31,quality,in_sample,6.375600861602462,0.0221343426643
1979-11-30,quality,in_sample,-6.374662308329153,-0.022131084264
1979-12-31,quality,in_sample,-3.6195664766660904,-0.0125661449689
1980-01-31,quality,in_sample,-7.88366409128804,-0.0273699257897
1980-02-29,quality,in_sample,-5.481233561847457,-0.019029343981
1980-03-31,quality,in_sample,13.581421935367851,0.047150982866
1980-04-30,quality,in_sample,-9.824732988511206,-0.0341087861793
1980-05-31,quality,in_sample,1.9656785137523909,0.00682429824823
1980-06-30,quality,in_sample,-3.172324334321463,-0.0110134425574
1980-07-31,quality,in_sample,10.234698480309575,0.0355320742541
1980-08-31,quality,in_sample,-0.31772260131105334,-0.00110304598457
1980-09-30,quality,in_sample,3.492006946989581,0.0121232931654
1980-10-31,quality,in_sample,1.3772825388982703,0.00478154833141
1980-11-30,quality,in_sample,3.261085023310201,0.0113215953963
1980-12-31,quality,in_sample,2.443630840660321,0.00848361802226
1981-01-31,quality,in_sample,-1.6897168486073217,-0.00586623481372
1981-02-28,quality,in_sample,4.219247810556011,0.0146480745661
1981-03-31,quality,in_sample,-2.9635234121401215,-0.0102885428561
1981-04-30,quality,in_sample,3.822243796683425,0.0132697851981
1981-05-31,quality,in_sample,-4.412999915519536,-0.0153207288894
1981-06-30,quality,in_sample,2.9473728544005517,0.0102324725363
1981-07-31,quality,in_sample,1.3811977445423196,0.00479514085472
1981-08-31,quality,in_sample,1.5291063568734589,0.00530863910836
1981-09-30,quality,in_sample,1.9659169487882537,0.00682512602947
1981-10-31,quality,in_sample,2.496116174812197,0.00866583274934
1981-11-30,quality,in_sample,2.508562350356339,0.00870904246719
1981-12-31,quality,in_sample,5.241052926771871,0.0181955024979
1982-01-31,quality,in_sample,0.3546841937932227,0.00123136652583
1982-02-28,quality,in_sample,1.0329915635813696,0.00358626421791
1982-03-31,quality,in_sample,-1.7423193586531889,-0.00604885634346
1982-04-30,quality,in_sample,3.9033628795834625,0.0135514084704
1982-05-31,quality,in_sample,4.968955080072465,0.0172508531844
1982-06-30,quality,in_sample,1.975906183662368,0.00685980592121
1982-07-31,quality,in_sample,4.383498717347338,0.015218308797
1982-08-31,quality,in_sample,-4.48509774069161,-0.0155710328219
1982-09-30,quality,in_sample,7.459902641666385,0.0258987419221
1982-10-31,quality,in_sample,-4.78200328336682,-0.0166018076717
1982-11-30,quality,in_sample,5.053301999957623,0.017543682624
1982-12-31,quality,in_sample,2.43082139171932,0.00843914711852
1983-01-31,quality,in_sample,-6.383147224043076,-0.022160541571
1983-02-28,quality,in_sample,3.3179561701643903,0.0115190364657
1983-03-31,quality,in_sample,2.9389359972530205,0.0102031820755
1983-04-30,quality,in_sample,-1.8621764466630526,-0.00646496737587
1983-05-31,quality,in_sample,-6.209433937682481,-0.0215574565459
1983-06-30,quality,in_sample,6.073679428924705,0.0210861540161
1983-07-31,quality,in_sample,0.05701526950656026,0.000197941423836
1983-08-31,quality,in_sample,2.4765146205145943,0.00859778151323
1983-09-30,quality,in_sample,4.956390215701229,0.0172072314114
1983-10-31,quality,in_sample,4.107486809855003,0.0142600709348
1983-11-30,quality,in_sample,-0.48659355491635814,-0.00168931975457
1983-12-31,quality,in_sample,5.397774152793643,0.0187395957363
1984-01-31,quality,in_sample,-6.28586569603284,-0.0218228067092
1984-02-29,quality,in_sample,2.629411637927121,0.00912859814514
1984-03-31,quality,in_sample,0.534514736158414,0.0018556889909
1984-04-30,quality,in_sample,8.174240287857847,0.0283787268807
1984-05-31,quality,in_sample,8.030093935492228,0.0278782901648
1984-06-30,quality,in_sample,6.435727006509657,0.0223430841968
1984-07-31,quality,in_sample,8.904223208471148,0.0309130279536
1984-08-31,quality,in_sample,-5.974788926431711,-0.0207428332349
1984-09-30,quality,in_sample,0.20235459866013839,0.000702519828902
1984-10-31,quality,in_sample,6.095748948746873,0.0211627733536
1984-11-30,quality,in_sample,3.050505834769366,0.0105905220405
1984-12-31,quality,in_sample,0.5787647032005507,0.00200931277549
1985-01-31,quality,in_sample,-3.0532958368080148,-0.0106002081646
1985-02-28,quality,in_sample,5.262321101017159,0.0182693397827
1985-03-31,quality,in_sample,-0.5846726616918064,-0.00202982359173
1985-04-30,quality,in_sample,1.1023122413505497,0.00382692665409
1985-05-31,quality,in_sample,1.5963144994317442,0.0055419674
1985-06-30,quality,in_sample,1.7464387833748656,0.00606315785956
1985-07-31,quality,in_sample,2.936586670995197,0.0101950258572
1985-08-31,quality,in_sample,0.18315506466753656,0.000635864297351
1985-09-30,quality,in_sample,8.923165570349832,0.0309787906539
1985-10-31,quality,in_sample,1.1975779398486184,0.00415766310709
1985-11-30,quality,in_sample,5.505332883163617,0.0191130102342
1985-12-31,quality,in_sample,4.779490274026566,0.0165930831905
1986-01-31,quality,in_sample,-5.330346566493712,-0.018505505596
1986-02-28,quality,in_sample,4.155430080875533,0.0144265168608
1986-03-31,quality,in_sample,2.214491196718181,0.00768810784101
1986-04-30,quality,in_sample,6.031362250663446,0.0209392403456
1986-05-31,quality,in_sample,2.2649928315585237,0.00786343570656
1986-06-30,quality,in_sample,6.12164619888712,0.021252681524
1986-07-31,quality,in_sample,4.494753127283164,0.0156045536837
1986-08-31,quality,in_sample,-5.6018256442662935,-0.019448006713
1986-09-30,quality,in_sample,-2.3656568225058834,-0.00821291355468
1986-10-31,quality,in_sample,1.7099378808449646,0.00593643670783
1986-11-30,quality,in_sample,6.991985140518998,0.0242742603189
1986-12-31,quality,in_sample,4.311442529613783,0.0149681494183
1987-01-31,quality,in_sample,0.8999093609589764,0.00312423920422
1987-02-28,quality,in_sample,-0.7263302604582972,-0.00252162003573
1987-03-31,quality,in_sample,-1.6936949747141523,-0.00588004577967
1987-04-30,quality,in_sample,1.455577002274982,0.00505336529717
1987-05-31,quality,in_sample,1.4448432560441449,0.0050161006656
1987-06-30,quality,in_sample,3.914155857619612,0.0135888787386
1987-07-31,quality,in_sample,-2.2838902286427207,-0.00792904230139
1987-08-31,quality,in_sample,8.319774380979123,0.028883981453
1987-09-30,quality,in_sample,-1.683110981856834,-0.00584330105086
1987-10-31,quality,in_sample,14.348334258007363,0.0498134927237
1987-11-30,quality,in_sample,-0.5525176109920855,-0.0019181900491
1987-12-31,quality,in_sample,5.686015678320989,0.0197402914879
1988-01-31,quality,in_sample,-6.661694502141536,-0.0231275815466
1988-02-29,quality,in_sample,0.429031093309019,0.0014894786294
1988-03-31,quality,in_sample,-2.596588324096916,-0.00901464457567
1988-04-30,quality,in_sample,-0.7657479072762814,-0.00265846732599
1988-05-31,quality,in_sample,2.6087113811811555,0.00905673251459
1988-06-30,quality,in_sample,-0.11058174602467485,-0.000383909581553
1988-07-31,quality,in_sample,-1.3042965168097091,-0.00452816082211
1988-08-31,quality,in_sample,-0.3027622455106997,-0.00105110772042
1988-09-30,quality,in_sample,2.0563432198693143,0.00713906131391
1988-10-31,quality,in_sample,2.5387805496164813,0.00881395179129
1988-11-30,quality,in_sample,1.9203298309255878,0.0066668600229
1988-12-31,quality,in_sample,2.4729393645754985,0.00858536920233
1989-01-31,quality,in_sample,-3.7082745888466166,-0.0128741152755
1989-02-28,quality,in_sample,-2.4350038711626243,-0.00845366754337
1989-03-31,quality,in_sample,-2.326728248754192,-0.00807776419236
1989-04-30,quality,in_sample,4.152268128572843,0.0144155394271
1989-05-31,quality,in_sample,0.16699994717250846,0.000579778147327
1989-06-30,quality,in_sample,-1.0794120648726844,-0.00374742350384
1989-07-31,quality,in_sample,3.653751682853701,0.0126848266562
1989-08-31,quality,in_sample,-0.4521733171694819,-0.00156982210197
1989-09-30,quality,in_sample,0.6455076773230642,0.00224102612953
1989-10-31,quality,in_sample,9.517429912656352,0.0330419139377
1989-11-30,quality,in_sample,2.380834663123428,0.00826560686664
1989-12-31,quality,in_sample,5.722270275756786,0.0198661575357
1990-01-31,quality,in_sample,2.585747568403597,0.00897700843651
1990-02-28,quality,in_sample,-2.1992215484835542,-0.00763509579811
1990-03-31,quality,in_sample,5.66797814600525,0.0196776701084
1990-04-30,quality,in_sample,7.946869838434514,0.027589358859
1990-05-31,quality,in_sample,0.2729220881145005,0.000947510854289
1990-06-30,quality,in_sample,4.46880010932876,0.0155144519027
1990-07-31,quality,in_sample,6.799422247713387,0.023605734615
1990-08-31,quality,in_sample,4.71062104235081,0.0163539880517
1990-09-30,quality,in_sample,12.625136687824899,0.0438310220006
1990-10-31,quality,in_sample,12.37128378090651,0.0429497141286
1990-11-30,quality,in_sample,-2.5054134302379505,-0.00869811027767
1990-12-31,quality,in_sample,6.222644342789655,0.0216033194598
1991-01-31,quality,in_sample,-2.7904161924241824,-0.00968756192865
1991-02-28,quality,in_sample,-9.429038015618378,-0.0327350414436
1991-03-31,quality,in_sample,-1.5441368249040832,-0.005360820783
1991-04-30,quality,in_sample,0.11142865032502201,0.000386849801682
1991-05-31,quality,in_sample,-1.1497909719830472,-0.0039917598229
1991-06-30,quality,in_sample,6.976382276551633,0.0242200914421
1991-07-31,quality,in_sample,0.3675787374896249,0.00127613285529
1991-08-31,quality,in_sample,0.3046366909404597,0.00105761528235
1991-09-30,quality,in_sample,-2.8959363471211717,-0.0100538990493
1991-10-31,quality,in_sample,-1.5396519067518164,-0.00534525037366
1991-11-30,quality,in_sample,9.669711147635926,0.0335705927414
1991-12-31,quality,in_sample,4.946441285741322,0.0171726914473
1992-01-31,quality,in_sample,-12.903896569131973,-0.0447988000764
1992-02-29,quality,in_sample,-3.201234106388673,-0.0111138093801
1992-03-31,quality,in_sample,3.1559867011327927,0.0109567227628
1992-04-30,quality,in_sample,3.140304403748794,0.0109022781149
1992-05-31,quality,in_sample,0.9470364117921042,0.00328785143694
1992-06-30,quality,in_sample,3.3224066498783404,0.0115344873142
1992-07-31,quality,in_sample,3.2341356495458564,0.0112280345404
1992-08-31,quality,in_sample,9.446587116865393,0.032795967124
1992-09-30,quality,in_sample,2.2669107287459727,0.00787009412111
1992-10-31,quality,in_sample,4.345550800594201,0.0150865640076
1992-11-30,quality,in_sample,-3.7451783304127684,-0.0130022349742
1992-12-31,quality,in_sample,-2.5980416338246526,-0.00901969006961
1993-01-31,quality,in_sample,-11.123533245451975,-0.0386178654902
1993-02-28,quality,in_sample,-5.007256732406135,-0.017383826047
1993-03-31,quality,in_sample,-3.8043524672138567,-0.0132076713949
1993-04-30,quality,in_sample,-7.271537772572764,-0.0252447906085
1993-05-31,quality,in_sample,-2.725304602089797,-0.00946151229299
1993-06-30,quality,in_sample,-6.230193976801316,-0.0216295297245
1993-07-31,quality,in_sample,-3.763863049389015,-0.0130671032088
1993-08-31,quality,in_sample,-1.259784839917501,-0.00437362845249
1993-09-30,quality,in_sample,-0.5316192411563373,-0.00184563662408
1993-10-31,quality,in_sample,-0.9376197871602046,-0.00325515949137
1993-11-30,quality,in_sample,4.298298646249584,0.0149225174497
1993-12-31,quality,in_sample,0.536277621320824,0.00186180924609
1994-01-31,quality,in_sample,-7.129621720701772,-0.024752096886
1994-02-28,quality,in_sample,7.876054583608876,0.02734350766
1994-03-31,quality,in_sample,4.390563952750747,0.0152428373622
1994-04-30,quality,in_sample,1.410942481660449,0.00489840644774
1994-05-31,quality,in_sample,-0.40997607135285624,-0.00142332480412
1994-06-30,quality,in_sample,4.232166668074149,0.0146929253065
1994-07-31,quality,in_sample,-1.874760726961608,-0.00650865655566
1994-08-31,quality,in_sample,5.117762911490086,0.0177674732808
1994-09-30,quality,in_sample,4.719399933379551,0.0163844659606
1994-10-31,quality,in_sample,8.973307688725171,0.0311528703766
1994-11-30,quality,in_sample,7.978163040914621,0.0276980003003
1994-12-31,quality,in_sample,1.6353137065175387,0.00567736198194
1995-01-31,quality,in_sample,1.3237034970232342,0.00459553655021
1995-02-28,quality,in_sample,-1.1315597420750783,-0.00392846597833
1995-03-31,quality,in_sample,3.4981101191170167,0.01214448171
1995-04-30,quality,in_sample,-0.32243340236133233,-0.00111940059756
1995-05-31,quality,in_sample,-0.6084657633618024,-0.00211242673406
1995-06-30,quality,in_sample,-0.9757388924429221,-0.00338749860053
1995-07-31,quality,in_sample,-1.546578771435162,-0.00536929855356
1995-08-31,quality,in_sample,-6.174253392210847,-0.0214353193128
1995-09-30,quality,in_sample,2.6908491286183045,0.00934189231159
1995-10-31,quality,in_sample,12.464225741222084,0.0432723831981
1995-11-30,quality,in_sample,-0.8495900256097633,-0.00294954423265
1995-12-31,quality,in_sample,-2.7156166708784464,-0.00942787844517
1996-01-31,quality,in_sample,-5.064108279531086,-0.0175811990715
1996-02-29,quality,in_sample,2.5693592736382116,0.00892011275877
1996-03-31,quality,in_sample,-2.1169143430419535,-0.00734934768926
1996-04-30,quality,in_sample,1.8882021776142102,0.00655532159651
1996-05-31,quality,in_sample,1.7232030792713384,0.00598248984915
1996-06-30,quality,in_sample,4.950099688868827,0.0171853924225
1996-07-31,quality,in_sample,6.149214540355464,0.0213483912665
1996-08-31,quality,in_sample,-0.92641341113978,-0.00321625401842
1996-09-30,quality,in_sample,5.775948181121473,0.0200525125439
1996-10-31,quality,in_sample,2.911117089822135,0.0101066024365
1996-11-30,quality,in_sample,4.645195158125429,0.0161268472736
1996-12-31,quality,in_sample,-1.1011795237258954,-0.00382299416826
1997-01-31,quality,in_sample,2.9897966716198803,0.0103797564281
1997-02-28,quality,in_sample,1.5419514310542033,0.00535323369319
1997-03-31,quality,in_sample,2.7351916372955904,0.00949583737543
1997-04-30,quality,in_sample,10.391336728194274,0.0360758794151
1997-05-31,quality,in_sample,-0.09486356135609995,-0.000329340342815
1997-06-30,quality,in_sample,2.944487062443832,0.0102224538558
1997-07-31,quality,in_sample,0.7439633298080344,0.00258283723042
1997-08-31,quality,in_sample,-2.8919446823471753,-0.0100400410808
1997-09-30,quality,in_sample,-5.318492701124767,-0.0184643522171
1997-10-31,quality,in_sample,2.207109434756563,0.00766248038216
1997-11-30,quality,in_sample,8.892142748814633,0.0308710879013
1997-12-31,quality,in_sample,-0.43831809798786614,-0.00152172056994
1998-01-31,quality,in_sample,4.117786933778201,0.0142958301483
1998-02-28,quality,in_sample,-0.5494678537014415,-0.0019076021258
1998-03-31,quality,in_sample,-1.8377562835841685,-0.00638018724781
1998-04-30,quality,in_sample,-1.087111139499935,-0.00377415258549
1998-05-31,quality,in_sample,3.850392394137322,0.0133675094307
1998-06-30,quality,in_sample,4.37533003760134,0.0151899493748
1998-07-31,quality,in_sample,4.651205471181998,0.0161477134369
1998-08-31,quality,in_sample,21.109435872802237,0.0732861885807
1998-09-30,quality,in_sample,-0.6788619092925215,-0.00235682290159
1998-10-31,quality,in_sample,0.05118904834727484,0.00017771437726
1998-11-30,quality,in_sample,1.483091179819899,0.00514888699734
1998-12-31,quality,in_sample,2.2698158114847846,0.00788017977393
1999-01-31,quality,in_sample,-7.755054036183591,-0.0269234268492
1999-02-28,quality,in_sample,-1.9478715378652134,-0.0067624772976
1999-03-31,quality,in_sample,-6.907456588124969,-0.0239808003009
1999-04-30,quality,in_sample,-11.624070307696275,-0.0403555932891
1999-05-31,quality,in_sample,5.117851001694555,0.0177677791059
1999-06-30,quality,in_sample,3.7442798152584604,0.0129991155753
1999-07-31,quality,in_sample,6.5026381833274955,0.0225753815046
1999-08-31,quality,in_sample,8.199179716358053,0.0284653097563
1999-09-30,quality,in_sample,3.0330374862825313,0.0105298767116
1999-10-31,quality,in_sample,-1.7320694222687922,-0.00601327136737
1999-11-30,quality,in_sample,-0.927223095489813,-0.00321906502106
1999-12-31,quality,in_sample,-3.9123676179227345,-0.0135826704594
2000-01-31,quality,in_sample,-7.860787047003703,-0.0272905029481
2000-02-29,quality,in_sample,-19.204290546913118,-0.0666720450068
2000-03-31,quality,in_sample,13.122777565905697,0.0455586950401
2000-04-30,quality,in_sample,18.551818141362787,0.0644068392455
2000-05-31,quality,in_sample,8.713662390753338,0.0302514529069
2000-06-30,quality,in_sample,-8.32794511529363,-0.0289123480081
2000-07-31,quality,in_sample,6.932617648741951,0.0240681526226
2000-08-31,quality,in_sample,-7.090466245386004,-0.0246161597835
2000-09-30,quality,in_sample,7.747691614613387,0.0268978665349
2000-10-31,quality,in_sample,23.74079512195363,0.0824215482994
2000-11-30,quality,in_sample,34.80610580587123,0.120837280978
2000-12-31,quality,in_sample,-5.1753477422066565,-0.0179673920654
2001-01-31,quality,in_sample,-18.443025996246178,-0.0640291426689
2001-02-28,quality,in_sample,18.790518882888676,0.0652355429429
2001-03-31,quality,in_sample,12.184535667208042,0.0423013757476
2001-04-30,quality,in_sample,-5.091026150439716,-0.0176746505581
2001-05-31,quality,in_sample,-4.531830188433842,-0.0157332751006
2001-06-30,quality,in_sample,5.7119371932756575,0.0198302838991
2001-07-31,quality,in_sample,12.226881146200686,0.0424483876705
2001-08-31,quality,in_sample,10.782744045056095,0.0374347385816
2001-09-30,quality,in_sample,16.78673855383579,0.0582789656116
2001-10-31,quality,in_sample,-1.3757051278030692,-0.00477607199146
2001-11-30,quality,in_sample,-5.231555783519774,-0.0181625310137
2001-12-31,quality,in_sample,-1.3951211774233336,-0.00484347920606
2002-01-31,quality,in_sample,14.008477007484498,0.0486336012902
2002-02-28,quality,in_sample,9.846378972266596,0.0341839351154
2002-03-31,quality,in_sample,-5.978776030103369,-0.0207566753685
2002-04-30,quality,in_sample,7.356640478109911,0.0255402439292
2002-05-31,quality,in_sample,5.061182210035586,0.0175710405584
2002-06-30,quality,in_sample,10.06758802377824,0.0349519124485
2002-07-31,quality,in_sample,17.773925466913834,0.0617062086091
2002-08-31,quality,in_sample,2.014382293371794,0.00699338445211
2002-09-30,quality,in_sample,12.465046716340455,0.0432752333992
2002-10-31,quality,in_sample,-0.5284905807961315,-0.0018347747709
2002-11-30,quality,in_sample,-25.626665891538725,-0.0889687758848
2002-12-31,quality,in_sample,12.274029739537038,0.0426120746929
2003-01-31,quality,in_sample,-0.7865300138129595,-0.00273061711663
2003-02-28,quality,in_sample,7.144179082966379,0.0248026360668
2003-03-31,quality,in_sample,2.753579388515103,0.00955967461919
2003-04-30,quality,in_sample,-17.41666796644181,-0.0604659082662
2003-05-31,quality,in_sample,-20.59750797679171,-0.071508914922
2003-06-30,quality,in_sample,-2.7705583198618853,-0.00961862082562
2003-07-31,quality,in_sample,-6.33732827837867,-0.0220014707217
2003-08-31,quality,in_sample,-3.6085959861748442,-0.012528058426
2003-09-30,quality,in_sample,-0.377310160372522,-0.0013099176943
2003-10-31,quality,in_sample,-3.6904495625832263,-0.0128122316589
2003-11-30,quality,in_sample,1.102732363438751,0.00382838520309
2003-12-31,quality,in_sample,-5.630816369685522,-0.0195486545836
2004-01-31,quality,in_sample,-11.325734346940838,-0.0393198524189
2004-02-29,quality,in_sample,1.0729009875812834,0.00372481882406
2004-03-31,quality,in_sample,3.3879533827351493,0.0117620476457
2004-04-30,quality,in_sample,11.392617897475576,0.0395520538158
2004-05-31,quality,in_sample,-0.6344751014175269,-0.00220272404305
2004-06-30,quality,in_sample,-0.059925361773295695,-0.000208044468367
2004-07-31,quality,in_sample,9.935898211439584,0.0344947214331
2004-08-31,quality,in_sample,-0.36125015702344454,-0.00125416175458
2004-09-30,quality,in_sample,-2.8947717649562086,-0.0100498559385
2004-10-31,quality,in_sample,1.266048002137759,0.00439537243894
2004-11-30,quality,in_sample,-6.160258222930738,-0.0213867319123
2004-12-31,quality,in_sample,-2.686796878697954,-0.00932782400803
2005-01-31,quality,in_sample,5.3629384185245055,0.0186186555934
2005-02-28,quality,in_sample,1.5875499767495747,0.00551153937407
2005-03-31,quality,in_sample,5.411140561000461,0.0187860002503
2005-04-30,quality,in_sample,4.048532570385435,0.0140553979375
2005-05-31,quality,in_sample,0.4487725285118776,0.00155801549376
2005-06-30,quality,in_sample,-2.5693117376417813,-0.00891994772679
2005-07-31,quality,in_sample,-2.299923192748023,-0.00798470436825
2005-08-31,quality,in_sample,-2.8170797573291457,-0.00978013053435
2005-09-30,quality,in_sample,-2.2028069736308757,-0.00764754341372
2005-10-31,quality,in_sample,5.5266631609755485,0.0191870631256
2005-11-30,quality,in_sample,-0.1218973475571262,-0.000423194255611
2005-12-31,quality,in_sample,-5.277306717116447,-0.0183213657437
2006-01-31,quality,in_sample,-6.033583329348777,-0.0209469513234
2006-02-28,quality,in_sample,-3.27299923188248,-0.0113629582703
2006-03-31,quality,in_sample,-1.9298377138455878,-0.00669986879229
2006-04-30,quality,in_sample,-2.6138754651515623,-0.00907466080192
2006-05-31,quality,in_sample,2.5849431807322727,0.00897421582249
2006-06-30,quality,in_sample,2.7475284979249266,0.00953866758179
2006-07-31,quality,in_sample,-0.19928762677570055,-0.00069187214124
2006-08-31,quality,in_sample,-0.720625394417913,-0.00250181430094
2006-09-30,quality,in_sample,3.744223223358658,0.0129989191037
2006-10-31,quality,in_sample,-2.9449213498758633,-0.010223961583
2006-11-30,quality,in_sample,-1.6703163448399678,-0.00579888157007
2006-12-31,quality,in_sample,-1.952010376630419,-0.00677684621395
2007-01-31,quality,in_sample,-0.7437014000385674,-0.00258192788189
2007-02-28,quality,in_sample,-1.741178598041926,-0.00604489593458
2007-03-31,quality,in_sample,0.732298642602772,0.00254234062637
2007-04-30,quality,in_sample,-0.280458101210005,-0.000973673830893
2007-05-31,quality,in_sample,1.6980554122697757,0.00589518402642
2007-06-30,quality,in_sample,3.372139312529797,0.0117071455186
2007-07-31,quality,in_sample,6.637788591566095,0.0230445867626
2007-08-31,quality,in_sample,3.6647741913245815,0.0127230937913
2007-09-30,quality,in_sample,-2.077154556867863,-0.00721131258472
2007-10-31,quality,in_sample,0.12040259542178611,0.000418004884965
2007-11-30,quality,in_sample,10.600894311154137,0.0368034060357
2007-12-31,quality,in_sample,5.371400057261032,0.0186480320891
2008-01-31,quality,in_sample,-2.821838624146845,-0.00979665201854
2008-02-29,quality,in_sample,6.280938352376679,0.0218057003195
2008-03-31,quality,in_sample,5.925196859704386,0.0205706631411
2008-04-30,quality,in_sample,-4.0453027997802735,-0.0140441850572
2008-05-31,quality,in_sample,3.412493525091273,0.011847244309
2008-06-30,quality,in_sample,9.49136925287111,0.0329514384537
2008-07-31,quality,in_sample,1.6497525471225942,0.00572748968795
2008-08-31,quality,in_sample,7.168510966983754,0.0248871097141
2008-09-30,quality,in_sample,9.511937521268953,0.0330228458568
2008-10-31,quality,in_sample,24.48808022908945,0.0850159178323
2008-11-30,quality,in_sample,23.235510396046504,0.0806673379106
2008-12-31,quality,in_sample,-0.4983737120114244,-0.0017302172385
2009-01-31,quality,in_sample,9.287364838234298,0.0322431909149
2009-02-28,quality,in_sample,15.035609150651696,0.0521995232028
2009-03-31,quality,in_sample,-8.789388924375334,-0.0305143547228
2009-04-30,quality,in_sample,-20.074902128193152,-0.069694570332
2009-05-31,quality,in_sample,-16.752329370329406,-0.0581595063363
2009-06-30,quality,in_sample,9.260061023937585,0.0321483995384
2009-07-31,quality,in_sample,-12.81789532582929,-0.0445002272783
2009-08-31,quality,in_sample,-18.34815145807936,-0.0636997642176
2009-09-30,quality,in_sample,-7.327821015575199,-0.0254401906365
2009-10-31,quality,in_sample,16.437946290540403,0.0570680542572
2009-11-30,quality,in_sample,-0.46480145296432346,-0.00161366353605
2009-12-31,quality,in_sample,-1.263146420400506,-0.00438529894064
2010-01-31,quality,in_sample,-1.523803231977551,-0.00529022810896
2010-02-28,quality,in_sample,-2.005761835677315,-0.00696345658042
2010-03-31,quality,in_sample,-8.620214515244227,-0.0299270274382
2010-04-30,quality,in_sample,-9.989209959219988,-0.0346798052423
2010-05-31,quality,in_sample,7.050069300800948,0.0244759126392
2010-06-30,quality,in_sample,7.552300149622894,0.0262195208019
2010-07-31,quality,in_sample,-5.7100251264293425,-0.0198236457259
2010-08-31,quality,in_sample,3.4101717569660206,0.011839183765
2010-09-30,quality,in_sample,-0.8335221222864934,-0.00289376086638
2010-10-31,quality,in_sample,0.4941773238689281,0.00171564852645
2010-11-30,quality,in_sample,-1.7221695202027787,-0.00597890161471
2010-12-31,quality,in_sample,-13.21423807716311,-0.0458762209236
2011-01-31,quality,in_sample,-2.2482110083779028,-0.00780517380578
2011-02-28,quality,in_sample,-4.034610118468782,-0.0140070629918
2011-03-31,quality,in_sample,3.5675364737350757,0.0123855110273
2011-04-30,quality,in_sample,3.943010519211306,0.0136890542328
2011-05-31,quality,in_sample,8.175060983489919,0.0283815761115
2011-06-30,quality,in_sample,7.88192327856979,0.027363882164
2011-07-31,quality,in_sample,1.9376420730817219,0.00672696339331
2011-08-31,quality,in_sample,17.42691040059648,0.0605014671966
2011-09-30,quality,in_sample,19.009776388004347,0.0659967450406
2011-10-31,quality,in_sample,-12.205832402141827,-0.0423753121873
2011-11-30,quality,in_sample,8.486687003754314,0.0294634564339
2011-12-31,quality,in_sample,2.016617943210567,0.00700114601697
2012-01-31,quality,in_sample,-10.319605072387365,-0.0358268467225
2012-02-29,quality,in_sample,-2.5821614621715243,-0.00896455845636
2012-03-31,quality,in_sample,1.2546799521188392,0.00435590567808
2012-04-30,quality,in_sample,1.218044363905667,0.00422871693449
2012-05-31,quality,in_sample,8.883903413301889,0.0308424831816
2012-06-30,quality,in_sample,-1.9667940162480706,-0.00682817096784
2012-07-31,quality,in_sample,1.59402416406164,0.00553401598193
2012-08-31,quality,in_sample,-1.3864730341380882,-0.00481345521757
2012-09-30,quality,in_sample,-3.4008832514316327,-0.0118069366139
2012-10-31,quality,in_sample,-6.523297932461835,-0.0226471065038
2012-11-30,quality,in_sample,3.5927433511520173,0.0124730224124
2012-12-31,quality,in_sample,-7.4882992418336976,-0.0259973271523
2013-01-31,quality,post_sample,-6.0794131645229585,-0.0211060599781
2013-02-28,quality,post_sample,1.6039479902787213,0.0055684687927
2013-03-31,quality,post_sample,-1.2760894747063936,-0.00443023368567
2013-04-30,quality,post_sample,-2.9753339222797175,-0.0103295457175
2013-05-31,quality,post_sample,0.490182942247877,0.0017017811258
2013-06-30,quality,post_sample,3.7252266241723104,0.0129329681063
2013-07-31,quality,post_sample,-3.1404285185360945,-0.0109027090075
2013-08-31,quality,post_sample,2.6696803989453013,0.00926840027115
2013-09-30,quality,post_sample,-1.847185437451769,-0.00641292269146
2013-10-31,quality,post_sample,4.480661382395219,0.0155556309991
2013-11-30,quality,post_sample,4.370857980179778,0.0151744236144
2013-12-31,quality,post_sample,-4.1379475980957015,-0.0143658224615
2014-01-31,quality,post_sample,-8.687446379705507,-0.0301604380858
2014-02-28,quality,post_sample,-2.668577758882649,-0.00926457220639
2014-03-31,quality,post_sample,4.097335600886752,0.0142248287133
2014-04-30,quality,post_sample,0.636115113295952,0.0022084177158
2014-05-31,quality,post_sample,0.18076638723767605,0.000627571462543
2014-06-30,quality,post_sample,-4.92224146558205,-0.0170886762896
2014-07-31,quality,post_sample,2.8827321851612617,0.0100080578099
2014-08-31,quality,post_sample,-0.6344093441097607,-0.00220249575166
2014-09-30,quality,post_sample,10.45907782602519,0.0363110579817
2014-10-31,quality,post_sample,12.041300684321401,0.0418041030573
2014-11-30,quality,post_sample,8.175324301378513,0.0283824902792
2014-12-31,quality,post_sample,1.28109769121284,0.00444762084379
2015-01-31,quality,post_sample,-3.2093080318684493,-0.0111418398414
2015-02-28,quality,post_sample,1.4361046326110056,0.00498576255478
2015-03-31,quality,post_sample,0.4409850969166363,0.00153097966088
2015-04-30,quality,post_sample,-3.41454459070251,-0.0118543650479
2015-05-31,quality,post_sample,1.2123482953871283,0.00420894174229
2015-06-30,quality,post_sample,7.217534271171119,0.0250573052199
2015-07-31,quality,post_sample,4.938129552129899,0.0171438353812
2015-08-31,quality,post_sample,4.977520299000794,0.0172805892822
2015-09-30,quality,post_sample,15.785255406059443,0.0548020899968
2015-10-31,quality,post_sample,0.3641103502732391,0.00126409156337
2015-11-30,quality,post_sample,2.230339613171409,0.00774312920889
2015-12-31,quality,post_sample,4.210917171970532,0.0146191528671
2016-01-31,quality,post_sample,21.93033309051037,0.0761361192309
2016-02-29,quality,post_sample,6.7778479624624035,0.0235308345965
2016-03-31,quality,post_sample,-6.555265910843463,-0.0227580905825
2016-04-30,quality,post_sample,-14.480257282119094,-0.0502714933866
2016-05-31,quality,post_sample,1.568348132592584,0.00544487582226
2016-06-30,quality,post_sample,2.225971450488314,0.00772796414261
2016-07-31,quality,post_sample,-0.18418213752216298,-0.00063943001343
2016-08-31,quality,post_sample,0.41704317345283265,0.00144785984998
2016-09-30,quality,post_sample,-8.99548696586738,-0.0312298707615
2016-10-31,quality,post_sample,7.632100308506683,0.0264965651307
2016-11-30,quality,post_sample,1.088475432697362,0.00377888903838
2016-12-31,quality,post_sample,4.323439945344631,0.0150098011648
2017-01-31,quality,post_sample,-7.0954819815169845,-0.0246335730477
2017-02-28,quality,post_sample,3.828853033785781,0.0132927306619
2017-03-31,quality,post_sample,2.2983124400837336,0.00797911227549
2017-04-30,quality,post_sample,6.707554970402467,0.023286796551
2017-05-31,quality,post_sample,6.924096912205483,0.0240385709555
2017-06-30,quality,post_sample,-3.8813649263428673,-0.0134750375925
2017-07-31,quality,post_sample,-2.1797904828937056,-0.00756763645217
2017-08-31,quality,post_sample,-0.9348640634061288,-0.0032455923721
2017-09-30,quality,post_sample,-1.1637365020797574,-0.00404017488973
2017-10-31,quality,post_sample,6.273936122972742,0.0217813904939
2017-11-30,quality,post_sample,6.440406848615149,0.0223593313288
2017-12-31,quality,post_sample,-4.767444562585072,-0.0165512637745
2018-01-31,quality,post_sample,2.6293190492260523,0.00912827670249
2018-02-28,quality,post_sample,4.951865310223131,0.017191522177
2018-03-31,quality,post_sample,-0.5398481057896294,-0.00187420499175
2018-04-30,quality,post_sample,-3.9973519460484424,-0.0138777128061
2018-05-31,quality,post_sample,-1.4043511061262324,-0.00487552299442
2018-06-30,quality,post_sample,1.9516379499953322,0.00677555325052
2018-07-31,quality,post_sample,4.743460054085072,0.01646799612
2018-08-31,quality,post_sample,1.421390341139825,0.00493467855869
2018-09-30,quality,post_sample,0.8104685807249452,0.0028137252745
2018-10-31,quality,post_sample,10.276167182640075,0.0356760422482
2018-11-30,quality,post_sample,6.770622747494076,0.023505750626
2018-12-31,quality,post_sample,4.158020250815156,0.0144355092225
2019-01-31,quality,post_sample,-10.516477613998847,-0.0365103343485
2019-02-28,quality,post_sample,-0.5363835449777373,-0.00186217698406
2019-03-31,quality,post_sample,-2.8102103896168895,-0.00975628196821
2019-04-30,quality,post_publication,6.596089774941514,0.0228998198746
2019-05-31,quality,post_publication,-1.366479757178077,-0.0047440440275
2019-06-30,quality,post_publication,0.21295677373095487,0.000739327681385
2019-07-31,quality,post_publication,5.469334333343317,0.0189880331137
2019-08-31,quality,post_publication,3.336663308187557,0.0115839825331
2019-09-30,quality,post_publication,5.586413098054098,0.0193944985674
2019-10-31,quality,post_publication,0.40850491843112385,0.00141821736349
2019-11-30,quality,post_publication,-4.7704676727596,-0.0165617591863
2019-12-31,quality,post_publication,-6.797602912854198,-0.0235994183819
2020-01-31,quality,post_publication,-5.904163223834356,-0.0204976401094
2020-02-29,quality,post_publication,-3.452126710326022,-0.0119848398897
2020-03-31,quality,post_publication,14.137179453967445,0.0490804209883
2020-04-30,quality,post_publication,-9.150597007871763,-0.0317683704096
2020-05-31,quality,post_publication,-7.459147417579365,-0.0258961199906
2020-06-30,quality,post_publication,-4.204900156917193,-0.0145982634363
2020-07-31,quality,post_publication,1.0376915023043136,0.00360258111987
2020-08-31,quality,post_publication,1.1459511919082754,0.00397842915654
2020-09-30,quality,post_publication,1.309763159242174,0.00454713950968
2020-10-31,quality,post_publication,2.225421515159947,0.00772605491754
2020-11-30,quality,post_publication,-25.247605061219943,-0.0876527803432
2020-12-31,quality,post_publication,-3.1893741624591594,-0.0110726348981
2021-01-31,quality,post_publication,-13.195728466045884,-0.0458119606156
2021-02-28,quality,post_publication,1.324827224815389,0.0045994378258
2021-03-31,quality,post_publication,14.011120684893193,0.0486427794152
2021-04-30,quality,post_publication,5.049599068870154,0.0175308270599
2021-05-31,quality,post_publication,5.297171657536705,0.0183903313844
2021-06-30,quality,post_publication,-7.007459439262123,-0.0243279828524
2021-07-31,quality,post_publication,19.261087166468666,0.0668692273378
2021-08-31,quality,post_publication,-1.0763899708179359,-0.00373693161973
2021-09-30,quality,post_publication,-4.590521111656653,-0.0159370339359
2021-10-31,quality,post_publication,5.515747640856616,0.0191491674248
2021-11-30,quality,post_publication,13.859834387725925,0.0481175547635
2021-12-31,quality,post_publication,13.180216237414328,0.0457581063999
2022-01-31,quality,post_publication,8.84073209123833,0.0306926041574
2022-02-28,quality,post_publication,-7.261615410719295,-0.0252103428816
2022-03-31,quality,post_publication,-0.9409038896426895,-0.00326656099709
2022-04-30,quality,post_publication,14.101524258783305,0.0489566359012
2022-05-31,quality,post_publication,9.90706422077325,0.0343946177027
2022-06-30,quality,post_publication,13.99433944648789,0.0485845195446
2022-07-31,quality,post_publication,-10.917620748009607,-0.0379029936097
2022-08-31,quality,post_publication,-9.673482748158575,-0.033583686707
2022-09-30,quality,post_publication,12.149299324081193,0.0421790448003
2022-10-31,quality,post_publication,10.64748772576814,0.0369651656294
2022-11-30,quality,post_publication,12.65273768411181,0.0439268451117
2022-12-31,quality,post_publication,8.464802087844413,0.0293874779907
2023-01-31,quality,post_publication,-23.2845533083451,-0.0808376014904
2023-02-28,quality,post_publication,7.8591462592721175,0.0272848065818
2023-03-31,quality,post_publication,7.985717400586512,0.0277242269712
2023-04-30,quality,post_publication,3.0393959645500113,0.0105519516093
2023-05-31,quality,post_publication,-12.489726766692101,-0.0433609157848
2023-06-30,quality,post_publication,-4.208326604678184,-0.0146101591259
2023-07-31,quality,post_publication,0.013940083967261348,4.83961593579e-05
2023-08-31,quality,post_publication,11.103437166866668,0.038548097401
2023-09-30,quality,post_publication,14.398634365324241,0.0499881209408
2023-10-31,quality,post_publication,11.292569497272684,0.0392047131304
2023-11-30,quality,post_publication,-9.664752298301247,-0.0335533769726
2023-12-31,quality,post_publication,-16.1496464411508,-0.0560671560211
2024-01-31,quality,post_publication,-0.8902684853577169,-0.00309076872061
2024-02-29,quality,post_publication,-15.745950869492642,-0.0546656353944
2024-03-31,quality,post_publication,-4.53120099457877,-0.0157310907116
2024-04-30,quality,post_publication,7.477672838755219,0.0259604351868
2024-05-31,quality,post_publication,-4.753943435069062,-0.0165043915519
2024-06-30,quality,post_publication,4.24725017751179,0.0147452911264
2024-07-31,quality,post_publication,-4.799814944435809,-0.016663644888
2024-08-31,quality,post_publication,2.641473713289992,0.0091704743722
2024-09-30,quality,post_publication,-3.4117593910006376,-0.0118446955962
2024-10-31,quality,post_publication,-6.268131115948654,-0.021761237097
2024-11-30,quality,post_publication,-6.731647156680836,-0.0233704380333
2024-12-31,quality,post_publication,4.312877591435346,0.0149731315605
2025-01-31,quality,post_publication,-1.29167367870172,-0.00448433778015
2025-02-28,quality,post_publication,7.439837460416752,0.0258290811
2025-03-31,quality,post_publication,10.207770657320998,0.0354385882166
2025-04-30,quality,post_publication,-5.823555495899632,-0.0202177921217
2025-05-31,quality,post_publication,-5.015706505317508,-0.0174131613478
2025-06-30,quality,post_publication,-12.38039681832885,-0.0429813521024
2025-07-31,quality,post_publication,-1.9464065898043206,-0.00675739139855
2025-08-31,quality,post_publication,-1.664518561351423,-0.00577875325131
2025-09-30,quality,post_publication,-20.392583631834583,-0.0707974736367
2025-10-31,quality,post_publication,-11.358257716100686,-0.0394327646625
2025-11-30,quality,post_publication,5.34353758986117,0.0185513012218
2025-12-31,quality,post_publication,4.936954122163515,0.0171397546098
2026-01-31,quality,post_publication,-0.8748097115701192,-0.00303710008551
2026-02-28,quality,post_publication,2.515189870430993,0.00873205140447
2026-03-31,quality,post_publication,0.9757044168012147,0.00338737891053
2026-04-30,quality,post_publication,-18.06193204994423,-0.0627060887046
2026-05-31,quality,post_publication,-21.788302924610974,-0.0756430293357
2026-06-30,quality,post_publication,-0.29135862276769403,-0.00101151746079
1966-07-31,bab,in_sample,3.1417066121460238,0.00429823359519
1966-08-31,bab,in_sample,-18.123414896924984,-0.0247950176087
1966-09-30,bab,in_sample,20.649939595685762,0.0282516081437
1966-10-31,bab,in_sample,54.23111715183951,0.0741947095714
1966-11-30,bab,in_sample,-59.12356029474071,-0.0808881619129
1966-12-31,bab,in_sample,1.8166674220097543,0.00248542015807
1967-01-31,bab,in_sample,-13.268690537938147,-0.0181531691132
1967-02-28,bab,in_sample,-16.220482925953892,-0.0221915771425
1967-03-31,bab,in_sample,-7.045265297289631,-0.00963877272014
1967-04-30,bab,in_sample,-15.336512927892187,-0.0209821995615
1967-05-31,bab,in_sample,-6.415616115189984,-0.00877733669132
1967-06-30,bab,in_sample,-11.012701592850732,-0.015066704121
1967-07-31,bab,in_sample,-22.3148560245638,-0.0305294146391
1967-08-31,bab,in_sample,-8.484877000443744,-0.0116083351747
1967-09-30,bab,in_sample,3.2647364075910166,0.0044665531951
1967-10-31,bab,in_sample,-4.969870362060352,-0.00679938211651
1967-11-30,bab,in_sample,9.944160541200901,0.0136048110759
1967-12-31,bab,in_sample,-8.052279507032532,-0.0110164896242
1968-01-31,bab,in_sample,9.355154537520146,0.0127989798175
1968-02-29,bab,in_sample,8.52243668128124,0.0116597213485
1968-03-31,bab,in_sample,-14.34184908910657,-0.0196213794546
1968-04-30,bab,in_sample,-26.41768499037352,-0.0361425795438
1968-05-31,bab,in_sample,-24.627324369948333,-0.0336931502634
1968-06-30,bab,in_sample,28.90889936954249,0.0395508613025
1968-07-31,bab,in_sample,22.561130534574144,0.0308663478742
1968-08-31,bab,in_sample,-6.024388374314107,-0.00824208995227
1968-09-30,bab,in_sample,-11.448387880437728,-0.0156627755145
1968-10-31,bab,in_sample,5.202350758330467,0.00711744334018
1968-11-30,bab,in_sample,3.283447265809889,0.00449215190603
1968-12-31,bab,in_sample,-18.212787378630473,-0.0249172899437
1969-01-31,bab,in_sample,3.742556318168498,0.00512026846697
1969-02-28,bab,in_sample,15.44268345662615,0.021127453651
1969-03-31,bab,in_sample,10.792904088884086,0.0147659946238
1969-04-30,bab,in_sample,4.581188021152448,0.00626761779164
1969-05-31,bab,in_sample,12.199310487311188,0.0166901282163
1969-06-30,bab,in_sample,16.742624921941207,0.0229059303733
1969-07-31,bab,in_sample,9.041235323227841,0.0123695004677
1969-08-31,bab,in_sample,-6.2440243534729865,-0.00854257846405
1969-09-30,bab,in_sample,-9.916996233111693,-0.0135676470259
1969-10-31,bab,in_sample,-8.963859171941658,-0.0122636405597
1969-11-30,bab,in_sample,3.897489317052686,0.00533223549732
1969-12-31,bab,in_sample,11.734881702643541,0.0160547336199
1970-01-31,bab,in_sample,-0.8616699514032297,-0.00117886842736
1970-02-28,bab,in_sample,10.30459547085652,0.014097929535
1970-03-31,bab,in_sample,23.372190926926685,0.0319759763203
1970-04-30,bab,in_sample,32.74387959329809,0.0447975768204
1970-05-31,bab,in_sample,19.462168992909657,0.0266265946913
1970-06-30,bab,in_sample,14.788746333451362,0.0202327887892
1970-07-31,bab,in_sample,10.390090946086112,0.0142148976575
1970-08-31,bab,in_sample,-18.49499940395501,-0.0253033900345
1970-09-30,bab,in_sample,-61.91811443007665,-0.0847114490466
1970-10-31,bab,in_sample,42.34659651872138,0.0579352518453
1970-11-30,bab,in_sample,25.426279888381874,0.0347862177819
1970-12-31,bab,in_sample,3.0566776610379898,0.00418190373396
1971-01-31,bab,in_sample,-36.48284647812168,-0.0499129345096
1971-02-28,bab,in_sample,-5.907975600602228,-0.00808282323623
1971-03-31,bab,in_sample,-8.689143550850005,-0.0118877964541
1971-04-30,bab,in_sample,-6.953510327611567,-0.00951324085422
1971-05-31,bab,in_sample,-11.972675534899198,-0.0163800642649
1971-06-30,bab,in_sample,13.598994231776564,0.0186050644073
1971-07-31,bab,in_sample,12.256973543915663,0.016769018233
1971-08-31,bab,in_sample,-12.0684402478729,-0.0165110819433
1971-09-30,bab,in_sample,1.515225426013762,0.00207301114789
1971-10-31,bab,in_sample,10.147378315439342,0.013882837503
1971-11-30,bab,in_sample,10.496793215289337,0.0143608792321
1971-12-31,bab,in_sample,7.402643779815026,0.0101277095909
1972-01-31,bab,in_sample,-39.20282563857837,-0.0536341940825
1972-02-29,bab,in_sample,-3.911351331589603,-0.00535120040523
1972-03-31,bab,in_sample,3.175371447334921,0.00434429115035
1972-04-30,bab,in_sample,-2.2006913064474483,-0.00301081115259
1972-05-31,bab,in_sample,9.436137587372993,0.0129097743978
1972-06-30,bab,in_sample,19.777025856472143,0.0270573568584
1972-07-31,bab,in_sample,28.46970837335516,0.0389499950449
1972-08-31,bab,in_sample,35.0702560955619,0.0479803404809
1972-09-30,bab,in_sample,19.75783766265808,0.0270311050948
1972-10-31,bab,in_sample,18.71107641739692,0.0255990094519
1972-11-30,bab,in_sample,6.9341677919602045,0.00948677793237
1972-12-31,bab,in_sample,22.129235799082508,0.0302754637813
1973-01-31,bab,in_sample,27.067020866909534,0.0370309493452
1973-02-28,bab,in_sample,12.634324824642354,0.0172852803008
1973-03-31,bab,in_sample,9.110510059079306,0.0124642766622
1973-04-30,bab,in_sample,17.442370208830354,0.0238632663284
1973-05-31,bab,in_sample,43.287259741501764,0.059222192596
1973-06-30,bab,in_sample,24.229755795867405,0.0331492284997
1973-07-31,bab,in_sample,-57.39021302811777,-0.0785167337774
1973-08-31,bab,in_sample,-7.671819988011145,-0.0104959751115
1973-09-30,bab,in_sample,-20.29111074898025,-0.0277606869998
1973-10-31,bab,in_sample,11.527227578484387,0.015770637731
1973-11-30,bab,in_sample,12.288253371149498,0.0168118128096
1973-12-31,bab,in_sample,16.517362258838954,0.0225977438792
1974-01-31,bab,in_sample,-49.785030413396875,-0.0681119266303
1974-02-28,bab,in_sample,-10.758793194677082,-0.0147193268061
1974-03-31,bab,in_sample,-6.822718898322397,-0.00933430240301
1974-04-30,bab,in_sample,-17.10053686338084,-0.0233955970802
1974-05-31,bab,in_sample,-0.8166201865650543,-0.0011172349152
1974-06-30,bab,in_sample,8.116565164651579,0.0111044401579
1974-07-31,bab,in_sample,-20.894110512957383,-0.0285856634102
1974-08-31,bab,in_sample,-33.71069319368477,-0.0461202944419
1974-09-30,bab,in_sample,-30.26150819378401,-0.0414013933245
1974-10-31,bab,in_sample,74.47416234411175,0.101889637092
1974-11-30,bab,in_sample,-3.3507266717380135,-0.00458419824852
1974-12-31,bab,in_sample,-7.436870534566626,-0.0101745359198
1975-01-31,bab,in_sample,68.96460117139446,0.0943518928495
1975-02-28,bab,in_sample,-0.39961870420021073,-0.000546726588988
1975-03-31,bab,in_sample,-44.308969656915316,-0.060620014998
1975-04-30,bab,in_sample,-12.105179447691148,-0.0165613456001
1975-05-31,bab,in_sample,1.2764603892667303,0.001746351778
1975-06-30,bab,in_sample,-13.158171953837558,-0.0180019663595
1975-07-31,bab,in_sample,4.39231329562351,0.00600921438522
1975-08-31,bab,in_sample,13.779005933569978,0.0188513421282
1975-09-30,bab,in_sample,4.145001515316815,0.00567086203924
1975-10-31,bab,in_sample,-2.4415780139883485,-0.00334037322404
1975-11-30,bab,in_sample,-3.554771113328897,-0.00486335565627
1975-12-31,bab,in_sample,8.314899275193413,0.011375785144
1976-01-31,bab,in_sample,-25.904694917780493,-0.0354407472481
1976-02-29,bab,in_sample,-36.44457887403056,-0.0498605798114
1976-03-31,bab,in_sample,18.365662712268826,0.0251264418398
1976-04-30,bab,in_sample,19.007591432331466,0.0260046777577
1976-05-31,bab,in_sample,9.561685226524125,0.0130815387116
1976-06-30,bab,in_sample,-4.396666425908168,-0.00601516999252
1976-07-31,bab,in_sample,14.636055644643646,0.0200238895095
1976-08-31,bab,in_sample,17.549875290215983,0.0240103462469
1976-09-30,bab,in_sample,10.917164551396379,0.0149359979247
1976-10-31,bab,in_sample,8.49305406322896,0.0116195223829
1976-11-30,bab,in_sample,-18.640771148286667,-0.0255028233636
1976-12-31,bab,in_sample,5.502644777607089,0.00752828177974
1977-01-31,bab,in_sample,-9.429002068571636,-0.0129000121474
1977-02-28,bab,in_sample,2.7911513739967333,0.00381863174575
1977-03-31,bab,in_sample,-1.9373206044977864,-0.00265048826479
1977-04-30,bab,in_sample,-0.5711052763396287,-0.000781340904228
1977-05-31,bab,in_sample,-4.834223066119273,-0.00661380025401
1977-06-30,bab,in_sample,-12.838943900617833,-0.0175652238777
1977-07-31,bab,in_sample,-4.4771890182025125,-0.00612533461134
1977-08-31,bab,in_sample,-15.120789398195244,-0.0206870637525
1977-09-30,bab,in_sample,1.0235060812674348,0.00140027977354
1977-10-31,bab,in_sample,-1.001597868561698,-0.00137030669601
1977-11-30,bab,in_sample,-20.472084149604633,-0.0280082804407
1977-12-31,bab,in_sample,-3.814532928436911,-0.00521874115157
1978-01-31,bab,in_sample,-9.752094641868208,-0.0133420417588
1978-02-28,bab,in_sample,-15.381030213174219,-0.0210431045774
1978-03-31,bab,in_sample,-29.952496232409576,-0.0409786276886
1978-04-30,bab,in_sample,-9.09926321893571,-0.0124488896283
1978-05-31,bab,in_sample,-30.82981996538825,-0.0421789123773
1978-06-30,bab,in_sample,-6.6927724525119325,-0.00915651999112
1978-07-31,bab,in_sample,-23.78444935913829,-0.0325399955818
1978-08-31,bab,in_sample,-19.25959041538224,-0.0263494427624
1978-09-30,bab,in_sample,22.54577667300157,0.0308453419396
1978-10-31,bab,in_sample,44.11263394568262,0.0603514040632
1978-11-30,bab,in_sample,-10.021131661532744,-0.0137101168527
1978-12-31,bab,in_sample,-2.6662258920283293,-0.00364771861802
1979-01-31,bab,in_sample,3.0523087187703104,0.00417592649396
1979-02-28,bab,in_sample,13.868933898241952,0.0189743744309
1979-03-31,bab,in_sample,-12.19006067291363,-0.0166774733545
1979-04-30,bab,in_sample,-6.029375192139108,-0.00824891252056
1979-05-31,bab,in_sample,0.14589072791594454,0.000199596112995
1979-06-30,bab,in_sample,9.047818794724696,0.0123785074508
1979-07-31,bab,in_sample,-5.936072401201383,-0.00812126304846
1979-08-31,bab,in_sample,-5.894113912008794,-0.00806385877425
1979-09-30,bab,in_sample,7.357473515045998,0.0100659112203
1979-10-31,bab,in_sample,1.3787377014701456,0.00188627947769
1979-11-30,bab,in_sample,-0.5286374485366284,-0.000723239793363
1979-12-31,bab,in_sample,-28.346509796308034,-0.0387814445314
1980-01-31,bab,in_sample,8.050809134046453,0.0110144779766
1980-02-29,bab,in_sample,25.780901017200748,0.0352713822602
1980-03-31,bab,in_sample,0.8950435064268832,0.00122452747612
1980-04-30,bab,in_sample,5.347910895925141,0.00731658716574
1980-05-31,bab,in_sample,-2.8407980764237966,-0.00388655442301
1980-06-30,bab,in_sample,2.758182856052611,0.00377352683657
1980-07-31,bab,in_sample,-30.009840162035108,-0.0410570811011
1980-08-31,bab,in_sample,-22.697066982140072,-0.031052325331
1980-09-30,bab,in_sample,-21.709533549960366,-0.0297012604804
1980-10-31,bab,in_sample,-12.76203306195915,-0.0174600005735
1980-11-30,bab,in_sample,-11.949481573667004,-0.0163483321283
1980-12-31,bab,in_sample,4.087913508769349,0.00559275876038
1981-01-31,bab,in_sample,24.456163941888445,0.0334589821526
1981-02-28,bab,in_sample,14.71795521653593,0.0201359380025
1981-03-31,bab,in_sample,-24.660113563513757,-0.0337380098352
1981-04-30,bab,in_sample,-12.404764681831086,-0.0169712143361
1981-05-31,bab,in_sample,-14.871838946130573,-0.0203464695059
1981-06-30,bab,in_sample,25.952595326623,0.0355062807851
1981-07-31,bab,in_sample,-20.636662251095956,-0.0282334431348
1981-08-31,bab,in_sample,11.056475369127922,0.0151265919269
1981-09-30,bab,in_sample,27.523460094115993,0.0376554132633
1981-10-31,bab,in_sample,-28.437210605336897,-0.0389055341784
1981-11-30,bab,in_sample,24.878749139447283,0.0340371296747
1981-12-31,bab,in_sample,0.9288712023291502,0.00127080784438
1982-01-31,bab,in_sample,32.80838639457638,0.0448858299053
1982-02-28,bab,in_sample,25.40613378253746,0.0347586554791
1982-03-31,bab,in_sample,32.569623893563374,0.0445591740046
1982-04-30,bab,in_sample,-2.609902599428892,-0.00357066156008
1982-05-31,bab,in_sample,-3.024491683774174,-0.00413786943482
1982-06-30,bab,in_sample,11.789148030600575,0.0161289765021
1982-07-31,bab,in_sample,19.48273699488805,0.0266547341989
1982-08-31,bab,in_sample,32.464019535888596,0.0444146945054
1982-09-30,bab,in_sample,10.09140353409933,0.0138062572505
1982-10-31,bab,in_sample,1.6337838595958691,0.00223521338544
1982-11-30,bab,in_sample,2.7390392429057435,0.0037473360647
1982-12-31,bab,in_sample,1.6286259070794282,0.00222815668425
1983-01-31,bab,in_sample,-22.184297241947412,-0.0303507944766
1983-02-28,bab,in_sample,6.703480553709769,0.00917116996516
1983-03-31,bab,in_sample,9.8575014648401,0.0134862510067
1983-04-30,bab,in_sample,17.54801911060391,0.0240078067693
1983-05-31,bab,in_sample,-51.00256378433245,-0.0697776591395
1983-06-30,bab,in_sample,-11.704362877974448,-0.0160129801866
1983-07-31,bab,in_sample,14.701684565915299,0.0201136777899
1983-08-31,bab,in_sample,18.726406701443103,0.0256199831296
1983-09-30,bab,in_sample,13.808329262697828,0.0188914599794
1983-10-31,bab,in_sample,18.470233649658667,0.0252695074954
1983-11-30,bab,in_sample,-14.67847539272028,-0.0200819248415
1983-12-31,bab,in_sample,-11.842636939019329,-0.0162021557806
1984-01-31,bab,in_sample,12.454781987429335,0.0170396440432
1984-02-29,bab,in_sample,-4.730667611677807,-0.00647212390157
1984-03-31,bab,in_sample,-5.426449280802294,-0.00742403714948
1984-04-30,bab,in_sample,11.112819298986683,0.0152036772191
1984-05-31,bab,in_sample,-1.7654750364166736,-0.0024153827998
1984-06-30,bab,in_sample,17.88474177289986,0.0244684839865
1984-07-31,bab,in_sample,27.81619420499293,0.0380559088363
1984-08-31,bab,in_sample,-12.001794861692668,-0.0164199030163
1984-09-30,bab,in_sample,23.28087518271721,0.0318510453678
1984-10-31,bab,in_sample,23.944586775637912,0.0327590828832
1984-11-30,bab,in_sample,14.091734245556397,0.01927919218
1984-12-31,bab,in_sample,7.352664582479507,0.0100593320205
1985-01-31,bab,in_sample,-31.06440415739819,-0.0424998518473
1985-02-28,bab,in_sample,15.838724492951377,0.0216692855588
1985-03-31,bab,in_sample,26.862735697238534,0.0367514625924
1985-04-30,bab,in_sample,13.34514661355085,0.0182577702467
1985-05-31,bab,in_sample,33.58742842028131,0.0459516533638
1985-06-30,bab,in_sample,13.132603249140002,0.0179669852874
1985-07-31,bab,in_sample,-29.55740640848613,-0.0404380971541
1985-08-31,bab,in_sample,12.384915342656459,0.0169440580459
1985-09-30,bab,in_sample,9.727933810696664,0.0133089868275
1985-10-31,bab,in_sample,20.99937940371967,0.0287296839502
1985-11-30,bab,in_sample,10.70122130013702,0.0146405615101
1985-12-31,bab,in_sample,6.8621184541350155,0.0093882057477
1986-01-31,bab,in_sample,2.657166502134551,0.00363532427991
1986-02-28,bab,in_sample,15.057420372620559,0.020600367282
1986-03-31,bab,in_sample,16.01215692536281,0.0219065620456
1986-04-30,bab,in_sample,4.851090949936014,0.00663687755366
1986-05-31,bab,in_sample,10.939015076330366,0.0149658920784
1986-06-30,bab,in_sample,33.18070420332412,0.0453952055763
1986-07-31,bab,in_sample,29.811008339602594,0.0407850551851
1986-08-31,bab,in_sample,18.982374496544697,0.0259701779479
1986-09-30,bab,in_sample,-15.853778778672021,-0.0216898816375
1986-10-31,bab,in_sample,-0.6866802306765122,-0.000939461382306
1986-11-30,bab,in_sample,4.761345177979012,0.00651409451257
1986-12-31,bab,in_sample,2.8563397377169606,0.00390781729028
1987-01-31,bab,in_sample,-4.075019833194304,-0.00557511865697
1987-02-28,bab,in_sample,-37.69286228682149,-0.0515683820869
1987-03-31,bab,in_sample,13.199641460917992,0.0180587016472
1987-04-30,bab,in_sample,-2.3813558232394407,-0.00325798200315
1987-05-31,bab,in_sample,3.7519310780771575,0.0051330942693
1987-06-30,bab,in_sample,22.155780295739763,0.0303117798545
1987-07-31,bab,in_sample,-2.750953371150453,-0.00376363602921
1987-08-31,bab,in_sample,-1.1542819341156805,-0.0015791969143
1987-09-30,bab,in_sample,4.473052806072483,0.00611967577424
1987-10-31,bab,in_sample,49.305468423139615,0.0674558279833
1987-11-30,bab,in_sample,-10.583579097355408,-0.0144796127868
1987-12-31,bab,in_sample,-21.84070574603481,-0.0298807198665
1988-01-31,bab,in_sample,27.56645389055434,0.0377142339627
1988-02-29,bab,in_sample,-24.824985667956565,-0.0339635747608
1988-03-31,bab,in_sample,-9.82297728521651,-0.0134390177647
1988-04-30,bab,in_sample,1.1708570195238517,0.00160187363041
1988-05-31,bab,in_sample,13.389751721937312,0.0183187954152
1988-06-30,bab,in_sample,-23.827813879248886,-0.0325993234759
1988-07-31,bab,in_sample,9.49788485798759,0.0129942521119
1988-08-31,bab,in_sample,10.492536505669756,0.0143550555399
1988-09-30,bab,in_sample,0.26847907706111857,0.00036731176112
1988-10-31,bab,in_sample,19.028409640830557,0.026033159578
1988-11-30,bab,in_sample,11.80785292492278,0.0161545670537
1988-12-31,bab,in_sample,-6.582152326194918,-0.00900517831542
1989-01-31,bab,in_sample,-3.490578401403547,-0.00477553228349
1989-02-28,bab,in_sample,-10.199473663763024,-0.0139541102232
1989-03-31,bab,in_sample,10.625688918519105,0.0145372241014
1989-04-30,bab,in_sample,12.396886246151038,0.0169604356858
1989-05-31,bab,in_sample,-2.914837579086806,-0.00398784939323
1989-06-30,bab,in_sample,17.30044973377021,0.0236691020002
1989-07-31,bab,in_sample,7.565565453891696,0.0103506060925
1989-08-31,bab,in_sample,-15.21921407429591,-0.0208217205813
1989-09-30,bab,in_sample,-0.49252552730261256,-0.000673834329328
1989-10-31,bab,in_sample,23.135554339052785,0.0316522289252
1989-11-30,bab,in_sample,11.945183817447282,0.0163424522794
1989-12-31,bab,in_sample,26.292943690359895,0.0359719183992
1990-01-31,bab,in_sample,-9.392078475216383,-0.012849496218
1990-02-28,bab,in_sample,-11.900106372271955,-0.0162807808972
1990-03-31,bab,in_sample,-19.24267844287247,-0.0263263051441
1990-04-30,bab,in_sample,-4.774602476521988,-0.00653223209606
1990-05-31,bab,in_sample,-17.99952081402353,-0.0246255155593
1990-06-30,bab,in_sample,-3.0104719855235618,-0.00411868879657
1990-07-31,bab,in_sample,26.765550506806267,0.0366185015295
1990-08-31,bab,in_sample,15.357192684052093,0.0210104919623
1990-09-30,bab,in_sample,34.86144208251732,0.0476946577241
1990-10-31,bab,in_sample,37.19483729699558,0.0508870238295
1990-11-30,bab,in_sample,-33.83454323529398,-0.0462897362375
1990-12-31,bab,in_sample,-12.353353899098284,-0.0169008781842
1991-01-31,bab,in_sample,-56.04814461303231,-0.0766806223065
1991-02-28,bab,in_sample,1.8747855703373681,0.00256493279514
1991-03-31,bab,in_sample,-9.404387396202656,-0.0128663363066
1991-04-30,bab,in_sample,2.3678031344696358,0.0032394402902
1991-05-31,bab,in_sample,-22.668850510096956,-0.0310137217938
1991-06-30,bab,in_sample,9.025622050756077,0.0123481396277
1991-07-31,bab,in_sample,5.301583117646039,0.00725320517704
1991-08-31,bab,in_sample,-4.543441244684324,-0.00621597564845
1991-09-30,bab,in_sample,11.654105310007942,0.0159442217716
1991-10-31,bab,in_sample,10.933456536831786,0.0149582873259
1991-11-30,bab,in_sample,6.341736974907995,0.00867626111618
1991-12-31,bab,in_sample,-1.3956288066458498,-0.00190938854696
1992-01-31,bab,in_sample,-59.45561507438733,-0.0813424529036
1992-02-29,bab,in_sample,-24.092691031851547,-0.0329617073699
1992-03-31,bab,in_sample,5.959318460128037,0.00815306646099
1992-04-30,bab,in_sample,44.98233390356828,0.061541258508
1992-05-31,bab,in_sample,13.383853929456556,0.0183107265237
1992-06-30,bab,in_sample,16.012829235309148,0.0219074818467
1992-07-31,bab,in_sample,18.3214512210039,0.025065955187
1992-08-31,bab,in_sample,13.28497299533939,0.0181754454789
1992-09-30,bab,in_sample,-9.170136002334667,-0.0125458521446
1992-10-31,bab,in_sample,-31.20659791238321,-0.0426943900554
1992-11-30,bab,in_sample,-44.971016912153914,-0.0615257754987
1992-12-31,bab,in_sample,-0.7651709862693089,-0.00104684620344
1993-01-31,bab,in_sample,-9.930979015501748,-0.0135867771588
1993-02-28,bab,in_sample,37.3519740423243,0.0511020058508
1993-03-31,bab,in_sample,-1.7612712177768741,-0.00240963146884
1993-04-30,bab,in_sample,3.866938622174643,0.00529043846173
1993-05-31,bab,in_sample,-18.294520500213608,-0.0250291107126
1993-06-30,bab,in_sample,3.583443668615915,0.00490258317036
1993-07-31,bab,in_sample,2.5931045837061375,0.00354767984841
1993-08-31,bab,in_sample,8.329121632146869,0.0113952430438
1993-09-30,bab,in_sample,-17.475420502619706,-0.0239084831168
1993-10-31,bab,in_sample,7.201520085798779,0.00985254811813
1993-11-30,bab,in_sample,-15.648640485026633,-0.0214092277082
1993-12-31,bab,in_sample,-0.8870830894226497,-0.00121363666548
1994-01-31,bab,in_sample,-12.372246038387365,-0.0169267249095
1994-02-28,bab,in_sample,-21.55636170284627,-0.0294917029181
1994-03-31,bab,in_sample,3.0225225163832143,0.00413517537631
1994-04-30,bab,in_sample,17.55384266781726,0.024015774098
1994-05-31,bab,in_sample,-6.415541663538149,-0.00877723483248
1994-06-30,bab,in_sample,6.651068060374202,0.00909946335233
1994-07-31,bab,in_sample,2.7615534041356353,0.0037781381529
1994-08-31,bab,in_sample,-20.545531922409396,-0.0281087658531
1994-09-30,bab,in_sample,1.5946047141080377,0.00218161158866
1994-10-31,bab,in_sample,8.501748681403756,0.0116314176693
1994-11-30,bab,in_sample,-2.369017179844606,-0.00324110125071
1994-12-31,bab,in_sample,4.387574514759042,0.00600273116141
1995-01-31,bab,in_sample,13.0640626784535,0.0178732135194
1995-02-28,bab,in_sample,-13.850194751457396,-0.0189487370178
1995-03-31,bab,in_sample,7.915848658248929,0.0108298357669
1995-04-30,bab,in_sample,13.446787276413668,0.0183968269333
1995-05-31,bab,in_sample,1.6997189770713927,0.00232542057918
1995-06-30,bab,in_sample,-25.741882211508212,-0.0352179998276
1995-07-31,bab,in_sample,-13.045258182387048,-0.0178474867006
1995-08-31,bab,in_sample,-9.713026324093873,-0.0132885915877
1995-09-30,bab,in_sample,19.03512983309413,0.0260423536116
1995-10-31,bab,in_sample,24.67587876615681,0.033759578534
1995-11-30,bab,in_sample,13.197287363293068,0.0180554809577
1995-12-31,bab,in_sample,24.846900794943004,0.0339935572979
1996-01-31,bab,in_sample,10.39320665353218,0.0142191603211
1996-02-29,bab,in_sample,-16.071998606832977,-0.0219884326839
1996-03-31,bab,in_sample,-3.3132692934958046,-0.00453295203701
1996-04-30,bab,in_sample,-7.32476335486293,-0.0100211597757
1996-05-31,bab,in_sample,-4.323813819844295,-0.00591549884001
1996-06-30,bab,in_sample,14.808023278285111,0.0202591619749
1996-07-31,bab,in_sample,-3.614900895361617,-0.00494562045089
1996-08-31,bab,in_sample,-5.2420495240111995,-0.00717175604006
1996-09-30,bab,in_sample,-15.367466165135514,-0.0210245473236
1996-10-31,bab,in_sample,14.01135149525941,0.0191692188819
1996-11-30,bab,in_sample,-0.5987775988943049,-0.000819199979293
1996-12-31,bab,in_sample,0.5651985997138429,0.000773259858146
1997-01-31,bab,in_sample,-14.051207508128,-0.0192237467149
1997-02-28,bab,in_sample,13.28664684862985,0.0181777355121
1997-03-31,bab,in_sample,13.919651431500425,0.0190437621339
1997-04-30,bab,in_sample,4.144323362384202,0.00566993424423
1997-05-31,bab,in_sample,6.287960768874897,0.00860268877989
1997-06-30,bab,in_sample,17.32795489126516,0.0237067323733
1997-07-31,bab,in_sample,2.761354702503478,0.0037778663051
1997-08-31,bab,in_sample,-12.967255227302985,-0.0177407692494
1997-09-30,bab,in_sample,-3.721861204831961,-0.0050919550557
1997-10-31,bab,in_sample,0.553747002400378,0.00075759269174
1997-11-30,bab,in_sample,10.473041637872315,0.0143283842093
1997-12-31,bab,in_sample,7.941517289515892,0.0108649535506
1998-01-31,bab,in_sample,-8.205765756688335,-0.0112264773271
1998-02-28,bab,in_sample,-0.4514264267535393,-0.000617605802441
1998-03-31,bab,in_sample,32.418773020240415,0.0443527918144
1998-04-30,bab,in_sample,-2.2258135579438174,-0.00304518142286
1998-05-31,bab,in_sample,5.920445338461613,0.00809988334171
1998-06-30,bab,in_sample,-4.247134908945177,-0.00581059284096
1998-07-31,bab,in_sample,-16.391728715200777,-0.0224258620377
1998-08-31,bab,in_sample,27.290743376847942,0.037337028724
1998-09-30,bab,in_sample,3.5624696562446894,0.00487388819157
1998-10-31,bab,in_sample,-4.277685729309232,-0.00585239004823
1998-11-30,bab,in_sample,-9.569858005768898,-0.0130927200594
1998-12-31,bab,in_sample,-31.231977756101404,-0.0427291127429
1999-01-31,bab,in_sample,-66.34255358183222,-0.090764615478
1999-02-28,bab,in_sample,20.59014774045098,0.0281698056737
1999-03-31,bab,in_sample,-30.567341742422506,-0.0418198105084
1999-04-30,bab,in_sample,19.915674533901605,0.0272470449728
1999-05-31,bab,in_sample,1.661241031358361,0.00227277810827
1999-06-30,bab,in_sample,-26.801313699990764,-0.0366674298915
1999-07-31,bab,in_sample,7.870960224112829,0.0107684229746
1999-08-31,bab,in_sample,-6.0416404181110925,-0.00826569282911
1999-09-30,bab,in_sample,-24.99986061776922,-0.0342028247854
1999-10-31,bab,in_sample,1.4537185710506881,0.0019888623514
1999-11-30,bab,in_sample,-33.360532034706914,-0.0456412317403
1999-12-31,bab,in_sample,-83.99703315554757,-0.114918073002
2000-01-31,bab,in_sample,19.827657571054715,0.0271266271511
2000-02-29,bab,in_sample,-131.52857043077083,-0.179946949205
2000-03-31,bab,in_sample,46.04955641233905,0.0630013476274
2000-04-30,bab,in_sample,53.96970569270998,0.0738370671641
2000-05-31,bab,in_sample,57.955611962911846,0.0792902677181
2000-06-30,bab,in_sample,-27.290319579785088,-0.0373364489185
2000-07-31,bab,in_sample,-13.417011451729973,-0.0183560900136
2000-08-31,bab,in_sample,-1.1060199187575603,-0.00151316865597
2000-09-30,bab,in_sample,64.78690044532388,0.0886362943458
2000-10-31,bab,in_sample,43.2519135474415,0.0591738347391
2000-11-30,bab,in_sample,85.8121874280286,0.117401422989
2000-12-31,bab,in_sample,30.427444555120317,0.0416284142819
2001-01-31,bab,in_sample,-89.18771113813207,-0.122019546577
2001-02-28,bab,in_sample,82.7216569908582,0.113173204574
2001-03-31,bab,in_sample,6.423733221565762,0.00878844187192
2001-04-30,bab,in_sample,-7.662966697934933,-0.0104838627428
2001-05-31,bab,in_sample,12.640331082194047,0.0172934975856
2001-06-30,bab,in_sample,-41.70859400598656,-0.0570623874526
2001-07-31,bab,in_sample,36.62806516551563,0.0501116111901
2001-08-31,bab,in_sample,26.059534750573746,0.035652586816
2001-09-30,bab,in_sample,44.001848335272435,0.0601998359853
2001-10-31,bab,in_sample,-46.268198879258556,-0.0633004768946
2001-11-30,bab,in_sample,-37.1241262824472,-0.0507902826325
2001-12-31,bab,in_sample,5.516645387657701,0.00754743630303
2002-01-31,bab,in_sample,7.530567501421648,0.0103027246721
2002-02-28,bab,in_sample,63.131269081975006,0.08637119094
2002-03-31,bab,in_sample,8.602517911234008,0.0117692821304
2002-04-30,bab,in_sample,28.710285531910326,0.039279133616
2002-05-31,bab,in_sample,-3.0306732565039685,-0.00414632657193
2002-06-30,bab,in_sample,-24.183878840776988,-0.0330864632915
2002-07-31,bab,in_sample,-21.40001445128362,-0.0292778010195
2002-08-31,bab,in_sample,15.012802008092974,0.0205393239775
2002-09-30,bab,in_sample,-23.72223318820083,-0.0324548763555
2002-10-31,bab,in_sample,-22.66077855244501,-0.0310026783821
2002-11-30,bab,in_sample,-65.41971263236596,-0.0895020577469
2002-12-31,bab,in_sample,48.174616241965936,0.0659086857971
2003-01-31,bab,in_sample,-14.428905871628956,-0.0197404836338
2003-02-28,bab,in_sample,-22.08719426853493,-0.0302179458965
2003-03-31,bab,in_sample,15.11374441797526,0.0206774253698
2003-04-30,bab,in_sample,-8.708243132813395,-0.011913926986
2003-05-31,bab,in_sample,6.515592240454116,0.00891411608971
2003-06-30,bab,in_sample,4.571213142563792,0.00625397095457
2003-07-31,bab,in_sample,-39.68691532077565,-0.0542964871582
2003-08-31,bab,in_sample,-21.114336609324308,-0.0288869592735
2003-09-30,bab,in_sample,10.297299363729154,0.0140879475804
2003-10-31,bab,in_sample,1.772322670257812,0.00242475118885
2003-11-30,bab,in_sample,14.478276134278177,0.0198080281081
2003-12-31,bab,in_sample,43.01080789995787,0.0588439731314
2004-01-31,bab,in_sample,-6.270049429174159,-0.00857818390673
2004-02-29,bab,in_sample,26.35846339246044,0.0360615572546
2004-03-31,bab,in_sample,-6.718829131976249,-0.00919216867156
2004-04-30,bab,in_sample,32.80362789601333,0.0448793197053
2004-05-31,bab,in_sample,-10.609753817698394,-0.0145154229614
2004-06-30,bab,in_sample,5.808452221507811,0.00794666324921
2004-07-31,bab,in_sample,11.067743237022727,0.0151420077293
2004-08-31,bab,in_sample,34.758885586004666,0.0475543480666
2004-09-30,bab,in_sample,-15.677066525141452,-0.0214481179598
2004-10-31,bab,in_sample,-18.858883796716565,-0.0258012277752
2004-11-30,bab,in_sample,16.369395216988863,0.0223953071183
2004-12-31,bab,in_sample,9.614235602782708,0.0131534339649
2005-01-31,bab,in_sample,5.720048615537043,0.00782571645308
2005-02-28,bab,in_sample,35.301639381936106,0.0482969007259
2005-03-31,bab,in_sample,-2.460351641497298,-0.00336605781093
2005-04-30,bab,in_sample,13.945392882077769,0.0190789795432
2005-05-31,bab,in_sample,-17.76985221462011,-0.0243113012129
2005-06-30,bab,in_sample,3.059284924330599,0.00418547078463
2005-07-31,bab,in_sample,-9.343869658625232,-0.012783540742
2005-08-31,bab,in_sample,-5.709110307115072,-0.00781075152779
2005-09-30,bab,in_sample,-3.8739265652599535,-0.00529999881075
2005-10-31,bab,in_sample,-2.5642901078915785,-0.00350825816992
2005-11-30,bab,in_sample,-6.3106506492896655,-0.00863373127313
2005-12-31,bab,in_sample,5.832869386013644,0.00798006887543
2006-01-31,bab,in_sample,-6.410165442825297,-0.00876987951407
2006-02-28,bab,in_sample,-5.423926990989639,-0.00742058635278
2006-03-31,bab,in_sample,-8.823081224066762,-0.0120710393465
2006-04-30,bab,in_sample,4.17690502435772,0.00571450988778
2006-05-31,bab,in_sample,12.820076748306892,0.0175394113376
2006-06-30,bab,in_sample,9.980476220540096,0.0136544953056
2006-07-31,bab,in_sample,41.39376053751042,0.0566316572928
2006-08-31,bab,in_sample,-4.943741427417199,-0.00676363458227
2006-09-30,bab,in_sample,3.2708745882841934,0.00447495096667
2006-10-31,bab,in_sample,6.910745823478032,0.00945473385435
2006-11-30,bab,in_sample,-4.4556641923580536,-0.00609588605328
2006-12-31,bab,in_sample,11.520435339503134,0.0157613451288
2007-01-31,bab,in_sample,-8.654508211729308,-0.0118404111325
2007-02-28,bab,in_sample,-15.923487474725329,-0.0217852515419
2007-03-31,bab,in_sample,3.858895302991743,0.00527943423091
2007-04-30,bab,in_sample,10.116969772640061,0.0138412349486
2007-05-31,bab,in_sample,-1.343970076805705,-0.00183871317351
2007-06-30,bab,in_sample,-15.701811880943971,-0.0214819725913
2007-07-31,bab,in_sample,-4.049362986641185,-0.00554001699618
2007-08-31,bab,in_sample,13.176694940368499,0.0180273080393
2007-09-30,bab,in_sample,3.801885214340194,0.00520143755313
2007-10-31,bab,in_sample,-4.028261988880239,-0.00551114828606
2007-11-30,bab,in_sample,24.838160367722487,0.0339815993392
2007-12-31,bab,in_sample,-5.560114104940692,-0.00760690675143
2008-01-31,bab,in_sample,8.167500837302025,0.0111741263019
2008-02-29,bab,in_sample,-10.218013717575662,-0.0139794752531
2008-03-31,bab,in_sample,3.2941107268574727,0.00450674080696
2008-04-30,bab,in_sample,-20.98715525552198,-0.028712959841
2008-05-31,bab,in_sample,-17.992847990024934,-0.0246163863312
2008-06-30,bab,in_sample,-16.63413103227279,-0.0227574976458
2008-07-31,bab,in_sample,0.08886283927829743,0.000121575082687
2008-08-31,bab,in_sample,2.392955445903284,0.00327385168609
2008-09-30,bab,in_sample,60.569755404002706,0.0828667312611
2008-10-31,bab,in_sample,-2.0202365795935626,-0.00276392731997
2008-11-30,bab,in_sample,36.12721096286594,0.0494263822283
2008-12-31,bab,in_sample,-17.093034239447817,-0.0233853325857
2009-01-31,bab,in_sample,-45.99093528779691,-0.0629211468582
2009-02-28,bab,in_sample,-40.208266172996176,-0.0550097580089
2009-03-31,bab,in_sample,-12.228447219879902,-0.0167299907809
2009-04-30,bab,in_sample,-54.121770457539895,-0.0740451101043
2009-05-31,bab,in_sample,14.35758206491276,0.0196429040632
2009-06-30,bab,in_sample,-9.293218094038485,-0.0127142432921
2009-07-31,bab,in_sample,-37.17065944868412,-0.0508539456167
2009-08-31,bab,in_sample,-41.42889515307683,-0.0566797256848
2009-09-30,bab,in_sample,-26.649241001869107,-0.0364593760976
2009-10-31,bab,in_sample,28.40836384252265,0.0388660683274
2009-11-30,bab,in_sample,8.890561207419255,0.0121633601031
2009-12-31,bab,in_sample,-19.765735245918854,-0.0270419099413
2010-01-31,bab,in_sample,2.0873982911987206,0.00285581264243
2010-02-28,bab,in_sample,-19.74209631544089,-0.0270095690331
2010-03-31,bab,in_sample,-12.363378124235087,-0.0169145925333
2010-04-30,bab,in_sample,-18.61326220004408,-0.0254651878043
2010-05-31,bab,in_sample,-4.315321712929206,-0.00590388061344
2010-06-30,bab,in_sample,22.924283227889,0.0313631845618
2010-07-31,bab,in_sample,-6.359676927743754,-0.00870080513556
2010-08-31,bab,in_sample,23.738206684905112,0.0324767300257
2010-09-30,bab,in_sample,-4.257466395586656,-0.00582472756086
2010-10-31,bab,in_sample,-3.973303992398661,-0.00543595911789
2010-11-30,bab,in_sample,-26.252850382478375,-0.035917065918
2010-12-31,bab,in_sample,-7.019436176803415,-0.00960343536783
2011-01-31,bab,in_sample,-3.364884617031585,-0.0046035680254
2011-02-28,bab,in_sample,3.5150293385163827,0.00480898411471
2011-03-31,bab,in_sample,8.693536939646402,0.0118938071399
2011-04-30,bab,in_sample,17.729889444936397,0.0242566273237
2011-05-31,bab,in_sample,20.010379857388898,0.0273766132786
2011-06-30,bab,in_sample,-0.86388974445922,-0.00118190537201
2011-07-31,bab,in_sample,-1.7741138483277985,-0.0024272017365
2011-08-31,bab,in_sample,45.82238797852943,0.0626905538091
2011-09-30,bab,in_sample,45.041854195685886,0.0616226894469
2011-10-31,bab,in_sample,-23.75732076851384,-0.0325028803976
2011-11-30,bab,in_sample,26.35768006766798,0.0360604855718
2011-12-31,bab,in_sample,22.486129628317286,0.0307637375879
2012-01-31,bab,in_sample,-32.168149527532925,-0.0440099086464
2012-02-29,bab,in_sample,-5.07919871224641,-0.00694895648665
2012-03-31,bab,in_sample,12.034735950271664,0.0164649703988
2012-04-30,bab,post_sample,11.958162334364808,0.016360208456
2012-05-31,bab,post_sample,22.99694953363224,0.031462600833
2012-06-30,bab,post_sample,25.759969237867452,0.0352427450613
2012-07-31,bab,post_sample,22.0220333682777,0.0301287979253
2012-08-31,bab,post_sample,-24.249701918759897,-0.0331765172017
2012-09-30,bab,post_sample,7.583880200011649,0.0103756628743
2012-10-31,bab,post_sample,-20.43297297924904,-0.0279547716421
2012-11-30,bab,post_sample,1.6583124316836608,0.00226877143067
2012-12-31,bab,post_sample,-26.513875415445906,-0.0362741796477
2013-01-31,bab,post_sample,10.67174818794389,0.0146002387376
2013-02-28,bab,post_sample,15.447829642935886,0.0211344942546
2013-03-31,bab,post_sample,10.189213632224726,0.0139400732625
2013-04-30,bab,post_sample,7.419464299496548,0.0101507220907
2013-05-31,bab,post_sample,-24.531382953622142,-0.0335618908335
2013-06-30,bab,post_sample,5.402652281301041,0.00739147998379
2013-07-31,bab,post_sample,-1.3761743861958333,-0.00188277255321
2013-08-31,bab,post_sample,-9.521972474561968,-0.0130272068768
2013-09-30,bab,post_sample,-0.46717158611486825,-0.000639147079614
2013-10-31,bab,post_sample,10.304361719317702,0.0140976097347
2013-11-30,bab,post_sample,4.371792235843858,0.00598113910021
2013-12-31,bab,post_sample,-3.7863368566783966,-0.00518016552442
2014-01-31,bab,post_sample,1.13283651940536,0.00154985700025
2014-02-28,bab,post_publication,-3.5426107208109205,-0.00484671877253
2014-03-31,bab,post_publication,4.682964785545643,0.00640686068155
2014-04-30,bab,post_publication,18.321370391800354,0.0250658446029
2014-05-31,bab,post_publication,3.232035803846042,0.00442181482486
2014-06-30,bab,post_publication,-6.302675430542284,-0.00862282021192
2014-07-31,bab,post_publication,14.222094225233764,0.0194575403561
2014-08-31,bab,post_publication,1.7706410082479669,0.00242245047238
2014-09-30,bab,post_publication,19.297973184172868,0.0264019550198
2014-10-31,bab,post_publication,22.99752357322279,0.0314633861884
2014-11-30,bab,post_publication,20.908902393598396,0.0286059004871
2014-12-31,bab,post_publication,-7.541246164834951,-0.0103173343717
2015-01-31,bab,post_publication,21.40952339217562,0.0292908103976
2015-02-28,bab,post_publication,-7.896200376346713,-0.0108029545473
2015-03-31,bab,post_publication,-1.047698750011918,-0.00143337826248
2015-04-30,bab,post_publication,-7.89601017001814,-0.0108026943221
2015-05-31,bab,post_publication,12.407945933351812,0.0169755666719
2015-06-30,bab,post_publication,-4.614281626729643,-0.00631289383579
2015-07-31,bab,post_publication,42.33115069135409,0.0579141200904
2015-08-31,bab,post_publication,-13.24195694991249,-0.0181165943402
2015-09-30,bab,post_publication,33.426290964398525,0.0457311978879
2015-10-31,bab,post_publication,15.72220959567082,0.0215098791254
2015-11-30,bab,post_publication,-4.250004811046812,-0.0058145192132
2015-12-31,bab,post_publication,31.194763617311445,0.0426781993123
2016-01-31,bab,post_publication,44.44170777383776,0.0608016167527
2016-02-29,bab,post_publication,8.972799738313787,0.0122758723329
2016-03-31,bab,post_publication,-5.8398006844662245,-0.00798955172776
2016-04-30,bab,post_publication,-28.077282133292055,-0.0384131086144
2016-05-31,bab,post_publication,8.039504598551364,0.0109990120085
2016-06-30,bab,post_publication,35.103281745544614,0.0480255235536
2016-07-31,bab,post_publication,-13.743389916955437,-0.0188026151215
2016-08-31,bab,post_publication,-37.541644219924365,-0.0513614975316
2016-09-30,bab,post_publication,-11.214970735819463,-0.0153434327061
2016-10-31,bab,post_publication,0.3042619598406878,0.000416267060861
2016-11-30,bab,post_publication,-56.2868817588979,-0.0770072435183
2016-12-31,bab,post_publication,17.691204179352553,0.0242037012142
2017-01-31,bab,post_publication,-0.41134473825321644,-0.000562769217956
2017-02-28,bab,post_publication,17.33358043867132,0.0237144288007
2017-03-31,bab,post_publication,6.172084001359964,0.00844415538498
2017-04-30,bab,post_publication,12.319136900065454,0.0168540652023
2017-05-31,bab,post_publication,23.969762264348148,0.0327935259884
2017-06-30,bab,post_publication,-22.674667042637285,-0.0310216795119
2017-07-31,bab,post_publication,4.555756213616872,0.00623282401137
2017-08-31,bab,post_publication,3.890976847599544,0.00532332565358
2017-09-30,bab,post_publication,-22.82624038727324,-0.03122905013
2017-10-31,bab,post_publication,13.047897251815309,0.0178510972659
2017-11-30,bab,post_publication,12.029871675801147,0.0164583154846
2017-12-31,bab,post_publication,-4.138116769097359,-0.00566144287598
2018-01-31,bab,post_publication,10.085430263112835,0.0137980850953
2018-02-28,bab,post_publication,-12.59905199056117,-0.0172370228092
2018-03-31,bab,post_publication,-0.05949937121625448,-8.14023165835e-05
2018-04-30,bab,post_publication,-4.738042794142899,-0.00648221404077
2018-05-31,bab,post_publication,2.90819404816328,0.00397876024159
2018-06-30,bab,post_publication,8.060619145176162,0.0110278992551
2018-07-31,bab,post_publication,5.440260662427877,0.00744293278546
2018-08-31,bab,post_publication,-15.635711880301821,-0.0213915398175
2018-09-30,bab,post_publication,10.602310657235819,0.0145052398201
2018-10-31,bab,post_publication,33.00612553732909,0.0451563609037
2018-11-30,bab,post_publication,21.628626009604677,0.0295905692062
2018-12-31,bab,post_publication,-8.618745497011396,-0.0117914834251
2019-01-31,bab,post_publication,-21.234565397492204,-0.0290514467576
2019-02-28,bab,post_publication,5.217441993885283,0.00713808997071
2019-03-31,bab,post_publication,26.080542749429316,0.0356813282924
2019-04-30,bab,post_publication,-4.821503756259263,-0.00659639870393
2019-05-31,bab,post_publication,17.977065334754045,0.0245947937551
2019-06-30,bab,post_publication,-0.9772973315503813,-0.00133706063027
2019-07-31,bab,post_publication,4.461292348379234,0.00610358604958
2019-08-31,bab,post_publication,32.21469651338467,0.0440735905375
2019-09-30,bab,post_publication,0.9387648569683597,0.00128434355729
2019-10-31,bab,post_publication,-10.729195626717683,-0.0146788337631
2019-11-30,bab,post_publication,-25.768457806666145,-0.0352543584473
2019-12-31,bab,post_publication,-2.7490574409058404,-0.00376104216795
2020-01-31,bab,post_publication,4.727556902672596,0.00646786807644
2020-02-29,bab,post_publication,-29.336770974234675,-0.0401362412672
2020-03-31,bab,post_publication,21.218690725626985,0.0290297282917
2020-04-30,bab,post_publication,2.880013236923252,0.00394020549267
2020-05-31,bab,post_publication,-20.850221171796665,-0.0285256174976
2020-06-30,bab,post_publication,-21.62462207638155,-0.0295850913426
2020-07-31,bab,post_publication,0.6508673856893509,0.000890465090651
2020-08-31,bab,post_publication,-6.193239976992708,-0.00847309931146
2020-09-30,bab,post_publication,2.851835031688829,0.00390165430908
2020-10-31,bab,post_publication,-24.99209109010351,-0.0341921951344
2020-11-30,bab,post_publication,-27.958829868163203,-0.0382510516281
2020-12-31,bab,post_publication,-18.81213910315087,-0.0257372753961
2021-01-31,bab,post_publication,-20.712778127684167,-0.028337578835
2021-02-28,bab,post_publication,-44.36853590009828,-0.0607015088035
2021-03-31,bab,post_publication,47.56420148499878,0.0650735647819
2021-04-30,bab,post_publication,5.553940884025672,0.00759846104061
2021-05-31,bab,post_publication,14.052679240277865,0.019225760222
2021-06-30,bab,post_publication,-12.199724497079112,-0.0166906946316
2021-07-31,bab,post_publication,38.50553053404393,0.0526802102724
2021-08-31,bab,post_publication,3.9316192914560086,0.00537892941903
2021-09-30,bab,post_publication,-30.463378560436976,-0.0416775763355
2021-10-31,bab,post_publication,13.225014384047562,0.0180934148665
2021-11-30,bab,post_publication,19.225581129979357,0.0263029139578
2021-12-31,bab,post_publication,48.683187434589115,0.066604472532
2022-01-31,bab,post_publication,9.500604193072599,0.0129979724903
2022-02-28,bab,post_publication,-15.627506374337358,-0.0213803136956
2022-03-31,bab,post_publication,-22.052266795815463,-0.0301701609009
2022-04-30,bab,post_publication,12.100819320070242,0.0165553804196
2022-05-31,bab,post_publication,35.43811875268413,0.0484836209671
2022-06-30,bab,post_publication,1.6353848299923728,0.00223740370605
2022-07-31,bab,post_publication,-41.61353051751501,-0.0569323291339
2022-08-31,bab,post_publication,-3.7605070000948038,-0.00514482716504
2022-09-30,bab,post_publication,6.660654743709754,0.00911257909147
2022-10-31,bab,post_publication,59.671320771884645,0.081637564316
2022-11-30,bab,post_publication,21.13043174786168,0.0289089793644
2022-12-31,bab,post_publication,43.6304613981761,0.059691733859
2023-01-31,bab,post_publication,-105.51698185474116,-0.144359958539
2023-02-28,bab,post_publication,-55.45914774429173,-0.0758748035458
2023-03-31,bab,post_publication,8.210317456160686,0.011232704601
2023-04-30,bab,post_publication,44.47560103876862,0.0608479868273
2023-05-31,bab,post_publication,-74.75181133404823,-0.1022694944
2023-06-30,bab,post_publication,-32.99501315397054,-0.0451411578229
2023-07-31,bab,post_publication,-16.944857244326066,-0.0231826085834
2023-08-31,bab,post_publication,12.131088909770398,0.0165967928694
2023-09-30,bab,post_publication,6.964720913334825,0.0095285782877
2023-10-31,bab,post_publication,35.03475301146066,0.0479317679795
2023-11-30,bab,post_publication,-22.41545411348971,-0.0306670449588
2023-12-31,bab,post_publication,-4.4533200655937435,-0.00609267900512
2024-01-31,bab,post_publication,28.401285409185036,0.0388563841768
2024-02-29,bab,post_publication,-24.562083456862943,-0.033603892825
2024-03-31,bab,post_publication,14.740261828448869,0.0201664561382
2024-04-30,bab,post_publication,-8.209630529301394,-0.0112317648022
2024-05-31,bab,post_publication,-8.30212789052435,-0.0113583123493
2024-06-30,bab,post_publication,-13.024948666389399,-0.017819700833
2024-07-31,bab,post_publication,1.4166375450707125,0.00193813103518
2024-08-31,bab,post_publication,35.44897433463563,0.0484984727126
2024-09-30,bab,post_publication,-25.2750000517849,-0.0345792487182
2024-10-31,bab,post_publication,-16.030101534820147,-0.0219311124358
2024-11-30,bab,post_publication,-55.785891088967915,-0.0763218278528
2024-12-31,bab,post_publication,-30.99946701073091,-0.042411009998
2025-01-31,bab,post_publication,16.493195327766653,0.0225646806025
2025-02-28,bab,post_publication,22.61956721295234,0.0309462962988
2025-03-31,bab,post_publication,15.553293087231163,0.0212787809673
2025-04-30,bab,post_publication,-33.7787688829192,-0.046213430196
2025-05-31,bab,post_publication,-61.283848633190345,-0.0838436969319
2025-06-30,bab,post_publication,-10.713643410777657,-0.0146575564558
2025-07-31,bab,post_publication,-31.030895203538048,-0.0424540075566
2025-08-31,bab,post_publication,26.610037515530376,0.0364057409996
2025-09-30,bab,post_publication,-21.32764638612992,-0.0291787927774
2025-10-31,bab,post_publication,-22.971638164212795,-0.0314279718266
2025-11-30,bab,post_publication,53.78203465565487,0.0735803105487
2025-12-31,bab,post_publication,-13.378826055448924,-0.0183038477856
2026-01-31,bab,post_publication,19.868411111731064,0.0271823829104
2026-02-28,bab,post_publication,56.5623797211699,0.077384157961
2026-03-31,bab,post_publication,-11.27110188056561,-0.0154202268826
2026-04-30,bab,post_publication,-49.68348213683263,-0.0679729963393
2026-05-31,bab,post_publication,-52.53638461096742,-0.0718761110384
2026-06-30,bab,post_publication,42.21565562337845,0.0577561089065
1936-08-31,vol_managed,in_sample,2.590027180693267,0.0250405052458
1936-09-30,vol_managed,in_sample,1.6410040574566311,0.0158653048182
1936-10-31,vol_managed,in_sample,23.8776570343016,0.230850317202
1936-11-30,vol_managed,in_sample,5.798744980489278,0.0560625406503
1936-12-31,vol_managed,in_sample,0.24830013697337788,0.0024005774645
1937-01-31,vol_managed,in_sample,7.2820652571926106,0.0704033512205
1937-02-28,vol_managed,in_sample,2.672250469479015,0.0258354438895
1937-03-31,vol_managed,in_sample,-0.8070880444871258,-0.00780296537521
1937-04-30,vol_managed,in_sample,-9.771578180806998,-0.0944720798763
1937-05-31,vol_managed,in_sample,-0.4967611612546635,-0.0048027103951
1937-06-30,vol_managed,in_sample,-4.782738045922419,-0.0462397375676
1937-07-31,vol_managed,in_sample,10.82302637491565,0.104637530732
1937-08-31,vol_managed,in_sample,-7.091000997851307,-0.0685561329272
1937-09-30,vol_managed,in_sample,-28.384491004595503,-0.274422601121
1937-10-31,vol_managed,in_sample,-1.9172064423937105,-0.0185356425353
1937-11-30,vol_managed,in_sample,-0.8319028276466209,-0.0080428758721
1937-12-31,vol_managed,in_sample,-0.7385496521395688,-0.00714033295733
1938-01-31,vol_managed,in_sample,0.2577631401969945,0.0024920662271
1938-02-28,vol_managed,in_sample,2.3824814433818378,0.0230339432442
1938-03-31,vol_managed,in_sample,-11.695517662717188,-0.113072817756
1938-04-30,vol_managed,in_sample,3.4145144351423853,0.0330116870056
1938-05-31,vol_managed,in_sample,-0.784868756725706,-0.00758814825055
1938-06-30,vol_managed,in_sample,14.842696322693373,0.143499889847
1938-07-31,vol_managed,in_sample,2.325983474408211,0.0224877182088
1938-08-31,vol_managed,in_sample,-1.5275391728164687,-0.0147683209486
1938-09-30,vol_managed,in_sample,0.5721488320816642,0.00553156196117
1938-10-31,vol_managed,in_sample,1.681754299877843,0.0162592800887
1938-11-30,vol_managed,in_sample,-1.7649088497276875,-0.0170632222084
1938-12-31,vol_managed,in_sample,3.9037599540468277,0.0377417358151
1939-01-31,vol_managed,in_sample,-9.592625674519738,-0.0927419585842
1939-02-28,vol_managed,in_sample,1.9185248795948944,0.0185483892485
1939-03-31,vol_managed,in_sample,-16.42856658522463,-0.158832158529
1939-04-30,vol_managed,in_sample,-0.07330907237832969,-0.000708755577987
1939-05-31,vol_managed,in_sample,2.8001556982570546,0.027072037689
1939-06-30,vol_managed,in_sample,-6.558728621346088,-0.063410098424
1939-07-31,vol_managed,in_sample,12.760811867234047,0.123372132495
1939-08-31,vol_managed,in_sample,-6.60008397305453,-0.0638099239197
1939-09-30,vol_managed,in_sample,9.291623685361134,0.0898318571209
1939-10-31,vol_managed,in_sample,-0.12303868394686637,-0.00118954381397
1939-11-30,vol_managed,in_sample,-7.6516753256479895,-0.0739767588384
1939-12-31,vol_managed,in_sample,9.8730262275578,0.095452884389
1940-01-31,vol_managed,in_sample,-8.86918834272381,-0.0857477322545
1940-02-29,vol_managed,in_sample,3.7784353862100377,0.0365300919676
1940-03-31,vol_managed,in_sample,19.41646372464043,0.187719289348
1940-04-30,vol_managed,in_sample,1.1427064069538284,0.0110477395724
1940-05-31,vol_managed,in_sample,-79.75450246099494,-0.771070300782
1940-06-30,vol_managed,in_sample,0.8963838907834318,0.00866628183933
1940-07-31,vol_managed,in_sample,1.0611608494522344,0.0102593532668
1940-08-31,vol_managed,in_sample,6.699997915671718,0.0647758966411
1940-09-30,vol_managed,in_sample,2.4296650808292446,0.023490116882
1940-10-31,vol_managed,in_sample,3.2537982792420204,0.0314578756113
1940-11-30,vol_managed,in_sample,-4.139108725026459,-0.0400170988608
1940-12-31,vol_managed,in_sample,0.39902490983145633,0.00385779169513
1941-01-31,vol_managed,in_sample,-28.625802759993363,-0.276755614582
1941-02-28,vol_managed,in_sample,-3.0199148820329245,-0.0291966798685
1941-03-31,vol_managed,in_sample,1.0086683857154572,0.00975185364542
1941-04-30,vol_managed,in_sample,-15.661437488798388,-0.151415518153
1941-05-31,vol_managed,in_sample,2.4169519657182974,0.023367205884
1941-06-30,vol_managed,in_sample,15.069470586507489,0.145692354152
1941-07-31,vol_managed,in_sample,15.556865642751031,0.150404512601
1941-08-31,vol_managed,in_sample,-0.43982815649903045,-0.00425227941319
1941-09-30,vol_managed,in_sample,-7.297131895640301,-0.0705490161934
1941-10-31,vol_managed,in_sample,-16.98010387731812,-0.164164447147
1941-11-30,vol_managed,in_sample,-4.306873476450723,-0.0416390564099
1941-12-31,vol_managed,in_sample,-15.400390262583567,-0.148891701227
1942-01-31,vol_managed,in_sample,0.30919624084102193,0.00298932387601
1942-02-28,vol_managed,in_sample,-3.3617499479717994,-0.0325015574488
1942-03-31,vol_managed,in_sample,-16.438061987586444,-0.158923960528
1942-04-30,vol_managed,in_sample,-4.465976306335576,-0.043177270092
1942-05-31,vol_managed,in_sample,6.55778843613242,0.0634010086689
1942-06-30,vol_managed,in_sample,5.445012918731126,0.0526426423519
1942-07-31,vol_managed,in_sample,7.529377978535811,0.072794382304
1942-08-31,vol_managed,in_sample,2.9495894735780563,0.0285167704944
1942-09-30,vol_managed,in_sample,14.774298559248457,0.142838617036
1942-10-31,vol_managed,in_sample,46.54121801517421,0.449962696354
1942-11-30,vol_managed,in_sample,0.24299666389634594,0.00234930323603
1942-12-31,vol_managed,in_sample,16.70668598270401,0.161521030014
1943-01-31,vol_managed,in_sample,22.111088528685688,0.213771049362
1943-02-28,vol_managed,in_sample,17.652753788929335,0.170667658297
1943-03-31,vol_managed,in_sample,16.689508576228008,0.161354958036
1943-04-30,vol_managed,in_sample,1.3518578867742097,0.0130698259685
1943-05-31,vol_managed,in_sample,5.522665868780513,0.0533933947446
1943-06-30,vol_managed,in_sample,3.7444452843725986,0.0362014740559
1943-07-31,vol_managed,in_sample,-11.505458893007448,-0.111235320584
1943-08-31,vol_managed,in_sample,1.2880794374570814,0.0124532129049
1943-09-30,vol_managed,in_sample,3.6769746647591206,0.0355491649153
1943-10-31,vol_managed,in_sample,-4.917297830953688,-0.0475406679316
1943-11-30,vol_managed,in_sample,-20.013684083344618,-0.193493244014
1943-12-31,vol_managed,in_sample,6.719224689110986,0.0649617819958
1944-01-31,vol_managed,in_sample,4.136229232944277,0.0399892597952
1944-02-29,vol_managed,in_sample,1.5190773660824017,0.014686511801
1944-03-31,vol_managed,in_sample,14.798652441591084,0.143074071522
1944-04-30,vol_managed,in_sample,-5.982101381457238,-0.0578352390044
1944-05-31,vol_managed,in_sample,17.35638625272601,0.167802362944
1944-06-30,vol_managed,in_sample,35.36173812960475,0.341878956227
1944-07-31,vol_managed,in_sample,-4.960445807469773,-0.0479578246087
1944-08-31,vol_managed,in_sample,3.757694616958341,0.0363295692298
1944-09-30,vol_managed,in_sample,0.08777913026942004,0.000848652781858
1944-10-31,vol_managed,in_sample,0.32088760149614226,0.00310235650362
1944-11-30,vol_managed,in_sample,6.806255920591049,0.0658032040568
1944-12-31,vol_managed,in_sample,23.138434182551,0.223703475719
1945-01-31,vol_managed,in_sample,5.491702499327088,0.0530940394247
1945-02-28,vol_managed,in_sample,16.215844599914206,0.156775552317
1945-03-31,vol_managed,in_sample,-14.119300505868182,-0.136506064886
1945-04-30,vol_managed,in_sample,8.893445044066743,0.08598224719
1945-05-31,vol_managed,in_sample,3.490608000565328,0.033747363194
1945-06-30,vol_managed,in_sample,1.0663852502980635,0.0103098630212
1945-07-31,vol_managed,in_sample,-5.89435999604439,-0.0569869511416
1945-08-31,vol_managed,in_sample,8.011109679884584,0.0774517871701
1945-09-30,vol_managed,in_sample,5.185775196813181,0.050136319799
1945-10-31,vol_managed,in_sample,7.095826871601908,0.0686027897028
1945-11-30,vol_managed,in_sample,12.004542849677144,0.116060487875
1945-12-31,vol_managed,in_sample,1.8017898600064515,0.0174197895596
1946-01-31,vol_managed,in_sample,7.613324922079664,0.0736059853234
1946-02-28,vol_managed,in_sample,-5.036474318980418,-0.0486928718528
1946-03-31,vol_managed,in_sample,2.002890352204833,0.0193640386267
1946-04-30,vol_managed,in_sample,5.403077671130969,0.0522372103953
1946-05-31,vol_managed,in_sample,8.954917400369572,0.0865765648373
1946-06-30,vol_managed,in_sample,-7.047974392752398,-0.0681401496747
1946-07-31,vol_managed,in_sample,-3.5692621482006595,-0.0345077952123
1946-08-31,vol_managed,in_sample,-6.967419162378947,-0.0673613378986
1946-09-30,vol_managed,in_sample,-9.28624269793109,-0.08977983348
1946-10-31,vol_managed,in_sample,-0.17810194216818165,-0.00172189799798
1946-11-30,vol_managed,in_sample,-0.006900637925678615,-6.67156937446e-05
1946-12-31,vol_managed,in_sample,2.785441823992282,0.0269297832569
1947-01-31,vol_managed,in_sample,1.0073110215749437,0.00973873058473
1947-02-28,vol_managed,in_sample,-1.2023906949637602,-0.0116247700909
1947-03-31,vol_managed,in_sample,-2.9315319031711837,-0.0283421890499
1947-04-30,vol_managed,in_sample,-4.333931402954102,-0.0419006537227
1947-05-31,vol_managed,in_sample,-0.8775938916354581,-0.00848461923913
1947-06-30,vol_managed,in_sample,4.764975404762032,0.046068007513
1947-07-31,vol_managed,in_sample,5.060046814008804,0.0489207718493
1947-08-31,vol_managed,in_sample,-2.034349592754037,-0.0196681880518
1947-09-30,vol_managed,in_sample,-1.3175605201589717,-0.0127382374064
1947-10-31,vol_managed,in_sample,4.160409859576515,0.0402230392368
1947-11-30,vol_managed,in_sample,-4.5117730672081935,-0.0436200353415
1947-12-31,vol_managed,in_sample,17.659179975643656,0.170729786974
1948-01-31,vol_managed,in_sample,-8.713270097740176,-0.0842403072898
1948-02-29,vol_managed,in_sample,-8.324821536548999,-0.0804847682334
1948-03-31,vol_managed,in_sample,9.082085206947275,0.0878060292041
1948-04-30,vol_managed,in_sample,3.8619092700484114,0.0373371214234
1948-05-31,vol_managed,in_sample,31.34251925161109,0.303020958076
1948-06-30,vol_managed,in_sample,-0.19282998164915569,-0.00186428938006
1948-07-31,vol_managed,in_sample,-12.560867387493351,-0.121439059811
1948-08-31,vol_managed,in_sample,0.1853460814688923,0.00179193467926
1948-09-30,vol_managed,in_sample,-7.340448720182499,-0.0709678053012
1948-10-31,vol_managed,in_sample,5.3256918660411126,0.0514890407727
1948-11-30,vol_managed,in_sample,-25.07105438703608,-0.242388139235
1948-12-31,vol_managed,in_sample,1.0677483206487752,0.0103230412498
1949-01-31,vol_managed,in_sample,0.5380742283312608,0.00520212708098
1949-02-28,vol_managed,in_sample,-4.741499247574452,-0.0458410389153
1949-03-31,vol_managed,in_sample,6.857520919035891,0.0662988364857
1949-04-30,vol_managed,in_sample,-3.60029491315665,-0.0348078214512
1949-05-31,vol_managed,in_sample,-13.254917023470348,-0.128149164508
1949-06-30,vol_managed,in_sample,0.2323960718040906,0.00224681621046
1949-07-31,vol_managed,in_sample,7.1554745972854805,0.069179466735
1949-08-31,vol_managed,in_sample,10.453515460598847,0.101065081741
1949-09-30,vol_managed,in_sample,7.043499576262982,0.0680968869373
1949-10-31,vol_managed,in_sample,3.9524269305368587,0.0382122504449
1949-11-30,vol_managed,in_sample,5.622196142494184,0.0543556581369
1949-12-31,vol_managed,in_sample,16.318485217404803,0.15776788666
1950-01-31,vol_managed,in_sample,6.484614679071527,0.0626935613258
1950-02-28,vol_managed,in_sample,3.1350791895782484,0.0303100938391
1950-03-31,vol_managed,in_sample,7.254004854241111,0.070132061918
1950-04-30,vol_managed,in_sample,11.82180558708585,0.11429377538
1950-05-31,vol_managed,in_sample,12.513438840383131,0.120980518375
1950-06-30,vol_managed,in_sample,-25.26679359752104,-0.244280555177
1950-07-31,vol_managed,in_sample,0.44789621608139424,0.00433028179471
1950-08-31,vol_managed,in_sample,2.7603758555997144,0.0266874442893
1950-09-30,vol_managed,in_sample,11.928645209175196,0.115326705898
1950-10-31,vol_managed,in_sample,-0.3379311640611432,-0.00326713447236
1950-11-30,vol_managed,in_sample,3.737744561930175,0.0361366911545
1950-12-31,vol_managed,in_sample,4.0389266663953265,0.0390485339811
1951-01-31,vol_managed,in_sample,4.075678029304423,0.0394038478954
1951-02-28,vol_managed,in_sample,1.7045726021631686,0.0164798885141
1951-03-31,vol_managed,in_sample,-7.687174311624469,-0.0743199647133
1951-04-30,vol_managed,in_sample,6.966572395005887,0.0673531513116
1951-05-31,vol_managed,in_sample,-4.91604804661286,-0.0475285849575
1951-06-30,vol_managed,in_sample,-4.415576409007395,-0.0426900015016
1951-07-31,vol_managed,in_sample,12.25397198645587,0.118471980563
1951-08-31,vol_managed,in_sample,8.32098463457529,0.0804476728837
1951-09-30,vol_managed,in_sample,2.5339747587131702,0.0244985877798
1951-10-31,vol_managed,in_sample,-13.522023891646814,-0.130731566339
1951-11-30,vol_managed,in_sample,0.6631659073928707,0.00641151934879
1951-12-31,vol_managed,in_sample,7.218544294845423,0.0697892275531
1952-01-31,vol_managed,in_sample,7.6745208403571175,0.0741976303548
1952-02-29,vol_managed,in_sample,-12.200458234517708,-0.117954607079
1952-03-31,vol_managed,in_sample,9.2336975094501,0.0892718241133
1952-04-30,vol_managed,in_sample,-19.62841471082536,-0.189768441504
1952-05-31,vol_managed,in_sample,7.584469993886862,0.0733270145133
1952-06-30,vol_managed,in_sample,14.033301041373589,0.135674617997
1952-07-31,vol_managed,in_sample,7.431856222254117,0.0718515373532
1952-08-31,vol_managed,in_sample,-5.696977215494482,-0.0550786450865
1952-09-30,vol_managed,in_sample,-14.95978141577661,-0.144631874063
1952-10-31,vol_managed,in_sample,-2.9026772188435532,-0.0280632205975
1952-11-30,vol_managed,in_sample,12.496691315027753,0.120818602508
1952-12-31,vol_managed,in_sample,10.13503407820159,0.0979859886774
1953-01-31,vol_managed,in_sample,-3.4954376081929937,-0.0337940560689
1953-02-28,vol_managed,in_sample,-1.4349942867541916,-0.0138735926144
1953-03-31,vol_managed,in_sample,-7.829373286312368,-0.0756947511241
1953-04-30,vol_managed,in_sample,-7.107349292691232,-0.0687141890147
1953-05-31,vol_managed,in_sample,0.840410406291713,0.0081251275447
1953-06-30,vol_managed,in_sample,-7.337904429605368,-0.0709432069796
1953-07-31,vol_managed,in_sample,3.5913239511654584,0.0347210897665
1953-08-31,vol_managed,in_sample,-15.918439994930909,-0.153900230534
1953-09-30,vol_managed,in_sample,0.5198074448588225,0.00502552295467
1953-10-31,vol_managed,in_sample,6.611092504373267,0.063916354921
1953-11-30,vol_managed,in_sample,9.090535594529491,0.0878877279508
1953-12-31,vol_managed,in_sample,0.10504519718914235,0.00101558193322
1954-01-31,vol_managed,in_sample,22.646614420081868,0.218948539001
1954-02-28,vol_managed,in_sample,5.670358286999285,0.0548212920272
1954-03-31,vol_managed,in_sample,17.561977790699352,0.169790031654
1954-04-30,vol_managed,in_sample,18.69578101515053,0.180751694837
1954-05-31,vol_managed,in_sample,8.719344046168887,0.0842990305104
1954-06-30,vol_managed,in_sample,6.636937458871299,0.0641662251631
1954-07-31,vol_managed,in_sample,10.03139576809343,0.096984008595
1954-08-31,vol_managed,in_sample,-8.14276328161129,-0.0787246204165
1954-09-30,vol_managed,in_sample,11.670378856720559,0.112829774591
1954-10-31,vol_managed,in_sample,-5.452038225467391,-0.0527105633496
1954-11-30,vol_managed,in_sample,35.56211779515672,0.343816236308
1954-12-31,vol_managed,in_sample,7.725193587271459,0.0746875368679
1955-01-31,vol_managed,in_sample,1.224364031749711,0.0118372093499
1955-02-28,vol_managed,in_sample,2.468784040765046,0.0238683208363
1955-03-31,vol_managed,in_sample,-0.4704459602169566,-0.00454829378722
1955-04-30,vol_managed,in_sample,1.93122335564835,0.0186711587154
1955-05-31,vol_managed,in_sample,3.3129840407699036,0.0320300863522
1955-06-30,vol_managed,in_sample,14.917879285060415,0.144226762282
1955-07-31,vol_managed,in_sample,6.424225089701269,0.0621097119204
1955-08-31,vol_managed,in_sample,0.40806711452346245,0.00394521215763
1955-09-30,vol_managed,in_sample,-0.7293617198493376,-0.00705150359352
1955-10-31,vol_managed,in_sample,-0.751215469805992,-0.0072627866814
1955-11-30,vol_managed,in_sample,5.579447362515647,0.0539423609108
1955-12-31,vol_managed,in_sample,2.2735755164207463,0.021981035593
1956-01-31,vol_managed,in_sample,-14.085811871241066,-0.136182295183
1956-02-29,vol_managed,in_sample,5.24407465324246,0.0506999617003
1956-03-31,vol_managed,in_sample,10.734199203728972,0.103778745441
1956-04-30,vol_managed,in_sample,0.6451014407433494,0.00623687123109
1956-05-31,vol_managed,in_sample,-10.466881846408155,-0.101194308591
1956-06-30,vol_managed,in_sample,3.1405741614942815,0.0303632194874
1956-07-31,vol_managed,in_sample,7.780903322894819,0.075226141226
1956-08-31,vol_managed,in_sample,-12.954028606811743,-0.125240161069
1956-09-30,vol_managed,in_sample,-7.579766409939513,-0.0732815400413
1956-10-31,vol_managed,in_sample,1.0554837210315269,0.0102044665208
1956-11-30,vol_managed,in_sample,0.3885066383357752,0.00375610054898
1956-12-31,vol_managed,in_sample,3.3106689827704874,0.032007704262
1957-01-31,vol_managed,in_sample,-8.479288598590504,-0.0819781630928
1957-02-28,vol_managed,in_sample,-4.394456282912186,-0.0424858111239
1957-03-31,vol_managed,in_sample,3.0466963473211357,0.0294556043412
1957-04-30,vol_managed,in_sample,19.31839175536902,0.186771124912
1957-05-31,vol_managed,in_sample,17.62942771258617,0.170442140688
1957-06-30,vol_managed,in_sample,-2.521514295262753,-0.02437811943
1957-07-31,vol_managed,in_sample,1.6849425198771306,0.0162901039504
1957-08-31,vol_managed,in_sample,-14.247036730042472,-0.137741024741
1957-09-30,vol_managed,in_sample,-4.144633452434123,-0.0400705121866
1957-10-31,vol_managed,in_sample,-4.1118260219848075,-0.0397533283978
1957-11-30,vol_managed,in_sample,0.6527020045111033,0.00631035384097
1957-12-31,vol_managed,in_sample,-1.6240702969446184,-0.0157015884209
1958-01-31,vol_managed,in_sample,5.365566710302517,0.0518745526524
1958-02-28,vol_managed,in_sample,-2.76486497953881,-0.0267308453518
1958-03-31,vol_managed,in_sample,6.992637377472115,0.0676051487945
1958-04-30,vol_managed,in_sample,8.902762094187446,0.0860723248711
1958-05-31,vol_managed,in_sample,4.6270243268210285,0.0447342899688
1958-06-30,vol_managed,in_sample,10.436037864341477,0.100896107514
1958-07-31,vol_managed,in_sample,14.731666265057287,0.142426446
1958-08-31,vol_managed,in_sample,4.31997298384864,0.0417657030668
1958-09-30,vol_managed,in_sample,11.658813934794408,0.112717964379
1958-10-31,vol_managed,in_sample,7.670837165530184,0.0741620164124
1958-11-30,vol_managed,in_sample,5.833426763418527,0.0563978457675
1958-12-31,vol_managed,in_sample,4.684028007409126,0.045285404248
1959-01-31,vol_managed,in_sample,1.484442126419529,0.0143516566663
1959-02-28,vol_managed,in_sample,2.3185745637143267,0.0224160885099
1959-03-31,vol_managed,in_sample,0.4977261634373613,0.00481204008183
1959-04-30,vol_managed,in_sample,10.534943686278734,0.101852333677
1959-05-31,vol_managed,in_sample,5.540641503034525,0.0535671840265
1959-06-30,vol_managed,in_sample,-0.7893358286315655,-0.00763133611295
1959-07-31,vol_managed,in_sample,4.817920112762026,0.0465798794533
1959-08-31,vol_managed,in_sample,-4.252637137427921,-0.0411146969198
1959-09-30,vol_managed,in_sample,-6.369833516570053,-0.0615838516196
1959-10-31,vol_managed,in_sample,1.0268685491361744,0.00992781368592
1959-11-30,vol_managed,in_sample,3.7020848245780975,0.0357919311277
1959-12-31,vol_managed,in_sample,7.582081548999767,0.0733039229152
1960-01-31,vol_managed,in_sample,-33.98050585178726,-0.328525137257
1960-02-29,vol_managed,in_sample,1.7662052704560733,0.0170757560653
1960-03-31,vol_managed,in_sample,-2.0100216892148497,-0.0194329847301
1960-04-30,vol_managed,in_sample,-2.416742371325469,-0.0233651795155
1960-05-31,vol_managed,in_sample,7.011519037321999,0.0677876975747
1960-06-30,vol_managed,in_sample,6.341924160635322,0.0613140226468
1960-07-31,vol_managed,in_sample,-6.94917966429334,-0.0671849975687
1960-08-31,vol_managed,in_sample,3.9706618304033325,0.038388546319
1960-09-30,vol_managed,in_sample,-12.900582792274054,-0.124723444407
1960-10-31,vol_managed,in_sample,-0.5274889747676316,-0.00509978834903
1960-11-30,vol_managed,in_sample,5.790567875052131,0.0559834840083
1960-12-31,vol_managed,in_sample,9.480118136428427,0.0916542303863
1961-01-31,vol_managed,in_sample,19.263038844448648,0.186235970352
1961-02-28,vol_managed,in_sample,6.845946485095854,0.0661869343111
1961-03-31,vol_managed,in_sample,7.204632845379924,0.0696547310019
1961-04-30,vol_managed,in_sample,1.0325782416456584,0.00998301526307
1961-05-31,vol_managed,in_sample,3.0277053155195954,0.0292719981478
1961-06-30,vol_managed,in_sample,-10.083542492749466,-0.0974881655946
1961-07-31,vol_managed,in_sample,6.9193246460081435,0.0668963578403
1961-08-31,vol_managed,in_sample,5.596182728176666,0.0541041592173
1961-09-30,vol_managed,in_sample,-7.433237877329825,-0.0718648952598
1961-10-31,vol_managed,in_sample,4.193647452268369,0.0405443818545
1961-11-30,vol_managed,in_sample,23.131012047459645,0.223631718166
1961-12-31,vol_managed,in_sample,-0.6055112871096993,-0.00585411175384
1962-01-31,vol_managed,in_sample,-17.04381072928164,-0.164780368004
1962-02-28,vol_managed,in_sample,2.973422402500324,0.0287471883781
1962-03-31,vol_managed,in_sample,-3.455301407203992,-0.03340601738
1962-04-30,vol_managed,in_sample,-31.01895533000355,-0.299892726783
1962-05-31,vol_managed,in_sample,-10.051094708907002,-0.0971744588862
1962-06-30,vol_managed,in_sample,-0.9876594750268956,-0.00954873850353
1962-07-31,vol_managed,in_sample,1.2524523173844597,0.0121087682235
1962-08-31,vol_managed,in_sample,1.4356356409303601,0.0138797932569
1962-09-30,vol_managed,in_sample,-8.736157943117334,-0.0844615880611
1962-10-31,vol_managed,in_sample,-0.054875119919044056,-0.000530535254008
1962-11-30,vol_managed,in_sample,4.261536277252784,0.0412007342244
1962-12-31,vol_managed,in_sample,0.963197722597421,0.00931224112443
1963-01-31,vol_managed,in_sample,11.739972705751548,0.113502611214
1963-02-28,vol_managed,in_sample,-4.483259078494037,-0.0433443607504
1963-03-31,vol_managed,in_sample,10.715211205156287,0.103595168573
1963-04-30,vol_managed,in_sample,17.995851944956954,0.173984747492
1963-05-31,vol_managed,in_sample,8.174071048149536,0.0790273053837
1963-06-30,vol_managed,in_sample,-10.069414506724016,-0.0973515755577
1963-07-31,vol_managed,in_sample,-2.0314946648049284,-0.0196405864734
1963-08-31,vol_managed,in_sample,13.111535658909288,0.126762946696
1963-09-30,vol_managed,in_sample,-6.4754764377784495,-0.0626052123769
1963-10-31,vol_managed,in_sample,10.002881326195723,0.0967083296225
1963-11-30,vol_managed,in_sample,-2.4922120204058698,-0.0240948236512
1963-12-31,vol_managed,in_sample,0.7253730773682485,0.00701294120942
1964-01-31,vol_managed,in_sample,11.951027390879311,0.115543097889
1964-02-29,vol_managed,in_sample,11.844794343088648,0.11451603176
1964-03-31,vol_managed,in_sample,24.91960853729802,0.240923953599
1964-04-30,vol_managed,in_sample,1.2164385693930044,0.0117605856051
1964-05-31,vol_managed,in_sample,6.872830866823232,0.0664468537848
1964-06-30,vol_managed,in_sample,7.841006536369393,0.0758072219357
1964-07-31,vol_managed,in_sample,5.519246288628068,0.053360334082
1964-08-31,vol_managed,in_sample,-9.730909246976552,-0.0940788907011
1964-09-30,vol_managed,in_sample,8.568280586947955,0.082838541844
1964-10-31,vol_managed,in_sample,5.078641344501651,0.0491005446493
1964-11-30,vol_managed,in_sample,-0.06708996602651439,-0.000648628963723
1964-12-31,vol_managed,in_sample,0.2398231372374867,0.00231862143024
1965-01-31,vol_managed,in_sample,12.493952371037683,0.120792122268
1965-02-28,vol_managed,in_sample,3.568843508512442,0.034503747784
1965-03-31,vol_managed,in_sample,-4.644045943574864,-0.0448988557644
1965-04-30,vol_managed,in_sample,28.978222968589296,0.280162829822
1965-05-31,vol_managed,in_sample,-6.489846664696148,-0.0627441444102
1965-06-30,vol_managed,in_sample,-21.60006855519392,-0.208830484096
1965-07-31,vol_managed,in_sample,0.8537737299449174,0.00825432478963
1965-08-31,vol_managed,in_sample,6.275540115031371,0.0606722185551
1965-09-30,vol_managed,in_sample,30.271663104912015,0.292667870217
1965-10-31,vol_managed,in_sample,10.868845035195026,0.105080507706
1965-11-30,vol_managed,in_sample,-0.18207871921081684,-0.00176034566646
1965-12-31,vol_managed,in_sample,9.455408367638467,0.0914153351733
1966-01-31,vol_managed,in_sample,2.6404013174627,0.0255275247819
1966-02-28,vol_managed,in_sample,-10.262178690229923,-0.0992152287982
1966-03-31,vol_managed,in_sample,-9.069437573001396,-0.0876837512811
1966-04-30,vol_managed,in_sample,2.3334518054879516,0.0225599223868
1966-05-31,vol_managed,in_sample,-19.22760936856871,-0.185893436504
1966-06-30,vol_managed,in_sample,-0.7583104139861309,-0.0073313809372
1966-07-31,vol_managed,in_sample,-3.3631767428453645,-0.0325153517691
1966-08-31,vol_managed,in_sample,-8.963684122254948,-0.086661321919
1966-09-30,vol_managed,in_sample,-0.36321772751367376,-0.00351160616343
1966-10-31,vol_managed,in_sample,2.8025647714876185,0.0270953287229
1966-11-30,vol_managed,in_sample,0.6262635862067453,0.00605474596273
1966-12-31,vol_managed,in_sample,0.18983676779070674,0.00183535084695
1967-01-31,vol_managed,in_sample,16.67719625735717,0.161235921955
1967-02-28,vol_managed,in_sample,1.1430025168006632,0.0110506023764
1967-03-31,vol_managed,in_sample,10.647252886604,0.102938144336
1967-04-30,vol_managed,in_sample,9.741827779831837,0.094184451593
1967-05-31,vol_managed,in_sample,-5.903865795407487,-0.0570788536593
1967-06-30,vol_managed,in_sample,3.11550013529048,0.0301208026165
1967-07-31,vol_managed,in_sample,4.531105720032419,0.0438069443431
1967-08-31,vol_managed,in_sample,-4.38473532055503,-0.0423918284002
1967-09-30,vol_managed,in_sample,11.635714854238072,0.112494641376
1967-10-31,vol_managed,in_sample,-10.314494456043109,-0.0997210200957
1967-11-30,vol_managed,in_sample,0.9462020211523009,0.00914792587926
1967-12-31,vol_managed,in_sample,3.1371799178025346,0.0303304037789
1968-01-31,vol_managed,in_sample,-15.537790344646668,-0.150220091717
1968-02-29,vol_managed,in_sample,-7.396346727961218,-0.0715082298834
1968-03-31,vol_managed,in_sample,0.23664928224241769,0.00228793645008
1968-04-30,vol_managed,in_sample,5.96462900898483,0.0576663152812
1968-05-31,vol_managed,in_sample,1.5768673024963056,0.0152452276387
1968-06-30,vol_managed,in_sample,2.039746950956315,0.0197203699661
1968-07-31,vol_managed,in_sample,-5.088732798323665,-0.049198109302
1968-08-31,vol_managed,in_sample,1.616703656906644,0.0156303673967
1968-09-30,vol_managed,in_sample,14.080950089577536,0.136135291248
1968-10-31,vol_managed,in_sample,1.8084960174864242,0.0174846250072
1968-11-30,vol_managed,in_sample,25.80338582141424,0.249468354169
1968-12-31,vol_managed,in_sample,-13.844217332368931,-0.133846547758
1969-01-31,vol_managed,in_sample,-3.883670534050676,-0.0375475103527
1969-02-28,vol_managed,in_sample,-8.681386276044432,-0.0839320529941
1969-03-31,vol_managed,in_sample,3.746378600445009,0.0362201654471
1969-04-30,vol_managed,in_sample,2.608866913120977,0.0252226486697
1969-05-31,vol_managed,in_sample,-0.16380579417139335,-0.00158368216319
1969-06-30,vol_managed,in_sample,-18.527359915581226,-0.179123391683
1969-07-31,vol_managed,in_sample,-7.705844552783453,-0.0745004694876
1969-08-31,vol_managed,in_sample,1.840560440398629,0.017794625364
1969-09-30,vol_managed,in_sample,-2.9287689385290414,-0.0283154765771
1969-10-31,vol_managed,in_sample,5.728126267976502,0.0553797955987
1969-11-30,vol_managed,in_sample,-4.668319307258732,-0.0451335317922
1969-12-31,vol_managed,in_sample,-4.692427995248173,-0.0453666157276
1970-01-31,vol_managed,in_sample,-6.19323338284941,-0.0598764731767
1970-02-28,vol_managed,in_sample,4.470135296101063,0.0432174794017
1970-03-31,vol_managed,in_sample,-1.0534368776905867,-0.0101846775426
1970-04-30,vol_managed,in_sample,-10.963394669396584,-0.10599461804
1970-05-31,vol_managed,in_sample,-3.5091752792779243,-0.0339268725225
1970-06-30,vol_managed,in_sample,-0.6625211467097792,-0.00640528577202
1970-07-31,vol_managed,in_sample,2.48472085228432,0.0240223986836
1970-08-31,vol_managed,in_sample,2.254237598241635,0.0217940756857
1970-09-30,vol_managed,in_sample,2.2875647972494995,0.0221162846215
1970-10-31,vol_managed,in_sample,-1.9859701777972487,-0.0192004535805
1970-11-30,vol_managed,in_sample,4.633044035279176,0.0447924887948
1970-12-31,vol_managed,in_sample,6.183919737221781,0.0597864284104
1971-01-31,vol_managed,in_sample,8.88843793938617,0.0859338382652
1971-02-28,vol_managed,in_sample,2.580838604220212,0.024951669654
1971-03-31,vol_managed,in_sample,7.9395173395724195,0.0767596290389
1971-04-30,vol_managed,in_sample,6.574401515734482,0.063561624708
1971-05-31,vol_managed,in_sample,-14.558462558757883,-0.140751904378
1971-06-30,vol_managed,in_sample,-0.17052666769027672,-0.00164865988615
1971-07-31,vol_managed,in_sample,-4.751727970894765,-0.045939930696
1971-08-31,vol_managed,in_sample,6.506196855813519,0.062902218831
1971-09-30,vol_managed,in_sample,-0.3455115051061189,-0.003340421568
1971-10-31,vol_managed,in_sample,-8.772572284929533,-0.0848136436395
1971-11-30,vol_managed,in_sample,-0.6707381804859921,-0.00648472844309
1971-12-31,vol_managed,in_sample,4.683022981128626,0.0452756876064
1972-01-31,vol_managed,in_sample,2.254288519982667,0.0217945679995
1972-02-29,vol_managed,in_sample,5.468527978831468,0.0528699870648
1972-03-31,vol_managed,in_sample,2.434651929092541,0.0235383299668
1972-04-30,vol_managed,in_sample,0.5135911310858198,0.00496542333919
1972-05-31,vol_managed,in_sample,3.3372529084786566,0.0322647189127
1972-06-30,vol_managed,in_sample,-3.081780870512843,-0.0297948031703
1972-07-31,vol_managed,in_sample,-2.321880294723522,-0.0224480484736
1972-08-31,vol_managed,in_sample,5.773344319660331,0.0558169658604
1972-09-30,vol_managed,in_sample,-2.0890971109380088,-0.0201974896462
1972-10-31,vol_managed,in_sample,1.1150344989269247,0.0107802062572
1972-11-30,vol_managed,in_sample,5.787890864292477,0.0559576025417
1972-12-31,vol_managed,in_sample,1.4547323602373654,0.0140644212421
1973-01-31,vol_managed,in_sample,-6.825295736121735,-0.0659872818936
1973-02-28,vol_managed,in_sample,-8.522163955080744,-0.0823926840666
1973-03-31,vol_managed,in_sample,-1.0677970861736248,-0.0103235127172
1973-04-30,vol_managed,in_sample,-3.949626690228858,-0.0381851775892
1973-05-31,vol_managed,in_sample,-1.979364440533648,-0.0191365890003
1973-06-30,vol_managed,in_sample,-0.5213242004994991,-0.00504018701992
1973-07-31,vol_managed,in_sample,2.6017559042076543,0.0251538990993
1973-08-31,vol_managed,in_sample,-2.2233253752902447,-0.0214952148526
1973-09-30,vol_managed,in_sample,4.605494681069541,0.0445261403357
1973-10-31,vol_managed,in_sample,-1.0065392572628746,-0.00973126913087
1973-11-30,vol_managed,in_sample,-10.586800673460576,-0.102353689481
1973-12-31,vol_managed,in_sample,0.13631385637520582,0.00131788880869
1974-01-31,vol_managed,in_sample,-0.03315380236105236,-0.00032053252882
1974-02-28,vol_managed,in_sample,-0.1587099006377136,-0.00153441482356
1974-03-31,vol_managed,in_sample,-1.7725956538701144,-0.0171375385943
1974-04-30,vol_managed,in_sample,-3.5796742031026483,-0.0346084594514
1974-05-31,vol_managed,in_sample,-2.906019496467559,-0.0280955338956
1974-06-30,vol_managed,in_sample,-1.4944830649424627,-0.0144487329347
1974-07-31,vol_managed,in_sample,-3.7895191169231057,-0.0366372500002
1974-08-31,vol_managed,in_sample,-1.9798283771248706,-0.0191410743612
1974-09-30,vol_managed,in_sample,-2.8007793816880344,-0.0270780674899
1974-10-31,vol_managed,in_sample,2.313874757055082,0.0223706505569
1974-11-30,vol_managed,in_sample,-0.5417622724117535,-0.00523778326553
1974-12-31,vol_managed,in_sample,-1.0971080034789324,-0.0106068920516
1975-01-31,vol_managed,in_sample,4.012512244854039,0.0387931581047
1975-02-28,vol_managed,in_sample,1.553560158466425,0.0150198930682
1975-03-31,vol_managed,in_sample,1.4599375740545648,0.0141147454954
1975-04-30,vol_managed,in_sample,2.0102524344868598,0.0194352155863
1975-05-31,vol_managed,in_sample,2.8813486164303135,0.0278570146609
1975-06-30,vol_managed,in_sample,3.201208122114592,0.0309494314856
1975-07-31,vol_managed,in_sample,-5.637939589537119,-0.0545078665273
1975-08-31,vol_managed,in_sample,-2.3720604391752507,-0.0229331924828
1975-09-30,vol_managed,in_sample,-1.9355409942759276,-0.0187129018498
1975-10-31,vol_managed,in_sample,2.5903980185983015,0.0250440905242
1975-11-30,vol_managed,in_sample,1.481392692894986,0.0143221745988
1975-12-31,vol_managed,in_sample,-2.2486068111023583,-0.0217396369694
1976-01-31,vol_managed,in_sample,9.395060238770863,0.09083188661
1976-02-29,vol_managed,in_sample,0.17583286384563362,0.00169996044147
1976-03-31,vol_managed,in_sample,2.1285629990178303,0.0205790477182
1976-04-30,vol_managed,in_sample,-1.4852962493420534,-0.0143599143671
1976-05-31,vol_managed,in_sample,-1.4754558858725246,-0.0142647772678
1976-06-30,vol_managed,in_sample,5.08517770310166,0.0491637384733
1976-07-31,vol_managed,in_sample,-1.3617691492970814,-0.0131656485232
1976-08-31,vol_managed,in_sample,-1.4575293392663218,-0.0140914625676
1976-09-30,vol_managed,in_sample,3.3776591664423217,0.0326553685252
1976-10-31,vol_managed,in_sample,-3.5904446798346883,-0.0347125889297
1976-11-30,vol_managed,in_sample,0.3526210088271752,0.00340915658613
1976-12-31,vol_managed,in_sample,6.10395746338159,0.0590133493661
1977-01-31,vol_managed,in_sample,-8.097196727235906,-0.0782840808143
1977-02-28,vol_managed,in_sample,-3.7021996848562444,-0.0357930416023
1977-03-31,vol_managed,in_sample,-5.0288471278273725,-0.0486191318081
1977-04-30,vol_managed,in_sample,0.2813260542606529,0.00271987359438
1977-05-31,vol_managed,in_sample,-1.799194994552544,-0.0173947022777
1977-06-30,vol_managed,in_sample,9.906130896509993,0.0957729418937
1977-07-31,vol_managed,in_sample,-3.8562751974990532,-0.0372826509436
1977-08-31,vol_managed,in_sample,-3.750155267276815,-0.0362566784406
1977-09-30,vol_managed,in_sample,-0.6661745530128369,-0.0064406070769
1977-10-31,vol_managed,in_sample,-12.110326277821459,-0.11708320706
1977-11-30,vol_managed,in_sample,6.1061677324747885,0.0590347183522
1977-12-31,vol_managed,in_sample,0.21814372073832977,0.00210902380647
1978-01-31,vol_managed,in_sample,-11.227810994566795,-0.108551007574
1978-02-28,vol_managed,in_sample,-1.672143024510109,-0.016166357824
1978-03-31,vol_managed,in_sample,5.746389979017752,0.0555563700206
1978-04-30,vol_managed,in_sample,16.781356029085522,0.162242943553
1978-05-31,vol_managed,in_sample,1.3522351574467082,0.0130734734392
1978-06-30,vol_managed,in_sample,-2.1538787592586837,-0.0208238016852
1978-07-31,vol_managed,in_sample,6.2950955566088025,0.0608612814889
1978-08-31,vol_managed,in_sample,5.5137498030661485,0.0533071937997
1978-09-30,vol_managed,in_sample,-1.672804729590059,-0.01617275522
1978-10-31,vol_managed,in_sample,-13.388746289422253,-0.129443032179
1978-11-30,vol_managed,in_sample,1.1166900301559701,0.0107962120114
1978-12-31,vol_managed,in_sample,0.27760097005411033,0.00268385930414
1979-01-31,vol_managed,in_sample,2.717251129569837,0.026270512399
1979-02-28,vol_managed,in_sample,-3.9029922244957462,-0.0377343133695
1979-03-31,vol_managed,in_sample,7.657519865765464,0.0740332641286
1979-04-30,vol_managed,in_sample,-0.10361327169110353,-0.0010017380098
1979-05-31,vol_managed,in_sample,-3.995942635074552,-0.0386329623339
1979-06-30,vol_managed,in_sample,4.388617983920579,0.0424293661732
1979-07-31,vol_managed,in_sample,1.6949191104421135,0.0163865580997
1979-08-31,vol_managed,in_sample,8.555235347499364,0.0827124198522
1979-09-30,vol_managed,in_sample,-1.9201850207207158,-0.0185644395714
1979-10-31,vol_managed,in_sample,-7.507433407351836,-0.0725822211522
1979-11-30,vol_managed,in_sample,1.7086639540509236,0.0165194438976
1979-12-31,vol_managed,in_sample,1.2702135370582117,0.0122804845351
1980-01-31,vol_managed,in_sample,13.298010662322925,0.128565795846
1980-02-29,vol_managed,in_sample,-0.70965036299595,-0.00686093326346
1980-03-31,vol_managed,in_sample,-8.681536016644337,-0.0839335006933
1980-04-30,vol_managed,in_sample,0.7533336454077136,0.00728326530327
1980-05-31,vol_managed,in_sample,2.056280640597034,0.0198802184593
1980-06-30,vol_managed,in_sample,2.396513395743729,0.0231696048231
1980-07-31,vol_managed,in_sample,5.959442477926902,0.0576161716537
1980-08-31,vol_managed,in_sample,1.5762976404395228,0.015239720119
1980-09-30,vol_managed,in_sample,1.3920891094540617,0.0134587833316
1980-10-31,vol_managed,in_sample,0.41205191103970334,0.00398373735876
1980-11-30,vol_managed,in_sample,4.875706972577405,0.0471385655463
1980-12-31,vol_managed,in_sample,-2.123504462658712,-0.0205301415495
1981-01-31,vol_managed,in_sample,-1.8395953221666435,-0.0177852945553
1981-02-28,vol_managed,in_sample,0.3724024135351309,0.00360040414216
1981-03-31,vol_managed,in_sample,2.4658231080178576,0.0238396943985
1981-04-30,vol_managed,in_sample,-1.4630688098786717,-0.0141450184314
1981-05-31,vol_managed,in_sample,0.16668756996499598,0.00161154330782
1981-06-30,vol_managed,in_sample,-3.059218554480759,-0.0295766696321
1981-07-31,vol_managed,in_sample,-1.6829674982577558,-0.016271009348
1981-08-31,vol_managed,in_sample,-7.249878655554394,-0.070092169634
1981-09-30,vol_managed,in_sample,-4.13615609116297,-0.039988552657
1981-10-31,vol_managed,in_sample,1.7237484144222104,0.0166652811737
1981-11-30,vol_managed,in_sample,1.9110254692608615,0.0184758845948
1981-12-31,vol_managed,in_sample,-3.1385862545428056,-0.030344000309
1982-01-31,vol_managed,in_sample,-4.57503866257921,-0.0442316901089
1982-02-28,vol_managed,in_sample,-2.6930553347039616,-0.0260365863102
1982-03-31,vol_managed,in_sample,-1.2819659513855737,-0.0123941074325
1982-04-30,vol_managed,in_sample,2.2808002922787134,0.0220508850676
1982-05-31,vol_managed,in_sample,-4.326581766877237,-0.0418295970936
1982-06-30,vol_managed,in_sample,-4.033879826482935,-0.0389997408942
1982-07-31,vol_managed,in_sample,-2.585821843057635,-0.0249998478427
1982-08-31,vol_managed,in_sample,14.917658475631416,0.144224627486
1982-09-30,vol_managed,in_sample,0.26685160285888154,0.00257993391384
1982-10-31,vol_managed,in_sample,7.0115401473242605,0.0677879016672
1982-11-30,vol_managed,in_sample,0.9663485004184256,0.00934270299338
1982-12-31,vol_managed,in_sample,0.12983715554094336,0.00125527175879
1983-01-31,vol_managed,in_sample,1.9323988386872688,0.018682523341
1983-02-28,vol_managed,in_sample,0.9488509102042259,0.00917353546386
1983-03-31,vol_managed,in_sample,2.1000004348585737,0.0203029034974
1983-04-30,vol_managed,in_sample,6.193777421355463,0.0598817329667
1983-05-31,vol_managed,in_sample,0.4811848949869962,0.00465211831634
1983-06-30,vol_managed,in_sample,3.0763288285688994,0.029742092571
1983-07-31,vol_managed,in_sample,-3.3894802928560637,-0.0327696557343
1983-08-31,vol_managed,in_sample,-0.2619576701568934,-0.00253261914108
1983-09-30,vol_managed,in_sample,0.861154120172161,0.00832567875131
1983-10-31,vol_managed,in_sample,-4.277913126762741,-0.0413590663798
1983-11-30,vol_managed,in_sample,2.387519864768995,0.0230826549404
1983-12-31,vol_managed,in_sample,-2.838888689931533,-0.0274465100839
1984-01-31,vol_managed,in_sample,-5.2113652495375655,-0.0503837256387
1984-02-29,vol_managed,in_sample,-6.675357387130635,-0.0645376708461
1984-03-31,vol_managed,in_sample,0.36045372236875894,0.003484883631
1984-04-30,vol_managed,in_sample,-0.49746280502944173,-0.00480949392029
1984-05-31,vol_managed,in_sample,-8.02061458066912,-0.0775436810003
1984-06-30,vol_managed,in_sample,2.035350362580386,0.0196778635418
1984-07-31,vol_managed,in_sample,-2.381407783727852,-0.0230235630519
1984-08-31,vol_managed,in_sample,15.243669134962603,0.147376513955
1984-09-30,vol_managed,in_sample,-0.3093347754127787,-0.0029906632348
1984-10-31,vol_managed,in_sample,-1.3460627648469885,-0.0130137984557
1984-11-30,vol_managed,in_sample,-1.9280290316553317,-0.01864027584
1984-12-31,vol_managed,in_sample,2.4185356120589367,0.0233825166517
1985-01-31,vol_managed,in_sample,9.494779987550853,0.0917959818562
1985-02-28,vol_managed,in_sample,1.0001230059209372,0.00966923650952
1985-03-31,vol_managed,in_sample,-1.448995544355153,-0.0140089574349
1985-04-30,vol_managed,in_sample,-1.6299459033251387,-0.0157583940612
1985-05-31,vol_managed,in_sample,14.140228539222658,0.136708398102
1985-06-30,vol_managed,in_sample,1.8384729158230495,0.0177744430777
1985-07-31,vol_managed,in_sample,-1.5355136448941828,-0.0148454185217
1985-08-31,vol_managed,in_sample,-1.6880437881709254,-0.0163200871589
1985-09-30,vol_managed,in_sample,-9.519525036008986,-0.0920352181547
1985-10-31,vol_managed,in_sample,5.576052269076297,0.0539095369869
1985-11-30,vol_managed,in_sample,9.731791537696775,0.0940874207295
1985-12-31,vol_managed,in_sample,5.530838026548436,0.0534724035523
1986-01-31,vol_managed,in_sample,0.6753742799206024,0.00652955047163
1986-02-28,vol_managed,in_sample,5.146304831334902,0.0497547184393
1986-03-31,vol_managed,in_sample,6.267811663244054,0.0605974995178
1986-04-30,vol_managed,in_sample,-1.5101146360741193,-0.0145998597035
1986-05-31,vol_managed,in_sample,2.5263876383612582,0.0244252351415
1986-06-30,vol_managed,in_sample,1.1071845833769993,0.0107043129025
1986-07-31,vol_managed,in_sample,-6.469259559090957,-0.0625451072998
1986-08-31,vol_managed,in_sample,2.8386019882927203,0.0274437382389
1986-09-30,vol_managed,in_sample,-9.751277385965409,-0.0942758108319
1986-10-31,vol_managed,in_sample,1.3551391983641474,0.0131015498441
1986-11-30,vol_managed,in_sample,1.7423637450305438,0.0168452550702
1986-12-31,vol_managed,in_sample,-2.6765634091328834,-0.025877141594
1987-01-31,vol_managed,in_sample,13.357205327727414,0.12913809267
1987-02-28,vol_managed,in_sample,2.0435637685847254,0.0197572711394
1987-03-31,vol_managed,in_sample,1.5553621653858167,0.0150373149563
1987-04-30,vol_managed,in_sample,-1.5082924098287056,-0.014582242334
1987-05-31,vol_managed,in_sample,0.0359261700255782,0.000347335910485
1987-06-30,vol_managed,in_sample,2.2156509454460083,0.021421018102
1987-07-31,vol_managed,in_sample,5.755429728943112,0.0556437667503
1987-08-31,vol_managed,in_sample,6.437816835051791,0.0622411175571
1987-09-30,vol_managed,in_sample,-1.9358997365843456,-0.0187163701874
1987-10-31,vol_managed,in_sample,-13.163237606406673,-0.127262803569
1987-11-30,vol_managed,in_sample,-0.1468785586647055,-0.00142002884995
1987-12-31,vol_managed,in_sample,1.2992019715902239,0.0125607460908
1988-01-31,vol_managed,in_sample,0.8456007391959632,0.00817530792863
1988-02-29,vol_managed,in_sample,0.7333139332708959,0.00708971377975
1988-03-31,vol_managed,in_sample,-1.7703042276645156,-0.0171153849774
1988-04-30,vol_managed,in_sample,0.4792754906801419,0.00463365810522
1988-05-31,vol_managed,in_sample,-0.11353808083576684,-0.00109769153388
1988-06-30,vol_managed,in_sample,2.8857899824730615,0.0278999539978
1988-07-31,vol_managed,in_sample,-0.8137500387821733,-0.00786737385105
1988-08-31,vol_managed,in_sample,-2.926459004894302,-0.0282931440295
1988-09-30,vol_managed,in_sample,3.2569709215454616,0.0314885488671
1988-10-31,vol_managed,in_sample,1.5241256999365964,0.0147353193314
1988-11-30,vol_managed,in_sample,-2.2442426987674358,-0.021697444525
1988-12-31,vol_managed,in_sample,1.4725189811211887,0.0142363831338
1989-01-31,vol_managed,in_sample,16.90104002133277,0.163400054049
1989-02-28,vol_managed,in_sample,-3.2985208471057934,-0.031890255512
1989-03-31,vol_managed,in_sample,1.9264598378608904,0.0186251048002
1989-04-30,vol_managed,in_sample,4.588789571445905,0.044364634546
1989-05-31,vol_managed,in_sample,5.727515433386283,0.055373890021
1989-06-30,vol_managed,in_sample,-1.9167956162378221,-0.0185316706486
1989-07-31,vol_managed,in_sample,6.716686915310013,0.0649372466787
1989-08-31,vol_managed,in_sample,2.1148653301265896,0.0204466180077
1989-09-30,vol_managed,in_sample,-0.8544182133962244,-0.00826055568611
1989-10-31,vol_managed,in_sample,-9.197927730331685,-0.0889260001975
1989-11-30,vol_managed,in_sample,0.2504961628428952,0.00242180874644
1989-12-31,vol_managed,in_sample,1.918135025595438,0.0185446201216
1990-01-31,vol_managed,in_sample,-10.627837322786835,-0.102750433747
1990-02-28,vol_managed,in_sample,0.49398031220267596,0.00477582501498
1990-03-31,vol_managed,in_sample,2.412214522058594,0.0233214040547
1990-04-30,vol_managed,in_sample,-4.550192942664727,-0.043991480514
1990-05-31,vol_managed,in_sample,10.367375375050148,0.100232275321
1990-06-30,vol_managed,in_sample,-1.1087431454588519,-0.0107193811544
1990-07-31,vol_managed,in_sample,-1.9187009262411583,-0.0185500912758
1990-08-31,vol_managed,in_sample,-9.844847822411369,-0.0951804542357
1990-09-30,vol_managed,in_sample,-1.0598849403632937,-0.0102470177174
1990-10-31,vol_managed,in_sample,-1.0861027353113855,-0.0105004925986
1990-11-30,vol_managed,in_sample,1.6716321400206464,0.0161614185686
1990-12-31,vol_managed,in_sample,1.2323983852784657,0.0119148858597
1991-01-31,vol_managed,in_sample,7.005737764003094,0.0677318039509
1991-02-28,vol_managed,in_sample,2.6299639392567546,0.0254266157159
1991-03-31,vol_managed,in_sample,1.3177059162724714,0.0127396431029
1991-04-30,vol_managed,in_sample,-0.24039755523604933,-0.00232417493061
1991-05-31,vol_managed,in_sample,2.297263109117513,0.0222100483592
1991-06-30,vol_managed,in_sample,-3.8681301543224373,-0.0373972652267
1991-07-31,vol_managed,in_sample,4.621988493588362,0.044685603295
1991-08-31,vol_managed,in_sample,2.75397404823451,0.026625551313
1991-09-30,vol_managed,in_sample,-0.9136256042453027,-0.00883297554031
1991-10-31,vol_managed,in_sample,2.8494906612505972,0.0275490104439
1991-11-30,vol_managed,in_sample,-4.3238285709088755,-0.0418029790648
1991-12-31,vol_managed,in_sample,5.932026753473335,0.0573511151334
1992-01-31,vol_managed,in_sample,-0.33909085745345213,-0.00327834644291
1992-02-29,vol_managed,in_sample,1.3048178688974805,0.0126150408515
1992-03-31,vol_managed,in_sample,-3.3142958562512996,-0.0320427690463
1992-04-30,vol_managed,in_sample,2.3692540875814574,0.0229060605429
1992-05-31,vol_managed,in_sample,0.18816638637880592,0.00181920152048
1992-06-30,vol_managed,in_sample,-4.492619305213674,-0.0434348558649
1992-07-31,vol_managed,in_sample,5.281878400733752,0.0510654501185
1992-08-31,vol_managed,in_sample,-3.1290060148217984,-0.0302513780984
1992-09-30,vol_managed,in_sample,3.3989442699992036,0.0328611539128
1992-10-31,vol_managed,in_sample,1.3642449757696542,0.0131895849306
1992-11-30,vol_managed,in_sample,5.3799586445095855,0.0520136945528
1992-12-31,vol_managed,in_sample,3.580512530498368,0.0346165644403
1993-01-31,vol_managed,in_sample,2.861866657168312,0.0276686621576
1993-02-28,vol_managed,in_sample,0.38522003910206587,0.00372432555219
1993-03-31,vol_managed,in_sample,1.8487144824090582,0.0178734590277
1993-04-30,vol_managed,in_sample,-4.111794696227791,-0.0397530255389
1993-05-31,vol_managed,in_sample,3.07870242475948,0.0297650406112
1993-06-30,vol_managed,in_sample,0.4469225710872208,0.00432086854887
1993-07-31,vol_managed,in_sample,-0.6632072971552818,-0.00641191950697
1993-08-31,vol_managed,in_sample,9.194434727534599,0.0888922296813
1993-09-30,vol_managed,in_sample,-0.5341422859504076,-0.00516411287613
1993-10-31,vol_managed,in_sample,3.077399376808643,0.029752442682
1993-11-30,vol_managed,in_sample,-7.310644345878003,-0.0706796552012
1993-12-31,vol_managed,in_sample,2.3927924865002193,0.0231336308966
1994-01-31,vol_managed,in_sample,13.77755971701271,0.133202098781
1994-02-28,vol_managed,in_sample,-8.049521018353493,-0.0778231498066
1994-03-31,vol_managed,in_sample,-5.258831484858171,-0.0508426314461
1994-04-30,vol_managed,in_sample,0.7436203952801138,0.00718935714177
1994-05-31,vol_managed,in_sample,0.4106895022083051,0.00397056552576
1994-06-30,vol_managed,in_sample,-4.420138135322078,-0.0427341044873
1994-07-31,vol_managed,in_sample,3.8496830684436216,0.0372189179282
1994-08-31,vol_managed,in_sample,13.01936594562948,0.12587184555
1994-09-30,vol_managed,in_sample,-5.7323968074239975,-0.055421083376
1994-10-31,vol_managed,in_sample,2.146701154818758,0.0207544082661
1994-11-30,vol_managed,in_sample,-4.368074067543553,-0.0422307466183
1994-12-31,vol_managed,in_sample,1.1700246211581748,0.011311853359
1995-01-31,vol_managed,in_sample,2.8358862820561948,0.0274174826626
1995-02-28,vol_managed,in_sample,12.905364728961917,0.124769676397
1995-03-31,vol_managed,in_sample,4.978016853135653,0.048127702309
1995-04-30,vol_managed,in_sample,5.379772109778496,0.0520118911262
1995-05-31,vol_managed,in_sample,15.06196561431609,0.145619795726
1995-06-30,vol_managed,in_sample,3.6672088361340074,0.0354547484224
1995-07-31,vol_managed,in_sample,6.3180983598329306,0.0610836736781
1995-08-31,vol_managed,in_sample,0.6441515906700405,0.00622768803567
1995-09-30,vol_managed,in_sample,17.23385934337286,0.166617766991
1995-10-31,vol_managed,in_sample,-4.024931078812147,-0.0389132239786
1995-11-30,vol_managed,in_sample,6.297420447731416,0.0608837586462
1995-12-31,vol_managed,in_sample,2.0561509873109696,0.0198789649652
1996-01-31,vol_managed,in_sample,2.811353408201689,0.0271802976782
1996-02-29,vol_managed,in_sample,1.0679184260435826,0.0103246858368
1996-03-31,vol_managed,in_sample,0.8171215466614464,0.00789996974864
1996-04-30,vol_managed,in_sample,1.4739625700582555,0.0142503398199
1996-05-31,vol_managed,in_sample,2.742173068577844,0.0265114588837
1996-06-30,vol_managed,in_sample,-1.221192239607607,-0.0118065443135
1996-07-31,vol_managed,in_sample,-12.553121557874181,-0.121364172764
1996-08-31,vol_managed,in_sample,0.9924880359106111,0.00959542125846
1996-09-30,vol_managed,in_sample,5.020748190957044,0.0485408309035
1996-10-31,vol_managed,in_sample,1.4942733579622662,0.0144467054777
1996-11-30,vol_managed,in_sample,13.027675238670046,0.125952180188
1996-12-31,vol_managed,in_sample,-3.064460534119392,-0.0296273493391
1997-01-31,vol_managed,in_sample,4.052827894003493,0.0391829317069
1997-02-28,vol_managed,in_sample,-0.4518088907006658,-0.00436810971793
1997-03-31,vol_managed,in_sample,-4.2923420675637525,-0.0414985660617
1997-04-30,vol_managed,in_sample,2.468914682078964,0.0238695838827
1997-05-31,vol_managed,in_sample,2.8316993535878745,0.0273770032402
1997-06-30,vol_managed,in_sample,2.435066589755948,0.0235423389257
1997-07-31,vol_managed,in_sample,5.477558421955013,0.0529572938159
1997-08-31,vol_managed,in_sample,-2.732935040029718,-0.0264221451869
1997-09-30,vol_managed,in_sample,3.1174165203844604,0.0301393303182
1997-10-31,vol_managed,in_sample,-2.237974829979709,-0.0216368464732
1997-11-30,vol_managed,in_sample,0.38788418050078743,0.0037500825972
1997-12-31,vol_managed,in_sample,0.5847126103526252,0.00565302916354
1998-01-31,vol_managed,in_sample,0.08074031597633541,0.00078060119246
1998-02-28,vol_managed,in_sample,3.167746801162335,0.0306259258525
1998-03-31,vol_managed,in_sample,5.5075553622602325,0.0532473056531
1998-04-30,vol_managed,in_sample,0.7863350962517568,0.00760232489042
1998-05-31,vol_managed,in_sample,-1.967158148709435,-0.0190185779938
1998-06-30,vol_managed,in_sample,3.9472520486255167,0.0381622194419
1998-07-31,vol_managed,in_sample,-1.3703636973554825,-0.0132487410202
1998-08-31,vol_managed,in_sample,-8.375096380134199,-0.0809708277983
1998-09-30,vol_managed,in_sample,0.6732769486563267,0.0065092733738
1998-10-31,vol_managed,in_sample,0.8019719995077292,0.00775350321045
1998-11-30,vol_managed,in_sample,1.0487133564390048,0.0101390103158
1998-12-31,vol_managed,in_sample,3.391072413276071,0.0327850484298
1999-01-31,vol_managed,in_sample,1.2556290022519114,0.012139480563
1999-02-28,vol_managed,in_sample,-1.4425478806151244,-0.013946621117
1999-03-31,vol_managed,in_sample,1.071702128991164,0.0103612668558
1999-04-30,vol_managed,in_sample,1.5592873855457188,0.0150752641704
1999-05-31,vol_managed,in_sample,-0.9493900784941302,-0.00917874816838
1999-06-30,vol_managed,in_sample,1.7591930427828606,0.0170079615166
1999-07-31,vol_managed,in_sample,-1.4740134989775724,-0.0142508322031
1999-08-31,vol_managed,in_sample,-0.8757805219054813,-0.00846708749484
1999-09-30,vol_managed,in_sample,-1.071078285062417,-0.0103552355032
1999-10-31,vol_managed,in_sample,2.487546415958337,0.0240497163668
1999-11-30,vol_managed,in_sample,0.8039865100299661,0.00777297959343
1999-12-31,vol_managed,in_sample,5.557814319803967,0.053733211631
2000-01-31,vol_managed,in_sample,-4.0639435509154085,-0.0392903984035
2000-02-29,vol_managed,in_sample,0.4479478489256921,0.00433078098349
2000-03-31,vol_managed,in_sample,1.934889888647657,0.0187066069298
2000-04-30,vol_managed,in_sample,-1.0157123120400158,-0.00981995465818
2000-05-31,vol_managed,in_sample,-0.3991798056430146,-0.00385928923516
2000-06-30,vol_managed,in_sample,0.7117569066396647,0.00688129942701
2000-07-31,vol_managed,in_sample,-0.7956661793985742,-0.00769253824348
2000-08-31,vol_managed,in_sample,2.5909477967949432,0.0250494058058
2000-09-30,vol_managed,in_sample,-5.129911806438599,-0.0495962298995
2000-10-31,vol_managed,in_sample,-1.4571256432679496,-0.0140875596156
2000-11-30,vol_managed,in_sample,-1.5697202527476601,-0.0151761296238
2000-12-31,vol_managed,in_sample,0.2549420281085708,0.00246479158204
2001-01-31,vol_managed,in_sample,0.45512193231436476,0.0044001403609
2001-02-28,vol_managed,in_sample,-1.6206694947309543,-0.0156687093043
2001-03-31,vol_managed,in_sample,-2.646108886311697,-0.0255827058274
2001-04-30,vol_managed,in_sample,1.1183122034285866,0.0108118952593
2001-05-31,vol_managed,in_sample,0.08427205894225424,0.000814746250444
2001-06-30,vol_managed,in_sample,-0.7145524907106108,-0.00690832726599
2001-07-31,vol_managed,in_sample,-1.312529637719222,-0.0126895985971
2001-08-31,vol_managed,in_sample,-2.341435168926815,-0.022637105922
2001-09-30,vol_managed,in_sample,-4.631625577983784,-0.0447787750826
2001-10-31,vol_managed,in_sample,0.35549606260772787,0.00343695274202
2001-11-30,vol_managed,in_sample,2.188082249595343,0.021154482647
2001-12-31,vol_managed,in_sample,0.7863661629306037,0.00760262524454
2002-01-31,vol_managed,in_sample,-0.800312416002267,-0.00773745827865
2002-02-28,vol_managed,in_sample,-1.1689109663646642,-0.0113010864918
2002-03-31,vol_managed,in_sample,1.7533670901934284,0.0169516359315
2002-04-30,vol_managed,in_sample,-2.7774552306147258,-0.0268525684945
2002-05-31,vol_managed,in_sample,-0.6345366755900694,-0.00613473058206
2002-06-30,vol_managed,in_sample,-1.983247922399538,-0.0191741346866
2002-07-31,vol_managed,in_sample,-2.4164629247815017,-0.0233624778131
2002-08-31,vol_managed,in_sample,0.036525171824783945,0.000353127088202
2002-09-30,vol_managed,in_sample,-1.2230645644392033,-0.0118246460385
2002-10-31,vol_managed,in_sample,1.183908837016689,0.0114460866144
2002-11-30,vol_managed,in_sample,0.5657957588378634,0.00547014014866
2002-12-31,vol_managed,in_sample,-1.3657219907017084,-0.0132038647808
2003-01-31,vol_managed,in_sample,-1.052820671529617,-0.0101787200323
2003-02-28,vol_managed,in_sample,-0.4144885878020045,-0.00400729526491
2003-03-31,vol_managed,in_sample,0.48501130719301777,0.00468911225047
2003-04-30,vol_managed,in_sample,1.5327967860981306,0.0148191518024
2003-05-31,vol_managed,in_sample,2.211373190901403,0.0213796605688
2003-06-30,vol_managed,in_sample,0.6957250179333286,0.00672630236897
2003-07-31,vol_managed,in_sample,1.212101539041894,0.0117186549906
2003-08-31,vol_managed,in_sample,1.2234857628240507,0.0118287182044
2003-09-30,vol_managed,in_sample,-1.2898054850148208,-0.0124699004143
2003-10-31,vol_managed,in_sample,3.2781459759198235,0.031693270294
2003-11-30,vol_managed,in_sample,0.9511694204798907,0.00919595093083
2003-12-31,vol_managed,in_sample,4.364857970125783,0.0421996532364
2004-01-31,vol_managed,in_sample,2.2963813474906885,0.0222015234461
2004-02-29,vol_managed,in_sample,1.621497174257772,0.0156767113491
2004-03-31,vol_managed,in_sample,-1.9352404124195202,-0.0187099958102
2004-04-30,vol_managed,in_sample,-0.9010929237432308,-0.00871180899264
2004-05-31,vol_managed,in_sample,0.9435774602333621,0.0091225515002
2004-06-30,vol_managed,in_sample,1.6697223624553776,0.0161429547488
2004-07-31,vol_managed,in_sample,-5.116364248697791,-0.0494652514707
2004-08-31,vol_managed,in_sample,0.07651947368639005,0.000739793889629
2004-09-30,vol_managed,in_sample,1.0526965510671347,0.0101775200298
2004-10-31,vol_managed,in_sample,2.013208477218658,0.0194637947472
2004-11-30,vol_managed,in_sample,3.822795243083933,0.0369589651613
2004-12-31,vol_managed,in_sample,4.30230342942787,0.0415948729792
2005-01-31,vol_managed,in_sample,-3.9011617403469865,-0.0377166161622
2005-02-28,vol_managed,in_sample,2.077024607909218,0.0200807721161
2005-03-31,vol_managed,in_sample,-2.2905221227739485,-0.0221448761845
2005-04-30,vol_managed,in_sample,-3.445860137128121,-0.0333147387345
2005-05-31,vol_managed,in_sample,2.085245789196177,0.0201602548855
2005-06-30,vol_managed,in_sample,0.6655797161195137,0.00643485616569
2005-07-31,vol_managed,in_sample,7.307132665720875,0.0706457041114
2005-08-31,vol_managed,in_sample,-1.8120775525873971,-0.0175192514579
2005-09-30,vol_managed,in_sample,0.6761310968388724,0.00653686741338
2005-10-31,vol_managed,in_sample,-3.1725886845367497,-0.0306727374099
2005-11-30,vol_managed,in_sample,1.9115595366737679,0.0184810479838
2005-12-31,vol_managed,in_sample,-0.415911358947834,-0.00402105068362
2006-01-31,vol_managed,in_sample,6.704678108535699,0.064821144967
2006-02-28,vol_managed,in_sample,-0.33100906016831144,-0.00320021124463
2006-03-31,vol_managed,in_sample,2.274908121260544,0.0219939192796
2006-04-30,vol_managed,in_sample,1.3045208316451689,0.0126121690813
2006-05-31,vol_managed,in_sample,-6.381469649970445,-0.0616963503075
2006-06-30,vol_managed,in_sample,-0.24982228062556064,-0.0024152936213
2006-07-31,vol_managed,in_sample,-0.32490210239545136,-0.00314116888813
2006-08-31,vol_managed,in_sample,1.1979087925967111,0.0115814388469
2006-09-30,vol_managed,in_sample,3.174694577392377,0.0306930972816
2006-10-31,vol_managed,in_sample,5.655613612554156,0.0546787398175
2006-11-30,vol_managed,in_sample,3.270615474012568,0.0316204650455
2006-12-31,vol_managed,in_sample,1.2709040590121239,0.012287160534
2007-01-31,vol_managed,in_sample,3.783325272494083,0.0365773676194
2007-02-28,vol_managed,in_sample,-4.111578707565449,-0.0397509373503
2007-03-31,vol_managed,in_sample,0.5119532472125449,0.00494958820046
2007-04-30,vol_managed,in_sample,2.264207924749541,0.0218904692738
2007-05-31,vol_managed,in_sample,5.87778661883401,0.0568267189471
2007-06-30,vol_managed,in_sample,-2.72747513838073,-0.0263693585996
2007-07-31,vol_managed,in_sample,-2.7501524322534805,-0.026588603749
2007-08-31,vol_managed,in_sample,0.41821113665272136,0.00404328504321
2007-09-30,vol_managed,in_sample,0.6929012965848069,0.00669900249746
2007-10-31,vol_managed,in_sample,1.0225636468395642,0.00988619368697
2007-11-30,vol_managed,in_sample,-2.93840008986494,-0.0284085910036
2007-12-31,vol_managed,in_sample,-0.1703436042630621,-0.00164689002028
2008-01-31,vol_managed,in_sample,-2.795565666898757,-0.0270276610488
2008-02-29,vol_managed,in_sample,-0.7034796558131012,-0.00680127457465
2008-03-31,vol_managed,in_sample,-0.3099078532193024,-0.00299620377813
2008-04-30,vol_managed,in_sample,0.7697119787736738,0.00744161180466
2008-05-31,vol_managed,in_sample,0.7098992965530257,0.00686333996486
2008-06-30,vol_managed,in_sample,-5.8144290167449855,-0.0562141746544
2008-07-31,vol_managed,in_sample,-0.2425190595875237,-0.00234468573499
2008-08-31,vol_managed,in_sample,0.3740148412906593,0.00361599316994
2008-09-30,vol_managed,in_sample,-3.0065355981898807,-0.0290673283197
2008-10-31,vol_managed,in_sample,-0.8161459301874651,-0.00789053744244
2008-11-30,vol_managed,in_sample,-0.14910880951268365,-0.0014415910206
2008-12-31,vol_managed,in_sample,0.05316024252037035,0.000513955738234
2009-01-31,vol_managed,in_sample,-0.41863828414686866,-0.00404741472538
2009-02-28,vol_managed,in_sample,-0.9087596456866032,-0.00878593122289
2009-03-31,vol_managed,in_sample,1.0198958601990507,0.00986040139959
2009-04-30,vol_managed,in_sample,0.5260964610700182,0.00508632546076
2009-05-31,vol_managed,in_sample,0.6912446105341442,0.00668298557839
2009-06-30,vol_managed,in_sample,0.0689759713461284,0.000666862952328
2009-07-31,vol_managed,in_sample,2.2807046150987227,0.0220499600561
2009-08-31,vol_managed,in_sample,0.930540958736451,0.00899651398733
2009-09-30,vol_managed,in_sample,1.879043181217964,0.0181666783218
2009-10-31,vol_managed,in_sample,-1.367379260016999,-0.0132198873389
2009-11-30,vol_managed,in_sample,1.5150938223248251,0.0146479987116
2009-12-31,vol_managed,in_sample,1.423843509627193,0.0137657863739
2010-01-31,vol_managed,in_sample,-3.6204908948575496,-0.0350030771572
2010-02-28,vol_managed,in_sample,1.856128307611386,0.0179451362403
2010-03-31,vol_managed,in_sample,2.8376407669076267,0.0274344451051
2010-04-30,vol_managed,in_sample,2.7847520221217326,0.0269231142198
2010-05-31,vol_managed,in_sample,-4.541720696759537,-0.04390957044
2010-06-30,vol_managed,in_sample,-0.6923968975756247,-0.00669412594399
2010-07-31,vol_managed,in_sample,1.2380677169644452,0.0119696972265
2010-08-31,vol_managed,in_sample,-1.3855360245912127,-0.0133954277973
2010-09-30,vol_managed,in_sample,3.4843380108012143,0.0336867446365
2010-10-31,vol_managed,in_sample,1.6316644380213998,0.0157750089359
2010-11-30,vol_managed,in_sample,0.5414077174380496,0.00523435541128
2010-12-31,vol_managed,in_sample,4.042224382269952,0.0390804164541
2011-01-31,vol_managed,in_sample,2.531947162340574,0.0244789848822
2011-02-28,vol_managed,in_sample,3.7417458471504257,0.0361753757692
2011-03-31,vol_managed,in_sample,0.3835085273482891,0.00370777857563
2011-04-30,vol_managed,in_sample,1.3190612353785096,0.0127527463921
2011-05-31,vol_managed,in_sample,-1.899066889144094,-0.0183602684768
2011-06-30,vol_managed,in_sample,-1.7242654971850422,-0.0166702803543
2011-07-31,vol_managed,in_sample,-1.0360838921911917,-0.0100169080583
2011-08-31,vol_managed,in_sample,-3.168464972681065,-0.0306328691687
2011-09-30,vol_managed,in_sample,-0.38787311839725447,-0.00374997564826
2011-10-31,vol_managed,in_sample,1.639654658625735,0.0158522587665
2011-11-30,vol_managed,in_sample,-0.03463008863727833,-0.000334805334341
2011-12-31,vol_managed,in_sample,0.09901449720727773,0.000957276840649
2012-01-31,vol_managed,in_sample,1.758720050805639,0.0170033886078
2012-02-29,vol_managed,in_sample,6.758497652741277,0.0653414748651
2012-03-31,vol_managed,in_sample,4.290934018761106,0.0414849529793
2012-04-30,vol_managed,in_sample,-0.6978242619757962,-0.00674659795963
2012-05-31,vol_managed,in_sample,-3.6437048979072837,-0.0352275112363
2012-06-30,vol_managed,in_sample,2.5739568939268933,0.0248851369535
2012-07-31,vol_managed,in_sample,0.22922114823956818,0.00221612089932
2012-08-31,vol_managed,in_sample,1.6814907004429684,0.0162567315969
2012-09-30,vol_managed,in_sample,3.642809523697053,0.0352188547161
2012-10-31,vol_managed,in_sample,-1.746163792488592,-0.0168819941087
2012-11-30,vol_managed,in_sample,0.9149893662268892,0.00884616045563
2012-12-31,vol_managed,in_sample,0.6475741656992329,0.00626077765288
2013-01-31,vol_managed,in_sample,6.028831696007896,0.058287029895
2013-02-28,vol_managed,in_sample,1.4716482254914274,0.0142279646272
2013-03-31,vol_managed,in_sample,3.3099707089409574,0.0320009533176
2013-04-30,vol_managed,in_sample,3.3338304470928892,0.0322316303942
2013-05-31,vol_managed,in_sample,1.6012082990517251,0.0154805575443
2013-06-30,vol_managed,in_sample,-1.141112200311091,-0.0110323267072
2013-07-31,vol_managed,in_sample,2.752742814009829,0.0266136476823
2013-08-31,vol_managed,in_sample,-5.125055842123533,-0.0495492822069
2013-09-30,vol_managed,in_sample,3.6513198704709326,0.0353011331511
2013-10-31,vol_managed,in_sample,7.400891297419387,0.0715521669958
2013-11-30,vol_managed,in_sample,2.1419176202280754,0.0207081608275
2013-12-31,vol_managed,in_sample,3.968087779338734,0.0383636602716
2014-01-31,vol_managed,in_sample,-4.9107951729129,-0.0474777999262
2014-02-28,vol_managed,in_sample,3.415911272260104,0.0330251916929
2014-03-31,vol_managed,in_sample,0.3312749491885962,0.00320278187225
2014-04-30,vol_managed,in_sample,-0.19504567473216972,-0.00188571080555
2014-05-31,vol_managed,in_sample,1.3010009002664988,0.0125781382183
2014-06-30,vol_managed,in_sample,4.0633250141493695,0.0392844183608
2014-07-31,vol_managed,in_sample,-6.541724084970035,-0.0632456977623
2014-08-31,vol_managed,in_sample,4.317605325692734,0.0417428124358
2014-09-30,vol_managed,in_sample,-3.8054685932128782,-0.0367914502911
2014-10-31,vol_managed,in_sample,3.425588736888328,0.0331187538785
2014-11-30,vol_managed,in_sample,0.8942545804792357,0.00864569556663
2014-12-31,vol_managed,in_sample,-0.3099705830418076,-0.00299681025302
2015-01-31,vol_managed,in_sample,-1.592707734780686,-0.015398373687
2015-02-28,vol_managed,in_sample,2.833333033848071,0.0273927977382
2015-03-31,vol_managed,in_sample,-1.4252996739371815,-0.0137798646393
2015-04-30,vol_managed,in_sample,0.4004142498333788,0.00387122389996
2015-05-31,vol_managed,post_sample,2.355323916838051,0.0227713829935
2015-06-30,vol_managed,post_sample,-2.019053717829192,-0.0195203068098
2015-07-31,vol_managed,post_sample,1.556651347020521,0.0150497788253
2015-08-31,vol_managed,post_sample,-5.443126514572441,-0.0526244045073
2015-09-30,vol_managed,post_sample,-0.5881402108020065,-0.00568616736675
2015-10-31,vol_managed,post_sample,2.0754120997113854,0.0200651823106
2015-11-30,vol_managed,post_sample,0.34471139031106257,0.00333268602033
2015-12-31,vol_managed,post_sample,-2.077773057744908,-0.0200880081645
2016-01-31,vol_managed,post_sample,-2.2192086030055034,-0.0214554137035
2016-02-29,vol_managed,post_sample,-0.014213870208444907,-0.000137420369242
2016-03-31,vol_managed,post_sample,2.647535778888549,0.0255965010923
2016-04-30,vol_managed,post_sample,0.6870298487720741,0.00664223706239
2016-05-31,vol_managed,post_sample,2.101353582026537,0.0203159857882
2016-06-30,vol_managed,post_sample,-0.029871049611013754,-0.000288794720016
2016-07-31,vol_managed,post_sample,1.3263168842857365,0.0128228943488
2016-08-31,vol_managed,post_sample,0.941672065818978,0.00910413005691
2016-09-30,vol_managed,post_sample,0.8728475201967035,0.00843873109564
2016-10-31,vol_managed,post_sample,-1.2411448158377585,-0.0119994467639
2016-11-30,vol_managed,post_sample,12.502308291384345,0.120872907701
2016-12-31,vol_managed,post_sample,1.7605197162284145,0.0170207878582
2017-01-31,vol_managed,post_sample,3.6010033616364616,0.0348146707646
2017-02-28,vol_managed,post_sample,8.664611689112672,0.0837698754945
2017-03-31,vol_managed,post_sample,0.6427009423063895,0.0062136630987
2017-04-30,vol_managed,post_sample,1.6483528054017198,0.0159363528608
2017-05-31,vol_managed,post_sample,2.408489061430641,0.0232853861252
2017-06-30,vol_managed,post_sample,1.4367794879944993,0.0138908520244
2017-07-31,vol_managed,post_sample,3.7078875586009006,0.0358480322346
2017-08-31,vol_managed,post_sample,0.7012119169223558,0.00677934996783
2017-09-30,vol_managed,post_publication,3.2385421611355665,0.0313103787401
2017-10-31,vol_managed,post_publication,7.980395238216645,0.0771548384958
2017-11-30,vol_managed,post_publication,12.5837427270049,0.121660219675
2017-12-31,vol_managed,post_publication,2.7987697332417296,0.0270586381137
2018-01-31,vol_managed,post_publication,21.227260513745996,0.205226158324
2018-02-28,vol_managed,post_publication,-4.916479874155488,-0.0475327598866
2018-03-31,vol_managed,post_publication,-0.47963326939066553,-0.00463711712671
2018-04-30,vol_managed,post_publication,0.08764898314371423,0.000847394513293
2018-05-31,vol_managed,post_publication,1.1757424743797131,0.0113671338343
2018-06-30,vol_managed,post_publication,0.5977154920873956,0.00577874163896
2018-07-31,vol_managed,post_publication,4.912329298053859,0.0474926319206
2018-08-31,vol_managed,post_publication,5.476133840372237,0.0529435208938
2018-09-30,vol_managed,post_publication,0.12203683323627126,0.00117985787393
2018-10-31,vol_managed,post_publication,-31.081635492118536,-0.300498721554
2018-11-30,vol_managed,post_publication,0.36453175648134833,0.00352431025762
2018-12-31,vol_managed,post_publication,-3.2062062065662125,-0.0309977532024
2019-01-31,vol_managed,post_publication,1.2322645242761152,0.0119135916852
2019-02-28,vol_managed,post_publication,1.1235083631423624,0.0108621319771
2019-03-31,vol_managed,post_publication,2.0154821904885423,0.0194857771146
2019-04-30,vol_managed,post_publication,3.21203500131179,0.0310541062656
2019-05-31,vol_managed,post_publication,-16.616306074076004,-0.160647232784
2019-06-30,vol_managed,post_publication,3.4509676891142997,0.0333641187886
2019-07-31,vol_managed,post_publication,1.0662659508815109,0.0103087096288
2019-08-31,vol_managed,post_publication,-4.187207847673866,-0.0404821234528
2019-09-30,vol_managed,post_publication,0.32096542018051766,0.00310310885834
2019-10-31,vol_managed,post_publication,2.9356053961061477,0.0283815717722
2019-11-30,vol_managed,post_publication,2.534483246234628,0.0245035038612
2019-12-31,vol_managed,post_publication,8.021307026796494,0.0775503756022
2020-01-31,vol_managed,post_publication,-0.22728203211174253,-0.00219737343291
2020-02-29,vol_managed,post_publication,-7.5686809641438115,-0.0731743654272
2020-03-31,vol_managed,post_publication,-2.9588100533699784,-0.0286059154958
2020-04-30,vol_managed,post_publication,0.19623239061851158,0.00189718403085
2020-05-31,vol_managed,post_publication,0.39673836547930935,0.00383568527622
2020-06-30,vol_managed,post_publication,0.5759915383277745,0.00556871342685
2020-07-31,vol_managed,post_publication,0.8332189596956527,0.00805560029898
2020-08-31,vol_managed,post_publication,4.342536917404877,0.0419838522433
2020-09-30,vol_managed,post_publication,-4.939067168582168,-0.0477511349171
2020-10-31,vol_managed,post_publication,-0.4214137883367045,-0.00407424843112
2020-11-30,vol_managed,post_publication,3.5723956624786632,0.0345380901765
2020-12-31,vol_managed,post_publication,1.9225444477004932,0.018587250623
2021-01-31,vol_managed,post_publication,-0.11232110906719212,-0.00108592579328
2021-02-28,vol_managed,post_publication,1.3938501717867717,0.0134758093655
2021-03-31,vol_managed,post_publication,1.7797559643420742,0.0172067648145
2021-04-30,vol_managed,post_publication,1.5731692858383957,0.0152094750388
2021-05-31,vol_managed,post_publication,0.27792361411230176,0.00268697864215
2021-06-30,vol_managed,post_publication,1.6870443028852533,0.0163104240879
2021-07-31,vol_managed,post_publication,2.276097765969964,0.0220054208209
2021-08-31,vol_managed,post_publication,2.581134259735384,0.0249545280655
2021-09-30,vol_managed,post_publication,-6.751881776522297,-0.065277512261
2021-10-31,vol_managed,post_publication,4.739787911115639,0.0458244936335
2021-11-30,vol_managed,post_publication,-1.3212475046614853,-0.0127738833469
2021-12-31,vol_managed,post_publication,2.447549195175032,0.0236630213451
2022-01-31,vol_managed,post_publication,-2.1905519642649556,-0.0211783599652
2022-02-28,vol_managed,post_publication,-0.6868509599862137,-0.00664050755715
2022-03-31,vol_managed,post_publication,0.7841725050821903,0.00758141685674
2022-04-30,vol_managed,post_publication,-1.793576535228442,-0.0173403827473
2022-05-31,vol_managed,post_publication,-0.06779108648672329,-0.000655407429483
2022-06-30,vol_managed,post_publication,-1.004457740695769,-0.00971114493028
2022-07-31,vol_managed,post_publication,1.2816245915324844,0.0123908071493
2022-08-31,vol_managed,post_publication,-1.1140659130763995,-0.0107708419234
2022-09-30,vol_managed,post_publication,-2.7458256215669117,-0.0265467719387
2022-10-31,vol_managed,post_publication,1.6023585743219106,0.01549167846
2022-11-30,vol_managed,post_publication,0.7456067162287959,0.00720856098662
2022-12-31,vol_managed,post_publication,-1.0067872599256613,-0.00973366683234
2023-01-31,vol_managed,post_publication,2.3909316025621936,0.0231156397827
2023-02-28,vol_managed,post_publication,-1.1378297545727905,-0.0110005918666
2023-03-31,vol_managed,post_publication,1.378405083421213,0.0133264855209
2023-04-30,vol_managed,post_publication,0.20973018976319993,0.00202768139119
2023-05-31,vol_managed,post_publication,0.3295394115841783,0.00318600261263
2023-06-30,vol_managed,post_publication,4.745803569055739,0.0458826532989
2023-07-31,vol_managed,post_publication,2.817090174197923,0.0272357610031
2023-08-31,vol_managed,post_publication,-3.7141130137876157,-0.0359082202297
2023-09-30,vol_managed,post_publication,-3.950010421026982,-0.0381888875167
2023-10-31,vol_managed,post_publication,-3.1440549131100757,-0.0303968715586
2023-11-30,vol_managed,post_publication,5.091597292123798,0.0492258033635
2023-12-31,vol_managed,post_publication,3.4595789744925827,0.0334473731028
2024-01-31,vol_managed,post_publication,0.8124303057277904,0.00785461460948
2024-02-29,vol_managed,post_publication,4.851003539958361,0.0468997315917
2024-03-31,vol_managed,post_publication,2.2393819681124194,0.0216504507512
2024-04-30,vol_managed,post_publication,-6.2226545362932955,-0.0601609182793
2024-05-31,vol_managed,post_publication,2.7453828039352928,0.0265424907569
2024-06-30,vol_managed,post_publication,3.552490803392059,0.0343456490577
2024-07-31,vol_managed,post_publication,3.513267573837941,0.0339664370198
2024-08-31,vol_managed,post_publication,0.9612682420616935,0.00929358681538
2024-09-30,vol_managed,post_publication,0.5178882178672807,0.00500696777737
2024-10-31,vol_managed,post_publication,-0.6665306010688125,-0.00644404936634
2024-11-30,vol_managed,post_publication,6.333375197200902,0.0612313708641
2024-12-31,vol_managed,post_publication,-2.151468345457514,-0.0208004976906
2025-01-31,vol_managed,post_publication,1.5997781437374161,0.0154667307351
2025-02-28,vol_managed,post_publication,-1.624004517042905,-0.0157009524577
2025-03-31,vol_managed,post_publication,-4.782625853349471,-0.0462386528845
2025-04-30,vol_managed,post_publication,-0.22384112829237954,-0.00216410661209
2025-05-31,vol_managed,post_publication,0.3217125807858557,0.0031103324424
2025-06-30,vol_managed,post_publication,2.025146384505209,0.0195792109993
2025-07-31,vol_managed,post_publication,2.3407551895361554,0.0226305318491
2025-08-31,vol_managed,post_publication,4.549401370925738,0.043983827561
2025-09-30,vol_managed,post_publication,2.7577328613886336,0.0266618916963
2025-10-31,vol_managed,post_publication,4.427618945871195,0.0428064293174
2025-11-30,vol_managed,post_publication,-0.07740233671587533,-0.000748329451142
2025-12-31,vol_managed,post_publication,-0.2064381058779937,-0.00199585336853
2026-01-31,vol_managed,post_publication,1.60194370059583,0.0154876674412
2026-02-28,vol_managed,post_publication,-1.439477658683768,-0.0139169380662
2026-03-31,vol_managed,post_publication,-3.806344084100821,-0.0367999145784
2026-04-30,vol_managed,post_publication,3.482657822142076,0.0336705004931
2026-05-31,vol_managed,post_publication,3.307585979716285,0.0319778976427
2026-06-30,vol_managed,post_publication,-1.2182340791782629,-0.0117779446786
1996-01-31,statarb,in_sample,2.111739636727088,0.03885269079073095
1996-02-29,statarb,in_sample,2.0051017917608296,0.036890722020998856
1996-03-31,statarb,in_sample,3.2942758746986116,0.06060949925503101
1996-04-30,statarb,in_sample,1.7822424473481828,0.03279046029947841
1996-05-31,statarb,in_sample,2.151423762742571,0.03958281634719851
1996-06-30,statarb,in_sample,-1.3858374626194307,-0.025497231517051078
1996-07-31,statarb,in_sample,6.082942257244305,0.11191657840209746
1996-08-31,statarb,in_sample,3.841334801356395,0.07067452382154715
1996-09-30,statarb,in_sample,0.45359230070686063,0.008345385528555793
1996-10-31,statarb,in_sample,0.14638278408336727,0.0026932131917039026
1996-11-30,statarb,in_sample,2.8387481089768425,0.05222850421171654
1996-12-31,statarb,in_sample,1.1241886818584168,0.020683305122964457
1997-01-31,statarb,in_sample,2.044060551484412,0.037607501977583224
1997-02-28,statarb,in_sample,2.764248360562666,0.05085782591464705
1997-03-31,statarb,in_sample,-3.350241731886749,-0.061639183078903814
1997-04-30,statarb,in_sample,-0.30447741793465777,-0.0056019060143749355
1997-05-31,statarb,in_sample,2.841246557279519,0.052274471734261585
1997-06-30,statarb,in_sample,1.2575517590176657,0.023136976167279055
1997-07-31,statarb,in_sample,1.4172312309289312,0.026074827519736
1997-08-31,statarb,in_sample,-0.5041322312363113,-0.009275240828562903
1997-09-30,statarb,in_sample,0.1551809485337398,0.002855085591582762
1997-10-31,statarb,in_sample,-2.0768109835549162,-0.038210058461520924
1997-11-30,statarb,in_sample,2.686140044620372,0.049420755645797954
1997-12-31,statarb,in_sample,-0.5399827464215421,-0.009934833970139278
1998-01-31,statarb,in_sample,-0.4294139420722435,-0.007900541725124555
1998-02-28,statarb,in_sample,2.2130339585817485,0.04071634713236949
1998-03-31,statarb,in_sample,-0.41203483928238216,-0.0075807935444438534
1998-04-30,statarb,in_sample,0.23674932835939264,0.004355815598516166
1998-05-31,statarb,in_sample,1.9223244604967147,0.035367749207422694
1998-06-30,statarb,in_sample,0.06956872731682365,0.001279955257805554
1998-07-31,statarb,in_sample,-1.1663125660114584,-0.02145831839516843
1998-08-31,statarb,in_sample,1.118281244686004,0.02057461756232315
1998-09-30,statarb,in_sample,0.5402584626186051,0.00993990671488687
1998-10-31,statarb,in_sample,6.754767961878363,0.12427711561674526
1998-11-30,statarb,in_sample,1.171381963033273,0.02155158733398954
1998-12-31,statarb,in_sample,1.4246952642160418,0.026212154002751342
1999-01-31,statarb,in_sample,8.11606051383491,0.1493227593490687
1999-02-28,statarb,in_sample,4.8751936057429095,0.08969590114927461
1999-03-31,statarb,in_sample,3.1001580069268755,0.057038035537477105
1999-04-30,statarb,in_sample,-0.1892826241105201,-0.003482502832603984
1999-05-31,statarb,in_sample,3.9188458968889233,0.07210060617336755
1999-06-30,statarb,in_sample,2.5128440302994663,0.04623238131092422
1999-07-31,statarb,in_sample,-0.7781581859387399,-0.014316887772875209
1999-08-31,statarb,in_sample,-1.8043175924644463,-0.03319660827929849
1999-09-30,statarb,in_sample,-3.4760377657389094,-0.06395363241771213
1999-10-31,statarb,in_sample,0.9069715736885228,0.01668685168173356
1999-11-30,statarb,in_sample,4.857414237090585,0.0893687887057284
1999-12-31,statarb,in_sample,5.172616195248877,0.095168009406978
2000-01-31,statarb,in_sample,5.1661657745541065,0.09504933180280495
2000-02-29,statarb,in_sample,-4.434721027281656,-0.08159189789285293
2000-03-31,statarb,in_sample,3.1289673776741322,0.0575680826863072
2000-04-30,statarb,in_sample,5.3374089217392156,0.098199936608389
2000-05-31,statarb,in_sample,2.100993971726974,0.03865498744116591
2000-06-30,statarb,in_sample,-0.8145651757674112,-0.014986719173410434
2000-07-31,statarb,in_sample,2.3639128437099273,0.04349228151783224
2000-08-31,statarb,in_sample,4.5002653370413555,0.08279781019183896
2000-09-30,statarb,in_sample,-1.9391024057976847,-0.03567643703500578
2000-10-31,statarb,in_sample,-1.6064025932854904,-0.029555283310911062
2000-11-30,statarb,in_sample,0.9724871635119362,0.017892235579024307
2000-12-31,statarb,in_sample,2.808010064859414,0.051662972503718096
2001-01-31,statarb,in_sample,5.296855753502243,0.09745382204071551
2001-02-28,statarb,in_sample,0.23464852037996645,0.004317164033041054
2001-03-31,statarb,in_sample,2.856426196759523,0.05255375324642064
2001-04-30,statarb,in_sample,2.085570332247588,0.03837121671245569
2001-05-31,statarb,in_sample,0.16170566085413177,0.0029751300449205598
2001-06-30,statarb,in_sample,-1.3833945096906797,-0.025452285022177223
2001-07-31,statarb,in_sample,-0.5644165606409655,-0.010384377754891427
2001-08-31,statarb,in_sample,1.1532088812477406,0.021217231187498742
2001-09-30,statarb,in_sample,-0.4925431448058458,-0.0090620198500867
2001-10-31,statarb,in_sample,3.6913255591190155,0.06791458949866169
2001-11-30,statarb,in_sample,0.9710812220172536,0.017866368464910076
2001-12-31,statarb,in_sample,2.7041007061403697,0.049751203593213944
2002-01-31,statarb,in_sample,-0.7949112765659291,-0.014625118313518981
2002-02-28,statarb,in_sample,-1.4678371209399446,-0.02700589637055084
2002-03-31,statarb,in_sample,1.2731844843358349,0.023424593746851796
2002-04-30,statarb,in_sample,1.0051713281136228,0.018493572845672768
2002-05-31,statarb,in_sample,-0.9477407507822458,-0.01743694047292088
2002-06-30,statarb,in_sample,-1.0660141665315186,-0.019612985460167542
2002-07-31,statarb,in_sample,3.6814218343200555,0.06773237652571829
2002-08-31,statarb,in_sample,4.339694979781182,0.0798435679489573
2002-09-30,statarb,in_sample,-0.059978395283211056,-0.001103508219258753
2002-10-31,statarb,in_sample,7.975946187125141,0.14674487592237728
2002-11-30,statarb,in_sample,2.755829926120468,0.050702939950186154
2002-12-31,statarb,in_sample,2.841609849198839,0.05228115573467651
2003-01-31,statarb,in_sample,0.5854382886219521,0.010771144514830633
2003-02-28,statarb,in_sample,-0.6579172559360849,-0.012104643615246213
2003-03-31,statarb,in_sample,1.156400849168821,0.02127595838118057
2003-04-30,statarb,in_sample,0.11089622985519741,0.002040316359785521
2003-05-31,statarb,in_sample,1.3455726069181422,0.024756421446961108
2003-06-30,statarb,in_sample,0.6986444797263379,0.012853960531577835
2003-07-31,statarb,in_sample,-2.1337444919975925,-0.039257545547847106
2003-08-31,statarb,in_sample,2.1172112351794428,0.03895335960382851
2003-09-30,statarb,in_sample,1.138343624851041,0.020943733830030453
2003-10-31,statarb,in_sample,0.9500335129921654,0.017479123694587706
2003-11-30,statarb,in_sample,-1.775178611656548,-0.03266049682332328
2003-12-31,statarb,in_sample,0.407149185308728,0.007490905188963115
2004-01-31,statarb,in_sample,-2.1323131337597476,-0.039231210805600214
2004-02-29,statarb,in_sample,1.833350155892022,0.033730761822706956
2004-03-31,statarb,in_sample,0.6616471222682524,0.01217326729440349
2004-04-30,statarb,in_sample,0.21619156354149444,0.00397758503167589
2004-05-31,statarb,in_sample,-0.37689531289066197,-0.006934281479374027
2004-06-30,statarb,in_sample,2.082381631841269,0.038312549635910687
2004-07-31,statarb,in_sample,1.0977727956076389,0.02019729432759232
2004-08-31,statarb,in_sample,1.4870736712905264,0.027359818667434865
2004-09-30,statarb,in_sample,1.7050614040924232,0.03137045039088493
2004-10-31,statarb,in_sample,0.08568011791537135,0.001576379526331495
2004-11-30,statarb,in_sample,-1.4534654720270725,-0.026741480615098068
2004-12-31,statarb,in_sample,0.7685515314312207,0.014140140426458725
2005-01-31,statarb,in_sample,1.965450932153159,0.03616120851415805
2005-02-28,statarb,in_sample,-0.6287258690917307,-0.011567567970554471
2005-03-31,statarb,in_sample,-0.2193480040378897,-0.00403565857657362
2005-04-30,statarb,in_sample,0.4660185580971968,0.008574009137108707
2005-05-31,statarb,in_sample,1.5850027054486273,0.029161559003888726
2005-06-30,statarb,in_sample,-1.3189660213888235,-0.024266902084541075
2005-07-31,statarb,in_sample,2.1313874735500122,0.039214180112383756
2005-08-31,statarb,in_sample,0.8335001211542831,0.015335092412923856
2005-09-30,statarb,in_sample,-1.436774880501179,-0.02643439995970298
2005-10-31,statarb,in_sample,-0.533675252068311,-0.009818785986046796
2005-11-30,statarb,in_sample,0.982437541937104,0.0180753069053754
2005-12-31,statarb,in_sample,0.728564964545292,0.013404450433250226
2006-01-31,statarb,in_sample,0.2919731120532078,0.005371846436236005
2006-02-28,statarb,in_sample,0.9368010524575284,0.017235667215099726
2006-03-31,statarb,in_sample,-0.09372336152957352,-0.0017243625691565345
2006-04-30,statarb,in_sample,2.6453327285287687,0.04866996515698374
2006-05-31,statarb,in_sample,-0.39782048434170136,-0.007319271750897416
2006-06-30,statarb,in_sample,1.4611668545702403,0.0268831739514388
2006-07-31,statarb,in_sample,-2.3130675165615764,-0.042556807399957486
2006-08-31,statarb,in_sample,-0.8473485376624722,-0.015589881514371906
2006-09-30,statarb,in_sample,1.210210872593673,0.02226597825162635
2006-10-31,statarb,in_sample,0.5806693148854386,0.010683402892354366
2006-11-30,statarb,in_sample,0.3980153157100853,0.007322856341904993
2006-12-31,statarb,in_sample,0.16998063494474047,0.0031273765643551332
2007-01-31,statarb,in_sample,-0.62392700329564,-0.011479276381156311
2007-02-28,statarb,in_sample,-0.38950105171289917,-0.007166207264225122
2007-03-31,statarb,in_sample,-0.29106918367768636,-0.005355215574618266
2007-04-30,statarb,in_sample,0.6193730072401354,0.011395490010180698
2007-05-31,statarb,in_sample,0.7990891334653117,0.014701984315111494
2007-06-30,statarb,in_sample,-1.048549831511721,-0.019291669140395484
2007-07-31,statarb,in_sample,-1.0567329641099699,-0.019442225920696332
2007-08-31,statarb,in_sample,2.8825509204827124,0.05303440710883689
2007-09-30,statarb,in_sample,-0.6678206551352577,-0.012286850597665211
2007-10-31,statarb,in_sample,-1.274862955788774,-0.02345547498392664
2007-11-30,statarb,in_sample,-0.49216644482074867,-0.009055089162331775
2007-12-31,statarb,in_sample,1.702546054910129,0.03132417191871406
2008-01-31,statarb,post_sample,3.0472173664015187,0.05606401094617719
2008-02-29,statarb,post_sample,-0.14355560451043403,-0.0026411975303758384
2008-03-31,statarb,post_sample,0.41832508014857767,0.007696524091488133
2008-04-30,statarb,post_sample,2.4204126926845912,0.0445317899514277
2008-05-31,statarb,post_sample,1.1123423855593617,0.020465351887102523
2008-06-30,statarb,post_sample,-1.2251683015859125,-0.022541171440006558
2008-07-31,statarb,post_sample,1.5844978978468285,0.029152271337303137
2008-08-31,statarb,post_sample,1.0372327056351716,0.01908345180873483
2008-09-30,statarb,post_sample,-0.6582175245149342,-0.012110168085235462
2008-10-31,statarb,post_sample,7.57112437444021,0.13929679073230727
2008-11-30,statarb,post_sample,3.387476225752694,0.06232423925333119
2008-12-31,statarb,post_sample,3.2953681525805463,0.060629595451582086
2009-01-31,statarb,post_sample,-1.4026224878073323,-0.025806049603427916
2009-02-28,statarb,post_sample,-3.6715749670912965,-0.06755120964271688
2009-03-31,statarb,post_sample,-1.625045920167301,-0.029898291228199647
2009-04-30,statarb,post_sample,-1.571440905426917,-0.028912043195384096
2009-05-31,statarb,post_sample,1.4316238257715954,0.026339628647381153
2009-06-30,statarb,post_sample,3.5061214489905304,0.06450712491408495
2009-07-31,statarb,post_sample,2.3252544657059318,0.042781028112848896
2009-08-31,statarb,post_sample,-0.9002214134904593,-0.016562659341730068
2009-09-30,statarb,post_sample,-0.22900412554115923,-0.004213316037976256
2009-10-31,statarb,post_sample,3.1485635183094383,0.05792862087934658
2009-11-30,statarb,post_sample,0.02456409632757435,0.0004519407708083456
2009-12-31,statarb,post_sample,-0.8998797423633763,-0.01655637312991598
2010-01-31,statarb,post_sample,3.7088186796018285,0.06823643542571789
2010-02-28,statarb,post_sample,0.5454208780020459,0.010034887045386798
2010-03-31,statarb,post_sample,-0.1920385469934076,-0.003533207482812606
2010-04-30,statarb,post_sample,2.4735075672013775,0.045508652205796585
2010-05-31,statarb,post_sample,2.9455349701248585,0.05419321464501925
2010-06-30,statarb,post_sample,-0.3828595852697841,-0.007044014718504243
2010-07-31,statarb,post_sample,1.3736992701610495,0.02527390785056216
2010-08-31,statarb,post_sample,-0.3405416164907958,-0.006265430594180055
2010-09-30,statarb,post_publication,1.171732189480982,0.021558030950258766
2010-10-31,statarb,post_publication,1.7068734381725525,0.03140378897041107
2010-11-30,statarb,post_publication,-0.08619045879730125,-0.0015857689965761423
2010-12-31,statarb,post_publication,1.093763478237217,0.020123529188478706
2011-01-31,statarb,post_publication,0.31527133336840624,0.005800497096094981
2011-02-28,statarb,post_publication,0.11734570582607888,0.0021589765825236196
2011-03-31,statarb,post_publication,1.3270237093398594,0.024415150880465086
2011-04-30,statarb,post_publication,-1.4912600629225752,-0.0274368416946964
2011-05-31,statarb,post_publication,0.15405721472013542,0.0028344106553208626
2011-06-30,statarb,post_publication,1.6092429800725112,0.02960754196422366
2011-07-31,statarb,post_publication,-0.9719775456212781,-0.017882859410682905
2011-08-31,statarb,post_publication,3.8181460450355367,0.07024788714556363
2011-09-30,statarb,post_publication,-1.0077362711403588,-0.018540763766646373
2011-10-31,statarb,post_publication,2.296435175273347,0.04225079845739721
2011-11-30,statarb,post_publication,0.8811644664187956,0.016212041462937865
2011-12-31,statarb,post_publication,-1.4140214323032587,-0.026015772269110005
2012-01-31,statarb,post_publication,0.4653171106200558,0.008561103605829512
2012-02-29,statarb,post_publication,0.10205807020493132,0.001877708111079679
2012-03-31,statarb,post_publication,-0.17209761045728406,-0.003166325587032892
2012-04-30,statarb,post_publication,0.6802899353781866,0.012516265759096923
2012-05-31,statarb,post_publication,-1.38970927430602,-0.025568466767667553
2012-06-30,statarb,post_publication,-0.8573278488502312,-0.015773485158087852
2012-07-31,statarb,post_publication,-0.08992763879313043,-0.001654527235651626
2012-08-31,statarb,post_publication,-0.20067611502048935,-0.003692125160874582
2012-09-30,statarb,post_publication,-1.9077893530996555,-0.03510032607273017
2012-10-31,statarb,post_publication,-2.5886112351342057,-0.0476263788143686
2012-11-30,statarb,post_publication,1.7556195714542335,0.03230064121994891
2012-12-31,statarb,post_publication,0.5426585907254977,0.009984065300336242
2013-01-31,statarb,post_publication,0.5461866373389747,0.010048975813822247
2013-02-28,statarb,post_publication,0.49437414566924187,0.009095707388619312
2013-03-31,statarb,post_publication,-1.1511060033993101,-0.02117854153968668
2013-04-30,statarb,post_publication,-1.3689259052152776,-0.025186085436736172
2013-05-31,statarb,post_publication,2.8319652241472553,0.05210370978991863
2013-06-30,statarb,post_publication,0.6563402691641899,0.012075629536822952
2013-07-31,statarb,post_publication,1.3294509826193492,0.024459808894432555
2013-08-31,statarb,post_publication,-0.21140266637454422,-0.0038894768493885623
2013-09-30,statarb,post_publication,1.0443113290720083,0.019213687356163245
2013-10-31,statarb,post_publication,-0.08816886461873354,-0.0016221685546948805
2013-11-30,statarb,post_publication,-0.06248840610334448,-0.001149688473954913
2013-12-31,statarb,post_publication,0.18894667785503866,0.003476321949430927
2014-01-31,statarb,post_publication,-0.057975385010979104,-0.0010666559779103357
2014-02-28,statarb,post_publication,-0.8519878391221498,-0.015675237370729844
2014-03-31,statarb,post_publication,3.4124387047892975,0.06278350963994117
2014-04-30,statarb,post_publication,1.5926081988826644,0.02930148813130784
2014-05-31,statarb,post_publication,1.645047653552145,0.030266291690455693
2014-06-30,statarb,post_publication,0.7781973942828141,0.014317609144791632
2014-07-31,statarb,post_publication,1.7142077196749028,0.03153872822448722
2014-08-31,statarb,post_publication,1.9553620826748748,0.03597558953803204
2014-09-30,statarb,post_publication,0.019791004970415037,0.00036412339058289334
2014-10-31,statarb,post_publication,2.3139326400413527,0.04257272431247405
2014-11-30,statarb,post_publication,-0.22756252593710272,-0.004186792870685019
2014-12-31,statarb,post_publication,1.6741250692754617,0.030801270445621975
2015-01-31,statarb,post_publication,-0.09884773102815722,-0.0018186429151628714
2015-02-28,statarb,post_publication,1.7273463821182835,0.031780458966496505
2015-03-31,statarb,post_publication,1.4200962747056407,0.026127539822911272
2015-04-30,statarb,post_publication,1.095868465330481,0.020162257643081105
2015-05-31,statarb,post_publication,3.1747024279563716,0.05840953574046703
2015-06-30,statarb,post_publication,-0.8750947272280859,-0.016100367800211846
2015-07-31,statarb,post_publication,-2.5572540697396065,-0.04704945624779766
2015-08-31,statarb,post_publication,-1.8584848633955886,-0.034193200942458035
2015-09-30,statarb,post_publication,-2.277570624643338,-0.041903720370787156
2015-10-31,statarb,post_publication,4.449042764117156,0.08185539534451713
2015-11-30,statarb,post_publication,0.025138396350359707,0.0004625069887351785
2015-12-31,statarb,post_publication,1.1331724354276749,0.020848592070983996
2016-01-31,statarb,post_publication,1.3226228595738936,0.024334182160552942
2016-02-29,statarb,post_publication,-0.24996130517744838,-0.004598895209808496
2016-03-31,statarb,post_publication,1.6179094791720572,0.02976699192855481
2016-04-30,statarb,post_publication,-0.2826633599154572,-0.005200561626851563
2016-05-31,statarb,post_publication,0.9170234305473923,0.016871790051794955
2016-06-30,statarb,post_publication,1.0073783785628159,0.018534179105635262
2016-07-31,statarb,post_publication,-0.6998359212404849,-0.012875881183129434
2016-08-31,statarb,post_publication,1.066224576054828,0.01961685666474522
2016-09-30,statarb,post_publication,-0.602278606261407,-0.011080979895425891
2016-10-31,statarb,post_publication,1.6043557172529117,0.02951762400850577
2016-11-30,statarb,post_publication,-1.992467279787837,-0.036658266855389865
2016-12-31,statarb,post_publication,-1.025586119199606,-0.018869172920524035
2017-01-31,statarb,post_publication,-0.6537736309622377,-0.012028407427289278
2017-02-28,statarb,post_publication,-0.6960335170082007,-0.012805922920600787
2017-03-31,statarb,post_publication,-0.6548774227039712,-0.012048715460767023
2017-04-30,statarb,post_publication,0.1784798686018566,0.0032837491073973712
2017-05-31,statarb,post_publication,-1.8462722053849407,-0.03396850722682743
2017-06-30,statarb,post_publication,2.672953451940844,0.049178143062764246
2017-07-31,statarb,post_publication,1.398488847728764,0.0257299971218532
2017-08-31,statarb,post_publication,1.5024178904697179,0.027642128187427728
2017-09-30,statarb,post_publication,0.8066687811608798,0.014841437921558454
2017-10-31,statarb,post_publication,2.4551996100055007,0.045171814563707446
2017-11-30,statarb,post_publication,0.3339262933968088,0.006143719044999774
2017-12-31,statarb,post_publication,-0.5311794367049597,-0.009772866905447763
2018-01-31,statarb,post_publication,1.2578568272949033,0.02314258894417609
2018-02-28,statarb,post_publication,0.07040366955979506,0.001295316882993669
2018-03-31,statarb,post_publication,2.1738362917566105,0.039995171660550666
2018-04-30,statarb,post_publication,-1.0761661564572589,-0.01979976612130374
2018-05-31,statarb,post_publication,0.8276984612643856,0.015228350988055528
2018-06-30,statarb,post_publication,-0.9886107619972175,-0.01818888445348188
2018-07-31,statarb,post_publication,1.1840751424171332,0.021785121887764713
2018-08-31,statarb,post_publication,1.3706924718877942,0.02521858748741268
2018-09-30,statarb,post_publication,-0.454225308721358,-0.00835703188127257
2018-10-31,statarb,post_publication,-0.34238392922324096,-0.0062993262533269645
2018-11-30,statarb,post_publication,0.2131664048132769,0.003921926865007919
2018-12-31,statarb,post_publication,-2.4926483448594805,-0.04586081243564244
2019-01-31,statarb,post_publication,1.6909834802036763,0.031111438714297446
2019-02-28,statarb,post_publication,1.897881975094442,0.03491804588653258
2019-03-31,statarb,post_publication,-0.08084042538565667,-0.0014873367891924394
2019-04-30,statarb,post_publication,-0.8309502603534159,-0.015288178981205047
2019-05-31,statarb,post_publication,-0.3481017473156747,-0.006404525120876414
2019-06-30,statarb,post_publication,1.1931796460686124,0.021952630447542587
2019-07-31,statarb,post_publication,0.20617679925537477,0.0037933291066634123
2019-08-31,statarb,post_publication,-0.05180496127092811,-0.0009531298776986885
2019-09-30,statarb,post_publication,1.1303776687414713,0.020797172755836035
2019-10-31,statarb,post_publication,2.173922764753803,0.03999676262780971
2019-11-30,statarb,post_publication,1.033530593946238,0.019015338771397605
2019-12-31,statarb,post_publication,0.18837798488096127,0.00346585889238904
2020-01-31,statarb,post_publication,-2.504195254450063,-0.04607325742654422
2020-02-29,statarb,post_publication,-0.5939711337621801,-0.010928135456342858
2020-03-31,statarb,post_publication,4.298696755246362,0.07908926504479385
2020-04-30,statarb,post_publication,4.175926367937852,0.0768304828476909
2020-05-31,statarb,post_publication,2.0067628040869723,0.03692128203757705
2020-06-30,statarb,post_publication,0.48275248140480176,0.008881887029192903
2020-07-31,statarb,post_publication,-1.865074080686075,-0.03431443218587826
2020-08-31,statarb,post_publication,0.450320100773889,0.008285182191936968
2020-09-30,statarb,post_publication,0.6399379919171735,0.01177385341108339
2020-10-31,statarb,post_publication,-0.7804758187726027,-0.014359528574939273
2020-11-30,statarb,post_publication,3.5287722557263246,0.06492386416307228
2020-12-31,statarb,post_publication,0.12639517773154538,0.0023254726446553242
2021-01-31,statarb,post_publication,-0.9866941630577253,-0.018153622044863482
2021-02-28,statarb,post_publication,2.2729339017451444,0.04181841195590841
2021-03-31,statarb,post_publication,0.8283330294021077,0.015240026044587962
2021-04-30,statarb,post_publication,0.7497984294319371,0.013795112819516397
2021-05-31,statarb,post_publication,-0.012979035295061588,-0.0002387938533287004
2021-06-30,statarb,post_publication,-2.4665638143036186,-0.04538089806434287
2021-07-31,statarb,post_publication,-0.22567644065387105,-0.004152091865390672
2021-08-31,statarb,post_publication,-1.516071624159558,-0.0278933354309554
2021-09-30,statarb,post_publication,-0.3630641983157176,-0.006679810706308298
2021-10-31,statarb,post_publication,-0.10549114761778605,-0.0019408713405150158
2021-11-30,statarb,post_publication,-0.534639799581166,-0.009836532144530619
2021-12-31,statarb,post_publication,0.9397645406017308,0.017290190739934985
2022-01-31,statarb,post_publication,-0.1393805380943722,-0.002564382869291282
2022-02-28,statarb,post_publication,-0.5923104639501591,-0.01089758174148625
2022-03-31,statarb,post_publication,-0.40176230133337026,-0.0073917949891164625
2022-04-30,statarb,post_publication,-1.9928599717384894,-0.03666549177018019
2022-05-31,statarb,post_publication,-1.0708378387287103,-0.019701733448363568
2022-06-30,statarb,post_publication,-0.7286180326925541,-0.013405426803765108
2022-07-31,statarb,post_publication,2.3130392888732025,0.04255628805485023
2022-08-31,statarb,post_publication,-0.9378531247174526,-0.01725502369138754
2022-09-30,statarb,post_publication,-1.7088699879442555,-0.031440522348702205
2022-10-31,statarb,post_publication,-3.0997862709316486,-0.05703119617933505
2022-11-30,statarb,post_publication,0.6395847132255418,0.011767353638322486
2022-12-31,statarb,post_publication,-1.2086818436945819,-0.022237846522698557
2023-01-31,statarb,post_publication,-0.16751248370954452,-0.003081966460240948
2023-02-28,statarb,post_publication,1.8720270215189783,0.034442355370900124
2023-03-31,statarb,post_publication,1.9350608735716541,0.035602079193173486
2023-04-30,statarb,post_publication,1.859825623871225,0.03421786882825151
2023-05-31,statarb,post_publication,-3.0216984317381415,-0.055594502650485156
2023-06-30,statarb,post_publication,0.45559317759792795,0.008382198519043316
2023-07-31,statarb,post_publication,3.3991969639018653,0.06253988241654551
2023-08-31,statarb,post_publication,0.25446858845371645,0.00468182213905366
2023-09-30,statarb,post_publication,1.7677475775505116,0.03252377747338264
2023-10-31,statarb,post_publication,2.1316066136904355,0.03921821194659647
2023-11-30,statarb,post_publication,-0.4528053698121291,-0.008330907236727136
2023-12-31,statarb,post_publication,0.3072493552524581,0.005652905305019829
2024-01-31,statarb,post_publication,3.4931486623793577,0.06426844602672022
2024-02-29,statarb,post_publication,-0.5587121467803274,-0.010279425504142736
2024-03-31,statarb,post_publication,-0.41232057983247583,-0.007586050721534288
2024-04-30,statarb,post_publication,-1.102829125460837,-0.020290322851045484
2024-05-31,statarb,post_publication,-2.9642105514346095,-0.05453681599309523
2024-06-30,statarb,post_publication,-1.9614962989847495,-0.036088449478427154
2024-07-31,statarb,post_publication,3.527555769965551,0.0649014827367389
2024-08-31,statarb,post_publication,0.4864432337342435,0.008949791072166313
2024-09-30,statarb,post_publication,-1.0477911121451216,-0.019277709896351025
2024-10-31,statarb,post_publication,-0.8394624687478909,-0.015444790239025341
2024-11-30,statarb,post_publication,-2.115105330867337,-0.0389146142738408
2024-12-31,statarb,post_publication,0.5612948816688087,0.010326943767413166
2025-01-31,statarb,post_publication,-0.557755339396497,-0.010261821751869626
2025-02-28,statarb,post_publication,-0.2680362389006303,-0.004931445586188299
2025-03-31,statarb,post_publication,-1.6551685923131016,-0.030452501058955694
2025-04-30,statarb,post_publication,-0.8351423198242742,-0.015365306287793867
2025-05-31,statarb,post_publication,-0.5966896031645197,-0.010978151021366234
2025-06-30,statarb,post_publication,-2.5790562890062163,-0.04745058282087755
2025-07-31,statarb,post_publication,1.0073069028392814,0.018532864064643828
2025-08-31,statarb,post_publication,0.2821109064360679,0.0051903973509921375
2025-09-30,statarb,post_publication,-0.8983724790184238,-0.01652864185298053
2025-10-31,statarb,post_publication,1.8116749693375054,0.033331972451902114
2025-11-30,statarb,post_publication,1.9447768508565566,0.0357808379068969
2025-12-31,statarb,post_publication,-0.7663637238747507,-0.014099888205482802
2026-01-31,statarb,post_publication,-1.4194170035865938,-0.02611504230177164
2026-02-28,statarb,post_publication,0.917029750646111,0.016871906331679565
2026-03-31,statarb,post_publication,-0.12673573660583612,-0.002331738392765903
2026-04-30,statarb,post_publication,-1.5940324379900808,-0.029327691892742314
2026-05-31,statarb,post_publication,-0.505469151916465,-0.009299838068153599
2026-06-30,statarb,post_publication,-0.7390738772810446,-0.013597797913198928
1971-02-28,fx_carry,in_sample,0.29856292196103285,0.00120716601426
1971-03-31,fx_carry,in_sample,0.8302437554991469,0.00335688718012
1971-04-30,fx_carry,in_sample,1.1677378185941447,0.00472146172376
1971-05-31,fx_carry,in_sample,0.7907289296050144,0.00319711866444
1971-06-30,fx_carry,in_sample,3.3247852527594297,0.0134429544549
1971-07-31,fx_carry,in_sample,-0.24793398627281105,-0.00100246031906
1971-08-31,fx_carry,in_sample,3.1961918930278106,0.0129230187157
1971-09-30,fx_carry,in_sample,2.5723844549640122,0.0104008061994
1971-10-31,fx_carry,in_sample,-0.45194049573068723,-0.00182731064973
1971-11-30,fx_carry,in_sample,0.22597364555585417,0.000913669062594
1971-12-31,fx_carry,in_sample,3.307239148333495,0.0133720110812
1972-01-31,fx_carry,in_sample,0.1786828519019135,0.000722460326722
1972-02-29,fx_carry,in_sample,0.29324859458188773,0.00118567883374
1972-03-31,fx_carry,in_sample,0.3403574127582032,0.00137615179636
1972-04-30,fx_carry,in_sample,0.7009304038326127,0.00283404032996
1972-05-31,fx_carry,in_sample,2.3034401665116717,0.0093133958719
1972-06-30,fx_carry,in_sample,3.5525086023485093,0.014363698017
1972-07-31,fx_carry,in_sample,0.26715353760763383,0.00108016986527
1972-08-31,fx_carry,in_sample,0.24672580097737698,0.000997575317875
1972-09-30,fx_carry,in_sample,-1.7918777078944401,-0.00724501842517
1972-10-31,fx_carry,in_sample,-5.699618148533646,-0.0230450093333
1972-11-30,fx_carry,in_sample,2.119956599118553,0.00857152502847
1972-12-31,fx_carry,in_sample,-12.693051696035178,-0.0513212441922
1973-01-31,fx_carry,in_sample,3.9112292818375134,0.0158140971826
1973-02-28,fx_carry,in_sample,-11.62601407596136,-0.0470069390453
1973-03-31,fx_carry,in_sample,-0.6689230942468004,-0.00270462661681
1973-04-30,fx_carry,in_sample,2.585077785867718,0.0104521285725
1973-05-31,fx_carry,in_sample,4.833543513702631,0.0195432487727
1973-06-30,fx_carry,in_sample,2.083080868325499,0.00842242704714
1973-07-31,fx_carry,in_sample,-2.061358654480626,-0.00833459859833
1973-08-31,fx_carry,in_sample,0.30521624973399114,0.00123406711476
1973-09-30,fx_carry,in_sample,-10.732171799567299,-0.0433929068303
1973-10-31,fx_carry,in_sample,1.3242076514007128,0.00535410915091
1973-11-30,fx_carry,in_sample,-6.732934191921668,-0.0272229695481
1973-12-31,fx_carry,in_sample,-0.9397223326786404,-0.00379953698001
1974-01-31,fx_carry,in_sample,4.291253639603412,0.017350632551
1974-02-28,fx_carry,in_sample,-2.4508372792997983,-0.00990935997886
1974-03-31,fx_carry,in_sample,7.671552817399744,0.0310180439585
1974-04-30,fx_carry,in_sample,1.9526804621356886,0.00789518495839
1974-05-31,fx_carry,in_sample,0.85912128493409,0.00347364639416
1974-06-30,fx_carry,in_sample,2.5456791948845603,0.0102928300242
1974-07-31,fx_carry,in_sample,0.406897965477939,0.001645192216
1974-08-31,fx_carry,in_sample,2.185632813302387,0.00883707070704
1974-09-30,fx_carry,in_sample,-3.4220412410562226,-0.0138361852117
1974-10-31,fx_carry,in_sample,-0.17867979982502727,-0.000722447986397
1974-11-30,fx_carry,in_sample,0.6198661984490276,0.00250627707969
1974-12-31,fx_carry,in_sample,2.4680841163204366,0.00997909333814
1975-01-31,fx_carry,in_sample,3.250553597230435,0.0131428169457
1975-02-28,fx_carry,in_sample,5.451562049471701,0.0220420552811
1975-03-31,fx_carry,in_sample,-0.9598080683914108,-0.0038807487305
1975-04-30,fx_carry,in_sample,-1.6872302374288917,-0.00682190202145
1975-05-31,fx_carry,in_sample,-0.05858461442363955,-0.000236872532685
1975-06-30,fx_carry,in_sample,-8.532288624521792,-0.0344982182775
1975-07-31,fx_carry,in_sample,-3.7366095288734194,-0.0151080650008
1975-08-31,fx_carry,in_sample,8.903291544983844,0.0359982776748
1975-09-30,fx_carry,in_sample,-2.471616829535691,-0.00999337699836
1975-10-31,fx_carry,in_sample,3.0813997943322784,0.0124588849936
1975-11-30,fx_carry,in_sample,-2.33189051331572,-0.00942842787765
1975-12-31,fx_carry,in_sample,0.7739077259684223,0.00312910624945
1976-01-31,fx_carry,in_sample,2.3530200251060953,0.00951385988094
1976-02-29,fx_carry,in_sample,1.8318224127248237,0.00740652505099
1976-03-31,fx_carry,in_sample,-6.3467001012386834,-0.0256613266463
1976-04-30,fx_carry,in_sample,-0.22885834230597688,-0.000925332627029
1976-05-31,fx_carry,in_sample,1.3217732897826229,0.00534426640623
1976-06-30,fx_carry,in_sample,3.229237751108445,0.0130566315452
1976-07-31,fx_carry,in_sample,0.6214397511256018,0.00251263935435
1976-08-31,fx_carry,in_sample,0.3624203141294814,0.0014653577317
1976-09-30,fx_carry,in_sample,-8.600444751829112,-0.0347737908771
1976-10-31,fx_carry,in_sample,-7.610588037436995,-0.0307715478097
1976-11-30,fx_carry,in_sample,18.405238917194158,0.0744170734907
1976-12-31,fx_carry,in_sample,10.731330278061481,0.0433895043443
1977-01-31,fx_carry,in_sample,4.157561118028633,0.0168100796004
1977-02-28,fx_carry,in_sample,3.646261269200109,0.014742763952
1977-03-31,fx_carry,in_sample,3.425416342167678,0.013849831606
1977-04-30,fx_carry,in_sample,0.6704658585903812,0.00271086440639
1977-05-31,fx_carry,in_sample,1.932985707648868,0.00781555404468
1977-06-30,fx_carry,in_sample,4.226455097866047,0.0170886355259
1977-07-31,fx_carry,in_sample,3.878182022831125,0.0156804786888
1977-08-31,fx_carry,in_sample,-0.43486600745069853,-0.00175827414035
1977-09-30,fx_carry,in_sample,2.10731381768357,0.00852040703976
1977-10-31,fx_carry,in_sample,-1.5902865696172928,-0.006429934056
1977-11-30,fx_carry,in_sample,3.286291261619394,0.0132873134344
1977-12-31,fx_carry,in_sample,-3.4361319992208323,-0.0138931577395
1978-01-31,fx_carry,in_sample,-0.6059574134861533,-0.00245004031594
1978-02-28,fx_carry,in_sample,1.2103582115679858,0.00489378683893
1978-03-31,fx_carry,in_sample,7.7590593306282765,0.0313718551019
1978-04-30,fx_carry,in_sample,2.9687284970926857,0.0120033262125
1978-05-31,fx_carry,in_sample,-0.3953009814276727,-0.00159830265275
1978-06-30,fx_carry,in_sample,5.149858152832005,0.0208221895054
1978-07-31,fx_carry,in_sample,4.18434836287123,0.0169183872609
1978-08-31,fx_carry,in_sample,1.537174637747472,0.00621518897418
1978-09-30,fx_carry,in_sample,4.636881506306639,0.0187480941364
1978-10-31,fx_carry,in_sample,3.833743216201009,0.0155008012636
1978-11-30,fx_carry,in_sample,-9.780264541844032,-0.0395441030917
1978-12-31,fx_carry,in_sample,5.02244474253481,0.0203070246026
1979-01-31,fx_carry,in_sample,-1.2516713420080692,-0.00506082635838
1979-02-28,fx_carry,in_sample,2.1995698300886826,0.00889342161925
1979-03-31,fx_carry,in_sample,5.851798839835782,0.0236603146678
1979-04-30,fx_carry,in_sample,2.828577530558014,0.0114366601223
1979-05-31,fx_carry,in_sample,0.4500211724844128,0.0018195503365
1979-06-30,fx_carry,in_sample,-2.5779335426019196,-0.0104232425755
1979-07-31,fx_carry,in_sample,3.0021767273752253,0.0121385659354
1979-08-31,fx_carry,in_sample,0.5081868351963932,0.0020547289406
1979-09-30,fx_carry,in_sample,-4.793101264640858,-0.0193797304487
1979-10-31,fx_carry,in_sample,-5.616652604473339,-0.022709558486
1979-11-30,fx_carry,in_sample,4.020759541167208,0.0162569559466
1979-12-31,fx_carry,in_sample,0.2875777340468438,0.00116275009877
1980-01-31,fx_carry,in_sample,3.2145898639663555,0.0129974064029
1980-02-29,fx_carry,in_sample,2.5380591474658316,0.0102620202297
1980-03-31,fx_carry,in_sample,-1.0165035398038318,-0.00410998297634
1980-04-30,fx_carry,in_sample,-1.725118761897668,-0.00697509498583
1980-05-31,fx_carry,in_sample,1.330266132253195,0.00537860513365
1980-06-30,fx_carry,in_sample,1.785442991749824,0.00721900122722
1980-07-31,fx_carry,in_sample,0.7612103442887512,0.00307776749803
1980-08-31,fx_carry,in_sample,4.214244144804114,0.0170392635294
1980-09-30,fx_carry,in_sample,1.5094606810577011,0.00610313438141
1980-10-31,fx_carry,in_sample,3.19232905428396,0.0129074002738
1980-11-30,fx_carry,in_sample,-2.9897607090110117,-0.0120883648076
1980-12-31,fx_carry,in_sample,2.2186246860191723,0.00897046525995
1981-01-31,fx_carry,in_sample,8.82019990086173,0.0356623169728
1981-02-28,fx_carry,in_sample,2.6825131585980118,0.0108460846263
1981-03-31,fx_carry,in_sample,-0.8327385170382373,-0.00336697413708
1981-04-30,fx_carry,in_sample,5.706626452610395,0.0230733456935
1981-05-31,fx_carry,in_sample,7.6071384560607065,0.0307576002727
1981-06-30,fx_carry,in_sample,15.650272430918372,0.0632780415881
1981-07-31,fx_carry,in_sample,5.92774426023326,0.0239673813653
1981-08-31,fx_carry,in_sample,3.534492612045947,0.0142908547749
1981-09-30,fx_carry,in_sample,1.6541455505675688,0.00668813219729
1981-10-31,fx_carry,in_sample,-0.8176495121435274,-0.00330596544324
1981-11-30,fx_carry,in_sample,0.033765857474144054,0.000136523970617
1981-12-31,fx_carry,in_sample,-1.0614605527237235,-0.00429175564169
1982-01-31,fx_carry,in_sample,-1.2129762471561465,-0.0049043722243
1982-02-28,fx_carry,in_sample,-1.6737083139764963,-0.00676722943742
1982-03-31,fx_carry,in_sample,1.0339024880285634,0.00418033136
1982-04-30,fx_carry,in_sample,0.6257207464630603,0.00252994850997
1982-05-31,fx_carry,in_sample,-0.14051465830592028,-0.000568136588757
1982-06-30,fx_carry,in_sample,0.8961666695548793,0.00362343032917
1982-07-31,fx_carry,in_sample,-1.6647043327768882,-0.0067308240458
1982-08-31,fx_carry,in_sample,-2.6316034698749178,-0.010640243775
1982-09-30,fx_carry,in_sample,-0.708538939664639,-0.00286480358018
1982-10-31,fx_carry,in_sample,-2.3321064352917613,-0.00942930090525
1982-11-30,fx_carry,in_sample,10.610799179761537,0.0429021663836
1982-12-31,fx_carry,in_sample,5.13000668653831,0.0207419249659
1983-01-31,fx_carry,in_sample,1.8774866457953756,0.00759115718772
1983-02-28,fx_carry,in_sample,0.47841550280609857,0.00193435585333
1983-03-31,fx_carry,in_sample,-17.083724696587506,-0.0690738545672
1983-04-30,fx_carry,in_sample,0.3586915753411714,0.00145028149011
1983-05-31,fx_carry,in_sample,1.9516829658405805,0.00789115182655
1983-06-30,fx_carry,in_sample,-0.5656329156804939,-0.00228699809029
1983-07-31,fx_carry,in_sample,1.2689862320114922,0.00513083487322
1983-08-31,fx_carry,in_sample,-0.15284817008805385,-0.00061800412141
1983-09-30,fx_carry,in_sample,5.344581223014551,0.0216095045242
1983-10-31,fx_carry,in_sample,0.5791290682574182,0.0023415664761
1983-11-30,fx_carry,in_sample,0.13303856128190045,0.000537908822404
1983-12-31,fx_carry,in_sample,-2.3357435512133664,-0.00944400669223
1984-01-31,fx_carry,in_sample,-3.6331620339155593,-0.014689800404
1984-02-29,fx_carry,in_sample,1.346365922451638,0.00544370069018
1984-03-31,fx_carry,in_sample,5.2136329200748595,0.0210800471492
1984-04-30,fx_carry,in_sample,-0.7636488464298054,-0.0030876269839
1984-05-31,fx_carry,in_sample,-0.918815743333062,-0.003715006309
1984-06-30,fx_carry,in_sample,-2.726223273634058,-0.0110228157656
1984-07-31,fx_carry,in_sample,-27.63164014492711,-0.111721765992
1984-08-31,fx_carry,in_sample,2.2820605754508323,0.00922695273436
1984-09-30,fx_carry,in_sample,-0.6813658278840168,-0.00275493576127
1984-10-31,fx_carry,in_sample,1.0752168934513167,0.00434737603453
1984-11-30,fx_carry,in_sample,0.2634397867809145,0.00106515422383
1984-12-31,fx_carry,in_sample,-1.1095471241859018,-0.00448618191013
1985-01-31,fx_carry,in_sample,0.5196856927955209,0.00210122175359
1985-02-28,fx_carry,in_sample,-12.819940337940954,-0.0518342873226
1985-03-31,fx_carry,in_sample,3.8348227034572386,0.0155051659058
1985-04-30,fx_carry,in_sample,-7.155370504118967,-0.0289309872615
1985-05-31,fx_carry,in_sample,2.960661537144542,0.0119707094367
1985-06-30,fx_carry,in_sample,11.100186873003171,0.0448808856003
1985-07-31,fx_carry,in_sample,17.74346220318203,0.0717413415112
1985-08-31,fx_carry,in_sample,5.82857402023038,0.0235664108008
1985-09-30,fx_carry,in_sample,4.946284108402553,0.0199990877411
1985-10-31,fx_carry,in_sample,8.59121525022833,0.034736473649
1985-11-30,fx_carry,in_sample,1.2885997197062167,0.00521013720457
1985-12-31,fx_carry,in_sample,-11.830645586502952,-0.0478343164147
1986-01-31,fx_carry,in_sample,17.77425902695832,0.0718658609216
1986-02-28,fx_carry,in_sample,-1.9333700799965046,-0.00781710816008
1986-03-31,fx_carry,in_sample,6.208105169994037,0.0251009520035
1986-04-30,fx_carry,in_sample,14.0423471951139,0.0567767899076
1986-05-31,fx_carry,in_sample,-7.607838870066245,-0.0307604322251
1986-06-30,fx_carry,in_sample,-1.1831032285565106,-0.00478358799376
1986-07-31,fx_carry,in_sample,-13.524449386502406,-0.0546827970256
1986-08-31,fx_carry,in_sample,-4.027717332179073,-0.0162850880696
1986-09-30,fx_carry,in_sample,5.913340297827661,0.0239091424729
1986-10-31,fx_carry,in_sample,7.766002011437929,0.0313999261305
1986-11-30,fx_carry,in_sample,3.089873216949086,0.0124931452016
1986-12-31,fx_carry,in_sample,8.524650146012076,0.0344673339614
1987-01-31,fx_carry,in_sample,4.782280875730702,0.0193359808576
1987-02-28,fx_carry,in_sample,7.387685242377926,0.0298702949786
1987-03-31,fx_carry,in_sample,5.550465930387313,0.0224419488879
1987-04-30,fx_carry,in_sample,4.823672353381967,0.0195033371548
1987-05-31,fx_carry,in_sample,3.5064878220690243,0.014177624269
1987-06-30,fx_carry,in_sample,6.532816754544674,0.0264138437274
1987-07-31,fx_carry,in_sample,-4.718617841436866,-0.0190785749786
1987-08-31,fx_carry,in_sample,10.07555326373604,0.0407380306803
1987-09-30,fx_carry,in_sample,8.312515515009121,0.033609619563
1987-10-31,fx_carry,in_sample,-11.345391251997494,-0.0458723094212
1987-11-30,fx_carry,in_sample,13.666150324648147,0.0552557300462
1987-12-31,fx_carry,in_sample,5.323938305839359,0.021526039947
1988-01-31,fx_carry,in_sample,2.0328848884806563,0.0082194719028
1988-02-29,fx_carry,in_sample,2.3414628483798055,0.00946713126885
1988-03-31,fx_carry,in_sample,0.907241448007838,0.00366820848205
1988-04-30,fx_carry,in_sample,6.650623886110751,0.0268901679961
1988-05-31,fx_carry,in_sample,8.049110415462003,0.0325446055885
1988-06-30,fx_carry,in_sample,-0.05629407058779506,-0.000227611279966
1988-07-31,fx_carry,in_sample,1.342839473718903,0.00542944235886
1988-08-31,fx_carry,in_sample,-6.500558720985052,-0.0262834162733
1988-09-30,fx_carry,in_sample,-1.62790174160108,-0.00658202178659
1988-10-31,fx_carry,in_sample,3.280235163485811,0.0132628270856
1988-11-30,fx_carry,in_sample,8.33788190730574,0.0337121823544
1988-12-31,fx_carry,in_sample,-2.2009987635967434,-0.00889919916174
1989-01-31,fx_carry,in_sample,8.065682170424031,0.0326116094189
1989-02-28,fx_carry,in_sample,-10.2093514371197,-0.0412790108081
1989-03-31,fx_carry,in_sample,6.798855122909282,0.0274895046791
1989-04-30,fx_carry,in_sample,-3.3288036399430037,-0.0134592018188
1989-05-31,fx_carry,in_sample,-3.946674381322078,-0.0159574107568
1989-06-30,fx_carry,in_sample,-1.8776600937444712,-0.007591858482
1989-07-31,fx_carry,in_sample,2.1898248805599185,0.00885402030376
1989-08-31,fx_carry,in_sample,4.827758880468396,0.0195198600257
1989-09-30,fx_carry,in_sample,-0.9114286102543798,-0.00368513824656
1989-10-31,fx_carry,in_sample,-1.16820464627629,-0.0047233492271
1989-11-30,fx_carry,in_sample,-2.3857792610240756,-0.00964631382396
1989-12-31,fx_carry,in_sample,-0.8365630245905993,-0.0033824375962
1990-01-31,fx_carry,in_sample,1.5464483870402481,0.00625268510698
1990-02-28,fx_carry,in_sample,-0.44513277202509405,-0.00179978528711
1990-03-31,fx_carry,in_sample,-2.3192233574816346,-0.00937721133703
1990-04-30,fx_carry,in_sample,-0.8650670462561882,-0.0034976866231
1990-05-31,fx_carry,in_sample,5.857078893363421,0.0236816632704
1990-06-30,fx_carry,in_sample,6.00072519916053,0.0242624619084
1990-07-31,fx_carry,in_sample,0.5896965285912612,0.00238429341248
1990-08-31,fx_carry,in_sample,6.309246111939861,0.0255098906184
1990-09-30,fx_carry,in_sample,-0.6705687638719928,-0.00271128047868
1990-10-31,fx_carry,in_sample,-0.613299668595991,-0.00247972692531
1990-11-30,fx_carry,in_sample,-0.6838655010970455,-0.00276504257738
1990-12-31,fx_carry,in_sample,-1.9919691729666666,-0.00805403923322
1991-01-31,fx_carry,in_sample,3.712988926930042,0.0150125608849
1991-02-28,fx_carry,in_sample,-1.785794360319215,-0.00722042189993
1991-03-31,fx_carry,in_sample,-8.911155770796082,-0.0360300747448
1991-04-30,fx_carry,in_sample,-0.610683846425014,-0.00246915048935
1991-05-31,fx_carry,in_sample,-2.915689555653378,-0.0117888762496
1991-06-30,fx_carry,in_sample,-5.546461167598091,-0.0224257566109
1991-07-31,fx_carry,in_sample,7.6374381125247,0.0308801095089
1991-08-31,fx_carry,in_sample,-0.5632847274310603,-0.00227750376651
1991-09-30,fx_carry,in_sample,10.588994738727552,0.0428140054693
1991-10-31,fx_carry,in_sample,0.1449097342462299,0.00058590700134
1991-11-30,fx_carry,in_sample,5.473466632199517,0.0221306210938
1991-12-31,fx_carry,in_sample,20.993908584195683,0.0848837249544
1992-01-31,fx_carry,in_sample,-9.037910373467197,-0.0365425759204
1992-02-29,fx_carry,in_sample,-3.400150638723064,-0.0137476759253
1992-03-31,fx_carry,in_sample,-0.557334727526389,-0.0022534463999
1992-04-30,fx_carry,in_sample,5.179274016451418,0.0209411253418
1992-05-31,fx_carry,in_sample,9.493402228566001,0.0383842456215
1992-06-30,fx_carry,in_sample,14.140680447062401,0.057174376316
1992-07-31,fx_carry,in_sample,6.721386531016272,0.0271762794109
1992-08-31,fx_carry,in_sample,16.02300107349635,0.0647850785199
1992-09-30,fx_carry,in_sample,-2.6821945177965705,-0.0108447962803
1992-10-31,fx_carry,in_sample,-18.088683331127154,-0.0731371585481
1992-11-30,fx_carry,in_sample,-16.732463088470237,-0.0676536143289
1992-12-31,fx_carry,in_sample,-9.55033743196917,-0.0386144491649
1993-01-31,fx_carry,in_sample,4.240444259494118,0.017145197273
1993-02-28,fx_carry,in_sample,-4.961619643127943,-0.0200610932179
1993-03-31,fx_carry,in_sample,2.3847217012942923,0.00964203784034
1993-04-30,fx_carry,in_sample,7.927985392879419,0.0320548662405
1993-05-31,fx_carry,in_sample,5.218816281159372,0.0211010047996
1993-06-30,fx_carry,in_sample,-12.560775776025379,-0.0507864189229
1993-07-31,fx_carry,in_sample,-10.787296843438744,-0.0436157914372
1993-08-31,fx_carry,in_sample,4.4379842272555985,0.0179439017269
1993-09-30,fx_carry,in_sample,10.481271402725055,0.042378452557
1993-10-31,fx_carry,in_sample,-5.993396868295044,-0.0242328315983
1993-11-30,fx_carry,in_sample,-2.501956137454192,-0.0101160465555
1993-12-31,fx_carry,in_sample,1.3805346768368691,0.00558185367573
1994-01-31,fx_carry,in_sample,3.96452626787481,0.0160295904856
1994-02-28,fx_carry,in_sample,0.9602121983677022,0.00388238273103
1994-03-31,fx_carry,in_sample,7.297418587006964,0.0295053238768
1994-04-30,fx_carry,in_sample,3.7359538463532584,0.0151054139092
1994-05-31,fx_carry,in_sample,-1.8401289185686007,-0.00744011037192
1994-06-30,fx_carry,in_sample,2.175537014481404,0.00879625081841
1994-07-31,fx_carry,in_sample,-2.034659433649319,-0.00822664684135
1994-08-31,fx_carry,in_sample,1.633162056776614,0.006603290582
1994-09-30,fx_carry,in_sample,3.176810575740328,0.0128446551085
1994-10-31,fx_carry,in_sample,7.727630299452987,0.0312447795158
1994-11-30,fx_carry,in_sample,2.1478544226180767,0.00868432304163
1994-12-31,fx_carry,in_sample,6.292978731154831,0.0254441174504
1995-01-31,fx_carry,in_sample,-4.057440007269226,-0.016405264423
1995-02-28,fx_carry,in_sample,-7.960905918843883,-0.0321879723203
1995-03-31,fx_carry,in_sample,-6.726465483374531,-0.0271968149102
1995-04-30,fx_carry,in_sample,7.341046024793235,0.0296817207309
1995-05-31,fx_carry,in_sample,-0.1256195924260135,-0.0005079120398
1995-06-30,fx_carry,in_sample,-1.352995006289688,-0.00547050376627
1995-07-31,fx_carry,in_sample,5.66311648317698,0.0228974237939
1995-08-31,fx_carry,in_sample,1.7413982855924373,0.00704091725071
1995-09-30,fx_carry,in_sample,4.2414154871909995,0.0171491241942
1995-10-31,fx_carry,in_sample,2.5903523936343977,0.0104734551565
1995-11-30,fx_carry,in_sample,4.119551161910062,0.0166563956569
1995-12-31,fx_carry,in_sample,-1.8129317625387218,-0.00733014533598
1996-01-31,fx_carry,in_sample,4.055519013692965,0.0163974973562
1996-02-29,fx_carry,in_sample,2.091184584026513,0.00845519243582
1996-03-31,fx_carry,in_sample,3.7197143022001486,0.0150397532918
1996-04-30,fx_carry,in_sample,6.661674310947368,0.0269348476811
1996-05-31,fx_carry,in_sample,1.1321471235692964,0.00457755946967
1996-06-30,fx_carry,in_sample,0.3161610141943714,0.00127831958792
1996-07-31,fx_carry,in_sample,-3.4878580691850125,-0.0141022994283
1996-08-31,fx_carry,in_sample,3.33382534362354,0.0134795058471
1996-09-30,fx_carry,in_sample,5.243052808347719,0.0211989992583
1996-10-31,fx_carry,in_sample,1.3282876154506071,0.00537060548578
1996-11-30,fx_carry,in_sample,7.674702970193662,0.0310307808294
1996-12-31,fx_carry,in_sample,0.7458662185617133,0.00301572728562
1997-01-31,fx_carry,in_sample,-3.3452081730733263,-0.0135255295287
1997-02-28,fx_carry,in_sample,9.595324772669848,0.0387963444532
1997-03-31,fx_carry,in_sample,1.5390170227834945,0.00622263820661
1997-04-30,fx_carry,in_sample,8.08745715902396,0.0326996512495
1997-05-31,fx_carry,in_sample,-2.43629103194653,-0.00985054579214
1997-06-30,fx_carry,in_sample,3.1445987118390564,0.0127144143301
1997-07-31,fx_carry,in_sample,0.6609728169825317,0.00267248161885
1997-08-31,fx_carry,in_sample,-4.447898740048924,-0.0179839886299
1997-09-30,fx_carry,in_sample,-4.87668323881165,-0.0197176736801
1997-10-31,fx_carry,in_sample,-0.5951138310299575,-0.00240619694742
1997-11-30,fx_carry,in_sample,4.4809868753546676,0.018117772397
1997-12-31,fx_carry,in_sample,-3.317677794806844,-0.0134142171903
1998-01-31,fx_carry,in_sample,8.114080234080822,0.0328072951297
1998-02-28,fx_carry,in_sample,-1.2859419849717746,-0.00519939130543
1998-03-31,fx_carry,in_sample,-1.077607754938482,-0.00435704289709
1998-04-30,fx_carry,in_sample,-5.575804829611846,-0.0225444005178
1998-05-31,fx_carry,in_sample,-4.8170030427188175,-0.0194763714314
1998-06-30,fx_carry,in_sample,3.009647527416189,0.0121687722847
1998-07-31,fx_carry,in_sample,-4.876035326590501,-0.0197150540058
1998-08-31,fx_carry,in_sample,3.5627968647361565,0.0144052960849
1998-09-30,fx_carry,in_sample,-4.0741595583772625,-0.0164728658309
1998-10-31,fx_carry,in_sample,-1.1721470510340086,-0.00473928937468
1998-11-30,fx_carry,in_sample,3.325345622838481,0.013445220174
1998-12-31,fx_carry,in_sample,-1.3371910809186327,-0.00540660446667
1999-01-31,fx_carry,in_sample,-2.825297932476688,-0.0114233998711
1999-02-28,fx_carry,in_sample,3.0086616536728368,0.0121647861458
1999-03-31,fx_carry,in_sample,5.7037355483454695,0.0230616570305
1999-04-30,fx_carry,in_sample,5.067080334455098,0.0204874976809
1999-05-31,fx_carry,in_sample,3.2118783065167245,0.0129864428848
1999-06-30,fx_carry,in_sample,0.6748041514078283,0.00272840523033
1999-07-31,fx_carry,in_sample,-4.272584808229008,-0.017275149706
1999-08-31,fx_carry,in_sample,1.6101190828296685,0.00651012196336
1999-09-30,fx_carry,in_sample,2.2452947393601157,0.00907829908533
1999-10-31,fx_carry,in_sample,1.0346161495192516,0.00418321687536
1999-11-30,fx_carry,in_sample,6.269241838474169,0.0253481431414
1999-12-31,fx_carry,in_sample,3.000766174130291,0.012132862709
2000-01-31,fx_carry,in_sample,5.210326511242999,0.0210666784953
2000-02-29,fx_carry,in_sample,-1.2596435787754952,-0.00509306014421
2000-03-31,fx_carry,in_sample,1.8790475980570516,0.00759746851569
2000-04-30,fx_carry,in_sample,5.245792834222225,0.0212100778815
2000-05-31,fx_carry,in_sample,-11.698257208682598,-0.0472990364498
2000-06-30,fx_carry,in_sample,0.0065151482028070465,2.6342405268e-05
2000-07-31,fx_carry,in_sample,2.0871816069693496,0.00843900737899
2000-08-31,fx_carry,in_sample,1.7119514574057815,0.00692185621667
2000-09-30,fx_carry,in_sample,-2.641497577573617,-0.010680248175
2000-10-31,fx_carry,in_sample,3.9911128245568563,0.0161370867127
2000-11-30,fx_carry,in_sample,-2.2860064223981107,-0.00924290679959
2000-12-31,fx_carry,in_sample,-5.677042280584215,-0.0229537293433
2001-01-31,fx_carry,in_sample,2.055924150786818,0.00831262551433
2001-02-28,fx_carry,in_sample,0.22202421416184853,0.000897700504532
2001-03-31,fx_carry,in_sample,0.6605425422933497,0.00267074190858
2001-04-30,fx_carry,in_sample,1.1517997188102114,0.0046570199228
2001-05-31,fx_carry,in_sample,2.5181629614347183,0.0101815748769
2001-06-30,fx_carry,in_sample,0.18603317214154028,0.000752179545468
2001-07-31,fx_carry,in_sample,-0.32313257914099675,-0.00130650740245
2001-08-31,fx_carry,in_sample,6.467072622103668,0.026148023438
2001-09-30,fx_carry,in_sample,-6.873237270308427,-0.0277902506653
2001-10-31,fx_carry,in_sample,2.697500503532034,0.010906682283
2001-11-30,fx_carry,in_sample,0.91523011366256,0.00370050869406
2001-12-31,fx_carry,in_sample,1.5376344123547305,0.00621704796014
2002-01-31,fx_carry,in_sample,2.313715547149206,0.0093549418556
2002-02-28,fx_carry,in_sample,3.706678726220472,0.0149870471346
2002-03-31,fx_carry,in_sample,4.8151463241889605,0.019468864245
2002-04-30,fx_carry,in_sample,2.130430476014299,0.00861387358315
2002-05-31,fx_carry,in_sample,7.7292358503689425,0.0312512711675
2002-06-30,fx_carry,in_sample,2.0371106191384536,0.00823655760923
2002-07-31,fx_carry,in_sample,-3.7456333060000335,-0.0151445504324
2002-08-31,fx_carry,in_sample,1.9795947440648487,0.00800400626222
2002-09-30,fx_carry,in_sample,4.098681162864024,0.0165720129298
2002-10-31,fx_carry,in_sample,4.365623366662872,0.0176513283186
2002-11-30,fx_carry,in_sample,5.037752541883335,0.0203689179382
2002-12-31,fx_carry,in_sample,2.9598018233157624,0.0119672333945
2003-01-31,fx_carry,in_sample,4.690454579163048,0.0189647037288
2003-02-28,fx_carry,in_sample,-1.9260210949054297,-0.00778739433968
2003-03-31,fx_carry,in_sample,-1.5926972938588109,-0.00643968122874
2003-04-30,fx_carry,in_sample,6.740058460340257,0.0272517747817
2003-05-31,fx_carry,in_sample,4.93128695241273,0.0199384504158
2003-06-30,fx_carry,in_sample,2.5887062191362697,0.0104667992533
2003-07-31,fx_carry,in_sample,-1.9982054251166819,-0.00807925399064
2003-08-31,fx_carry,in_sample,-1.1133288318575165,-0.00450147231842
2003-09-30,fx_carry,in_sample,0.5479714635718294,0.0022155883365
2003-10-31,fx_carry,in_sample,6.569459082685661,0.0265619980023
2003-11-30,fx_carry,in_sample,4.202529431707564,0.0169918979576
2003-12-31,fx_carry,in_sample,1.7085347380036713,0.00690804154901
2004-01-31,fx_carry,in_sample,3.3680821847986886,0.01361801499
2004-02-29,fx_carry,in_sample,7.058833955563368,0.028540665383
2004-03-31,fx_carry,in_sample,-7.789872129850259,-0.0314964391051
2004-04-30,fx_carry,in_sample,-3.746172627295147,-0.0151467310459
2004-05-31,fx_carry,in_sample,0.39334467776547555,0.00159039281827
2004-06-30,fx_carry,in_sample,-2.0230893610036396,-0.00817986608777
2004-07-31,fx_carry,in_sample,5.05512596335769,0.0204391631107
2004-08-31,fx_carry,in_sample,0.31302603678777075,0.00126564407498
2004-09-30,fx_carry,in_sample,4.676188826171873,0.0189070236523
2004-10-31,fx_carry,in_sample,-1.8538882249488986,-0.00749574275565
2004-11-30,fx_carry,in_sample,0.6739468141519096,0.00272493879722
2004-12-31,fx_carry,in_sample,0.6078103869590796,0.00245753236012
2005-01-31,fx_carry,in_sample,5.136041825147723,0.02076632657
2005-02-28,fx_carry,in_sample,2.2851675447770132,0.00923951500349
2005-03-31,fx_carry,in_sample,3.5439932659019298,0.0143292683407
2005-04-30,fx_carry,in_sample,2.07285216358696,0.008381069786
2005-05-31,fx_carry,in_sample,2.3962293165133017,0.00968856606262
2005-06-30,fx_carry,in_sample,6.953198695032078,0.0281135550922
2005-07-31,fx_carry,in_sample,-1.005206437221054,-0.00406430591032
2005-08-31,fx_carry,in_sample,-1.7907794125465115,-0.00724057773706
2005-09-30,fx_carry,in_sample,7.405752478026675,0.0299433454187
2005-10-31,fx_carry,in_sample,3.8739918348317848,0.0156635366904
2005-11-30,fx_carry,in_sample,4.725550037946011,0.0191066036165
2005-12-31,fx_carry,in_sample,-4.307135646743572,-0.0174148475551
2006-01-31,fx_carry,in_sample,-0.7456969114818375,-0.00301504273393
2006-02-28,fx_carry,in_sample,0.028586469284778763,0.000115582383645
2006-03-31,fx_carry,in_sample,-9.5227087746171,-0.0385027394591
2006-04-30,fx_carry,in_sample,-1.482537888599187,-0.00599427866734
2006-05-31,fx_carry,in_sample,-2.823314854984706,-0.0114153817832
2006-06-30,fx_carry,in_sample,-1.2817448962302616,-0.00518242140557
2006-07-31,fx_carry,in_sample,4.188641082297449,0.01693574382
2006-08-31,fx_carry,in_sample,9.879898257516844,0.0399469476065
2006-09-30,fx_carry,in_sample,1.1587288248439518,0.00468503606512
2006-10-31,fx_carry,in_sample,4.10029619616494,0.0165785429212
2006-11-30,fx_carry,in_sample,-4.0785565761236375,-0.0164906440947
2006-12-31,fx_carry,in_sample,6.660778013944496,0.0269312237238
2007-01-31,fx_carry,in_sample,1.613995942848605,0.00652579709685
2007-02-28,fx_carry,in_sample,0.13074041108179613,0.000528616815215
2007-03-31,fx_carry,in_sample,3.1744491181273324,0.0128351071333
2007-04-30,fx_carry,in_sample,4.728030599994688,0.0191166331613
2007-05-31,fx_carry,in_sample,3.9255747185497043,0.0158720994407
2007-06-30,fx_carry,in_sample,8.039032785895934,0.0325038591628
2007-07-31,fx_carry,in_sample,-3.0425500579782447,-0.0123018056045
2007-08-31,fx_carry,in_sample,-11.038208957276453,-0.0446302930853
2007-09-30,fx_carry,in_sample,6.135698560468344,0.0248081936206
2007-10-31,fx_carry,in_sample,3.493661046847384,0.0141257623465
2007-11-30,fx_carry,in_sample,-6.996486407296577,-0.0282885783494
2007-12-31,fx_carry,in_sample,-0.069559280026609,-0.000281245903788
2008-01-31,fx_carry,in_sample,-1.8979101500274334,-0.00767373462245
2008-02-29,fx_carry,in_sample,1.4635478923801857,0.00591749727099
2008-03-31,fx_carry,in_sample,-6.663052832648071,-0.0269404213958
2008-04-30,fx_carry,in_sample,7.0979310184922975,0.0286987447765
2008-05-31,fx_carry,in_sample,2.551448065199891,0.0103161550377
2008-06-30,fx_carry,in_sample,-0.4938847304708952,-0.00199690188477
2008-07-31,fx_carry,in_sample,0.13196725317424107,0.000533577250587
2008-08-31,fx_carry,in_sample,-8.866416407556782,-0.0358491820926
2008-09-30,fx_carry,in_sample,-13.013956337550347,-0.0526187434748
2008-10-31,fx_carry,in_sample,-25.857400284490872,-0.104548061881
2008-11-30,fx_carry,in_sample,-6.4494998678124285,-0.0260769723121
2008-12-31,fx_carry,in_sample,-3.758730093528974,-0.0151975040835
2009-01-31,fx_carry,in_sample,-10.524036448938968,-0.0425513625421
2009-02-28,fx_carry,in_sample,6.956932583559946,0.0281286521555
2009-03-31,fx_carry,in_sample,12.123110159034898,0.0490168252474
2009-04-30,fx_carry,in_sample,-0.7434415511925428,-0.00300592373726
2009-05-31,fx_carry,in_sample,8.411796015978652,0.0340110359407
2009-06-30,fx_carry,in_sample,7.267638474752333,0.0293849152903
2009-07-31,fx_carry,in_sample,-1.9476942221574214,-0.00787502431888
2009-08-31,fx_carry,in_sample,3.19214863986347,0.0129066708123
2009-09-30,fx_carry,in_sample,5.886521800763442,0.0238007084517
2009-10-31,fx_carry,in_sample,3.625880640876653,0.0146603598755
2009-11-30,fx_carry,in_sample,-2.296029365986585,-0.00928343211594
2009-12-31,fx_carry,in_sample,1.8216691078221172,0.00736547265061
2010-01-31,fx_carry,in_sample,-1.0326622227341256,-0.0041753166512
2010-02-28,fx_carry,in_sample,-1.2037688108297397,-0.00486714421173
2010-03-31,fx_carry,in_sample,0.038841055047172356,0.000157044288363
2010-04-30,fx_carry,in_sample,5.638098487411103,0.0227962696585
2010-05-31,fx_carry,in_sample,-7.922133409526806,-0.0320312051798
2010-06-30,fx_carry,in_sample,-5.43319508874679,-0.0219677929761
2010-07-31,fx_carry,in_sample,6.476073105349239,0.0261844146865
2010-08-31,fx_carry,in_sample,-8.620000210596032,-0.0348528585827
2010-09-30,fx_carry,in_sample,10.549487114254134,0.0426542660708
2010-10-31,fx_carry,in_sample,3.690194456639341,0.0149203970299
2010-11-30,fx_carry,in_sample,-3.534047029756662,-0.0142890531721
2010-12-31,fx_carry,in_sample,4.288903630909787,0.0173411308667
2011-01-31,fx_carry,in_sample,2.1230547721975577,0.00858405173213
2011-02-28,fx_carry,in_sample,0.6262907266311144,0.00253225308511
2011-03-31,fx_carry,in_sample,4.009387588572942,0.0162109762429
2011-04-30,fx_carry,in_sample,6.7396485808452615,0.0272501175344
2011-05-31,fx_carry,in_sample,-4.0874934473777005,-0.0165267781437
2011-06-30,fx_carry,in_sample,0.24989172620110126,0.00101037596073
2011-07-31,fx_carry,in_sample,-3.176025760824232,-0.0128414819017
2011-08-31,fx_carry,in_sample,-0.79466143387651,-0.00321301878183
2011-09-30,fx_carry,in_sample,-9.049442026650922,-0.0365892013343
2011-10-31,fx_carry,in_sample,12.64402056243175,0.0511229988182
2011-11-30,fx_carry,in_sample,-4.556775255519285,-0.0184242041408
2011-12-31,fx_carry,in_sample,-0.9220672775917501,-0.00372815309101
2012-01-31,fx_carry,in_sample,5.032436232912604,0.0203474227456
2012-02-29,fx_carry,in_sample,8.44252596094001,0.034135284943
2012-03-31,fx_carry,in_sample,-4.122887928807712,-0.0166698870562
2012-04-30,fx_carry,in_sample,-0.872520700885662,-0.00352782364913
2012-05-31,fx_carry,in_sample,-9.019832198636905,-0.0364694812504
2012-06-30,fx_carry,in_sample,10.377444258396515,0.041958652941
2012-07-31,fx_carry,in_sample,6.177839337417344,0.0249785795259
2012-08-31,fx_carry,in_sample,-1.3235019582227678,-0.00535125585347
2012-09-30,fx_carry,in_sample,1.0753463125568483,0.00434789930897
2012-10-31,fx_carry,post_sample,-1.6703567963667016,-0.00675367839723
2012-11-30,fx_carry,post_sample,1.4003507311935197,0.00566197503574
2012-12-31,fx_carry,post_sample,0.8328255862569051,0.00336732618013
2013-01-31,fx_carry,post_sample,0.6954653238280581,0.00281194361814
2013-02-28,fx_carry,post_sample,0.4707472545189947,0.00190335117043
2013-03-31,fx_carry,post_sample,4.424136482086804,0.0178879117626
2013-04-30,fx_carry,post_sample,0.12524113436309345,0.000506381837361
2013-05-31,fx_carry,post_sample,-7.881414017219837,-0.031866566295
2013-06-30,fx_carry,post_sample,-9.67133245255941,-0.0391036628817
2013-07-31,fx_carry,post_sample,-0.14041760918877283,-0.000567744194433
2013-08-31,fx_carry,post_sample,-4.184986385980655,-0.016920966951
2013-09-30,fx_carry,post_sample,8.299161805764633,0.0335556271119
2013-10-31,fx_carry,post_sample,0.5636608879270204,0.0022790246793
2013-11-30,fx_carry,post_sample,-3.3131902898901395,-0.0133960730638
2013-12-31,fx_carry,post_sample,-0.3242400168755398,-0.00131098505556
2014-01-31,fx_carry,post_sample,-4.819325761815034,-0.0194857627769
2014-02-28,fx_carry,post_sample,4.239919203067436,0.017143074336
2014-03-31,fx_carry,post_sample,6.6307422133865215,0.0268097813243
2014-04-30,fx_carry,post_sample,-0.8200316748594376,-0.00331559713445
2014-05-31,fx_carry,post_sample,0.914950120653962,0.00369937661094
2014-06-30,fx_carry,post_sample,2.236868525391295,0.00904422975393
2014-07-31,fx_carry,post_sample,-1.499886320754029,-0.00606442280165
2014-08-31,fx_carry,post_sample,2.447556573296749,0.00989609524805
2014-09-30,fx_carry,post_sample,-5.381896547449067,-0.0217603798947
2014-10-31,fx_carry,post_sample,0.3749265109721387,0.00151592347408
2014-11-30,fx_carry,post_sample,-1.5668204261922645,-0.00633505445527
2014-12-31,fx_carry,post_sample,0.5032418375864073,0.0020347350545
2015-01-31,fx_carry,post_sample,-13.77316641808735,-0.0556884233965
2015-02-28,fx_carry,post_sample,9.979823449688782,0.0403509706351
2015-03-31,fx_carry,post_sample,1.6249133432938117,0.00656993893032
2015-04-30,fx_carry,post_sample,0.7348139259996921,0.00297104004893
2015-05-31,fx_carry,post_sample,-6.506774660757819,-0.0263085489026
2015-06-30,fx_carry,post_sample,-6.502792799838743,-0.0262924492237
2015-07-31,fx_carry,post_sample,-1.8369488300319998,-0.00742725246318
2015-08-31,fx_carry,post_sample,-9.077059723106272,-0.0367008667224
2015-09-30,fx_carry,post_sample,-1.5310422755832347,-0.00619039427046
2015-10-31,fx_carry,post_sample,10.361202304922179,0.0418929825821
2015-11-30,fx_carry,post_sample,5.696842951515715,0.0230337885042
2015-12-31,fx_carry,post_sample,-4.917360680264223,-0.0198821429469
2016-01-31,fx_carry,post_sample,-3.4761895093244,-0.0140551204658
2016-02-29,fx_carry,post_sample,-1.280090472796473,-0.00517573214982
2016-03-31,fx_carry,post_sample,1.9379392339493184,0.00783558241445
2016-04-30,fx_carry,post_sample,0.5993943698886584,0.00242350425738
2016-05-31,fx_carry,post_sample,0.6623815574231596,0.00267817751562
2016-06-30,fx_carry,post_sample,2.8601098930850037,0.0115641535034
2016-07-31,fx_carry,post_sample,1.4307042434945318,0.00578470202482
2016-08-31,fx_carry,post_sample,2.1871335628109403,0.00884313861993
2016-09-30,fx_carry,post_sample,2.1647804382698603,0.00875275923832
2016-10-31,fx_carry,post_sample,4.287653847046669,0.0173360776719
2016-11-30,fx_carry,post_sample,4.255924060931891,0.0172077860569
2016-12-31,fx_carry,post_sample,-4.157165625209872,-0.0168084805221
2017-01-31,fx_carry,post_sample,3.5387177207469227,0.0143079379666
2017-02-28,fx_carry,post_sample,3.4360122876752777,0.0138926737152
2017-03-31,fx_carry,post_sample,-5.3410942955887055,-0.0215954059876
2017-04-30,fx_carry,post_sample,-5.551889338844336,-0.0224477040912
2017-05-31,fx_carry,post_sample,-2.5852873749015455,-0.0104529759944
2017-06-30,fx_carry,post_sample,2.2478819991151133,0.00908876003616
2017-07-31,fx_carry,post_sample,2.0983949222907294,0.00848434567175
2017-08-31,fx_carry,post_sample,-5.078160790442677,-0.0205322987895
2017-09-30,fx_carry,post_sample,2.738576689713064,0.0110727637764
2017-10-31,fx_carry,post_sample,-1.3951948171414532,-0.00564112836069
2017-11-30,fx_carry,post_sample,-3.7345547984426384,-0.0150997572018
2017-12-31,fx_carry,post_sample,3.629025077830179,0.0146730736358
2018-01-31,fx_carry,post_sample,-2.1143037428104923,-0.00854866908918
2018-02-28,fx_carry,post_sample,0.08942351812879669,0.000361562082966
2018-03-31,fx_carry,post_publication,0.6766330652280664,0.0027357999952
2018-04-30,fx_carry,post_publication,5.826090611415885,0.0235563697458
2018-05-31,fx_carry,post_publication,2.2850180283412707,0.00923891047042
2018-06-30,fx_carry,post_publication,-1.2818175832641265,-0.00518271529778
2018-07-31,fx_carry,post_publication,-0.042041792725339734,-0.000169985686847
2018-08-31,fx_carry,post_publication,-2.076652265077611,-0.00839643456519
2018-09-30,fx_carry,post_publication,0.6032075566659308,0.00243892194372
2018-10-31,fx_carry,post_publication,3.6754301825998197,0.0148607013057
2018-11-30,fx_carry,post_publication,3.768748432423904,0.0152380107819
2018-12-31,fx_carry,post_publication,-8.434235490525777,-0.0341017644574
2019-01-31,fx_carry,post_publication,8.100442108688414,0.0327521527116
2019-02-28,fx_carry,post_publication,0.28733199662971,0.00116175651974
2019-03-31,fx_carry,post_publication,1.348628139469062,0.00545284741035
2019-04-30,fx_carry,post_publication,2.1248602019484,0.00859135154492
2019-05-31,fx_carry,post_publication,-3.480679110497732,-0.014073273068
2019-06-30,fx_carry,post_publication,-0.9273524860750438,-0.00374952253641
2019-07-31,fx_carry,post_publication,3.352736767293107,0.0135559695546
2019-08-31,fx_carry,post_publication,-1.805643338884556,-0.00730067638091
2019-09-30,fx_carry,post_publication,2.519838931036365,0.0101883512493
2019-10-31,fx_carry,post_publication,-2.9457368405230007,-0.0119103650831
2019-11-30,fx_carry,post_publication,1.256734594023246,0.00508129837719
2019-12-31,fx_carry,post_publication,2.0658220613745666,0.00835264529038
2020-01-31,fx_carry,post_publication,-3.6275006503416285,-0.0146669099868
2020-02-29,fx_carry,post_publication,-3.0129640650676346,-0.012182181892
2020-03-31,fx_carry,post_publication,-12.824392456120608,-0.0518522883715
2020-04-30,fx_carry,post_publication,4.894840331420656,0.0197910874348
2020-05-31,fx_carry,post_publication,-0.7351375660085082,-0.002972348608
2020-06-30,fx_carry,post_publication,0.39973679838944726,0.00161623779167
2020-07-31,fx_carry,post_publication,-2.766554300943862,-0.0111858843917
2020-08-31,fx_carry,post_publication,3.724984265169456,0.0150610610957
2020-09-30,fx_carry,post_publication,-2.8939343363237127,-0.0117009143512
2020-10-31,fx_carry,post_publication,-1.3911532569720075,-0.0056247873025
2020-11-30,fx_carry,post_publication,6.9133989687959705,0.0279526346518
2020-12-31,fx_carry,post_publication,-0.661155995698155,-0.0026732222571
2021-01-31,fx_carry,post_publication,2.708175910217175,0.010949845674
2021-02-28,fx_carry,post_publication,2.7860232930141002,0.0112646024904
2021-03-31,fx_carry,post_publication,7.005840117636435,0.0283263977851
2021-04-30,fx_carry,post_publication,-1.3940670462345355,-0.00563656849538
2021-05-31,fx_carry,post_publication,-1.5691616924221135,-0.00634452079156
2021-06-30,fx_carry,post_publication,0.42969957170251094,0.0017373849234
2021-07-31,fx_carry,post_publication,-3.4849751874168975,-0.0140906432023
2021-08-31,fx_carry,post_publication,2.738787372494391,0.0110736156206
2021-09-30,fx_carry,post_publication,2.093871088235359,0.00846605465728
2021-10-31,fx_carry,post_publication,5.241240170268362,0.0211916703004
2021-11-30,fx_carry,post_publication,-6.998952862072623,-0.0282985508549
2021-12-31,fx_carry,post_publication,3.144642603209222,0.0127145917941
2022-01-31,fx_carry,post_publication,0.615914003309446,0.0024902973471
2022-02-28,fx_carry,post_publication,2.2284804877758426,0.00901031477926
2022-03-31,fx_carry,post_publication,4.194240047250078,0.0169583818628
2022-04-30,fx_carry,post_publication,0.7732042460147469,0.00312626190064
2022-05-31,fx_carry,post_publication,-2.3282690818168565,-0.00941378550679
2022-06-30,fx_carry,post_publication,-1.1784900598502657,-0.00476493577652
2022-07-31,fx_carry,post_publication,3.2717132915374436,0.0132283709846
2022-08-31,fx_carry,post_publication,2.83010704266285,0.0114428443297
2022-09-30,fx_carry,post_publication,-6.674989821042497,-0.0269886856833
2022-10-31,fx_carry,post_publication,7.99184443353654,0.0323130646232
2022-11-30,fx_carry,post_publication,-4.333738710398516,-0.0175224105241
2022-12-31,fx_carry,post_publication,-6.873246178997189,-0.0277902866854
2023-01-31,fx_carry,post_publication,1.4937464747604707,0.0060395978389
2023-02-28,fx_carry,post_publication,1.652217835295474,0.00668033795296
2023-03-31,fx_carry,post_publication,-3.397676546412326,-0.0137376725393
2023-04-30,fx_carry,post_publication,-1.3661365470735962,-0.00552363836619
2023-05-31,fx_carry,post_publication,4.15272899685232,0.0167905421025
2023-06-30,fx_carry,post_publication,4.542019020695777,0.0183645409212
2023-07-31,fx_carry,post_publication,-1.164827691608707,-0.0047096953384
2023-08-31,fx_carry,post_publication,-0.12660382829219285,-0.000511891556345
2023-09-30,fx_carry,post_publication,4.921291650452396,0.0198980368616
2023-10-31,fx_carry,post_publication,-1.865248290387765,-0.00754167439655
2023-11-30,fx_carry,post_publication,-0.9104070043666217,-0.00368100763349
2023-12-31,fx_carry,post_publication,-2.9422304951280123,-0.0118961880347
2024-01-31,fx_carry,post_publication,3.5697566460998758,0.0144334362554
2024-02-29,fx_carry,post_publication,2.8611084836618343,0.0115681910597
2024-03-31,fx_carry,post_publication,1.9143663123605168,0.00774027108238
2024-04-30,fx_carry,post_publication,4.009978508889686,0.0162133654844
2024-05-31,fx_carry,post_publication,2.7021564073766333,0.0109255072893
2024-06-30,fx_carry,post_publication,2.0245453292377205,0.00818575293855
2024-07-31,fx_carry,post_publication,-9.01571853314314,-0.036452848652
2024-08-31,fx_carry,post_publication,-0.8031756658466104,-0.00324744399245
2024-09-30,fx_carry,post_publication,0.9702789737085332,0.00392308527033
2024-10-31,fx_carry,post_publication,1.2685829827934112,0.00512920443382
2024-11-30,fx_carry,post_publication,1.681359786663071,0.00679816629229
2024-12-31,fx_carry,post_publication,1.9377296858305466,0.00783473515798
2025-01-31,fx_carry,post_publication,-0.08157116459409484,-0.000329813015611
2025-02-28,fx_carry,post_publication,-2.7024965316612883,-0.0109268824985
2025-03-31,fx_carry,post_publication,1.0576975051664965,0.004276540681
2025-04-30,fx_carry,post_publication,-8.38441362021793,-0.0339003219333
2025-05-31,fx_carry,post_publication,3.4070275868488236,0.0137754811799
2025-06-30,fx_carry,post_publication,-2.683873346703435,-0.0108515842136
2025-07-31,fx_carry,post_publication,3.4285521291101686,0.0138625103921
2025-08-31,fx_carry,post_publication,-0.9486741169151005,-0.003835731326
2025-09-30,fx_carry,post_publication,0.8088428241664445,0.00327035775842
2025-10-31,fx_carry,post_publication,2.472448349827034,0.0099967390469
2025-11-30,fx_carry,post_publication,1.502295898753213,0.00607416533984
2025-12-31,fx_carry,post_publication,-0.22758977357403348,-0.000920203480215
2026-01-31,fx_carry,post_publication,2.543484843528071,0.0102839577022
2026-02-28,fx_carry,post_publication,3.7937964557545225,0.0153392863264
2026-03-31,fx_carry,post_publication,3.1384203439982126,0.0126894336137
2026-04-30,fx_carry,post_publication,4.153257303086432,0.0167926781793
2026-05-31,fx_carry,post_publication,2.6843410501057705,0.0108534752577
2026-06-30,fx_carry,post_publication,-4.017371948585257,-0.0162432590461
