date,SPY,QQQ,IWM,EFA,EEM,EWJ,EWG,EWU,EWA,EWC,TLT,IEF,SHY,LQD,HYG,TIP,AGG,GLD,SLV,USO,DBC,DBA,FXE,FXY,FXB,FXA,FXF,UUP
2007-01-31,0.08352689899234769,0.14398572383258634,0.15598740438769834,0.11812039236069789,0.22734920798014804,0.16174727391535018,0.13916932386753977,0.12140724328830518,0.17711351546858833,0.1698997420610949,0.07064179451905586,0.040487419004301355,0.011229885930430944,0.039169492591856876,,0.04128341749971532,0.028124663624740198,0.19396143300639843,,,,,0.06337897568786184,,,,,
2007-02-28,0.11300454327326022,0.15977899829822184,0.17071362814195667,0.1396732813742136,0.2670291536914988,0.1632379981903693,0.16099823542468933,0.15055041283591192,0.1946281096154786,0.17165045977630702,0.07576196577100468,0.04323506604354848,0.012273683369780073,0.03961116213958021,,0.04553990311542642,0.028361300753313595,0.2053615986400264,,,0.21425756876790567,,0.06066915583601893,,,,,
2007-03-31,0.12142052841628533,0.1580124442964909,0.17816514204834177,0.15917643058375672,0.27415673898084963,0.16015275887707922,0.1747105972907209,0.1726038576139492,0.2528229980583074,0.16542353485796413,0.07244471348124693,0.04131619873327405,0.012963059934044693,0.03833250863309422,,0.042163272385960855,0.027079337954503804,0.19453152472325752,,,0.19728091629324138,,0.059450542763493416,,,,,
2007-04-30,0.1100507460323619,0.14330248767274284,0.1589518211099922,0.14366793296136288,0.24250629633331477,0.14640745652579867,0.1632555583228468,0.1555656059480561,0.2304254345376762,0.1587525849297858,0.06932816250102689,0.03922945548036944,0.013095218240271956,0.036837143139633405,,0.040500563440052255,0.02629592228325302,0.18147766537738372,,0.2814858269602892,0.18695839442810924,,0.05679969376180832,,,,,
2007-05-31,0.10334256047971088,0.13885864457656577,0.15544376398285709,0.13684151149225318,0.23329831893053202,0.13577561214476616,0.16634791586680994,0.1483437512345524,0.21937268833293572,0.15084333392187896,0.06610011434136773,0.0373110532084035,0.012355219121944067,0.03536620133575425,,0.03910269652350748,0.02564130198293519,0.16875813768182288,0.2608168082250914,0.2681825937864158,0.1774528283862237,,0.05307577708551804,,,,,
2007-06-30,0.1182546408497436,0.13671326687197413,0.16140744974277896,0.14128228645439553,0.2297834497420689,0.1241248350849246,0.18068132004829665,0.14864298819480823,0.2113257689349215,0.15908693811989297,0.08291801373536384,0.04420156669615111,0.012670517979532708,0.04390216912872755,,0.04432597057976282,0.03171319107600849,0.16069570172715827,0.26572778699989047,0.25187609930571137,0.16605567189450837,,0.05096667860651427,,0.05432828717893617,0.07540371131844377,0.06226047119164011,
2007-07-31,0.13719954689322428,0.13791723285729537,0.1753753378491128,0.1591305682786961,0.2636824429095086,0.12674349079467778,0.2196488836493574,0.17445300959307203,0.23752916145923364,0.16906773247329787,0.09204437112898262,0.04954034395561963,0.014415474391660923,0.04705375195626691,,0.04838308584387443,0.03258456956505637,0.1501935774399224,0.24560714684354568,0.249606547874163,0.15560136999312,,0.05452670786859077,,0.05650635276726108,0.08900658567864225,0.06823603665880504,
2007-08-31,0.16929806320069962,0.17674165632753255,0.2122784489906215,0.1846882007757641,0.3210128929426963,0.13703692591737024,0.2261695105706774,0.21314365774780064,0.32068511206047634,0.2192694964863848,0.08870196158043625,0.05195854542690442,0.017479816162211604,0.05502124465900541,,0.048626824865366916,0.034541768915332664,0.14615337430327235,0.25285047220359114,0.2513925210915589,0.14532794559214243,,0.06005980726588883,,0.06196204577971948,0.13330290755570662,0.06799863771608193,
2007-09-30,0.16467652740388133,0.1721617974756526,0.2148363108459144,0.1858200282183477,0.30574290732041065,0.14616879923637868,0.22238880264633104,0.22895377317796342,0.31559886782002544,0.20429183809286372,0.09931479515250549,0.05858610230548265,0.018904373112166886,0.055564595196255034,,0.05677233684219648,0.03711588081859221,0.14601025047854496,0.2430402631851383,0.2384819024851681,0.146391010072285,,0.05926641790322199,,0.0648764012247263,0.13123103866537575,0.06956548259670324,
2007-10-31,0.15644813804733557,0.1779503247864041,0.21421684748291164,0.17725862772827441,0.3120142638466627,0.14610042066369902,0.2014863662170282,0.2148624303117325,0.3023956853617618,0.2014947577446998,0.09543928284388689,0.057963688484627685,0.018771361924241413,0.058614245262296624,,0.056133823561563746,0.04155918009065676,0.15422333539761798,0.23794345440105036,0.26598286170945323,0.16768054336612223,,0.06342107022558961,,0.06759245871881203,0.1283934721938838,0.07151084338580727,
2007-11-30,0.19608977463328814,0.22802121135161618,0.25231436527945683,0.21796515403794026,0.4146655833051626,0.17288658123859235,0.23352710647916217,0.2705439612165326,0.34331358407565665,0.2677900958995232,0.10266388604936807,0.06960022291141248,0.023743182330090946,0.07490822296940108,,0.07059470617466569,0.04689780427649146,0.20421806077568302,0.30644130809031,0.2979846134629732,0.190796520356981,,0.06502131593328297,,0.08125721342703124,0.15844526244717064,0.08306549277677797,
2007-12-31,0.191178494663746,0.22067488414899464,0.25402904946637866,0.2185083583743341,0.4041780835411978,0.19483635932745746,0.22989128593163358,0.25691591833418637,0.32888603773925634,0.24824288457338167,0.12430447883324355,0.07883867983180354,0.025475458550253936,0.0810196280293209,,0.0758558285201016,0.05038115971206329,0.2061519610622661,0.28721816843376957,0.3000047813849242,0.182393140678291,,0.07612679930084794,,0.08583244874346077,0.14861448134877744,0.0904887644568895,
2008-01-31,0.19983698862745752,0.24037260369603056,0.2573492463626104,0.2319105968029022,0.39435268872274315,0.22040479353975181,0.27017311874001887,0.24458675893329335,0.3489801217827733,0.25230652495732775,0.13318871998618473,0.08087461825777996,0.02559409507509715,0.08135050420938642,,0.07580569921853976,0.04853618413327498,0.2057101091679494,0.28029244439484946,0.28463061606528767,0.19202323423624498,0.2509041518560644,0.08267261188100102,,0.0793404862896251,0.14370511409260833,0.09451245021788526,
2008-02-29,0.19214597228546307,0.2289884098531239,0.2542543834575301,0.2310337221330665,0.367582459678404,0.22387555777021528,0.2646940609773412,0.2372102850466045,0.34598673904745336,0.24110794830436183,0.14213521024242104,0.08631408380907597,0.024481653105704465,0.08506791076361583,,0.08485696816430402,0.05585373155137497,0.2050913055458154,0.27853482885600306,0.29820035578378773,0.20380431370275257,0.24609577337278724,0.0855651906950241,0.10782139152970169,0.08240417033608934,0.1350045805180826,0.10201045905311892,
2008-03-31,0.22284054010284476,0.26398166338861584,0.2910371517287565,0.24704773033209518,0.4097964241827629,0.27274705571195135,0.27035577501703345,0.26285786267288425,0.348703899995062,0.27793212012714974,0.15092088467744008,0.09762307827688843,0.028816383324829574,0.08862687056742934,,0.09372709705113613,0.06088482048358665,0.23391998150344176,0.38496297392660805,0.32051334373930657,0.25786141478094177,0.3270437609432817,0.0940795719685274,0.13567922089028017,0.08614785933690534,0.1532286671116116,0.12473359604319435,0.11216848598113019
2008-04-30,0.20921712420068528,0.25950240969697724,0.2718886711463198,0.23069646448439246,0.3651027446517616,0.26387740894846073,0.2467388242808595,0.24725842577594168,0.3284848843505944,0.2633507453443088,0.1396574773014193,0.09033112194335542,0.027702192327000604,0.08162115676560025,0.08347267756956796,0.08810494635998324,0.05711760364746583,0.2384349299232825,0.37523734563504224,0.30555212680906363,0.2432140095176954,0.316195414670356,0.0960239240817718,0.13270165140026052,0.08767849590664634,0.14215491708799835,0.13430108118323317,0.11123501528629852
2008-05-31,0.19343529166404952,0.24224877101906256,0.24439926018927188,0.20838018144183112,0.32633928025431375,0.23800445857869934,0.22266092086255732,0.22735559011874973,0.3025620335997643,0.24299396506353957,0.13138420263216422,0.08593225032455287,0.026348638155812582,0.08135292705494061,0.0861273344038371,0.08530251038682907,0.05727121219297855,0.24280526796431934,0.3751818356587238,0.31619035024407166,0.24793661645520335,0.2847874283790371,0.09523709727750454,0.1269581233870227,0.08384399004892312,0.13258812228477618,0.1332632482043206,0.1074291344213366
2008-06-30,0.19401010801398572,0.2516291633480892,0.23813546449117343,0.20528995818422072,0.315548711948892,0.2401734583609238,0.2211261614537181,0.22526879594646235,0.2826141173667274,0.2297492690515823,0.12471006042050023,0.08457495304108595,0.02888192309436162,0.07604696019852857,0.08398494742949593,0.08508909815429407,0.057080183949153714,0.24466718186184142,0.3552482622343805,0.3600769080043807,0.25535325898737493,0.29502377879091457,0.09731622674384145,0.1198333624245309,0.08281288474179466,0.12369330430747888,0.1352036298545749,0.10255160153083871
2008-07-31,0.2015937729048531,0.2505558860021513,0.2568464152114926,0.19841326629620146,0.31823119549595036,0.2224109208679632,0.2061390116279982,0.23501151807301793,0.2762031699569683,0.23190116307633746,0.12234743014331863,0.08221213540355984,0.02706082495883626,0.0756264705817431,0.08469731648248682,0.08579303086301304,0.059868665975424666,0.23268034561978454,0.3334124049917709,0.38343581205591853,0.2706582502816065,0.30499788701438296,0.09279192047128997,0.1134866390433109,0.07709751528920354,0.11457110306629897,0.12579555924780883,0.094205174655289
2008-08-31,0.1999864800812222,0.23781530361094882,0.2486737108749625,0.19150509929986054,0.3025567913912467,0.21611920367457735,0.19381812009370797,0.22054984364484523,0.25835003103132287,0.23539795477221798,0.11681184579613584,0.07733735395605638,0.02464708636756587,0.07206809793509991,0.07837026578199227,0.08080232357327505,0.05456570372723922,0.2448120471592738,0.4053413525445894,0.38410428461905116,0.28238291892160117,0.3474790018772152,0.09852539436325593,0.11023954448891089,0.08364001122168072,0.1190713135271103,0.11947322837181543,0.09545625909266599
2008-09-30,0.3057393184305499,0.3263281851916098,0.35123539534829,0.3715134930314001,0.5599099993832624,0.3177458773848898,0.3303709851808044,0.38580608363401325,0.46610453016155984,0.3492012225827667,0.15433566672177537,0.09466190698009382,0.03240652588213587,0.2615443310626841,0.28212006318687605,0.08291032281956609,0.0649726021157088,0.35900515405706,0.5298478159111296,0.4603039020120427,0.31928987602212944,0.3709131096131232,0.12457255803981647,0.13698581209536292,0.11766662983742171,0.18680875253114115,0.14512976165501085,0.12065933995180907
2008-10-31,0.5731010930568156,0.5265385089288472,0.553778314569738,0.6711035573475623,1.003215644846607,0.6309521242765648,0.6841878182511398,0.6997196540965174,0.8177148631124173,0.6162267207211656,0.16286680690227381,0.10199063457590384,0.03295690492616454,0.33200018615712884,0.43173939152272633,0.13248603565176056,0.18967105875803977,0.40349549478732877,0.7077825934695183,0.5306867117468668,0.4100794729626449,0.438533767101297,0.15700549034038375,0.18981516472848886,0.16182401702199467,0.38921462288826475,0.15825738083733204,0.1407751018665747
2008-11-30,0.6138597168914208,0.5535403031376747,0.6342242107957006,0.7088266210618537,1.0800139278205088,0.6502412098518031,0.7518116240438911,0.7377631454555168,0.8802378909597489,0.6760137952139681,0.21074658849832106,0.11501663700378029,0.031581280026713926,0.29064139322917926,0.390899553906199,0.1393460820878517,0.18055856029611136,0.41704965187693466,0.6888679954085524,0.6587581090956229,0.4337292913860415,0.4277565184081233,0.18273880225715625,0.19904305824360966,0.18239008798840325,0.3944867952109418,0.15777286132459556,0.15348102667783084
2008-12-31,0.566230948262119,0.5202493316378244,0.6281747889929297,0.6458937145157571,0.968293621284818,0.5924160807818483,0.6895660696269229,0.6788378752968912,0.8058618123318678,0.6104751896631521,0.2116672437591939,0.10895874136915015,0.02890478085057947,0.25813823776030825,0.371103061125034,0.15858076211203415,0.1575696259544183,0.39067449186531283,0.6517726791819862,0.6665927114885954,0.4216029441090504,0.42248660485834616,0.1970697153576376,0.1906581734923282,0.1957375623720444,0.3591061969426039,0.19464237958206493,0.1616701200694704
2009-01-31,0.522493798787934,0.4875683476328554,0.593439333397899,0.6034325974461751,0.8791653668235238,0.5392528527583951,0.6549317017530875,0.6466939593281442,0.7493950415805269,0.5885217002533135,0.2358134332750725,0.11068908528971014,0.027742884746860073,0.23155037972812906,0.35004516365283656,0.14667742899970126,0.1432658920616698,0.37150297729790605,0.5988956558057631,0.7272647369615751,0.4219477354732034,0.40958373311587565,0.1961902857241122,0.18155447603243327,0.22201282053403493,0.3380679212950339,0.1955394195129161,0.16143828182769274
2009-02-28,0.4815745336159041,0.4526380314440927,0.5414751659160204,0.5548149795948157,0.7934962280965344,0.49554720350953835,0.6136420983022265,0.5929136265605164,0.7015766529690571,0.5474023548809865,0.23647753552746367,0.11241537597937792,0.026055935106299687,0.20463468185556732,0.3186931456987984,0.1330282094191374,0.1262042702991832,0.3490228237184099,0.5486986435266059,0.7045344685388798,0.3935162828164227,0.3724711027869256,0.18795272567594526,0.18286296541116154,0.21239715510602009,0.32689248286650535,0.18356021636243747,0.1563779904151894
2009-03-31,0.4838039003297675,0.44960106610172207,0.5728212885053042,0.5481731081509499,0.7502332221889146,0.491693945826196,0.5999244346563344,0.5671166633767536,0.6641717637064501,0.5482637459346972,0.23091725408833974,0.1220753834059077,0.024492168458262773,0.18908654132569047,0.32476792024195256,0.14127173928569173,0.11388352357873519,0.3242118527729395,0.4897831652233626,0.7070260868079693,0.39094392331611805,0.35196807071649033,0.18735110684647227,0.17872216331168636,0.19610396436208657,0.3018482240422529,0.1860237429758357,0.15796138609344976
2009-04-30,0.43850973322018355,0.40573202422158083,0.5381597127997388,0.4964973054733383,0.67290057666683,0.43582773048944073,0.549216973455649,0.526148007256902,0.6151023098711709,0.5050132411306086,0.21258607183377,0.1120799906428078,0.022539701077606798,0.16451452069667497,0.3083914141403262,0.12427051797956001,0.09995777377842174,0.2962909979244939,0.45457791542845577,0.657582085569891,0.3605796619707547,0.32923336013700716,0.17541344794828154,0.16607646604875426,0.1840811767292543,0.2872614493814795,0.17632768740362686,0.1471634660654869
2009-05-31,0.3980550208492501,0.3685366774800304,0.49552760201229773,0.45780820208455186,0.6109736727517004,0.39851594167520676,0.5058689869651755,0.4868359486508867,0.5701101069287267,0.4923581675844145,0.20789598787948538,0.10631145097943163,0.020419103619166847,0.14494719262995973,0.2776357576487399,0.11144235427358565,0.08854200882226614,0.2632036075808235,0.41421248769896224,0.5920829977009995,0.3356274778220714,0.30805599692181634,0.16009245691997523,0.15912945570446485,0.1698630462260319,0.26126734161609655,0.16260053274787573,0.13627191513554235
2009-06-30,0.35059046255684284,0.3269647070067307,0.43765465565964135,0.4089613053134825,0.5416415423337859,0.35142486111707333,0.45409196760070275,0.43616163605801617,0.5160998886693362,0.45858878380151646,0.21090509485842857,0.11088396538931672,0.023324071676152004,0.1319727907746535,0.24310769715039868,0.1041189440977359,0.0864230659889414,0.24135579133380977,0.4058809804586353,0.5343574177195322,0.3156229506566947,0.2936772066049906,0.15466790900638702,0.15695345442356656,0.16431082446015274,0.2454463182598985,0.16696195534769762,0.14141622801578485
2009-07-31,0.31215722485850017,0.2944487127129556,0.391073667218784,0.36425195926052434,0.484138837131259,0.3024153142425384,0.4161327343891569,0.3932283575545842,0.4655471838405187,0.42332450875069194,0.2071570290224403,0.10796059341500652,0.021343255584801015,0.11892941234329772,0.217903001463683,0.09325339212157847,0.07715318186841426,0.21592899544701907,0.3667693339775692,0.5135688611771055,0.300220486303308,0.2889130385111187,0.13910366335090238,0.14825021055178486,0.1504693029654407,0.22033702929754684,0.15089786353579107,0.12351975245991907
2009-08-31,0.2759555225459256,0.2649272752335217,0.349960535733322,0.32467504570935257,0.4307602941106809,0.2654469040475625,0.37269438762704593,0.3530737719978909,0.41459107055429345,0.38089462948764896,0.20095346048357773,0.10354286535932707,0.019972004656606486,0.11080420504199895,0.20078218403051096,0.08401585025218433,0.07114877185693592,0.19605470667135586,0.3532179196778965,0.4716639064970013,0.2795517328208449,0.27055877668886347,0.12858346983842178,0.1382277212587737,0.14198742717908808,0.19674907626344004,0.14030293341902406,0.11351621281961788
2009-09-30,0.24612835879422623,0.23701396823801046,0.31385678322226246,0.29086660461419206,0.38095905535259206,0.23761958538349007,0.33714829904407906,0.3146259691100014,0.37434575094927836,0.3498721574557833,0.18471658017025316,0.09276400490230315,0.018024796791003606,0.09906499474755506,0.17905221467420718,0.07251407690347522,0.0634795776791549,0.18286671438905105,0.33975733558944893,0.45699483697316456,0.2637250624835858,0.25843947464113576,0.1157550324041946,0.12821183603716133,0.13346993963816434,0.17940941153864062,0.12399316363451632,0.10398898011615898
2009-10-31,0.23017202491439537,0.22176888190565772,0.2977397567492988,0.2770716269434406,0.36489869086164095,0.22349399450494647,0.33042583926523805,0.28802086217083256,0.35946864173997867,0.3396895858791324,0.17752085587956998,0.08821595836003726,0.017625050785264475,0.09644400995424411,0.16754739584528508,0.06917873616048563,0.05763782300557742,0.17941935886307306,0.3436956639310597,0.4213550070145359,0.2642148598275441,0.260829608583359,0.10609261486202956,0.12104956735513686,0.13189610606996074,0.17653053905539515,0.1138199065654656,0.09757341680558594
2009-11-30,0.21833722970974423,0.2134186077777766,0.29023443571254504,0.2697257311819713,0.3559145892624338,0.21267166253959105,0.3273140124417339,0.2794999445073966,0.3623743122984884,0.3225693570258421,0.15874623212547387,0.07909198085051697,0.015504095669403247,0.08623825441612726,0.1454425114680564,0.06325585447203604,0.050616579090015795,0.17412501026836086,0.33679038598751737,0.3944617283968311,0.25411398352554715,0.2391142875316349,0.10665420756568,0.1147259264719048,0.12548870792349803,0.17581333881033515,0.11280881978363207,0.11452444806957099
2009-12-31,0.18951054113271304,0.18893513688684463,0.2566884876878498,0.24130853343945283,0.31320658760408143,0.20163123279218206,0.2903153567817575,0.2566202823798772,0.3217794454014321,0.29124070364791926,0.14986787605781168,0.07726246016550457,0.01654525156486971,0.08058035879354496,0.12411926612267678,0.05989706766093579,0.047464514012790684,0.20392286181311786,0.322934896431533,0.35550715622627505,0.22923619302619572,0.2094751842828179,0.10165681050252008,0.12150448135766145,0.11574432162086568,0.16184758426768062,0.10691825934279767,0.10629554180979028
2010-01-31,0.18505035924056895,0.19597174264836473,0.24462910489839768,0.2361404947188895,0.2977326864135105,0.19505287580498723,0.2798248835668692,0.2553781018577305,0.31945114716761897,0.2698441679455601,0.14280312921507474,0.07200994085413527,0.015454229052171102,0.07230579183374611,0.11567639361981802,0.055404061810726234,0.04494646261970028,0.19949801383565757,0.3282548665854914,0.3280583647721798,0.2203874230158298,0.19291752002162804,0.0978799588869147,0.11673937580135565,0.10805892776822548,0.15419901055847227,0.10182222307090064,0.09884387987303228
2010-02-28,0.1823239179520365,0.19041780568861422,0.23097325436766236,0.24164627455158955,0.29713741060168325,0.185079658529629,0.27361343335595933,0.2568373659539068,0.3288034698594394,0.26029885183100804,0.13982791234499461,0.06971594190206831,0.014787373545959917,0.06785753917937358,0.11425090363291183,0.051524935365204125,0.041642106367574046,0.20495070240389265,0.33353704596302763,0.3329490663545269,0.22975069542381532,0.1874773486609138,0.09729403785774135,0.11917242592960273,0.10531642996338975,0.15487849376831142,0.09796849400176631,0.09347931895777589
2010-03-31,0.15687571704726605,0.16501638029963245,0.2069430760818197,0.21361502091580553,0.26254922429109895,0.17184198468454093,0.24185180013304308,0.2310346522001275,0.2930281710685808,0.2291002800304298,0.12825866691737564,0.06425785126602447,0.013416300110187795,0.061658422806057205,0.09770456843475527,0.04840385067066511,0.03742566348568675,0.19214808697355673,0.30474918288680536,0.3018367927015,0.21016587703034326,0.16985191692644128,0.09632347896480398,0.11261828606342084,0.11200221042466801,0.13755994961065057,0.09546486059607906,0.09105777621792095
2010-04-30,0.15236271244497313,0.15598997226441796,0.19937278398946506,0.21247502136824503,0.25188229483753966,0.1628762686705621,0.23648795544508786,0.22776410075094108,0.2736756037813604,0.2173801276221296,0.12406583156555019,0.06462095755941728,0.014022910255261362,0.057540036315560955,0.09366130104712912,0.05031346447727978,0.03660649097608262,0.1777708569478719,0.28250530658587253,0.28553532656702013,0.19376112428817044,0.15573840680210424,0.09565759146289252,0.10536594114387698,0.10588654654012561,0.12736924583439435,0.09401506891132347,0.08641541870103121
2010-05-31,0.21649848090237228,0.23487672717563704,0.2878205580060435,0.30187345426867085,0.33760005664891407,0.18557952814993534,0.3030114356351433,0.3088004765664273,0.3979825717189556,0.2629293389769509,0.15585008748633275,0.07184959097933531,0.014287376545576871,0.06296997369397171,0.13476733024605414,0.049732330292939185,0.03752085579807402,0.18126150599814897,0.30788384146711373,0.3258624175924531,0.21583556331551415,0.15348121188677571,0.11937884718875126,0.13509637672766844,0.10844435836506547,0.16747766371683656,0.09994857087562156,0.09439690295686037
2010-06-30,0.2285337530812621,0.243979977033772,0.3035419788302525,0.30276932726206923,0.33336633907348595,0.18321292394159502,0.29918901470649834,0.3103030370197597,0.3980755682174362,0.2757419369160804,0.15445767502052002,0.07379090477839403,0.013651526941980295,0.060269298563977995,0.12266212333922655,0.050257589880143394,0.03459000244119704,0.17639036591114662,0.2973986928802978,0.3257238461843158,0.21418764265588922,0.15198292697770657,0.11660524833644857,0.1208439133457585,0.1124612005895092,0.18055068012437026,0.10193948944878833,0.09270630575254321
2010-07-31,0.22191421532313169,0.2350565460077427,0.30739304620560504,0.2878078536935088,0.30565190352468063,0.18473074654702795,0.2870336170166299,0.2938016136763578,0.36926247814614677,0.25982363054518876,0.14864087993250477,0.06979442143829398,0.012415834382951418,0.05459754679380479,0.11148320554194475,0.048056092418047015,0.033354720656161914,0.18086595487642726,0.28033914354772416,0.3130562190538246,0.20245403863844286,0.15372594546762414,0.11938734069937953,0.11364106567779074,0.11262380748181297,0.17232602876556596,0.10947955635005097,0.09401615220936942
2010-08-31,0.20926847376790453,0.2204496971383401,0.2943432179320282,0.27202102417550733,0.2778502184284535,0.17757697685980758,0.27966068268678185,0.2780385182978709,0.3453130738548476,0.24922878267749116,0.1666728422224889,0.07513304662322012,0.011674910569743345,0.058278261699576714,0.09888509520143027,0.05053677159755008,0.03662957735948008,0.15723708327775487,0.2609919034235455,0.29944535925696,0.19267748198171183,0.15789965492109923,0.11638548901036877,0.1106888165145648,0.10368690134719229,0.1557393243879296,0.1098640133401469,0.0927708923024539
2010-09-30,0.19715972321191153,0.20696061663390364,0.2827487619292573,0.25292847610522207,0.25405789855223115,0.17113562542149055,0.26988412816360396,0.25666858818045835,0.32215850166460447,0.2223189363328451,0.17463508794118837,0.07701061313538762,0.010747979332776637,0.06036165690400547,0.08744023280756216,0.05817599476233109,0.0376276747993363,0.14230811396861037,0.2347161257343343,0.2882954472219725,0.17815698250250475,0.15298539832320848,0.11887050703656617,0.11462947447397329,0.09722128237966393,0.14420106104114144,0.10871446952392087,0.0932762703960136
2010-10-31,0.17477189333363027,0.18871265348083519,0.252667610989315,0.2327607401885477,0.23681285316223366,0.17013552833015833,0.25704342918255174,0.23249869566257184,0.29977503782174647,0.20615029194515638,0.16445523450488134,0.07334991517074352,0.010046814896494909,0.06131766137782652,0.07695195454107183,0.060774794171129555,0.03523475894418862,0.15589093454840955,0.27054851868867635,0.2914344518639715,0.18851097916709186,0.20118836671457732,0.1220024140065808,0.10292213723026065,0.0997502476155522,0.14623324811890984,0.1151504205022139,0.09951988822794709
2010-11-30,0.16764114381063536,0.1810781772042523,0.2375848275586864,0.23178417942970067,0.2449248282305378,0.1800339412454843,0.2568237087752649,0.23539707928592762,0.29712048750289066,0.20280691793601105,0.1767389785406611,0.0798952013448426,0.01092275361355483,0.06783979180708871,0.08799154065621334,0.06466214328117852,0.037921099443284555,0.16972502609543783,0.3308923128833807,0.29149529145781183,0.20861567592081523,0.22861441170661412,0.12405291893074348,0.09636900695685982,0.10133353237305001,0.14603156294043423,0.11218817457729378,0.10037553134661323
2010-12-31,0.1479939744616445,0.15980356210287527,0.20669905512994816,0.208672973685444,0.22050996894042557,0.16319013198146023,0.23788578038999597,0.21103797331332821,0.26508159385321955,0.18011062983650433,0.18027365114971824,0.09264439232674612,0.012782658170325626,0.07214129698526851,0.07836432046905399,0.07111090161252195,0.04609852830542207,0.16161573146429553,0.32193704624246966,0.2613883857911596,0.1904458174177084,0.20781182635979428,0.11908098137627599,0.09449321114605427,0.0977258927253233,0.1344989720110061,0.11472179023043681,0.09654599353907745
2011-01-31,0.13658822716841537,0.15690090249036118,0.20290415806206658,0.19426619607326295,0.2123878764670134,0.1507753679551235,0.2250835745273738,0.20422369336417426,0.24198904096501803,0.16718617031376687,0.1711976744649941,0.08931986306655525,0.012522338568793184,0.06767468720387787,0.07024836437511718,0.06786831732274361,0.04471976232064226,0.16842587217302538,0.330227517366037,0.2731917032325746,0.18580549925034498,0.19328933993844596,0.11803050940937561,0.09579587407205287,0.0998842201434992,0.12687016736086457,0.11679111104814471,0.09512068420110545
2011-02-28,0.1320072394733705,0.15634302477711393,0.19928368864563137,0.18568550808759438,0.20864455805743184,0.15480559503576624,0.20867311068101113,0.19627542631328682,0.2326712478089358,0.1591925234174625,0.16018311794351506,0.0846229469020002,0.012164908112594462,0.06339476780631859,0.0655497048946925,0.06729241179671927,0.04266300447263426,0.1528692251099149,0.33516109602953154,0.2904066619354074,0.17912348556689156,0.18913117845027835,0.11216326481137671,0.0908694682029425,0.09291305728338355,0.1243748952575921,0.11454019146749331,0.08997911592378809
2011-03-31,0.14182194651391497,0.1655054142245589,0.19799314067535193,0.2074112752154986,0.20863016806374113,0.24784126261183176,0.24046992479075996,0.2078869781598687,0.2437974072045984,0.16708888738112748,0.15142666395107723,0.08002566525514217,0.012940600045207702,0.059402199066285695,0.06456678985390708,0.06329174260431827,0.038711608157759855,0.14474896267627074,0.3193873468204957,0.2800194765324212,0.18465572336712377,0.20900688582721205,0.10550924080079191,0.1028205381630354,0.09161567094290184,0.12430370511819532,0.11011842305249135,0.08366791996025877
2011-04-30,0.12933466870719276,0.15201309556739384,0.18354109832217236,0.19364606845103968,0.20290278359470768,0.22964841769754474,0.23774914276007197,0.19664715838950939,0.22426546505696324,0.15902044011549013,0.1418186210872763,0.07452507795700632,0.012709025699184936,0.05495960400491268,0.059203266946435615,0.06012541392521828,0.037114627502980155,0.13827115094924855,0.3353601661626541,0.27466087012614715,0.17911597589794426,0.1867368799511675,0.10355582661414234,0.09894393699293158,0.08630573716961581,0.11614984713953652,0.10271431628030453,0.08004087812639617
2011-05-31,0.12237696637678121,0.14455177951560919,0.18480358807523023,0.18896703081837443,0.2037101428449222,0.20941591949935995,0.23350306694268314,0.19266439367759006,0.22639977291037552,0.1643092724464096,0.1309333917211529,0.06753392986084134,0.011325865891559383,0.04983655821413868,0.054107851743475995,0.05325059428404389,0.03303884238092721,0.14699018067591021,0.5034268001201123,0.3328637843802911,0.23297032062135092,0.18709589988532982,0.11054935542180402,0.09152369130120985,0.08490097118124755,0.12204853225588608,0.10649557071416421,0.08334697403841759
2011-06-30,0.13644424104248667,0.16265275551636357,0.19314392512892098,0.20498535232833426,0.20047581809034484,0.19794434819986714,0.2512648506852255,0.2030735166770737,0.22802002595186138,0.1838489057651607,0.13570471604822298,0.07178093091967268,0.011461510332996442,0.05146729278755857,0.07492704411619261,0.052454839724944635,0.033854832176192125,0.13714748389649903,0.464305616749737,0.3216568021216131,0.22020318435915515,0.1816044396473329,0.1145369270606742,0.08591138171779221,0.0858380852316596,0.11663862892510578,0.10034258552510449,0.08798004951196352
2011-07-31,0.14297483499584268,0.17069649044261323,0.19901058495882504,0.20859608841649246,0.1979633324129447,0.18566655170229318,0.25791649039072495,0.20052388369210045,0.23003670591051562,0.18359491326187444,0.13913369349037213,0.07191566622254275,0.0108955234618403,0.05265935511828585,0.07423527516420864,0.052355386397564,0.03460047065991341,0.1338132045534814,0.44633328081119705,0.2963137584336404,0.19994981281662003,0.1740235174883727,0.11480067442459345,0.08105675805653559,0.08411206821966652,0.11426578631530225,0.10444899809740679,0.08887461933416156
2011-08-31,0.27986447646370916,0.2953184785357684,0.37582227713042227,0.35449884221792766,0.34376928011542845,0.2755005937696416,0.4308332981979902,0.3622603443923298,0.40295311427614466,0.2754631689712428,0.2255210706362306,0.09484046171210908,0.010051404711775371,0.08542218989065607,0.14827109246508702,0.09335714937548693,0.04905458468265864,0.2182123269403386,0.4646206498846244,0.3567792569755346,0.21435417392125874,0.18265940515931287,0.11234256165348873,0.09371385399601223,0.08543428955125953,0.14189526815862166,0.17396209125099218,0.08955105520342385
2011-09-30,0.2798944962651198,0.28091165719052125,0.37234186079996984,0.3527494201739105,0.368371489618983,0.2610391767425096,0.4592280265224664,0.35426086405348267,0.4009311048807769,0.29502090109551854,0.24397055848288565,0.0927378094450233,0.009206144835520565,0.07777259364691634,0.13913238449635423,0.08775641354177878,0.045671109758282674,0.2651886815295305,0.5702145595740755,0.3540967965047476,0.21653427413410747,0.1890528485178549,0.11505385875263867,0.08583735239101531,0.090247146268252,0.15260774095152535,0.22194559841893186,0.09356745091248646
2011-10-31,0.2849108178795686,0.2829394997141215,0.40558533177430467,0.35553728079495583,0.402127941933205,0.2525480168491654,0.48677882823287916,0.34444192265353113,0.42291431328742957,0.32513801096122075,0.25086899446333283,0.09519297420039725,0.008591944837461575,0.07139926970525301,0.16450253420842517,0.08208130204394642,0.0454872851869119,0.24933501984786915,0.5363750207223116,0.3691636758332896,0.22315063760920315,0.18556175755883667,0.12387621478573924,0.08102659975932222,0.08676113938819327,0.16677346312297503,0.20792127342181174,0.0988999348513177
2011-11-30,0.2830821487968127,0.2840148975534758,0.3970214422196071,0.3637656422354567,0.4032939654801897,0.25828955584672664,0.504026409350265,0.3513526829956459,0.4198200095151083,0.3234188847659944,0.2452869845895857,0.0924134224214074,0.007623863451241547,0.06847055041454717,0.16825485051199734,0.07919627273935806,0.040978605397643475,0.239326416365808,0.5087232433254644,0.3365847395708122,0.21310917308281832,0.17366477125441573,0.12812776773920545,0.09099301479453456,0.08979326632693144,0.17296113582776654,0.18922555459562132,0.10592863310530992
2011-12-31,0.2685953281904355,0.2674594727453629,0.37724609289708133,0.3483571921800513,0.391295533887919,0.25491228275453465,0.47917905092451796,0.3295649083573169,0.4006632064079211,0.3120815043540452,0.23406481060736048,0.0863091163406811,0.0067003385531391926,0.06786850698700572,0.15137158745390142,0.07085852973612884,0.037789480302364314,0.2405603938978234,0.4875325203168348,0.32498287855971847,0.20613299196861698,0.16029066533340486,0.11762012393080344,0.07940023117921427,0.08999828377834633,0.16612640140112256,0.16834790078035228,0.09919171798990417
2012-01-31,0.2326635006942514,0.23394777385997212,0.3259973475129729,0.3096901207368945,0.3490763324016223,0.22912661266926182,0.43140799055586143,0.2929740380163358,0.35539079585621314,0.28196850635816467,0.21290770917397578,0.07968412656975625,0.0061572517610535196,0.06298322181969258,0.13111949117270916,0.06475375450311957,0.03520225120596597,0.22389096746060175,0.46420805446516156,0.2994699449157327,0.1924100939185491,0.15677722806378344,0.11699000875219752,0.0778033798382921,0.08536684709032515,0.15060729541736653,0.15559472314930317,0.0964902025417756
2012-02-29,0.20181251440722053,0.20524407926495503,0.2894383570040889,0.2724335210839918,0.30901314426693016,0.20490357230016884,0.37859597348419816,0.26177164262569125,0.3121964304330435,0.24671512500837056,0.19665564330058782,0.07382920196065194,0.005779849279951035,0.05757134372940105,0.1138094369028619,0.061442409502295244,0.032111967623471356,0.20468641203283783,0.41875477598588035,0.2737261079545728,0.1716070513477321,0.1404315198974505,0.10873333106961049,0.0816522877907273,0.08316296887564817,0.13482232026484198,0.13854417499300914,0.08816016008632667
2012-03-31,0.1795558447420112,0.1826068917274575,0.260381565440964,0.2500595902249003,0.2873674843720937,0.18576753020112713,0.3480667741246701,0.24260495464924406,0.28314475079299245,0.22978960255457556,0.1849095843468679,0.0722890778062398,0.006350989645899021,0.058025289208672615,0.10333151177373102,0.05820072937444397,0.0328079142955117,0.2136123829120571,0.40029952427402876,0.2565397041740565,0.16235472131750067,0.13296775898987162,0.10286451272517318,0.08568638518498858,0.07958487406699401,0.1266115000249885,0.12725899822532108,0.08483571800683322
2012-04-30,0.17010360339124633,0.18427401653667932,0.2432963941686322,0.24051160921694503,0.26452213390100715,0.1740925641054231,0.33469848439333977,0.23653150661555877,0.2574300323839249,0.2226257347364175,0.1783106463839776,0.07001821995760621,0.005957197643372334,0.05516243957128631,0.0934666576966815,0.05603462808811596,0.03161159020728859,0.1927104726878862,0.3637599115841383,0.23455786557767921,0.15332985995383383,0.13280020196783027,0.09464945150118674,0.08793266683765706,0.07436831194530082,0.11799491736498338,0.11438098808001694,0.07889187606322316
2012-05-31,0.16179435086017901,0.18342054374519723,0.2273770593200943,0.22627370344217876,0.25136178894650085,0.16536851447691972,0.30834035761149725,0.2276740009432561,0.2572108185934053,0.2162981085031618,0.1672704558792102,0.06417115420512087,0.0055344359629443205,0.051282452356034354,0.09319047655712397,0.05074018476237051,0.02856705482445029,0.18322293629673173,0.3293576828247565,0.24020395125751087,0.14984924413260226,0.1318581536941579,0.09018924130998689,0.08405053574385778,0.07079571648912904,0.11429506068275919,0.10484321419319449,0.07516263453444894
2012-06-30,0.1692499041989922,0.19142479184172492,0.22968208737089055,0.225396404220822,0.24989092720418077,0.17346648574012533,0.29746461973110183,0.22901789411840798,0.25730041761333944,0.2200742657825484,0.16600988609124723,0.06461474884473459,0.005034291072762833,0.050934800623360886,0.09332134292648246,0.05003953069044765,0.028674734363694984,0.18362419046009776,0.31049024850548596,0.26337311350517395,0.1597147683365523,0.14436050155244332,0.08757909217027746,0.08436475504996424,0.07077609886481556,0.1143163302455639,0.09855584718457494,0.07417801726874437
2012-07-31,0.16707484744630136,0.1930257701585422,0.21839193721344455,0.2312094674464387,0.25727635799867954,0.17721061155007553,0.31521386253871647,0.224468279874937,0.2529167650977481,0.21562483165583177,0.15710108987197874,0.06044878231149118,0.0048806724496287535,0.04829026932437133,0.087453493551575,0.04476989916414428,0.026879188855544064,0.17409095728020668,0.2892830246114162,0.3118832758686598,0.18734243373276846,0.15537230816390551,0.09507932285108589,0.07628378708669135,0.0760080579455294,0.11240653501644503,0.10220613266443207,0.07884700010308113
2012-08-31,0.14693078446799396,0.16899260701052754,0.19445232339609456,0.20791674068994676,0.22623031799570242,0.1600871556104884,0.2906076366274468,0.1987144959252885,0.22202210191858715,0.19282982984693603,0.14841259116520897,0.0573838745354703,0.004561893449102685,0.04779970601240304,0.07560499025786384,0.047319438514277494,0.027147300092662405,0.15301400741913132,0.26567971709573046,0.2829889648412589,0.16554957203537174,0.14175507270302912,0.09109673782864262,0.07130222893977832,0.06984684593165683,0.09981081072258643,0.096280570128733,0.07407009311342619
2012-09-30,0.13881598828045336,0.16189710983612407,0.1796195733710963,0.19555231263101464,0.2194240473935715,0.15789644770159236,0.2692544382168225,0.18459583095355794,0.2134626983046172,0.1814437442459753,0.15293992760087055,0.05845352727127915,0.004460254186624637,0.04790516198695916,0.07556250289728872,0.04837278491778908,0.027238884863385483,0.15329563386200065,0.27550215247493176,0.27732050851302403,0.16466859223803804,0.146384420666079,0.09068329280677184,0.0717672488819366,0.0640484814189992,0.0988076895373417,0.08917464482826569,0.07256683547319182
2012-10-31,0.13157835356360245,0.15745140189017406,0.16413862756698694,0.18671025615023146,0.20129786291456842,0.15993459477947258,0.2471531772249586,0.17371646017317893,0.19214786289435262,0.16858274338310356,0.15051525829356668,0.05777753244657089,0.00449328214485137,0.044832714819211646,0.06882281880845337,0.04613981923013562,0.02683895626828125,0.14004246433061882,0.2555178207730899,0.2770391896322835,0.15865337871086715,0.13363587242806213,0.08462696898288774,0.06924933132495172,0.06380550475454871,0.09328195559197079,0.08346192626164861,0.06759697249876256
2012-11-30,0.13730484835270065,0.16121309420530722,0.1676751599400549,0.1772919682409243,0.18825700602031245,0.15625862065617974,0.23108058737267237,0.16687634110094504,0.18094508269965248,0.16405082100216845,0.13891558902332196,0.054270090393518475,0.00436012019870765,0.042255041648234376,0.06658530429195951,0.045362928850701985,0.025258060615654165,0.13815047818063655,0.2490291578023178,0.2696154396163365,0.15350456698226672,0.11928643849455063,0.0795396579154989,0.0724463073842115,0.058219670560029586,0.08620008205555521,0.07905425158731927,0.062974157290428
2012-12-31,0.12792660204075937,0.1528320872683777,0.15199369773199845,0.15558089093655939,0.16534124485924012,0.14530038502255282,0.20295903100793528,0.1464897794795115,0.15785398619356114,0.14390714608338967,0.13148838591741155,0.0503892534096114,0.0040705919364141495,0.04036890551616509,0.060328223117815126,0.04228743527875099,0.02436981325171687,0.12711839511059198,0.24457847697975016,0.24486818812138006,0.1368412939697024,0.10834052938448335,0.07328257155464037,0.0707720427714806,0.05454028513859968,0.07711479396113939,0.07200580847988228,0.05790250774469322
2013-01-31,0.12327882016477218,0.15070040879402696,0.14832456475920186,0.14361380947599706,0.15405390912695388,0.15267235640203772,0.19041760947802466,0.1360769307292583,0.14497784380016257,0.13279445951972468,0.12818388372789574,0.04970749011187974,0.0038550788722016677,0.039883608004643,0.05745251133534191,0.041383748050646874,0.023329489586462318,0.11979075895777248,0.23392329691820968,0.21447301322847784,0.12224337571535938,0.09830786497146714,0.07561804751987994,0.0916933645455727,0.059277621799920785,0.07454344345434409,0.07777058002001741,0.05714643454437113
2013-02-28,0.12677513463369078,0.149929701542967,0.15107181840416098,0.1525810474685346,0.1461188984333896,0.15356838343863627,0.2027219340357914,0.14018178338811926,0.15301091877432,0.12579686869942258,0.12823502245884394,0.04971135015376663,0.003622408976041341,0.03877648551423721,0.05293279741444914,0.04190725261004385,0.023582442495938057,0.1282911647056267,0.22544879195616419,0.20415941396865991,0.11251541930898769,0.09325655389298805,0.08004130732896014,0.10828785872268776,0.06658343656501574,0.07488300179025287,0.07229308672868302,0.05559779268966284
2013-03-31,0.1152776895177759,0.13582812100937305,0.13566174160289027,0.1411085208442221,0.1416131330776575,0.14222980828460022,0.19185824716309327,0.13217570529850717,0.14900515999328182,0.11752232936641464,0.12161948586571718,0.0481363120973704,0.0034394559761883542,0.03698042775225184,0.046998985879729456,0.04003043704832719,0.022746511195618095,0.11617572944261163,0.20185128045632644,0.19286101465372094,0.10666262129539401,0.09119584384929887,0.08288995625018843,0.10644164757395584,0.06763499063495969,0.06904158321915703,0.07817082363453211,0.059044139010923966
2013-04-30,0.12366197176036611,0.14632773147564837,0.16046989311561338,0.14836916850747695,0.1526733800551075,0.16983265953942847,0.19884069221083087,0.13605812450894028,0.17190554966519736,0.15429552709433114,0.12467044135278324,0.04597680539025129,0.0031030793140144806,0.036204926084474474,0.045507319959645784,0.04363957252970803,0.02248015955050466,0.23286402719003718,0.34562194957100056,0.2134541311880576,0.13075300480692062,0.1025175310392147,0.08123484993013112,0.13231678204237643,0.07297934661277053,0.0783018496981945,0.08143164071645162,0.06039494729886265
2013-05-31,0.11434742697755869,0.1313349255025193,0.1576828883765731,0.13935260916773035,0.1438467162085527,0.1895341606147911,0.17964092946102053,0.12261814350184506,0.17934673724665,0.14048518180938496,0.13993034794151427,0.05543590919702322,0.0033981326951448036,0.048379625239742555,0.04757997498942734,0.049221997697053856,0.026975244867580878,0.22849732961130365,0.3260015482580665,0.21128855359041715,0.12402083670873465,0.09668576180564567,0.08070972626408195,0.12869991154896557,0.07385888977766077,0.08559350112057047,0.09892095423786984,0.06700754202569235
2013-06-30,0.13685045896150433,0.14240789984266214,0.16940430124402378,0.1712709843249248,0.20465707079477985,0.2660353129484998,0.19250612058267097,0.14413853713964356,0.22454330698142863,0.16243896529231208,0.1481480182348491,0.06564923369901703,0.00486197707146828,0.07070136520982186,0.08097293233327325,0.0667333234195167,0.037324196386575394,0.25055005560055393,0.3582959947822509,0.20831806980524623,0.13047131847882346,0.09853827280451033,0.07922102581321643,0.14170512830076015,0.07617138405417596,0.10788073048160111,0.09754000556768672,0.07126353776414682
2013-07-31,0.12115559381564253,0.13051548463894075,0.15333678634824935,0.15657238145684174,0.20930067238761776,0.24783173760986302,0.17995050966606468,0.136542382371756,0.21450690710463882,0.1563608653420324,0.15143237905296536,0.07045404193638295,0.005565801705340901,0.07329281305718979,0.084899726903794,0.069983303934714,0.042240908290833094,0.24534333743051262,0.37044655250049113,0.20215241554531527,0.11587381765912005,0.0980343816263988,0.08465859331935681,0.13546166179389066,0.09152548328444396,0.12180424159436269,0.10434613455297813,0.07849647449064516
2013-08-31,0.11765715199334803,0.12844127224091254,0.15505713285665196,0.1467207620617398,0.20718168602748674,0.22730014205042184,0.16925425790615953,0.12960763281774348,0.19825694834341676,0.14800998671094737,0.15079256434143612,0.07167857781242414,0.005548138209767438,0.07275740700426947,0.08216819319491857,0.07285349588626627,0.04213313519380409,0.22395098202779737,0.3597698019589968,0.19866632777155815,0.11219636360066809,0.11053049241543801,0.07942508588002811,0.1312824898048947,0.0857441647484697,0.11434592146813159,0.1000308854937532,0.07458995416305443
2013-09-30,0.10938643978174631,0.11804738093169873,0.14376700327349293,0.1478906690777473,0.21701932578635177,0.22287404653573548,0.163098340902502,0.12728003593122453,0.1965892353756902,0.13679361008888283,0.14306281925382422,0.07221970717972259,0.006737118482890743,0.07455087266277241,0.07589129823442779,0.07287069852652539,0.043786494530600614,0.2352625583737254,0.38629343310247466,0.1965478351981969,0.11758044658771712,0.10330278514414536,0.07543127877719288,0.12424562065039446,0.08186587383319154,0.11634626421464829,0.09428683946358901,0.07148381826985667
2013-10-31,0.11385241366734364,0.1251245450300848,0.14754910455155504,0.1384280413232573,0.20181181544475385,0.20619947664511956,0.15015329398559885,0.12740715427175295,0.1857815281509478,0.12490293261426592,0.12793149650306274,0.06463786531257763,0.006316054064838426,0.06721182557298312,0.06675214970042175,0.06322374038099042,0.039009654346166336,0.22263961158810142,0.3420042530227437,0.19045038481148985,0.11224479035954904,0.09105702398183325,0.06999830183277227,0.11037714709906889,0.08003362295176361,0.10402547052804803,0.08722252055217944,0.06659208620988152
2013-11-30,0.10702633834929154,0.12176876264291836,0.1439080139659772,0.12823136618102368,0.1927412161742299,0.18874298918513563,0.13793855082970927,0.11984465335491971,0.1702434437795703,0.11389000205580803,0.1309082437062693,0.06426840490447269,0.005961508280131225,0.06417408246044556,0.05941649965529654,0.062242750307681144,0.03797135497022105,0.20239209144527304,0.31102285092514165,0.17944408365800718,0.10664340315508189,0.08089247550990433,0.07136817452440172,0.10294780181891584,0.07454734352322387,0.10110970145197028,0.0831564945640144,0.06329693028955882
2013-12-31,0.10380237777422857,0.11367334774932854,0.14000532249295886,0.12306815302130433,0.1914450474105769,0.17689811005533085,0.13361612842692897,0.12354509331809821,0.1706006744198362,0.10969521277336527,0.12291582742897045,0.05959657346579147,0.005723657192013423,0.05808957734099034,0.05174296539696855,0.057313641519097173,0.03462053781597726,0.20170898611563381,0.3105156914613429,0.16775716249311143,0.09636819650627597,0.07481567653207477,0.0644106954078605,0.09769380364261464,0.06786368978923873,0.09835981131022366,0.07858196702599576,0.05727732054807479
2014-01-31,0.11315920275818896,0.1297219163325433,0.15070554877498438,0.13122486735243308,0.20126771167135388,0.16564386790163652,0.15864155516138212,0.13834879618156642,0.16652840179481848,0.1100996315908884,0.11594816752547935,0.05974500910263601,0.00623558328047253,0.05374611739966811,0.048088008480628545,0.05366914080700436,0.03378198967620974,0.19454326865032603,0.28912659419201864,0.1720842122625696,0.09211729499262679,0.07495262740648456,0.06709395097245441,0.09858553809484713,0.06707669549087106,0.09954479520146473,0.0838040228401794,0.05829204991915177
2014-02-28,0.11591769242685208,0.13041928534067,0.1531663579744027,0.13706231619246376,0.20209148045144382,0.17192766905543383,0.1589135801516088,0.1425794624960764,0.17488417449270696,0.10700062752967832,0.11098697630310682,0.05630621717539199,0.005908123362457044,0.05159134179262334,0.04458524865628597,0.05167086689073615,0.03214601726599346,0.17703960062676724,0.2857598270353404,0.16071143619597753,0.0915962112384651,0.09894244130142887,0.062104675076068115,0.09188638999254449,0.06442338247012458,0.09974161361751187,0.07630775512461667,0.053419926506024326
2014-03-31,0.11047270681767907,0.1298053768066293,0.15210991766526227,0.14242350885151453,0.19769080869917102,0.17862492063726923,0.17814190699854235,0.1418479211075123,0.1644605217661765,0.09813007382152031,0.11207224861692157,0.058190487550468906,0.006895542939187147,0.05053446562644803,0.04243121429086211,0.052426363114905415,0.032297817982838525,0.172280019710183,0.26226688143924026,0.16197039909620997,0.09363669188788756,0.1143153765943722,0.061742881321176835,0.0884262028452601,0.058219358284382954,0.09459433057044278,0.0738741788737133,0.051805779506431025
2014-04-30,0.11635359590229075,0.1564389316547669,0.16721881098835698,0.13306302908592194,0.18099602581811958,0.1765873492096207,0.16978017254859645,0.13335720751445707,0.1544164210893406,0.1014483500521594,0.10536697532605897,0.053710069109676205,0.00660020805940239,0.045937121275085424,0.03879244806259012,0.04758251315484855,0.02947982786741677,0.15698728886956334,0.22782906433071692,0.15428901995628178,0.09048979961812853,0.12228771974131886,0.05540084484739541,0.08219477473410178,0.05329936801072444,0.08727591623485327,0.06710879175979556,0.04694151926514699
2014-05-31,0.10714196356295796,0.1450361756567481,0.1679527184130245,0.116917786933433,0.16359217259416423,0.1637505948520352,0.1549060700173083,0.11910639622012235,0.1416335674507407,0.09342184899821378,0.10472530790011224,0.04993592989431599,0.005999818881493601,0.044307447563499254,0.033689168881761336,0.0462650792302411,0.02705995882959438,0.14715626129775122,0.2086512930718756,0.14181302459940717,0.08312804825969605,0.11646213389411587,0.0513998513434884,0.07266995052857166,0.05138034612891033,0.08034090057313158,0.06068443109788593,0.0435892370341303
2014-06-30,0.09508281961734283,0.12583963794273614,0.15408282958193853,0.10323559776364835,0.14631404461860378,0.14883461944916695,0.1360695035571522,0.10550142793875993,0.13396785478682607,0.08729620882598647,0.10362425660876147,0.04824414948749558,0.006209407877977274,0.044421570817711066,0.031408059989941374,0.04534499368174902,0.026588668452043353,0.14543051381508576,0.20444417561042222,0.13232662067838982,0.08123794886389994,0.11006364566466259,0.04769760377872808,0.06442541747335483,0.048174798946103284,0.07355468549247088,0.055873137957134236,0.04148630590256103
2014-07-31,0.09011628468064027,0.12042906761215759,0.1487119827078939,0.10083273377852049,0.13782439335488725,0.13767326527690163,0.13596425496818915,0.1025994556623439,0.12472412204587023,0.0847153836762372,0.10679642981537353,0.04858496580716769,0.006202375365016582,0.04363518213033069,0.03478911668811642,0.046172973369196464,0.027085829852687676,0.1420011016033201,0.19425333131625225,0.13574658185972271,0.07964368077074412,0.11228149986372575,0.0432840289017818,0.05941002693090022,0.043584168393166874,0.07010969804305685,0.05157410351166272,0.038451552073248935
2014-08-31,0.09352193320779414,0.1143817877876278,0.14206636913672327,0.10042968947410653,0.13448870763698936,0.12833150518818506,0.14472908031435458,0.1023164861224302,0.11721700405311423,0.08733387516166881,0.10287185351210762,0.04560551585709712,0.0064105009549937425,0.04072039540120195,0.038179281935789726,0.04313841595045534,0.02595982845847956,0.12935229259342207,0.17267841211277712,0.13712649757446968,0.0793321807294341,0.11747840233766667,0.041029402399860436,0.05477131153543427,0.04359200358600251,0.06309198652755554,0.04892454657999952,0.036566239964959564
2014-09-30,0.09477842230632044,0.11921995646830662,0.14158123952943372,0.10136822911454152,0.14906692847541173,0.11749200378057434,0.1422136493547956,0.11290820548074325,0.14454452337433593,0.10262021059057744,0.10757561129512305,0.04565954213350248,0.006909711987755738,0.0420198836635091,0.04019323576949247,0.04578206318100527,0.024640570143453007,0.12152352553738266,0.16689671277862558,0.15642112534079405,0.08398415690541984,0.12031464186305571,0.05165203165914739,0.06005103926467045,0.05365218572372195,0.07879978701571963,0.058803971937655915,0.044204747480340194
2014-10-31,0.12550142750209992,0.15209096564761448,0.17125942131549582,0.1323853297749306,0.15929667576692477,0.13388457890826502,0.1702216990240385,0.14329691645525688,0.16389825511625364,0.13987104921775387,0.10924202206654834,0.04839178153100703,0.008248557159677402,0.041231090863333944,0.05692870558046165,0.04462867123204809,0.02730962998606666,0.11938673989604083,0.18134641308685145,0.18796318151754343,0.10722633430904441,0.12454479982582281,0.0667006113975489,0.0705643118370297,0.06245371913834813,0.08941688520976301,0.06936893993366286,0.06086225420666581
2014-11-30,0.11110177032258674,0.13523034752147,0.15678971049317095,0.12714842795001963,0.1608953307406364,0.16533231211424726,0.16780672322540588,0.13312012987196242,0.1642482206821747,0.14223051881917279,0.10245645841001745,0.04556960702086007,0.007491090840019614,0.04404350801796977,0.053037092928448215,0.043113634643448646,0.026462729068324402,0.1509195011772302,0.21244997426924597,0.20518667159290238,0.11282083737175111,0.11241744960018056,0.07214688976986676,0.0853858777153489,0.06161286031690624,0.09634579360080686,0.07456759472553036,0.06354758740996708
2014-12-31,0.12452232399182646,0.1423671717277851,0.16866537933833028,0.13215976116517056,0.1680452431087075,0.1623120026173543,0.16796529421162568,0.15464726928731626,0.16617634710353582,0.1745564088616751,0.11993832914000567,0.054306594490870996,0.009029586148897406,0.0454353618596216,0.07922577394232042,0.04871042047756909,0.03037196102491647,0.1821797605356077,0.2904010100102521,0.3261836116609606,0.1539376030747364,0.1122456773025315,0.07580544271331217,0.10138770280432681,0.06762992048325145,0.08945253879284061,0.0775576842012334,0.0693011107619032
2015-01-31,0.13766070138662873,0.1578353146799164,0.17458387125940894,0.14147548951679403,0.17222937493618545,0.15479623259841369,0.18663049451990596,0.16068672392767505,0.15812351039092964,0.17813020969429336,0.134816987672772,0.061202388193576464,0.009429323434264785,0.04736067621146028,0.07599328940447464,0.05227326734069855,0.03176998708221302,0.18487026629058384,0.3158758220673214,0.376114809156836,0.15490334069184614,0.1085126390938213,0.09148708810496417,0.10452779850209676,0.07325189573211315,0.09722946123969102,0.35130713550857967,0.07538098423194552
2015-02-28,0.12986513882159578,0.14525632181721249,0.16330797543248748,0.14255519297124078,0.17723411904213404,0.15174398287583382,0.19623741079762846,0.15964592205515707,0.16463708910093736,0.18573053612151053,0.14784382522650533,0.0676131334853707,0.010402823980475805,0.05593621257714169,0.06904504182219641,0.05450280151058065,0.03525344289155982,0.17830415076062672,0.3013648937350115,0.44294194232998607,0.17510517854550864,0.11142147004495272,0.09715412757859881,0.0991440114722075,0.07659863792085163,0.09586552842976205,0.3037716882964465,0.08020277640905951
2015-03-31,0.13296162968528683,0.14576038052657492,0.1583606944126478,0.14963349109471086,0.18465658912994648,0.14884359363950206,0.1963964000360791,0.17496179079538463,0.18897515594879463,0.18768548659677275,0.15419744329967372,0.07003021834853086,0.01077485293039645,0.06328319716016877,0.06783982576846509,0.06389835074820956,0.03977686507473633,0.16694681669210532,0.279059255199896,0.4520289843619494,0.18249253085063435,0.11206900393555835,0.12609241484627878,0.09152464646470396,0.09309016044685323,0.12544198747771695,0.26883965638355983,0.10196399674204681
2015-04-30,0.1202890369821137,0.13838121516321286,0.14573203442372787,0.13872555585154786,0.17538501811083898,0.14070259613855673,0.18835864959678386,0.15846944185188117,0.18855248470356373,0.17031906397275232,0.1498857193204027,0.0643025588944599,0.00989742942422787,0.061261869853440294,0.059850857515420186,0.0623836950942774,0.03685721872324013,0.16413614241316743,0.26833632813540337,0.4396334189913106,0.17589777659011482,0.11196912502688208,0.12342435088654508,0.0823178367526395,0.0915787391652604,0.12487884863470158,0.2377236651932978,0.10109416539384161
2015-05-31,0.11708351350296194,0.13971405694520755,0.14025128191520433,0.14276669345136297,0.16723874725703755,0.15002288941413477,0.19289495880409066,0.16523199729402002,0.19597476815759726,0.15937331763918772,0.16100085413320941,0.06681311776975801,0.009643143295772151,0.06474865679054531,0.05625972663754799,0.06327479591976698,0.03890684274389622,0.15577895799780916,0.2601455929324808,0.4026620928785121,0.17131055896367992,0.11146714427359476,0.12503448397595598,0.08006191736418873,0.09676711174144169,0.12662514417375234,0.21228372846882426,0.10167061900774467
2015-06-30,0.1172602899722812,0.13925957447488685,0.13975593675092365,0.15389303341892974,0.16341444541918534,0.15220773443607247,0.22040147847528269,0.1665672565784474,0.19364655263209743,0.15790888050386603,0.17231434877922758,0.07312399425846323,0.009583289930712982,0.0680215332181002,0.05503336532110218,0.06287519603351772,0.04208909548339133,0.1396486422010062,0.2294669285692014,0.36511506865299065,0.15897929931437693,0.11624047237751128,0.125728999836376,0.08472521989550193,0.0918386392741674,0.12494982933299369,0.1870548810874489,0.10090500031547343
2015-07-31,0.11701212421121766,0.14099902579358173,0.136327431364523,0.16314528600085684,0.1884248424981667,0.15807899784502455,0.22175308420502027,0.17128394727416316,0.19857406314043155,0.15259044911271433,0.1659768370673721,0.0688926789805694,0.009504248004634097,0.06202103283725348,0.05634455679244622,0.05799034022426704,0.039307276234122654,0.13493984859204605,0.21562340908563613,0.3591884891861782,0.16663046877242627,0.1261214683621103,0.11925562695354827,0.08306926887205368,0.0856148197176737,0.11634090757516272,0.16369753236089357,0.09478067524044721
2015-08-31,0.1811172216490814,0.2156119602147499,0.1723564158752236,0.182644428936482,0.23943693091612078,0.20512759588607118,0.21906948043216054,0.18460812149812966,0.2932148123162162,0.1947368389512999,0.16276228190351807,0.06704559482286947,0.009945912428493504,0.0592305515734652,0.05850875138061067,0.05620374553076967,0.03826088751171157,0.13744583348744335,0.23516756257336302,0.4288965657389664,0.1908953563549136,0.13523906695023846,0.1243531528454109,0.10130896559168767,0.08270349663516136,0.11827106291747223,0.15697600151985974,0.0991072404604117
2015-09-30,0.18998021432980722,0.22137675575198915,0.1827357490989899,0.20046298725818298,0.24598512591818242,0.23244629559712762,0.2352445312263308,0.21521598859224214,0.2967031066580288,0.21025794537215578,0.164699307377223,0.06657779866714102,0.010373682916951482,0.059648905048091394,0.0633887751355101,0.0563000448039294,0.0380501435004971,0.13660736344490906,0.23402705857389713,0.44794569621074526,0.19409489789749557,0.12966656190999803,0.1181081536003744,0.09440649960867317,0.08410851319417786,0.11888494806334056,0.14190502974608163,0.09257859167385515
2015-10-31,0.1789819443384636,0.21021868648566613,0.19447813545666592,0.18931866341624884,0.2455519970478437,0.22229557160754299,0.21522253979204828,0.20846378928124779,0.28129995615618614,0.21458747972438671,0.1510483604461513,0.0638040969158964,0.010423369519580382,0.05698376045264004,0.06660039628303821,0.052609801816095224,0.037084411753054145,0.13678895233456329,0.2353176725243482,0.4292588149977001,0.1813314933728136,0.11883518829282638,0.11598338814866928,0.08586240245104076,0.0800666786835149,0.11626004449314419,0.12935636348400234,0.09086965766139529
2015-11-30,0.16445835318655708,0.19218050071334197,0.18290343831261346,0.16977872807775338,0.2336265817234952,0.19479782483009955,0.19901447401861092,0.19502357124710717,0.2601305489367183,0.20079031086274565,0.13520960988946995,0.057231023537035824,0.009568559184900767,0.05165885133884074,0.06386365363349825,0.04716334856257382,0.03409472201562748,0.13240793707967713,0.20854853657940958,0.4001143866832225,0.17594098276415268,0.11898043246196485,0.10725033588267739,0.0790844505279026,0.0793795061334854,0.11383015001821793,0.1166152644032685,0.08581292962487219
2015-12-31,0.16866140159258014,0.19297778767120644,0.18284564934010997,0.1669688203495661,0.22270961157093702,0.18978903650367993,0.1918623169471087,0.19192543681557828,0.2561145354918358,0.2099494582395627,0.1421510074570283,0.060088108210791816,0.009554639298305979,0.05580228923859613,0.09104616709958449,0.04711364778727797,0.03511267225542321,0.14478427219030127,0.22432280861097273,0.401608516029477,0.17639159482272035,0.11757246974802046,0.11431693199144466,0.07967975954637847,0.08134460234782395,0.11343645044345757,0.1170222103479065,0.09243291063631867
2016-01-31,0.18556117290639806,0.2260731365107816,0.2076606162148638,0.1975418886616094,0.24584473655949876,0.2277335993214035,0.2151613218072056,0.22500829773449207,0.2873780907856924,0.25183785663032765,0.1386288634074774,0.05734804798426427,0.009235458735159727,0.05216806586908479,0.09838938831359473,0.04494861116818715,0.032940869330777105,0.14720544928976548,0.22120742335655955,0.4944449219492127,0.1952719136714645,0.11498824644331064,0.10665331295733937,0.07974042165040764,0.08247767094222161,0.1195710708306684,0.11107115680991467,0.08519826978406135
2016-02-29,0.19058082161538598,0.2302488209615322,0.2164812990869141,0.20115798171293836,0.25648612716340385,0.23191964850485428,0.21494831891730934,0.2363746933471881,0.2799729777091163,0.2630822348977972,0.14183846359897137,0.058621096351066646,0.010057457656924252,0.05397456778002241,0.10029947847153817,0.04489107320265325,0.03224094780732858,0.18035579179280886,0.22802718760477234,0.5315394672251643,0.2022084593797145,0.10428493891890361,0.1080210231574199,0.10161502549439226,0.09361313614187482,0.12287454120911273,0.1137836865479017,0.08919185211732507
2016-03-31,0.17181408047704716,0.2089132031411934,0.21473594315456443,0.1903300992137751,0.2478901699145234,0.21855787357432446,0.21330649601090182,0.22135494273899306,0.27786182108397917,0.24961702716738604,0.13437286325977707,0.05800483694897035,0.010943654864362213,0.052006954260860765,0.10124711484039059,0.051401314225511134,0.031076324900607633,0.1843644706930016,0.2306658130968174,0.5107958899132653,0.1938626026665181,0.10342479455050872,0.10334919417743683,0.09818061400534302,0.10144629968884984,0.12745482857636828,0.10486090319599212,0.08590770657195035
2016-04-30,0.15395645240944553,0.1904112092280987,0.1958252865063726,0.18589364566427635,0.23145688871159345,0.2398889888155841,0.20592453086062096,0.2065217840770333,0.26600113334534314,0.2280289924400016,0.12702637391297014,0.05505721990283375,0.009978124689695382,0.04931685252907125,0.09181374301141776,0.04976510776736446,0.029675453642280362,0.17557730479483846,0.2383808657013983,0.48384638529907614,0.19240528507238785,0.11945688187738052,0.0925027469962992,0.12119537111596984,0.09670752556401202,0.12914281916753637,0.09649642049713653,0.07928881163172549
2016-05-31,0.14262348597479754,0.17690337262629413,0.18776008896237711,0.17330765186028954,0.21784490995817454,0.2208142294375431,0.19195769314235103,0.1956170081371936,0.23730521967706963,0.21534837379509952,0.12048617736051703,0.05310069404157194,0.009940404991561779,0.04755855911116208,0.08307724618217718,0.047787984718159704,0.028008799348288173,0.16897962126311664,0.2337402171785307,0.43336258820669366,0.1883370838846866,0.12272555466759423,0.08726443028552756,0.11635771956298162,0.09196758806966379,0.1270900993963843,0.09029397217797425,0.0741557196044078
2016-06-30,0.1584310984833123,0.1902213904340291,0.2061434922249575,0.26180437209358143,0.25373408057907465,0.22679631353946875,0.289344281770739,0.3507343122889165,0.26569230832839347,0.21943343887361438,0.13546752416540492,0.06116046061656443,0.010823903173363462,0.04716167520099164,0.09498390168033896,0.04765867186413024,0.030167749670482743,0.19103272572274962,0.23643599557259923,0.41529234830784345,0.1877533629590218,0.13835367482634348,0.10484493588009043,0.13689652966355514,0.20861977567714457,0.13296572511798035,0.08968381398547684,0.09398725885962331
2016-07-31,0.1418457808956635,0.16994153205818363,0.18959766220849783,0.23349630136286542,0.23061190802387144,0.20074794712546554,0.2653735810003299,0.3109510386182199,0.24179774590945144,0.19669868061099072,0.13491978444946265,0.05796559738434629,0.010190772677751071,0.04710314156601874,0.08890414188291262,0.04662579865422087,0.03003573053598684,0.18089061962725375,0.2612531374777167,0.4098797791688174,0.18826643346602226,0.14484036839639086,0.09307655212357498,0.14079635086296216,0.19235804262657105,0.12335528279599621,0.08264591176099867,0.08390444952714467
2016-08-31,0.12114709742549626,0.14468361465549223,0.16640442888579837,0.19817582529729882,0.201217189870463,0.17761172812830553,0.22874922423268002,0.2613717228621859,0.20908529857401256,0.17121464945936962,0.1294083351959589,0.054921482726983765,0.010202264231923091,0.04987920850748005,0.07825685284932438,0.04583483117694704,0.030325936124040907,0.16115588078159862,0.24637248752299803,0.39333676285568586,0.17719709137749884,0.13106421756745606,0.0872023872937592,0.14081351212248835,0.16835349973063626,0.11515246480124697,0.08563981400797809,0.08257850581252885
2016-09-30,0.12650511319872337,0.14613347912933472,0.1723461782245927,0.18919158226754412,0.21574516877085234,0.17904356087238416,0.21742638725168192,0.23854078241628693,0.2148181388507591,0.18075336992470237,0.12447814357198922,0.05074863296965361,0.009341417069477675,0.04940533061585818,0.07666055784860437,0.04557535442181817,0.029555313347543535,0.14649031748325683,0.24798674134022655,0.39969915611682016,0.17756986737388714,0.12193795737246668,0.07858621269877583,0.13239480101248385,0.15199885880328826,0.11046033942009548,0.08108166854415723,0.07638591850209209
2016-10-31,0.11328075781221836,0.1332100374553837,0.1596033115823868,0.1646824888197998,0.1978942090137262,0.1543860795348251,0.1920593883730457,0.20966570846822927,0.19618150105061807,0.16164873088981443,0.1172884845818291,0.046444005385874634,0.008635909682016584,0.04782788630818061,0.06929383113571076,0.042374048935220565,0.02787829473181201,0.14303469062547583,0.24100565938509833,0.3577882130298899,0.15733112770810695,0.11022872623439213,0.07478523425684157,0.12256393078522833,0.14015560437196806,0.10295412366339028,0.07572699201794685,0.07051948901920645
2016-11-30,0.11050079033889468,0.13546274583331686,0.17032149157782883,0.14988957681735904,0.21240187138068417,0.14391157688415823,0.17451217459553203,0.18967638119040084,0.18628428663363072,0.155131343959696,0.1386681893818666,0.05461261302814297,0.008911507100232809,0.05539672255365701,0.08228171676127093,0.04372465499429841,0.035029440472984764,0.1468225316636269,0.25384310011885153,0.3693665322287592,0.1680882770111191,0.1020641928731927,0.07611406950796758,0.12199474838872834,0.13054946862823427,0.10317548899294804,0.07579500020112183,0.06976513602028762
2016-12-31,0.1021127413345945,0.128701708587072,0.16060175681369007,0.1367666969831754,0.20029969760900035,0.138603289544193,0.16474696843704956,0.1670820295789023,0.17148469711645234,0.1425913988813769,0.13312739612440216,0.055032419899247974,0.009235876048920429,0.05497122262279696,0.07386063054340528,0.04497268080575227,0.03572607984575496,0.13917410497773958,0.24502962863570746,0.3694397929966457,0.1618627735088291,0.10322657212867146,0.08310902378445548,0.11768071014017467,0.11843789935767016,0.0989189970099633,0.07419088634552175,0.07302351109384284
2017-01-31,0.09379984047253816,0.11757450230166339,0.15646292239742937,0.1241049249962414,0.18020480276859,0.1310412079900155,0.14880322816375144,0.15053378960217195,0.15836941768157214,0.14076771816640146,0.13008060894765427,0.05585876138708177,0.009284969926335858,0.054172914399725824,0.06480061709612227,0.04397761462559969,0.035647570835770595,0.13358967101716743,0.2266196100446371,0.34110117622708064,0.15246247291425502,0.1061267258364674,0.08533588668884477,0.12872358202786516,0.11960035430389133,0.0952374235958086,0.07495251319796338,0.07789443937753901
2017-02-28,0.08376495686139317,0.10347064003456101,0.14453811731104516,0.10978963031464159,0.16117285724343064,0.11632952114720754,0.13556975331092372,0.132923818691883,0.14603194968131974,0.12912486017718153,0.12432681077227438,0.05454977562251797,0.009193770970256048,0.05048923895305636,0.05640208031343011,0.04072424934642943,0.03459178503811963,0.1256832879882996,0.20686879960126028,0.3037259643831436,0.1381452210137046,0.09864172200814418,0.08060589812233075,0.11909445296428273,0.10942120636221599,0.0884134556409788,0.07153664780656073,0.07223162771440617
2017-03-31,0.08357429413946546,0.09689383514344638,0.14804087126141469,0.10275376371987935,0.159058020106429,0.10812533599712333,0.12486736601085685,0.1209328000637202,0.14883375530601248,0.13043785178313083,0.11880587003746626,0.053613235240160914,0.009483950370744083,0.0512006038582368,0.06218270711783991,0.04368614981337762,0.035038735131885844,0.11898068364359403,0.2049244862803764,0.28971670735664395,0.13211616767398465,0.09180132134181233,0.08258631466970306,0.10973181413701127,0.10236546612455831,0.09202144565049068,0.07010886609435006,0.07384965909683824
2017-04-30,0.08167789287957865,0.09208127272637466,0.14342631375717715,0.10639323820482853,0.1482984476687787,0.10264045505378269,0.14594908141956361,0.11706577265497582,0.1394716462356852,0.12847856648463277,0.11442916709224817,0.05229852500188814,0.009758610502626138,0.049544635464151554,0.05520300172790214,0.040968128792767865,0.03418196219717604,0.11291622518259488,0.18975177755271774,0.27103568439415415,0.124913644647793,0.09577539226144863,0.08270169460550338,0.10309120963740136,0.10244871111208026,0.08693717730688717,0.06428987634855024,0.07090496643290391
2017-05-31,0.0806382631699477,0.09806639789077755,0.13959908262909446,0.10110956365940518,0.14671070102501216,0.0899091426926802,0.13907733133296937,0.10959953227338232,0.14240960384754386,0.13184146779529454,0.1054954155435102,0.049001594252422516,0.00925719030754968,0.045774259525918085,0.04951414805689781,0.040162969088816274,0.032550659942174334,0.11265986199452907,0.18482369398450366,0.29005522608001455,0.1393556381549445,0.10567163527034726,0.08083916218901901,0.10020975941131006,0.09264330995617454,0.08114954260513951,0.06929987963082603,0.06893273387465776
2017-06-30,0.0794102317086931,0.12457226508880336,0.13505717021201114,0.09931787501352002,0.13931466346909238,0.09366706800085617,0.13657645174736205,0.10745999191909018,0.14559190151183768,0.12930472348296243,0.1029759027019315,0.04619337714040283,0.008601739345854533,0.044291447647251674,0.04809795700676433,0.039690774829486304,0.03031780165705248,0.10510049345166585,0.1698911939953716,0.2891552752969284,0.135757577378624,0.10928125580966364,0.08017058493972395,0.09304201071072138,0.09170029725258722,0.07824748923765616,0.06944831855170909,0.06669001155770861
2017-07-31,0.07318037781799726,0.11740934509737254,0.12542503495993249,0.08919365621143026,0.13263589397201417,0.08561761133196547,0.12464741246699568,0.09952403764189467,0.14279395905634695,0.11963739135153258,0.0989758651090993,0.043939468171025446,0.008103148982263372,0.04366543539327718,0.04358548323472073,0.03845266781533546,0.029327716254893665,0.10295540933312657,0.1722985428489375,0.2931533564753183,0.1388132034247151,0.12400131458028633,0.07893276162543332,0.08773001161684393,0.08655994490351757,0.08213137965491621,0.0728678764701714,0.06461384686868138
2017-08-31,0.07957008372558971,0.12381870917305075,0.12591998239666102,0.08696227238393561,0.1300821352802326,0.08010483428415728,0.12268773352276952,0.09673770945214172,0.13530029797367304,0.10775767220212364,0.0926201315735075,0.04089996783453036,0.008205509090735093,0.040514129078943785,0.04396094201267997,0.03585391503239145,0.026676917612603167,0.10092543866483719,0.1829831481168476,0.2817501685322096,0.13282441948504983,0.12665672337507117,0.07834310625628238,0.08427442040548262,0.07884920227545851,0.07924575579482981,0.07736792906290132,0.06455713371270481
2017-09-30,0.07342857977990576,0.11690109040126836,0.12002843856612595,0.08219344243855493,0.12629102891586633,0.073340195626492,0.11533719011063584,0.091314776821447,0.12905425942009088,0.10096968956438973,0.09892122077563664,0.043454898944885995,0.007982927633812035,0.04122889583061458,0.03914591787106096,0.03746247502556132,0.026933690543336622,0.10956113875291351,0.17822055688622723,0.26856481321519843,0.13387058213588524,0.12173152269449615,0.07830107860948118,0.08936124185107154,0.08612552314900564,0.07894138997366631,0.07888203883399365,0.06610032699725282
2017-10-31,0.06773749567657164,0.1176412842433146,0.10946185399397436,0.07376878786039674,0.12288854867115705,0.0739845233667952,0.10252835197551363,0.08382269204051203,0.11884702336589502,0.09297176858722929,0.09331308125987367,0.04062535696434738,0.009240019773086574,0.03825953477851081,0.034677570185504554,0.034523983974048406,0.02608602079466654,0.10201166002695006,0.16304965807830463,0.25275027458903576,0.12441188013357177,0.11019805425573258,0.07774894230767111,0.07992958050236713,0.08537054747108684,0.07705362090533212,0.07482624571006599,0.0652369244291742
2017-11-30,0.06573729911305763,0.11389166536215466,0.108928867556929,0.0740692801532663,0.13022770431633002,0.08313104236282025,0.10438341842091692,0.08283925213436596,0.11184186223874562,0.08842938454349207,0.0943226171176207,0.03834148778540133,0.008427349117593115,0.038313908147386035,0.03997142964982683,0.03292648760295916,0.02489644819640981,0.0997080825792969,0.17083342157844994,0.2408318804155229,0.12305650950268297,0.09855088342539499,0.07535449050207384,0.07797688005405767,0.08163026009060328,0.0732687715389259,0.07317788933842596,0.06197948518901186
2017-12-31,0.0637176455886917,0.10670944269318243,0.10817337177114122,0.07095829394249845,0.12625449145452575,0.08349185625558095,0.09907359169150695,0.07814388686923654,0.10356685199392383,0.08797093139828646,0.10003489320882532,0.0379961904425645,0.007937293707400303,0.03908663414329553,0.03487817994520043,0.03242469429894953,0.025163549372658273,0.09553633627066246,0.16510204596216452,0.22783779293748982,0.12055768229468501,0.09585923095214782,0.06876165119304911,0.07682086993633917,0.07778750768865206,0.07219207330133394,0.07064211886030874,0.05674058342414584
2018-01-31,0.0734243911865127,0.11111700234588354,0.11171915576575452,0.07737468882687076,0.13081296214243,0.09208872057706612,0.1051512603021588,0.08359315872767412,0.1013147270358555,0.08714472475331538,0.09805949121259658,0.03704457479208812,0.007369256618635368,0.041443331114623935,0.034948387591122274,0.030724796501397596,0.02498808459597072,0.0957526782334383,0.16530888328777937,0.2126509220817755,0.11008197652066586,0.09144796244294758,0.0710590325176708,0.07663049760135539,0.0835589122370934,0.07123250667264976,0.07549605640765357,0.06003374806665089
2018-02-28,0.15286702521509535,0.1823514671992319,0.1531011147889315,0.14290708578086878,0.20800680879802397,0.16562117807507817,0.17168741460296663,0.1482477606970717,0.1489029203377018,0.12533364043519749,0.10354572777293114,0.04213681368136411,0.008310652660574964,0.04571781478122912,0.050062914906162985,0.03335273919104878,0.02797782708903815,0.10358969218552003,0.17342405192568414,0.2251220757162131,0.11978347965624557,0.08804238915796855,0.07454346944005782,0.08065863820789192,0.08469451156780591,0.07971901634740418,0.07910762449982697,0.06543416575288044
2018-03-31,0.17016727898948392,0.21350177777999552,0.16803207760377203,0.14173359604711966,0.21609815149461828,0.1681322459405913,0.17176097918773017,0.14541518540986711,0.16062139110980078,0.13003850382529325,0.1001093553985661,0.04170999994172391,0.008102724614951675,0.04365750912668756,0.0508565761767023,0.03163772921472432,0.026447383821496282,0.10750269734532487,0.17028209705342595,0.23157525239561622,0.11797619786399559,0.09460234311432857,0.07572544363856176,0.08201799829853498,0.08257785228309682,0.08482461425564558,0.07888817744138134,0.06684959661203745
2018-04-30,0.16964476171329188,0.22089216396480046,0.16630222440428324,0.12924758887750298,0.2033618910101516,0.1553901678034541,0.1600422597427871,0.1338756292662985,0.15337123058822585,0.12750364713415813,0.09838177983894017,0.04030608123654571,0.007616993223535122,0.04284704267517189,0.04778684892062926,0.03242214398633617,0.026242156237735032,0.10377207096094772,0.17191196499212802,0.23794606157697196,0.11979687091548706,0.10212103071297274,0.0696909432186957,0.07872448389686518,0.08100262328199935,0.08103199642355971,0.0726996737418296,0.062338682946844144
2018-05-31,0.15308884541517795,0.1950515793004423,0.14976240807262672,0.12582711139076194,0.19343284461387733,0.1376140669320602,0.1652215968068648,0.13248738683912256,0.151300052868313,0.12763763145010446,0.10526394964078468,0.04648363990271453,0.009720662324795876,0.04535179556293457,0.04336114364933599,0.03330823780473984,0.03033131066122284,0.09720299531095802,0.15901428940348955,0.23950345141751087,0.11669972867290228,0.10607961317053952,0.07409895085768108,0.07566629648939566,0.07431711698196691,0.08441350051952524,0.0655439219399082,0.06232487516294453
2018-06-30,0.13736316974643004,0.1806546108726317,0.14179735143911942,0.1212354239442154,0.18520613530077581,0.126513226123194,0.16020925313186113,0.13276452482524714,0.15292251790706846,0.1342278164936366,0.0992801956817319,0.04435112515162063,0.009216409044891358,0.04359487743920839,0.03921690071672923,0.03200092182425969,0.02819563995244466,0.09109155054260967,0.16181903659766708,0.26958122710829274,0.12941910771977427,0.1193262961561206,0.07622715070685637,0.06931230119466017,0.06989492895107025,0.08480671969658525,0.06548713315529696,0.06156141637367219
2018-07-31,0.12425133406524815,0.17335646352773754,0.13545387519412883,0.115384025911038,0.18322189858239074,0.12227188308155988,0.15174184305142344,0.13027387664061024,0.1558942659804968,0.12509748986957994,0.0948417648329298,0.04093629299803674,0.008150275149539343,0.04059942932332257,0.03541393183509195,0.03119264186091842,0.026347478112108736,0.09065841829081471,0.15707091158646297,0.2653637696465889,0.14643259896731753,0.1275453731289073,0.07424482065058909,0.06577357792511881,0.07248815362771985,0.09012230579053081,0.06406665809048444,0.06293966539900671
2018-08-31,0.11036759511524219,0.15338922032964386,0.12318159228027825,0.11809380630893329,0.19467151698750101,0.11880013988958826,0.15915159199316903,0.13391077276165203,0.15078614802291956,0.12641103386243038,0.08825606371515383,0.037889514285163454,0.007602118439720646,0.03812823775916745,0.030911001650305005,0.029129262161275614,0.024297796515725518,0.1018034233596311,0.17470666630224327,0.2560937757173581,0.1415925608782112,0.1288380734323425,0.0749243650919071,0.0638456419656226,0.07444165932995951,0.09174607389626104,0.05940218196173105,0.06160787850164803
2018-09-30,0.0987959589182006,0.14455157555528808,0.11404552949124708,0.11321664271107736,0.18330381937128487,0.12133107103757752,0.15135256646015596,0.12605984334997974,0.1425589584978953,0.12008560715537667,0.08581761873870626,0.03667268828681981,0.007122010675442158,0.03796334481228076,0.028543563032609017,0.027401017248516287,0.024323082934447442,0.09492066072348244,0.1626923400810339,0.24187688822152126,0.13266463856424965,0.11932649215388821,0.07359693185684751,0.06029438286937981,0.08054971886804876,0.09037411253629034,0.06586056365638653,0.06048673084939904
2018-10-31,0.15142855650830994,0.22513351087996697,0.17326613896558607,0.13797124103770242,0.2187593759824384,0.15634736714103428,0.17629491805463546,0.13437486822520928,0.15729457384328838,0.14180781881800703,0.09150599169332717,0.03960421458774827,0.007508426240643277,0.03883914192159416,0.03717372959028783,0.03143264539464577,0.02557107097517629,0.10113803930386316,0.15713265183478697,0.2578279154543466,0.14346697970671224,0.12248638389262251,0.06792907946333493,0.062121973317340304,0.07926250973097809,0.08390695888624601,0.05948284334263793,0.056506822695054706
2018-11-30,0.1643727095135225,0.24588636903296107,0.1875420918549613,0.14431661440296328,0.233453379038747,0.1546396659549316,0.18698329318186976,0.1491195760315338,0.1631189546434344,0.1507372106688436,0.08531160807445856,0.03769464952613433,0.0075824897743723575,0.03763817376745053,0.04672017160664159,0.03296751309090336,0.024022629109963427,0.09614989557954566,0.16266266629426182,0.328025894711817,0.16121654187959278,0.11518273124986163,0.06948461962250421,0.05831317195712767,0.092340272866087,0.0920638463158601,0.057837473973807486,0.05874188513863457
2018-12-31,0.21291597317626865,0.29014808510335016,0.23000780360678835,0.15752799701036777,0.22513195699758967,0.1767930903394903,0.19667371943824086,0.16118413741827742,0.18392049329044394,0.1706238828035916,0.09196012176055664,0.039743372448534146,0.009087696384169845,0.03768614895222496,0.06584560938712838,0.032787487945960724,0.024553316097627113,0.09762556578616238,0.1595348222963421,0.39119629471846745,0.17200697299061907,0.1065132503511496,0.07121459658120088,0.06646448970430105,0.0932487975545182,0.09161317613737462,0.06445883426332626,0.0602914859787395
2019-01-31,0.20614046513190326,0.28076653703691357,0.2240466580321841,0.15748386288425315,0.21879680461898024,0.17668266226082002,0.1993171316613875,0.15725420740711515,0.18712086311426263,0.16758553691898012,0.0894259136954059,0.04341000894474434,0.01052435916899086,0.036794526930338564,0.07187876434159211,0.03403927055684242,0.025061364278588752,0.09514570291020376,0.15417625669466603,0.3781927892819872,0.1644577133533228,0.10008072592770834,0.07276627294181948,0.06863726630997574,0.09586113395469303,0.09626053043714636,0.06579088883429664,0.06343559097044733
2019-02-28,0.1818390912596459,0.2467288056603527,0.19994284695093958,0.1438612615711577,0.19842696786936026,0.16196207164290294,0.19139631840640664,0.14235425406987004,0.17255972547940296,0.15246822686755437,0.08964676619941932,0.04380981590310815,0.010277138622298076,0.03842414248122691,0.06346223442373554,0.03393991908387142,0.025210530414918733,0.09536031211990083,0.14975715791834893,0.3480113297067465,0.15317604098344975,0.09955589612822391,0.0664851410318599,0.06430966435429628,0.09365160511548508,0.0938618120236805,0.05883955817745872,0.05856216983053091
2019-03-31,0.16553692431391806,0.2216665429129108,0.19785978652873532,0.134074365242098,0.1923908161017524,0.1486220881107922,0.18067371584453806,0.13351404470948844,0.15558211135735667,0.13753741100489988,0.09284706731256798,0.044624931051329565,0.010145012459454088,0.038697905503713256,0.05594931305911596,0.033702276981326,0.02662984801801672,0.10236354881149883,0.15819900392634756,0.30914783295560705,0.13632341328718506,0.09767201913080555,0.06615442826156995,0.06283826404110586,0.0968539204151883,0.08592240633819961,0.05717526910038201,0.05774544826579767
2019-04-30,0.14354836795840295,0.19066560033297167,0.17836200247466588,0.11911127386518164,0.17270997272299535,0.13378037050251881,0.1618950481989678,0.11878172184854606,0.13901042890391693,0.12259926853128011,0.09189019989515129,0.044592067430175714,0.009678098020037735,0.03935352209607594,0.04938365563561573,0.0340863953919031,0.026910416553429746,0.09471101442290893,0.14405551268758676,0.2876832616719502,0.12170910215325578,0.10229816172097715,0.06065335123439663,0.05735265080387657,0.08559726189738792,0.08389820871900622,0.05134656477717128,0.05306047915913818
2019-05-31,0.14471413666484886,0.19334675485453345,0.18437585218513386,0.12859407566463293,0.1809042209584774,0.14046644798090513,0.16915327507038455,0.1300647288969558,0.14050709294409447,0.12076891280560154,0.08844807635378589,0.043901213737687746,0.00991897719766714,0.038019034506677096,0.04995964246785083,0.03287933372525706,0.025108996887605244,0.08905534548954774,0.13941075249315868,0.2963968747901871,0.1305081610791901,0.11553626797625455,0.05335477137398932,0.054858859198840315,0.08005663287187352,0.0759326462213769,0.05093027214434383,0.04789538240211004
2019-06-30,0.13850280015574237,0.19168396729401815,0.1781232164412629,0.122905923787421,0.17436685964600193,0.13251694671504224,0.1606296445405777,0.12291555991632455,0.13607385852572323,0.11630815987420136,0.09286890408879511,0.045410370410146075,0.011755889030981428,0.042806345684702464,0.053695389450850756,0.03915055349177054,0.02752064996639743,0.10686404052839593,0.14081612739115204,0.3291578686425682,0.14490603885983752,0.11356415970947195,0.05488516702961794,0.05525788199767288,0.07404869983937976,0.07182973498273222,0.05945515136036519,0.04968947120449512
2019-07-31,0.12273493322042275,0.1698702346307591,0.16429177866987094,0.11228876342770733,0.15222099712536516,0.12128582819430411,0.15383134031006596,0.11334783823254026,0.12275186615731588,0.1028440186492451,0.09328662044720873,0.043924686063619524,0.011961118138114617,0.045464640277031156,0.04812232972141156,0.03603499976369043,0.027422786689328498,0.12579906525286202,0.15257197198526942,0.3206366702060282,0.14055689377110694,0.11231180825951274,0.05324366621090741,0.05591605219086961,0.07653825847666096,0.07354975069338718,0.0589980536962742,0.04953547314074887
2019-08-31,0.16352571076679617,0.2047690413125324,0.19669600675694496,0.1312520455734627,0.1774482771541118,0.13701013421099814,0.16387230068103478,0.13099413124349346,0.14456679889492577,0.1266492661575092,0.12550283486538852,0.05359452974963633,0.013733292985339887,0.04845416357837801,0.054337390038833644,0.038377342886461774,0.033043554434679864,0.1359281619347075,0.17858227273994892,0.33583038841335006,0.14688556169002456,0.12505113558651762,0.05205356354146473,0.06993334999300482,0.07472430185037308,0.06924623061529492,0.06221319910544362,0.048684633571231435
2019-09-30,0.1455131532874033,0.18783036910922682,0.18742513821123877,0.11922664061535479,0.16250246341796296,0.1273399541276713,0.148530713129732,0.1230554467121417,0.13161390442000387,0.11363290364171275,0.14181920306622867,0.05964525797077052,0.014404373609525761,0.05740391818928225,0.04817754214892229,0.04529644046009629,0.03760980348881456,0.1413543736788292,0.2622626623238882,0.4033789312002473,0.1686740351809474,0.12452366696859765,0.053567969061741105,0.065548724235873,0.08151912598563171,0.06597883610519102,0.05988257233679015,0.0506876375354606
2019-10-31,0.13875639334573525,0.17647527989551176,0.17201390821687718,0.11939627649420603,0.14901529412260112,0.11987786332488379,0.14937511825012145,0.14041712059806385,0.13017237485904992,0.10754814238156127,0.13603464508906332,0.05797393578897342,0.013568792217711989,0.05376375215579694,0.04412222548263593,0.04392247119613668,0.03622830395972471,0.1305484930856087,0.23739027142565158,0.3567214671281888,0.148830022106785,0.11239539755940643,0.04963567194202958,0.05862931333884941,0.0942760813126864,0.06593260976965405,0.057636283296407215,0.04750637519317198
2019-11-30,0.12138973856134687,0.15431132487662866,0.15770374518032132,0.10642807474095906,0.13838633901025438,0.10692864396512618,0.13146714833506548,0.12698569745042312,0.12785695632876368,0.09649843899424909,0.13356005266027696,0.05709503827294529,0.012745703789242743,0.05425893828959657,0.04158038639007819,0.041790401267271515,0.03532766484879616,0.12336236249592498,0.22185687608810684,0.3294467757855175,0.14109343294343335,0.10464221781729062,0.04578181497164498,0.055897383853170876,0.08426439100368933,0.06194786510687575,0.05299410903203479,0.043193861543182534
2019-12-31,0.10972364074106666,0.1386666991632545,0.1394446896165786,0.1010212487255287,0.13249764318092414,0.10094792469788647,0.12312654317101088,0.13700998503674108,0.12498151160995409,0.0867218967783397,0.13236326555924055,0.05712380688903489,0.011811974759466708,0.05186956699696974,0.037433642439937756,0.040498397151819895,0.03436025737140905,0.11142749191839185,0.20710562700095808,0.2990861844228815,0.131394041076695,0.10440981729587209,0.04577372560807916,0.05219037126805513,0.08576237518978935,0.06407695155764201,0.05335050968661129,0.04164067922028433
2020-01-31,0.10793245949930248,0.13815419646892504,0.12950942123983913,0.10483699479199671,0.1626828344577939,0.10252177958403293,0.12707962009476237,0.13092896083791075,0.12487732742418674,0.08482747763430704,0.1320556275223647,0.05554137575865777,0.010591883418012042,0.04838102243852451,0.04161346741014049,0.03950870117965547,0.032138963495738214,0.10635556339096104,0.20410801382920868,0.2894642501553186,0.13376732187248014,0.10884254400908674,0.043069764658583795,0.04881388088383742,0.08261010206769344,0.06454388598543319,0.04939190762631655,0.039240814587247014
2020-02-29,0.17041983219071566,0.20266128719185164,0.178012352085705,0.1498486281715081,0.18983175954578058,0.14674038597193667,0.16779965166191738,0.1730019308413917,0.1662521262616466,0.13330674423675967,0.13025380998355954,0.05548567730821455,0.01086598952384759,0.046230503396931626,0.055029860783422854,0.03992043746597882,0.030906091148815328,0.11251719144141434,0.2111110951236936,0.3049668849154766,0.14547162823007384,0.109553231800081,0.04849475050515216,0.05972555679263817,0.08504392588765869,0.06621001942854163,0.050332241942380555,0.04259940742869359
2020-03-31,0.5135482233713193,0.5160967313560849,0.548059146559871,0.46767501241828946,0.5173643050030429,0.3542829669704421,0.5193794929362284,0.5386770429771047,0.753003892000452,0.5930054678453128,0.3493162806852909,0.11983449259432083,0.0209898571999023,0.29050390348240984,0.2527249427700457,0.1531352534792821,0.151746475250537,0.227430442111758,0.43211290088346277,0.8329176948996709,0.27076213228892765,0.1817198757968382,0.09339274296908592,0.14530480966404963,0.1573944283324236,0.14603978899746808,0.09621935441780892,0.13652619494092777
2020-04-30,0.48460345588736264,0.49029009092954356,0.5535452624622911,0.4374228492047217,0.47890566707769955,0.34810158898406324,0.5032698083592855,0.5061203622666361,0.7041733997540195,0.5490358888716447,0.30884280068147607,0.1049796728319776,0.01793145490547253,0.26799025397791915,0.27221609323384544,0.13798280599627938,0.13139332723225436,0.22649398214505873,0.3949119209408109,1.0746358406260048,0.2730540977738375,0.1815042672153586,0.08886055852905733,0.12660562831934966,0.1424829513580508,0.15373374567415762,0.08910123411530069,0.12093856745385304
2020-05-31,0.4277134671875703,0.4285401379622925,0.5240304833871449,0.39622534509039076,0.42991529159751124,0.32393564055918944,0.4642586270108581,0.45468942360626013,0.6280809455821746,0.4886677739343373,0.2763051633867109,0.0922799391067468,0.016051637343774145,0.2321453662097338,0.2388107853969853,0.11959790362243676,0.1127192527569731,0.20762109580382787,0.3653222572928188,0.9985197524235715,0.2665844039412139,0.17271908877302156,0.08524792017235301,0.11098237826939372,0.13135766293847592,0.1485793079921573,0.08410336678084895,0.1078209466900468
2020-06-30,0.3895673971706543,0.383108646073079,0.49432240493173124,0.36364812343287556,0.3900124219551327,0.2971089574382522,0.4287933629603868,0.4261483605209767,0.566114630335073,0.43791448706071673,0.24524523918395852,0.08124587013554478,0.013696498025510808,0.19845726852547074,0.2120084046630196,0.10206506950976198,0.09513906163511954,0.18880134608624566,0.3434100386530667,0.8750446319063101,0.2508806765899577,0.15745860446942794,0.08056057705653116,0.10035691806354002,0.12293960282809013,0.1465075649210106,0.07919872783852716,0.0964570626002118
2020-07-31,0.3332227668482948,0.3422340269760311,0.4303529809482439,0.31494816680214643,0.348796849345466,0.2595451583114736,0.37690132011548283,0.36812166350832326,0.4852557782785742,0.37425102242818964,0.21120893884462452,0.06902554143814488,0.011619288643707816,0.16724837448607024,0.18134180720922097,0.0859459812375374,0.07967602078059652,0.17145447477092612,0.40837730357673796,0.7397551703380263,0.22059751556033708,0.1501913861454138,0.07616575172651006,0.08917267630362861,0.11041235828922312,0.12994713978960917,0.07300971685345926,0.08604634029686797
2020-08-31,0.28390178123945875,0.3025933627032132,0.368894812595948,0.276838332056843,0.3038032135144924,0.23319971475032938,0.33133738583666494,0.32222074312729193,0.41449116943168496,0.31978393528451393,0.19058569031878253,0.06113816705272163,0.009887481990186629,0.14531805211910656,0.1547505182265468,0.07526484626690376,0.06903294716098805,0.212949984785788,0.5297536128326374,0.6293987240796411,0.1980889901858843,0.14301001112340442,0.07358433327353564,0.08632413847927974,0.10548161776249107,0.11986699805869055,0.07297496332946402,0.08070661503663466
2020-09-30,0.2728456524526272,0.3194290486771758,0.3443791743834389,0.25206622123710626,0.27586656972659923,0.20718077342436628,0.3103250766328563,0.2990836608936533,0.36955781529674464,0.29126379189768653,0.16815791234576943,0.05331970738385254,0.008451843203632223,0.12635649146114733,0.13636806049637473,0.0648955844404581,0.05940991976058147,0.19581220099966756,0.515638393761896,0.5681339407599583,0.19407680802305569,0.13463556907130678,0.07009627766901985,0.07541337300107921,0.10771283836740246,0.1154612566274126,0.07022600469314474,0.07414053065382166
2020-10-31,0.25437736461136073,0.30426499776821403,0.31269090227970603,0.2303817390969987,0.2465551217551617,0.18057184209960409,0.3042705718490582,0.2755852447148241,0.32397493010271405,0.26582698947429917,0.154311781596016,0.0493661929688344,0.007197059284200192,0.10790592290279179,0.11928999525195841,0.05635497306715311,0.051199646756567914,0.17801561859409296,0.4747600611011069,0.527532755651163,0.19115343644053798,0.12585965581057926,0.06743324647002655,0.06843956817616492,0.10372776164163103,0.10913217921147216,0.06659398203548898,0.06980169545407856
2020-11-30,0.23471715803033355,0.2907563859994395,0.2990215926286564,0.22227330624607164,0.22743966533165225,0.18649131941166794,0.28155738958225435,0.27426521083220523,0.30517525761047043,0.2441624384261805,0.1551709358317312,0.05041551203292915,0.00626142289521164,0.09928094564545963,0.10697942747495597,0.05078564533335585,0.04777446004842959,0.1879904009574658,0.44349034454251873,0.4921784325819848,0.18010488678175215,0.12002317734229428,0.06444582521777314,0.07389134630096285,0.09692240281885134,0.10437226219303178,0.06869804240008945,0.06527714185973431
2020-12-31,0.20139634626202033,0.2499924431217137,0.2674626310107889,0.2002385847787188,0.21143900200201982,0.17544564216518985,0.24968259854892277,0.25059065938843483,0.2670978585032378,0.2123389608777695,0.14071016110707005,0.04540860212645402,0.005570805330379889,0.08593166512680259,0.09098559903698762,0.043808194597385414,0.04145762016439759,0.1746633026308668,0.4124807012354981,0.4238373175402173,0.16162807550780448,0.11044052567355435,0.06340929797887757,0.0652909704621839,0.09704428865455189,0.09784372325379169,0.06558783821369488,0.06188695482271492
2021-01-31,0.18923718010162288,0.24032101428302946,0.25797950370835276,0.18842528556683613,0.21377156208883133,0.1714996010533037,0.23590922131825237,0.23881816389171615,0.24699316101491167,0.20240173638608389,0.13484057946106173,0.04395258768460497,0.005008440576116581,0.07948319058724153,0.08016490097024552,0.040711780414546456,0.03832988165528133,0.17743967683614134,0.4151217862122299,0.38556805439713016,0.16213975503088093,0.11409698884856405,0.06437655113348931,0.06158841795904426,0.0926483593009362,0.10141497924470132,0.06316308478317412,0.06260838784535078
2021-02-28,0.1819927029387328,0.2376040763173626,0.26105709314427283,0.174961683947531,0.2163756915759713,0.16659190577839827,0.21345910824500025,0.22445892736724743,0.22945708493571237,0.19208012957035622,0.13272977931245009,0.050035913434153374,0.0055332555244226155,0.08101508597584063,0.07306025318301074,0.04631829290693491,0.04050388929616968,0.17360100003645934,0.42599992804162784,0.3547794692362453,0.1582870912593158,0.11179861840382897,0.061687364472586756,0.061008024459691064,0.08591256208793287,0.09885272470318762,0.06440189194260568,0.05883656423299261
2021-03-31,0.17521525467100518,0.25315018370542636,0.28533708745555497,0.16206541105156905,0.2337469684260098,0.16324506523365306,0.1901817034302897,0.20145609909583959,0.21830698559649342,0.18274625489116092,0.1467806290050377,0.05332921338050397,0.0053667916209708955,0.0824643652980166,0.06992957409480038,0.055124085975639885,0.04177617481531179,0.1657666875386899,0.38346847781154114,0.41438424749888664,0.21259416050837304,0.11526538749264803,0.06491502071819888,0.057510776290742714,0.07963874373201374,0.10740402968818118,0.0709136977523276,0.06056847604354908
2021-04-30,0.15723875061524056,0.2289067999284053,0.25792750230162526,0.15167005317221346,0.2058207330223129,0.1570496943423994,0.1753217075518944,0.18268289413369967,0.201927885793285,0.1705363788737206,0.1381482076470946,0.05159900380767871,0.004923631191481881,0.07637372322806606,0.061263468575737175,0.049462113438672385,0.0390441467364261,0.1548355896805425,0.3418213018502275,0.37669448825481794,0.19121290897843052,0.12310205478705716,0.060285425518919834,0.054903405556012044,0.07576971141867703,0.10121362756258126,0.06662761966008633,0.05647352676564512
2021-05-31,0.15308546007400398,0.22220171637084937,0.24957177571654593,0.1527537591816702,0.19996438077174836,0.1661964988199321,0.18126623836685204,0.17304242240184764,0.19471781287453638,0.15903045855489262,0.12685754483593237,0.04795400199606725,0.004556442217341956,0.07093391817386621,0.05529344734651956,0.047475817955190854,0.03627153352641884,0.1441303810619336,0.3197407594330617,0.35479371606259913,0.1910498904049313,0.14810303592899843,0.06329237844954277,0.05408092684112441,0.07530613131397881,0.10012116104386723,0.0665614480295531,0.05961389878695896
2021-06-30,0.13632708669205365,0.19570783509412543,0.22638643147243498,0.14210083855924643,0.17986426188634483,0.15385628468990548,0.16706170422033528,0.16571656211118227,0.18096289008176686,0.14483788391001676,0.1301933529203868,0.048463893450609544,0.005163978623726604,0.06665417273533293,0.047596909812204824,0.04866284634381593,0.03528347069935037,0.15134890686540056,0.2949745827969988,0.3066833487355464,0.1783028800440339,0.1714533278427658,0.06242892957545605,0.05242096773006371,0.0718785992244838,0.09845648006899319,0.06744133534057517,0.05848323644720677
2021-07-31,0.12947741930020826,0.17443247904699397,0.22577615480779337,0.14094430274659936,0.18841185636911517,0.15327389898346014,0.16492022851291477,0.16844881625228747,0.1756941252532654,0.15100622789660556,0.13627103521490622,0.051463537031692014,0.005333419632611222,0.06243792017985542,0.045199314488971076,0.04537749401388226,0.035539424686502105,0.13488455322201004,0.27188765651451974,0.3222050280711921,0.19394008928129222,0.1810491972984565,0.0584577604676657,0.05609531224895364,0.07100892257536572,0.09234510167755272,0.06717115995305195,0.05551171036151717
2021-08-31,0.11780146891024693,0.15693804201246267,0.2153041940047368,0.1277009826498762,0.1803430583841267,0.1429177127994241,0.14678945323093354,0.1527010458500033,0.16671615380014101,0.14753365817633787,0.12763659327567903,0.049301667049184345,0.0051193568559730574,0.059218800100488224,0.041189282478385915,0.04348541455642521,0.03350429181610207,0.13914866262297848,0.26294300023838546,0.3326267323114974,0.20742232424474155,0.16886099342871497,0.05491729239003806,0.0525994594457176,0.06960939351948334,0.09619175655849938,0.06713530129438845,0.05373942110206002
2021-09-30,0.1223636989396002,0.15792871355227406,0.20664041799467284,0.13345622675599136,0.17724215766697846,0.15302741626283684,0.15385384814304215,0.15280741601073783,0.178051466976629,0.15350853074023757,0.13529963521482022,0.05085169297821939,0.004983300176404495,0.060761210085035315,0.038414658170625414,0.041810025441824404,0.033832009301624284,0.13817335206069092,0.2658851649599089,0.30395694766969306,0.19179902301827145,0.15394702753058356,0.05267881731129155,0.05393131356941131,0.07235953969719161,0.09323465269171083,0.06533836026659823,0.052072668504294595
2021-10-31,0.12186593323323146,0.1542420502882847,0.19409402982338883,0.12423027893642909,0.16585990509584156,0.15208236456336063,0.14247809505484876,0.13666553061134148,0.16351772699614706,0.14545617040651934,0.13740248902511676,0.04989313774993897,0.0058055382997923375,0.061949409616907494,0.037811960786701,0.044400167541045525,0.033842622718150375,0.1340268994756244,0.2539879901020858,0.28072493791576814,0.18207462417737463,0.1409851519141205,0.05021288046997129,0.056298092504880805,0.06664284392245,0.08702359024558144,0.06233204206047173,0.04925237333589121
2021-11-30,0.11923591390175593,0.15471031660004916,0.1972748329303205,0.12662290282852515,0.16653025321030682,0.15179943269795718,0.14650035601211941,0.14078410576563838,0.17323903838736543,0.1494768526542372,0.1537294911286895,0.060352690566496024,0.008925833613163885,0.06893121370603243,0.04159641166741681,0.049132777488840436,0.04020882903379018,0.13427915600183507,0.24019037066416202,0.36523948891051655,0.21494717937995575,0.13349147018782342,0.06032487126259315,0.07270265585397336,0.07002577203056959,0.08582607374112565,0.06678172771566142,0.05656544726695435
2021-12-31,0.14021879614966784,0.183308964945043,0.2177837675889848,0.13027233353305304,0.16011183484648023,0.148293448396845,0.148119029179924,0.1432833738350781,0.17125559938681734,0.16926790987327087,0.15108729161362075,0.057897462061977996,0.009047575692290036,0.06563281127724699,0.04392253012399854,0.0467836995670366,0.037474773682035105,0.12246220526934606,0.222158502090577,0.3608416928626841,0.20691618571477643,0.13449987208349057,0.06013199660514937,0.06533262671730883,0.06662404639265788,0.0886017300833777,0.06437075299501924,0.05374358858284444
2022-01-31,0.15416619500121315,0.21277961850553256,0.23173594584454021,0.12786662465460288,0.16642011153848266,0.14582394104710036,0.14624307818567536,0.13749331701269596,0.1789453807906437,0.16732280937927932,0.1556774969022971,0.06096364137054406,0.010382274525659055,0.06892493810750061,0.04541673468520537,0.05485507278099002,0.04182317112415577,0.1269429085958857,0.23422119081353762,0.3284164350724055,0.18620089353873004,0.13049948777533096,0.06496124333927536,0.0632862212162504,0.06376553172916964,0.09189108082460139,0.07053025189533446,0.05751388998645788
2022-02-28,0.17946086324441776,0.2564825884445931,0.24743186936883022,0.15255873553131838,0.18482980755523273,0.1610256459906169,0.18525959112502377,0.16818596732115035,0.17972498223123623,0.17511364950144523,0.15249980475301397,0.06510845974607529,0.016015946015059047,0.07638237604119368,0.057152398307402506,0.05862701803095516,0.047132699721239006,0.12409812277899787,0.22436215402872098,0.30272216360017906,0.17480111046693902,0.13961317565646908,0.0694246067791644,0.060378247830844396,0.06229177258297214,0.09104303034482983,0.06679012038702288,0.05797974871637881
2022-03-31,0.19476613721238115,0.27865075880778195,0.2571421737497569,0.2065644540888857,0.2583006201092317,0.1862190884363095,0.3098677751652236,0.2051373001601297,0.1957114017975727,0.17531892443103778,0.1829616937000491,0.0849932233709234,0.018687834330074683,0.09604951074795987,0.08195676636111414,0.08592588958497935,0.06150823997384601,0.1581950761865095,0.23877312541340978,0.504428300865172,0.3017673585882993,0.15578330090589354,0.08024654570762342,0.07494976354361631,0.06779991696498405,0.09539933132049513,0.06725038767777537,0.06312343528540862
2022-04-30,0.20647779223642135,0.29297902092348876,0.2544352826845532,0.19981890594490023,0.24370020397336967,0.18981308837076227,0.29162217427966386,0.19773373882617618,0.2033579396807198,0.1874901935774417,0.17965854995477326,0.08561129477453613,0.019502249916384204,0.10469286547530113,0.0870212981817652,0.07935164168361479,0.06434329252728714,0.1488027365327609,0.2304619093487524,0.48258550074905854,0.28248692541718096,0.14557166278694236,0.07929442531394244,0.08825971194270259,0.07428458068913238,0.10204491622377918,0.06555191323323639,0.06369065096782968
2022-05-31,0.2498479888730183,0.3431852389737748,0.2937325911341994,0.21508721428728123,0.2501252895157315,0.1935838089856375,0.2918941647718039,0.21613747353841112,0.2328736396130993,0.21962668871427532,0.1901069234857453,0.08784405480975399,0.02021070686295136,0.10861876183543942,0.10406215186421092,0.08575247826462765,0.06786851762610678,0.14557094137433946,0.24724817818034578,0.4630211435125321,0.27573474540159604,0.16507942584111376,0.08905161887554905,0.08966507357837447,0.09297695156481044,0.12124646708515575,0.07911469661114995,0.07258170300395764
2022-06-30,0.26547194979183875,0.3515841915823767,0.30596163682084127,0.22675856230025962,0.25160643911931435,0.19398932322813353,0.2917698016914108,0.23759671718546535,0.25423494247535877,0.2424222418131628,0.20233514343935252,0.10020263917002863,0.02430138970310321,0.11643718905074503,0.13082664046574088,0.09296697965955812,0.07770345171061364,0.14639899375576762,0.25033142036785994,0.4353754619176108,0.26291011989345564,0.16812203366316128,0.08976816360473917,0.10672764347782947,0.10688661301885767,0.1294983658365105,0.09685720958144649,0.07914635863587398
2022-07-31,0.2501638668764914,0.3353412209132522,0.29024355200791624,0.22182672103775025,0.233253834565895,0.18432367078612258,0.30109719996984646,0.23202919620065648,0.24709650346227852,0.2430066787533628,0.1942025947745141,0.10227156946622094,0.02464559649186318,0.11463533314811938,0.1317799624790594,0.0936474044060716,0.0777433127653136,0.14480764541426136,0.27146937009885874,0.45782109526904036,0.29982059418702556,0.18887668705940666,0.0951030124345825,0.10736885622666745,0.10409279054783933,0.12495533911710398,0.09082865642693862,0.08335699703397331
2022-08-31,0.23639205672670247,0.31477423749119715,0.2746831238174614,0.2074586064481411,0.20928108478029842,0.18456834466198346,0.2896389064337534,0.2086973541620497,0.22849751881392238,0.22893893622943237,0.19461895123811507,0.0996879377557504,0.023635864811851596,0.11654064977072215,0.12969591846924997,0.08660606334005633,0.07696102361473411,0.13686409965682275,0.2672999076969294,0.43398427538173007,0.2739320824502819,0.1776836621563203,0.09155108178849332,0.11181658789072096,0.09977557479444966,0.1276329162930785,0.08571606873889231,0.08232524770978931
2022-09-30,0.23776797414909218,0.3069990920430782,0.27767322737183353,0.2194921628786263,0.2087334769909038,0.19402778533111048,0.3022627894784025,0.23460590332154982,0.24669113716533245,0.24398322096318095,0.21132017554230142,0.11235706868915245,0.024796476656519375,0.12900459222634417,0.13519693559594848,0.1011421554754603,0.08602016161562998,0.14257706600425846,0.29275094790164746,0.43351705732232454,0.27469863467514766,0.1692394718350336,0.102807850982264,0.11130226674958825,0.12969685430253103,0.13255863069055057,0.09377496489886032,0.09408545818683679
2022-10-31,0.2534009639399168,0.316775668590931,0.2891037590959682,0.2317701245049471,0.2274580985746846,0.19850002255017501,0.31361924395941926,0.2504226093164542,0.25325211063441083,0.2623721677850702,0.20885788352318818,0.10939265412452376,0.024279764847246265,0.12786682269728536,0.13708158955853325,0.09524956522242578,0.0836365955492888,0.14720870686036677,0.3286623517333797,0.4088237259226085,0.2554693436945745,0.14784071490899767,0.10833131444406632,0.11087154042865767,0.14478646560179323,0.14349603144547404,0.09763151804540404,0.10101760658966384
2022-11-30,0.2535545249507555,0.3239461448095554,0.29121383495177994,0.24684694293024656,0.24335010189791054,0.21872000083263182,0.32583675028817954,0.2560749947208297,0.27874883309487886,0.2625495332228162,0.21254448863888775,0.10817305730956103,0.02423564572113922,0.13580243317886692,0.14178048908810367,0.09465465639285577,0.08728724309960638,0.16044829314165945,0.33836784064690223,0.39789790435702577,0.2462957754450948,0.13347590210620683,0.1180400346077738,0.1334913614906165,0.15939364383206622,0.15929380821897077,0.1168340382246884,0.1150104419510783
2022-12-31,0.2422822450083936,0.3117388883642116,0.2764909393002458,0.22556600392222542,0.22697575311957305,0.20530768239026015,0.2927730384225436,0.22900453584609837,0.25997162055565104,0.2473315121287744,0.21818264627215242,0.10600746013060476,0.023732491919983393,0.1321247120726481,0.13645876899548595,0.09431687955878541,0.08598231278670751,0.16059596058744846,0.3464969342789945,0.37502708243258803,0.2331405714292954,0.123233565722747,0.1062427222644566,0.158566905229887,0.14666205869485832,0.15254393927153156,0.10698195114913336,0.10679868186442179
2023-01-31,0.22281186700205832,0.2912605523931468,0.2531270186794864,0.20424078608862875,0.21525101955289613,0.19342894548148418,0.2650875016962618,0.20294801593452733,0.245929892273504,0.22774105186335283,0.21423316943476745,0.10466683186575236,0.023187478517449987,0.12488650458530728,0.1231959378007634,0.08986593169551563,0.08388726299287609,0.15248541470456092,0.31637666221371635,0.3600302522184985,0.21722965124468843,0.11824288415903654,0.10094502626631313,0.15353439220786924,0.13293736520296695,0.14701708980122552,0.10226581779479013,0.10078337085596945
2023-02-28,0.20841105367171886,0.28214852715159683,0.2424858967693967,0.18787748944233143,0.20280100891600422,0.18106151066217843,0.24796258988127254,0.18458005605307226,0.22740507387925035,0.2077357852687812,0.2019666506088673,0.10024330752609864,0.023491035839656543,0.1216903570143421,0.12233131680360271,0.08401299107180576,0.08184438769353942,0.15030127055415818,0.2992111267637131,0.34620096279643897,0.20677901978958882,0.1171926790828591,0.0966166653822833,0.14517209548345947,0.12647527621338028,0.1433041431587083,0.09916566219690365,0.09632618345723887
2023-03-31,0.19863455512117156,0.25869150927321477,0.24562620842135002,0.18858239851813127,0.19316224852907743,0.17334597240642957,0.24314628233848995,0.1939818531441179,0.21484820980219332,0.1981063560555219,0.20452615231980292,0.11305434837723292,0.0381355368762255,0.11343157974649883,0.1137535933113094,0.09346125610813781,0.0853803541940423,0.16878586670617898,0.3077921939154549,0.35346807931260094,0.19569101950120038,0.11373796351763574,0.09773798634186341,0.13685016602148461,0.12172669596550569,0.13421811946052847,0.10395934442414739,0.0936705842857829
2023-04-30,0.18254987164168962,0.23902094338113264,0.22959472646602325,0.17007750909097394,0.17856885091852448,0.16179450535795223,0.2148243280135527,0.17403349053946138,0.19725616353288628,0.18310333625294167,0.19087321999702592,0.1061775172429187,0.03591556639690897,0.10292607306787449,0.10247556344972243,0.08508453424232863,0.0796447156645651,0.16010028742964366,0.2815211651422327,0.345748561537221,0.18086008283863655,0.10853680418159878,0.09225841545723962,0.12407981796500048,0.11135958323402013,0.12980781214869627,0.09659184406635984,0.08612039911224743
2023-05-31,0.16782269895340857,0.22243729228999953,0.2152829468203735,0.15764385529633002,0.170377604376766,0.1482973270542029,0.19353514278707912,0.16416603211838227,0.1922165658196703,0.17916869477230773,0.18569736138999798,0.1024199859665223,0.03330532657134175,0.10094305337147341,0.0928827115375373,0.07760245287831091,0.07774716927236118,0.15288629736891174,0.2735952347911685,0.3540580406990317,0.18578606989362348,0.11257350168662666,0.0825854699962908,0.11984781807766062,0.10036536619401104,0.11935834516820404,0.08782360904042498,0.0785778091566975
2023-06-30,0.15194636669201594,0.20659523382418693,0.2143684911257432,0.15181680263685765,0.16555214816505603,0.1705111714989356,0.1824702841717745,0.15310573350686774,0.19395296801440515,0.16808078569801796,0.1733575765204458,0.09679113050884026,0.030549806437390387,0.0933576098741795,0.08364959920828303,0.07174357014062555,0.07365812660007462,0.14146842592904285,0.2679407529602046,0.35081023856096616,0.1846310720292362,0.12731538735074852,0.08137494958759864,0.10930568558886553,0.09454710970761787,0.11801178179218565,0.08640458362870747,0.07874262309777878
2023-07-31,0.13691322913271803,0.19284225012850525,0.19945829033696716,0.1471117862077716,0.1715995450576363,0.16053293144930453,0.17986519334511727,0.15386894927211978,0.19051889673966227,0.16126538893557923,0.16472316883076282,0.09387085595458511,0.028394857818698337,0.09516041806995493,0.08148364127910845,0.07029392346597518,0.07216367350647823,0.13317193401170532,0.2705693289956473,0.321472171085603,0.17122523180182164,0.1273738747969613,0.08376390069658146,0.11268921152519046,0.09487300702687228,0.11632599133417389,0.0898669172600761,0.07901852791525094
2023-08-31,0.1338349911255135,0.1910206418423088,0.18237213917027428,0.14391951126877453,0.16476940529504708,0.1558984609595947,0.17113629344584275,0.14461817564715038,0.18636845398090632,0.15644383513409194,0.16912833293031299,0.08999694309824867,0.02503165400176465,0.09529440303460644,0.07529434547073052,0.0682755711356999,0.07083920209034515,0.11799224800916872,0.2591439332664622,0.2844358676107856,0.1511983756415737,0.1176768072366088,0.07491951282405107,0.10315964149262549,0.08438656602520415,0.10889828246863249,0.08034260471288314,0.07160118031977249
2023-09-30,0.13001172310557527,0.18123985347593985,0.17467443533687044,0.13622550182126394,0.15754591435047735,0.15102689099343256,0.1614527060412528,0.1357967335446873,0.1870145914350885,0.15524999171684858,0.16756650886611835,0.08247717114040237,0.02246705527061142,0.08974638920806655,0.06962636467291214,0.06444246079443323,0.06690943092622416,0.10970839195854537,0.23948027015294715,0.2614806352320536,0.13402572414169053,0.11067552050485899,0.07224557760190754,0.09401811774234684,0.07714813257529617,0.10155335646702475,0.07436116725794703,0.0669597083868009
2023-10-31,0.13311679991326725,0.18407233936682516,0.17967051201792084,0.13824073763483227,0.15385715484241003,0.15272010860953472,0.16249272852639754,0.14131562886658486,0.18790834645247095,0.15713213006608323,0.19385903544392374,0.0893827928474493,0.021797157155594483,0.09777961182888528,0.06901792360655767,0.065964508063481,0.07369249673871267,0.1282179363795828,0.24764607290964066,0.30207123543099085,0.15449418768433293,0.1077591655973577,0.07121839628237787,0.08374644882483878,0.07597390294140366,0.09857645829636787,0.07014163052246318,0.06462204785757135
2023-11-30,0.13090148815223293,0.17569739332395135,0.21068784409628832,0.13904335412722518,0.1574755982162111,0.15687109362556062,0.16597609924841092,0.1370964532894224,0.18624950069878882,0.16472289593759662,0.20065855573550995,0.09422696334080526,0.022565516997177744,0.10426795664736234,0.07245114257854521,0.06686014372766592,0.07879250119910448,0.12351231123312795,0.2437865881245235,0.31481938371352075,0.15995834201988862,0.11561512565096364,0.07483117447397536,0.09051366282643274,0.08336520845676752,0.10388022040953056,0.07122018837886042,0.0699795062006744
2023-12-31,0.12205881362985166,0.16090459428554238,0.21792313017446718,0.13297490286403096,0.15340983759343466,0.1492039206149787,0.15376467061670218,0.13836963986134834,0.19255552919661517,0.16377639608488495,0.19864859789323763,0.09271935422710127,0.023179515379530315,0.10308545502905506,0.07147306597270592,0.06943499933698989,0.07795843407559426,0.13414069072248197,0.253020218008359,0.31826905516285814,0.16092678042586428,0.11609342228825958,0.07717251689739625,0.10795963085730834,0.0833159688927493,0.10408070045307417,0.07378741735135741,0.07250954234331519
2024-01-31,0.11407740183377751,0.1562070687241513,0.20968942542455438,0.12732438134689764,0.15222489624805383,0.1472085239179604,0.1485480319532854,0.13232410079971915,0.17897218185398572,0.1487919157551637,0.18269415296427488,0.0847027705575092,0.02176584360324601,0.09562061914845899,0.06693646635551655,0.06376063095146385,0.07171192037615857,0.12393876078056412,0.23680156511434086,0.3050642616663307,0.14948308230217142,0.11809422180634987,0.07078176362633166,0.10407323836945782,0.07641904568289991,0.09735823757854303,0.07433666034848543,0.06658571896959514
2024-02-29,0.12045684933609634,0.1623565679269875,0.22704336065058858,0.12245433527649952,0.15032534981197732,0.13446301847505937,0.14509238668762198,0.13426904755568828,0.17468253188354596,0.1588169987794731,0.1783907503346543,0.08573576610892443,0.021994704219275858,0.09183067468117155,0.06439109223678044,0.06206574472030511,0.07144477630871443,0.11478251730632454,0.23380326452845124,0.29040989533194905,0.14071039563691437,0.11328924255107924,0.06542095437921974,0.09694953884306598,0.07055327254281687,0.09281315076863544,0.07359160043148422,0.06323496261393573
2024-03-31,0.11400677395083902,0.15890268473325822,0.21113678927783902,0.11441621946748105,0.13895251455098795,0.13865990509611822,0.13493276145073846,0.12139612599179818,0.16961129264321076,0.1470359108053957,0.16183854028907638,0.07795656494080114,0.020026303273531883,0.08315345344743098,0.05815897581902054,0.05739717587584724,0.06494241622762444,0.11717081315842189,0.23817202216686717,0.2655867501404917,0.13040445507419976,0.12563894844785628,0.06150534741755363,0.0907931187143233,0.06781577047047505,0.08789284936291919,0.07153862346371251,0.05990813046907008
2024-04-30,0.11804117159644327,0.16504104215460647,0.20198161879572357,0.115705282762367,0.1382577479222631,0.14326899285387534,0.13792057186241513,0.11681401208124592,0.1669552638807246,0.13789162091513052,0.15715536708929392,0.07770338568307586,0.019847341094115352,0.08306962882432836,0.0570412411999873,0.0563568411046049,0.06464454135582523,0.13664959725481293,0.26664001946543286,0.24073486088775667,0.12034369712315507,0.17173362197988729,0.06156206134997753,0.08779741072626213,0.06857027544493693,0.0899686549449386,0.06819547624317769,0.05934995080818218
2024-05-31,0.11461758563859564,0.1570298313470688,0.19107935007923066,0.11768706384519259,0.13654711694655758,0.14899672674083209,0.13744537653661293,0.11541055399001898,0.16827937551919742,0.14133859725502954,0.1471584019770109,0.07300355151456694,0.018500692050983467,0.0788219170171438,0.05621569970486984,0.052789129170465514,0.06110115842067983,0.14943018788235415,0.3217721268971291,0.23475496080099165,0.12846580982796799,0.21393911124599813,0.05733870899003247,0.09635796368396074,0.06265131904178,0.08882723559224469,0.06942990192184546,0.057829070320512196
2024-06-30,0.10393041692007106,0.14826380241139325,0.17926969704364001,0.11885791809671561,0.131933662845756,0.14507340037961117,0.14655336148101014,0.11775842666961048,0.1596823529403572,0.1381382880012475,0.14922697453607284,0.07338183121422225,0.01797593937671348,0.07592614914347519,0.0513767204582064,0.051561298655854855,0.060327891440622644,0.16163157617601978,0.35002191121591086,0.2384414965723256,0.12901352254151255,0.20739140343986784,0.0573101126525684,0.09010376164955436,0.059008408215351284,0.08341303281471346,0.06939944926627518,0.05709706485727425
2024-07-31,0.11517216023113698,0.17448502813958483,0.20145401675960461,0.12144458851276003,0.1325072895188911,0.1508966588025892,0.14881253954143372,0.11491508144274276,0.15555685635631528,0.13200375087374075,0.1471384475125023,0.06903789256671448,0.01659473040502232,0.07416318792985056,0.047101023442016186,0.047874042091696455,0.05732789158276697,0.1600090003984293,0.33084088166872877,0.22543164888036824,0.12285191460183612,0.19780656535840427,0.05240758844286372,0.09599782661090653,0.05632572842304594,0.07688289898942355,0.06835941102356315,0.05276787690696266
2024-08-31,0.14096601289901872,0.20415832270552178,0.2288188075066524,0.14339733981834743,0.1552379808544925,0.2098424821894631,0.15342409711977653,0.1301695122342447,0.1818319870299847,0.14817468652062704,0.14976668387661066,0.07173532173595308,0.01958571422581542,0.07161133131843297,0.046025376323390654,0.04710615412009367,0.05782211358991516,0.1575562072948974,0.32175221034527707,0.266507434734377,0.1389674776202292,0.1852135552506005,0.05914305710107259,0.11976418665563852,0.06326833029335271,0.0823406126202521,0.08049792482559892,0.05995850894460941
2024-09-30,0.1388745906053767,0.20394039273598966,0.21953598816533904,0.14957759662177014,0.1811007149191556,0.222280992853588,0.1577323033659677,0.13036958740067928,0.18711630511709948,0.14361012740524215,0.14076598055231243,0.06586236487198105,0.018398604476483393,0.06591380342135807,0.04236253996830659,0.04441018638071161,0.05262253104607066,0.15079779358552808,0.3340732464572194,0.2926933601917039,0.14950497513990582,0.17748965269925387,0.05772525667496244,0.11859084642703775,0.06482812234911697,0.08680856993407424,0.07765965328394799,0.05853484567970772
2024-10-31,0.12494038810598411,0.1838477042231989,0.19962343898828694,0.1386173090474968,0.17698973000967738,0.20334450261298423,0.14795816950230264,0.12497271671961521,0.16579089427202998,0.1269560319539872,0.13531768554759674,0.06417890085408222,0.018375736793757636,0.06590802272509566,0.04033479678865241,0.04495932929259812,0.051672992458366686,0.13838424011995967,0.3297301689704043,0.32992528291972734,0.1690815947893891,0.1691298509790389,0.054493336158529054,0.11616804581580384,0.06323062135352936,0.08292848548614455,0.07129526003773208,0.055252704206838525
2024-11-30,0.12809557461250873,0.1828116676982501,0.22149011806491864,0.13561197406821823,0.17330856613940548,0.18292852869196619,0.15936196025040855,0.12656989174650116,0.17042379133246016,0.12764514459572276,0.1511329149668413,0.06740562548723879,0.017517338678757474,0.07414486803548026,0.03896518072896161,0.044577417879484604,0.05461929472896836,0.16813699561222245,0.3241191623149064,0.3171780890727692,0.16729157187442606,0.15543223754625315,0.0711337370025766,0.12133259866040166,0.07066141620702546,0.0916983160066113,0.07907928948691753,0.06921077456208573
2024-12-31,0.13495289052294565,0.18853021440709755,0.21778234520273165,0.13171622079227216,0.16373242135999447,0.18097747008688495,0.15226357117128989,0.1227316666998901,0.17325986578296307,0.13271144782965527,0.14562422170321382,0.06475432878063582,0.016098560203810452,0.07364211286329879,0.044118357388901276,0.043294685415975157,0.052927378889013756,0.1604305962758505,0.30099718098442724,0.28604996733339855,0.15157200516929173,0.15388379717250622,0.06906331588143164,0.11521552962520218,0.069753436610353,0.09090731521133316,0.07565768714926248,0.06636200316086771
2025-01-31,0.13567568866865723,0.19365441163447905,0.20288342357650563,0.13024288679343124,0.1605105245727109,0.17591272428443144,0.1526428676884021,0.1298633506732677,0.16845252025906973,0.13083914994740592,0.13640088909549072,0.06365278195070974,0.01524341780051754,0.07172171870487515,0.0435822931060499,0.041699965592248055,0.05189780601523523,0.15315070043570042,0.281818412388641,0.28312297777045214,0.14800754293944762,0.1460748988371669,0.07559288952729412,0.10625039753343814,0.0803704142905511,0.08850509755652512,0.07348399702026404,0.07025128660455117
2025-02-28,0.1323983918940684,0.19154424538329878,0.1957584898188398,0.1296034321531293,0.1584010989673531,0.16773850709672236,0.16830413808035902,0.12203635292485064,0.16691618574573366,0.13774158174772191,0.14071764840132026,0.06465061710926437,0.014917231719905923,0.0702713020765089,0.04106791517410449,0.04274564496170411,0.052497780749332514,0.15092163171180847,0.25853435902167793,0.2718159017122674,0.1433986730535564,0.14357914472148178,0.0765443839832924,0.10493821954163376,0.0773113691775549,0.0884347831925866,0.07417146851534738,0.07114697027785546
2025-03-31,0.1602982912835709,0.22053791015459576,0.2075359435040233,0.14281209529849684,0.17000786380039434,0.17367007367806728,0.19583580098159822,0.12790407397356363,0.1716441182151929,0.16069453539303405,0.13467457059807073,0.06375417612368968,0.014841362112961304,0.06665200305154412,0.04396929662320299,0.04461145786466807,0.05072370403777388,0.14320146489273525,0.24816881938286212,0.2526020745485873,0.1275398704160949,0.1346088682971247,0.08223222854272426,0.09786317189882762,0.0739167226402382,0.08695389505539251,0.0712595454733933,0.07209676993995728
2025-04-30,0.30763473718651396,0.36039249330652195,0.3062875596928837,0.24573408763348348,0.24810760978394433,0.2658533416620305,0.2818435098655894,0.22897368692860182,0.30211180843049706,0.23207659438602296,0.15624743993638432,0.07005816113357141,0.016101197151108002,0.09194741375674548,0.08497042020484512,0.05601245361142408,0.05864688190681978,0.1991286143395134,0.292420415939046,0.3415057707499188,0.1812148939810488,0.1691337650840562,0.1005721500958109,0.1208948812964685,0.08580760449619491,0.13290563732216665,0.1285982717603902,0.09240829197039316
2025-05-31,0.2752240522365301,0.3223453589055427,0.2856459093572822,0.21566919947133278,0.22120092258542093,0.23972563278905695,0.25309881356085645,0.20285962629887563,0.26663197997109966,0.19978317879992716,0.14866257632124938,0.0691657452073184,0.016692065986305245,0.08712225984425262,0.07742165649044587,0.05454761256478292,0.057031604875024705,0.22197806015544883,0.2738429998342798,0.3285214751023605,0.17160746041229427,0.15471018965688246,0.09893423600164572,0.13170822671583365,0.08395774589885392,0.1280779910584513,0.12350218227171869,0.09304008584349786
2025-06-30,0.23949695387747547,0.2809576674213167,0.25683160102095953,0.19384390663073678,0.20502120344422786,0.22123923872582155,0.22881309085303803,0.17932311379172738,0.23829928349541538,0.17635447197304394,0.1418257769430465,0.06642094822200442,0.016164551490668262,0.07992574791618975,0.06723258257047875,0.05105151350494573,0.05436576933013148,0.20960029430993124,0.27645284874227993,0.3920013848922889,0.1939063271073766,0.1451088491616474,0.09034998462227584,0.12102113445830998,0.0804842293612856,0.11558152361613418,0.11304462949355544,0.08598307214464204
2025-07-31,0.20270744644841182,0.23775824096052883,0.232530141673842,0.17914345567131948,0.17830564616040176,0.22177552451868277,0.2122137102570678,0.16340677486275762,0.2115016726140097,0.1574241459064237,0.1353920770173478,0.06256985136184473,0.015088080818114552,0.07362941396811043,0.05832494377894631,0.047610520550411435,0.05076340399453374,0.19076127791856293,0.2675860805280116,0.3557276422876091,0.1726896052616191,0.13699187627213352,0.08859096846798532,0.11141864648859859,0.07785683520406878,0.10851085277233784,0.10462014790951468,0.08352080128678174
2025-08-31,0.1813340273217651,0.2147656289980042,0.23151498890452982,0.1634445643900194,0.16522188904096563,0.20594047566681759,0.19047736685863723,0.14435581397276467,0.18928467919454087,0.14896581129969494,0.12355469246972135,0.05961551186087173,0.016612046547174505,0.06804363568395976,0.05302859618710269,0.046229340844143894,0.04826732976703741,0.1723444914754938,0.24664320365457315,0.32265357027770203,0.15523968514425304,0.1339011919470365,0.08740809986530623,0.10882458488217073,0.07251607879061658,0.09743112671010888,0.09683823603994367,0.0815246482023472
2025-09-30,0.1576725499448315,0.18738173436941682,0.21000288791596786,0.14639302599880133,0.1480304894334647,0.18604056328753665,0.17287103937299933,0.13352398359437323,0.17400547803531027,0.13450303633990887,0.12043768393039851,0.055079331306069124,0.014900863498964283,0.0642457523574356,0.04692166988970503,0.04228181706728977,0.04492096467711447,0.16526095630155216,0.24454182095410978,0.3060063184612014,0.1470807908409479,0.13038792353693004,0.08193047004243258,0.09915368326236904,0.07157550260513737,0.08931670360202033,0.09158905946894527,0.07724130338931244
2025-10-31,0.15130520408094553,0.1872574176852167,0.21051345196485768,0.13502033386349388,0.16591934782780327,0.19160473039877132,0.1557526754030538,0.12308699651367495,0.16141025515586147,0.13570260249622917,0.11147921894761119,0.05170420469389388,0.014444233296537276,0.058566684485666896,0.04576054023647112,0.03962503624162339,0.04134443804910877,0.23436676425258773,0.3193343157078725,0.29948980666900527,0.14709945282641865,0.12025676985121693,0.07336959202400613,0.09886595647645494,0.0664387134070005,0.08312086389433224,0.08402105313927612,0.07053366312496785
2025-11-30,0.15188459696645334,0.19667281932787434,0.22017501722999974,0.1387286004827912,0.161023574426741,0.1895622423376033,0.16337120016801887,0.13023922177346942,0.16346075446756178,0.14916344940070647,0.10324977566771447,0.04801472359651446,0.013175901931439667,0.055619125960562676,0.04266979280836149,0.03722885997714546,0.03814261967806195,0.2205941166423846,0.32651227391397625,0.2871314305118297,0.13933118333630562,0.12999000175252648,0.06605591415588383,0.09167610576869914,0.06537506498988323,0.07910075304702009,0.07791002515284465,0.06401837474564787
2025-12-31,0.13495332853624278,0.17889202625004336,0.19990485571161823,0.12347166865157025,0.14457131152251876,0.16785465856907972,0.14615242102658466,0.12085708279209051,0.15022791051548723,0.1369461460709147,0.09580308008673827,0.04458044968581115,0.01213859346675355,0.05208857211242645,0.03770928848486378,0.03460108700898159,0.0357589647060651,0.21607650431561967,0.4235674302787549,0.27504822120870476,0.13508511739967094,0.11506574399013901,0.05820850780518886,0.08823240620851387,0.062062351392071224,0.07274487008395891,0.07092621747333848,0.057733184332564906
2026-01-31,0.127385979313836,0.16685903587787998,0.1879108744866239,0.12411296080989495,0.14922048373998598,0.16675352652797729,0.14177107900672634,0.12027402762102798,0.14817506001980474,0.12530803086979853,0.0937664365494126,0.04202804697738314,0.01072831693374408,0.05002028530363745,0.033579859924957156,0.032841833651618496,0.033520806072536116,0.22788502967963747,0.5026772986590037,0.2896439249133746,0.1433849011364332,0.10334552585222678,0.06524815824405639,0.09227120506186676,0.06569893791267484,0.07541508811052834,0.08725289907206552,0.06366584678658317
2026-02-28,0.1285419372709082,0.17358488615605067,0.1917611871506322,0.12537979732938814,0.1636045788544669,0.17990947151703277,0.13754242286965748,0.13179370533300788,0.16126734403966134,0.15831172279543737,0.0922998235621605,0.0424615276953668,0.010810548938449543,0.045524594915486945,0.03042943069923158,0.03142711674137089,0.03275495810435963,0.34379672938786093,0.8486470653900635,0.30124348533468115,0.18385470943226714,0.0928068196513079,0.06370352085953404,0.09197206704901492,0.06708324157790665,0.0832639712375874,0.08382892449437929,0.06282077701070585
2026-03-31,0.13704274441647601,0.17889648865795474,0.20617286252098924,0.17565747730475184,0.2345780214437647,0.2259481824845095,0.19743548770171235,0.16836970383483704,0.20943322353719995,0.16813560009433273,0.10736536834182339,0.05303682432145124,0.014888223700893774,0.062371868528642765,0.04663117932210191,0.03842138149562098,0.04282886442357964,0.3546506704266325,0.7939667805007193,0.5077012493543526,0.22248874455235026,0.09109327077064047,0.06856065735152905,0.08838107076597718,0.07333886570486677,0.09495653948096419,0.08414068224680281,0.066174573034658
2026-04-30,0.144924975763042,0.18953790411149773,0.20443153400782943,0.18713432520839401,0.24991533507387215,0.23332445435402704,0.20873277223341974,0.17408392551442586,0.2040052776487178,0.1608888608309976,0.0976664006649754,0.050093447888512686,0.01455403468535679,0.059822290441521764,0.04789385269102722,0.035694452519462565,0.04076819460157313,0.32528149220023184,0.7129081537312456,0.5899562541799576,0.22280971575388944,0.09308194245210227,0.0644518076167197,0.07868833869431899,0.06944987669058697,0.09057261984289568,0.07831599999540684,0.06259988150742073
2026-05-31,0.13439695682815472,0.1836162519602094,0.2044054919370369,0.1888262821550883,0.26378313635463413,0.21930744816683526,0.21821690261817858,0.18532720767619676,0.20563822879894975,0.15565964879143412,0.09861458892396495,0.05165729188171207,0.014178186259935397,0.05965237484856179,0.0468736251766037,0.035257572577054856,0.04261356573709697,0.2953411665436895,0.6793915566239248,0.575124624935683,0.22657529371802687,0.11047206368871346,0.05945718710569332,0.08246571246217496,0.06949028972270324,0.088950859283898,0.07427225730209767,0.059813062359368695
2026-06-30,0.14852857525542446,0.23478346859371932,0.20677837325405765,0.18728201607384617,0.31437996450330263,0.23658325033309802,0.20797443543469835,0.17391604982402767,0.20168583533195572,0.1532559783214786,0.09540882921829873,0.05182308236632318,0.01536116651432632,0.056639965488567326,0.0442977841944779,0.03763219827426582,0.04188260117687415,0.2982304703412119,0.6457414980581052,0.5475910919709915,0.2200676162829339,0.11121311018828568,0.05856154203926592,0.07081596547613081,0.06717970228449933,0.08728991111552661,0.07334621681941163,0.057462858009416355
