date,SPY,QQQ,IWM,EFA,EEM,EWJ,EWG,EWU,EWA,EWC,TLT,IEF,SHY,LQD,HYG,TIP,AGG,GLD,SLV,USO,DBC,DBA,FXE,FXY,FXB,FXA,FXF,UUP
2007-01-31,0.266048691981946,0.15433628856191484,0.14246164496070515,0.1881319709332104,0.09774488514674154,-0.13738854253489388,0.15967758989310857,0.18303868550454788,0.12546881113747305,0.13079609158106462,-0.31457612838852367,-0.5488673461714453,-1.978846656136021,-0.5673349525809814,0.0,-0.5382844630625714,-0.7901329067869874,0.11457031368441764,0.0,0.0,0.0,0.0,0.3506245088539378,0.0,0.0,0.0,0.0,0.0
2007-02-28,0.18629898382084753,0.13176094357315585,0.12332132945731247,0.1507276937422485,0.07884019886184286,0.12896893990574207,0.1307631200019905,0.13983775389505626,0.10816850464478371,0.12264826791832033,-0.2778786342817487,0.4869341834182033,-1.7152659837048252,0.5314823004880028,0.0,-0.4622897753117067,0.7423013409033323,0.10251493813042448,0.0,0.0,0.09825851987405222,0.0,0.34700716185750097,0.0,0.0,0.0,0.0,0.0
2007-03-31,0.17338609750378686,-0.1332340099710419,0.11816358316171148,0.1322597290424208,0.07679049458061264,-0.13145344311617965,0.12050002636025275,0.12197080569331363,0.08327023941901084,0.12726503273565984,0.2906027309280071,0.5095490927143935,-1.6240480014797398,0.5492109003471707,0.0,0.4993120881660335,0.7774426248646865,0.10822221030188836,0.0,0.0,0.10671397910406304,0.0,0.3541200904203533,0.0,0.0,0.0,0.0,0.0
2007-04-30,0.18173434275601125,0.13956491841002522,0.12582428977746857,0.13920990987862733,0.0824720854773636,-0.13660506421321356,0.12250731433259324,0.12856312215103685,0.08679597389119759,0.12598220059752563,0.2884830533292118,0.5098209943293266,-1.5272750429231983,0.5429302680772177,0.0,0.4938202904165374,0.7605741979522552,-0.11020639899907188,0.0,-0.0710515346935088,-0.10697567264191801,0.0,0.35211457448821404,0.0,0.0,0.0,0.0,0.0
2007-05-31,0.18431533880330594,0.13717272774556225,0.12253704207599922,0.13919474317336347,0.08164490483658716,-0.14028748423030615,0.11450470508371105,0.12840189687196246,0.08682766844116446,0.1262741849598983,0.2881631784969303,0.5105087476686128,-1.5416658223235096,0.5385825541959586,0.0,-0.48711778831334906,0.7428491369235317,-0.11286933660960094,0.07303064237785042,-0.07102481476776538,-0.10733905579775917,0.0,0.35887593349653046,0.0,0.0,0.0,0.0,0.0
2007-06-30,0.14093879569465373,0.12190965111143352,0.10325834831804163,0.11796713576012585,0.0725320587073392,0.13427342445420815,0.09224344089478435,0.11212548179416106,0.07886717625903553,0.1047645197250961,0.20100175964005848,0.37706054134316314,-1.315389528162079,0.37963196346398226,0.0,-0.3760022950129352,0.5255436649916713,-0.10371569673322462,0.06272082741077258,-0.06617009995234886,-0.10036794574083953,0.0,0.32701104176987567,0.0,0.3067769578630958,0.22103244489227145,-0.267692588052635,0.0
2007-07-31,0.12147756347648525,0.12084542534225486,0.0950342669104713,0.10473579556051865,0.06320734320709546,0.13149919228330528,0.0758786768671812,0.09553671046170671,0.07016682315668897,0.09857982018714871,0.18107209014782136,0.33642613950354044,1.1561649803427916,-0.3542048396514084,0.0,-0.34447299869313236,0.5114895451784629,-0.11096790522439852,0.06785904596368895,-0.06677175261872147,-0.1071113105713889,0.0,0.30566060776735854,0.0,0.2949520868089558,0.18725206162655839,-0.24425021561559343,0.0
2007-08-31,0.09844570192695384,0.09429959531317551,0.07851322989175884,0.09024218437702042,0.05191899463565103,-0.12162172024142048,0.07369104095690376,0.07819452308727513,0.05197206243713487,0.07600996460399843,0.18789513072439878,0.32076853825928264,0.9534806608948881,-0.3029132977626817,0.0,-0.34274634860103786,0.4825076187475894,0.11403545587721338,-0.06591510991226046,-0.06629738464095578,0.11468315057202459,0.0,0.27750116800878505,0.0,0.26898186554262804,0.12502853067703532,-0.24510294950695666,0.0
2007-09-30,0.10120851422735212,0.09680815901694854,0.07757844379770787,0.0896925203728982,0.05451203042692478,0.11402342191861316,0.0749438212191464,0.07279489844315358,0.052809652904620245,0.0815826360086427,-0.16781655382839708,0.2844815751654289,0.8816302221595476,-0.29995119388163877,0.0,-0.2935702067891459,-0.4490440829931199,0.1141472370059094,0.06857574316388339,0.069886504984181,0.11385034271187143,0.0,0.2812160285084581,0.0,0.2568987544320586,0.12700247469018952,0.23958241996665905,0.0
2007-10-31,0.10653157573293671,0.09365909664212115,0.07780278191236191,0.09402457234530524,0.05341636135858644,-0.11407678767079531,0.08271858279837357,0.07756901307727873,0.05511542483394897,0.08271513786866783,-0.1746310970706776,0.28753633701359027,0.8878773279174413,-0.28434498460372454,0.0,0.29690952101967194,0.40103453990935756,0.10806838422795574,0.07004465287191819,0.0626606788104736,0.09939535221015965,0.0,0.262793841342997,0.0,0.2465758308334488,0.1298092993505055,0.23306488747096074,0.0
2007-11-30,0.08499508298092225,0.07309261523466833,-0.06605516355839312,0.07646482182085661,0.04019303105365573,-0.09640231501637374,0.07136930233901498,0.0616042826893014,0.048546481816442784,0.06223780088162829,0.16234205919939707,0.23946283459293063,0.7019558892720186,-0.2224944873338506,0.0,0.2360894685988201,0.3553826650050906,0.08161210915117664,-0.05438779376883127,0.05593129951569672,0.0873530955149668,0.0,0.2563261974545084,0.0,0.20510999533147034,0.1051887977542006,0.20064489006831066,0.0
2007-12-31,0.08717856417888847,0.07552588837166314,-0.06560929429794422,0.0762747328782473,0.04123594857158513,-0.0855418707483409,0.07249803575253,0.06487206699659344,0.05067611498874313,0.06713854737592662,0.13407937367265155,0.21140215313376332,0.6542244032149339,-0.20571146859172226,0.0,0.21971504354803853,0.33081149306445984,0.08084651041293113,0.05802789829609919,0.05555467012801483,0.09137770534947748,0.0,0.21893297524306957,0.0,0.19417675844808557,0.11214698941452635,0.18418492910914894,0.0
2008-01-31,-0.08006525773778402,-0.06656332607784711,-0.06217232117888415,-0.06899210394253003,0.04057281833635244,-0.0725937024464682,0.05922128772328537,-0.06541646027683662,0.045847883593666074,0.0634149275477757,0.12013029332859144,0.19783710074527414,0.6251441964661556,0.19667978896378965,0.0,0.21106592465922258,0.32965096629899404,0.07777935690528949,0.057083236883334304,0.056213207915518024,0.08332325024957815,0.06376937121861054,0.19353446850125416,0.0,0.20166248971040435,0.111339113440939,0.16928986565382903,0.0
2008-02-29,-0.08006733215182424,-0.067185126943688,-0.06050875180755806,-0.06659034552434057,0.041853507912415905,-0.06871949549939736,0.05812225377407453,-0.06485644322543933,0.04446591053452291,0.0638079975911647,0.10823929804849836,0.17823991990282456,0.6284140747436135,-0.18085098419033346,0.0,0.18130055453816094,0.2754447188629541,0.07501349383715641,0.05523408130969835,0.051591539333273324,0.07548719212613801,0.06251474852154687,0.17979993101926264,0.14268611419634078,0.18669704848514945,0.11395624745158006,0.15081409815638908,0.0
2008-03-31,-0.06648168599832653,-0.05612062074556085,-0.05090351773584585,-0.05996741923068844,0.03615164491578783,-0.05431704762547746,0.054797478670028134,-0.0563605541952201,-0.042485371729494875,0.053303716058573085,0.09816278804936902,0.15175525169156767,0.5141108322934357,-0.16715940346267072,0.0,0.15806330592669557,0.2433252606667141,0.06333283167858339,0.038483739523581334,0.04622214676610976,0.0574526236404942,0.04529918189567331,0.15747111200474892,0.10919000505460688,0.17196962209910907,0.0966843547886749,0.11877164841527178,-0.13207644451318593
2008-04-30,-0.06828176393444325,-0.055050410909077155,-0.052542513910137416,-0.061924287906374796,0.039127929041837615,-0.05413769349427144,0.05789812092746721,-0.05777645085656082,0.04348971586305029,0.0542459610928267,0.1022910807337711,0.15814831011035743,0.5156889432101146,0.17502464865500525,-0.1711423989461493,0.16214429354902568,0.25011053289081936,0.05991451961468388,0.03807114204354447,0.04675377139378016,0.05873721795074024,0.04518001723904696,0.14877244834890208,0.10765287496404315,0.16293293056628927,0.10049398626760819,0.10637080625005266,-0.12842821344470964
2008-05-31,-0.07385267787909731,0.058971255976320906,-0.05845236304991635,-0.06855601231781303,0.04377565052721063,-0.06002288516368497,-0.0641590550796854,-0.06283423371403685,0.04721581923464906,0.05879040774522433,0.10873235898618602,0.16624392159822818,0.5421803662578598,-0.17560172452143757,-0.16586736817757403,0.16747120595784998,0.24943970519739958,0.05883609694915515,0.03807677485407098,0.045180740888161035,0.057618412681272504,0.05016272792316082,0.15000157180440063,0.11252304228036922,0.1703844757075438,0.10774505317324777,0.10719920516878954,-0.13297802651639895
2008-06-30,-0.07363386594622412,-0.05677288791026284,-0.059989864660598635,-0.06958798380627433,0.04527261162779862,-0.05948082016725696,-0.06460436065908148,-0.0634163032908892,-0.05054848080068404,0.06217958535705687,0.1145514182059201,0.16891187960547116,0.4946247602363836,-0.1878538504158474,-0.17009850839886426,0.16789124101197622,0.2502744962847319,0.05838835505851021,0.040213326297115194,0.03967406397952208,0.05594490684146935,0.04842224699399119,0.1467968371124535,0.11921316398604101,0.1725059370924735,0.11549302822570427,0.1056607304188505,-0.13930269320482888
2008-07-31,-0.07086386687378862,-0.05701607938115503,-0.055619675571298655,-0.07199979392702423,-0.044890992737058925,-0.06423117277678628,-0.06930136209003718,-0.06078729418392048,-0.051721760789132,0.06160259869421914,0.11676350103128363,0.17376649098808963,0.5279112631431262,0.18889833382179527,0.16866785016344873,0.16651369163684743,0.23861754814410582,0.06139630851785871,0.042846978912098,0.03725712058327751,0.05278137382049396,0.04683873198452882,0.15395429055845783,0.1258801424215436,-0.1852940945259595,0.12468863355053462,0.11356294587134341,-0.15164468765105396
2008-08-31,-0.07143340029742165,-0.0600706265274031,-0.05744762578822573,-0.07459704382777597,-0.04721663731302905,-0.06610108700578536,-0.07370680449695503,-0.06477317802464096,-0.055295965046670566,0.06068750384657253,0.12229679437345953,0.18471946032484546,0.579610671730897,-0.1982252160807563,-0.18228487734689836,0.1767983104193703,0.2618075697717585,0.058353804281617135,0.03524366363321589,0.037192280476336374,0.05058986690933836,0.04111245343902038,0.14499525100142102,0.12958792919496598,-0.1708000044123765,0.11997612071745305,0.11957251411383461,-0.14965717724016564
2008-09-30,-0.04672514598072329,-0.04377713888650519,-0.04067276383562758,-0.03845274681451978,-0.025514304622974975,-0.044959558258594844,-0.043241431380228644,-0.03702822451930573,-0.030649164213792584,-0.040909691495505364,0.09256262398158092,0.15091302025764586,0.4408283176565156,-0.054620622927171916,-0.050637002290232165,0.1723032042319221,0.21987289750644523,0.039792504715527637,-0.026961919737554234,0.031035396882950032,0.04474214611403516,0.0385149888625259,-0.11467785931752496,0.10428608676473196,-0.1214083747061733,-0.07647240341874692,0.09843407804715464,0.1183970863044664
2008-10-31,-0.024927040724206127,-0.027131376040806843,-0.025796810582613138,-0.021286899956508145,-0.014239923748296999,-0.0226415186446895,-0.02087981385320505,-0.020416339889952204,-0.017470288153182714,-0.02318256220534517,0.0877140932362372,0.14006888323733804,0.4334665017154822,-0.0430292357696244,-0.03308874419665341,-0.1078280757321796,-0.07531836632988029,-0.035404891678515245,-0.020183760405418222,-0.026919299031795723,-0.03483645299899126,-0.03257608731054552,-0.09098862883548363,0.07526118530175677,-0.08827932063862073,-0.03670395058567831,-0.09026886588245851,0.10147898382807885
2008-11-30,-0.023271952683354098,-0.025807902703267466,-0.02252470662983894,-0.020154031834066354,-0.013227342645981579,-0.02196986913359452,-0.01900172041617739,-0.019363550990194645,-0.01622937893543546,-0.021132282191360683,0.06778621845082962,0.12420563370536346,0.45234753859344234,-0.04915237340074812,-0.03654574210422945,-0.10251966952833133,-0.0791195624416039,0.03425422901427045,-0.02073795615550661,-0.02168582684367476,-0.03293693686230489,-0.03339683598248352,-0.07817559330180432,0.07177197944893883,-0.07832505835855841,-0.036213415655840554,-0.0905460810292553,0.0930780474625125
2008-12-31,-0.025229483357559538,-0.027459361150432765,-0.022741623089676522,-0.022117747803792533,-0.014753494158888223,-0.02411432563893361,-0.020716962325949866,-0.0210443683323745,-0.0177272505870165,-0.023400974400936518,0.06749137954461495,0.1311112271140739,0.49423361344834044,0.055341333425306595,-0.03849527471534671,-0.09008478768453462,0.0906628685521336,0.03656679558858776,-0.021918246563577524,-0.021430948823026093,-0.03388428493046574,-0.03381341354125082,-0.07249066280828032,0.07492841258278982,-0.07298402060694406,-0.039781308168284214,0.0733946754883931,0.08836335545229786
2009-01-31,-0.02734140446997433,-0.0292999214470575,-0.024072745909708287,-0.023674084473019445,-0.016249177714233003,-0.026491680503199503,-0.02181252525641227,-0.02209037842344443,-0.019062995473768694,-0.02427389555825279,0.060580578838569536,0.12906163465280993,0.5149325463470823,-0.06169592251365606,-0.040811060311869915,-0.09739545056890371,0.09971469189306345,-0.03845383525488857,-0.02385342780036378,-0.019643072954971374,-0.03385659664624869,-0.034878617314796294,-0.07281560467169726,0.07868555266664015,-0.06434634833858284,-0.04225693532527464,-0.0730579763471716,0.08849025227462344
2009-02-28,-0.02966459662733814,-0.031561011875509574,-0.026382953799085066,-0.02574860955655382,-0.01800350622961793,-0.02882816043464831,-0.023280205718021633,-0.024094090008667055,-0.02036230000707329,-0.026097283211030785,0.060410449786910916,0.12707971806574694,0.5482710264449634,-0.06981081679887112,-0.044825922610886415,-0.10738860838683999,0.1131951736010849,-0.040930601997650265,-0.026035628945420535,-0.02027681387305457,-0.03630272725558003,-0.03835388619096853,-0.07600695459104276,0.07812251241574976,-0.0672594427104423,-0.043701568663933495,-0.07782576512934215,0.0913537400486167
2009-03-31,-0.029527902267792682,-0.03177420020281302,-0.024939216772111996,-0.026060589389183323,-0.019041697785701407,-0.02905407806417043,-0.02381252281197353,-0.025190080292569066,-0.021509065977138215,-0.026056281108574036,0.06186507951566556,0.11702371016287093,0.5832768262254379,-0.07555119568826416,-0.04398745502656608,-0.10112223688861435,0.12544144962144266,-0.044062899500837284,-0.029167426118452588,-0.020205356707855584,-0.03654159441727101,-0.04058809725732594,-0.0762510268883596,-0.07993252779063785,-0.07284765676300724,-0.04732747502835916,-0.07679511258716036,0.09043801551135336
2009-04-30,-0.032577872743684747,-0.03520972817741517,-0.026545491878969985,-0.028772994592780165,-0.0212300520776452,-0.03277835090867492,-0.026011057516720944,-0.027151512670728427,-0.023224940073312904,-0.02828780143216018,0.06719967193751473,0.12745998820826102,0.6338022956261451,-0.08683558281188863,-0.04632332039962017,-0.11495658437718911,0.14291749151378358,-0.04821514789779345,-0.03142632715064808,-0.021724609899209206,-0.03961874668037419,-0.04339084678347732,-0.08144024561860418,0.08601889614823872,-0.0776055137170578,-0.04973070461237923,-0.0810179869994736,0.0970737824247577
2009-05-31,-0.03588879310009889,-0.03876334475959554,-0.028829300785064547,-0.031204583536657303,-0.02338188194161354,-0.03584728436624812,-0.028239948788751763,-0.029344000428281166,-0.025057816221981555,-0.029014882307735884,0.06871568052576142,0.13437606348236356,0.6996249469200343,-0.09855806122568196,-0.051454878891314615,-0.12818927219218235,0.16134391432648162,0.0542762860168149,-0.03448885465784589,-0.0241278914293846,-0.042564197599124096,-0.04637375811041249,-0.08923414981915875,0.0897741667152165,-0.08410136638374362,-0.05467853041772654,-0.08785773357744993,0.10483241738772846
2009-06-30,-0.04074758389469331,-0.04369191530332419,-0.032641522490335646,-0.03493170160625297,-0.02637484972840346,-0.04065083568733391,-0.03145995812521432,-0.03275325728972199,-0.027680134406824302,-0.031151469007356578,0.06773527351391709,0.12883480704858222,0.6124880117017003,0.10824742131965268,-0.058762904067477646,-0.13720571611160753,0.16529978567923373,-0.059189440645972625,-0.03519680638785239,-0.02673438004600213,-0.045261962908562235,-0.04864427325110469,-0.0923637901196709,0.09101879495536154,-0.08694323294068028,-0.05820300906118059,-0.0855626915482892,0.10101891760342893
2009-07-31,-0.04576448388208843,-0.04851681691555149,-0.03652947125617185,-0.03921932037020753,-0.029507474282302135,-0.04723872639021541,-0.03432970565674039,-0.03632930843175846,-0.030685856947656045,-0.0337464852386507,0.06896079922138092,0.13232341388490898,0.669331547333737,0.12011927078625105,-0.06555997021498224,-0.15319243579996944,0.18516040349546123,0.06615931434377217,-0.038950132855403795,-0.02781655074057892,-0.04758407549603945,-0.049446415985011025,-0.10269833260736776,0.09636218547375475,-0.094941054448796,-0.06483573973588715,-0.09467141516106288,0.115655302097127
2009-08-31,-0.05176817682036714,-0.053923154092465786,-0.040820929296440246,-0.044000037805501026,-0.033163953319345796,-0.053817596166631454,-0.03833090800393258,-0.04046098979507212,-0.03445736124180098,-0.03750568577175888,0.0710896654943732,0.13796908397443183,0.7152869494744862,0.12892754638959295,-0.07115030825415976,-0.1700359425374365,0.20078651975103132,0.07286595934501719,0.040444477728484425,-0.030287910711279138,-0.05110222047834528,-0.05280077941120549,-0.11110070605238558,0.1033491267570725,-0.10061253006363571,0.0726087997820443,0.10182049610501763,-0.1258473475362933
2009-09-30,-0.0580417240650345,0.06027372307174955,-0.04551666571946492,0.04911431583788376,0.037499343000240055,-0.06012010442093325,-0.0423721974164448,-0.04540538826507239,0.038161817649828,-0.04083124072975058,0.07733855982255167,0.15400062018408608,0.7925589648169825,0.1442054715908301,0.07978518619112154,0.197006083449566,0.22504425530236882,0.07812091081442664,0.04204681632827688,-0.03126012184368106,-0.05416896729943301,-0.055276827603643615,0.12341333235371818,0.1114227416692923,-0.10703319657177275,0.07962633712020997,0.11521372523265092,-0.13737719390801498
2009-10-31,0.06206538040853301,0.06441712724958205,0.047980539924142765,0.05155964341534858,0.03914980964163288,0.0639199022656428,0.04323425285831511,0.049599581704054,0.039741197497966584,0.04205520239527566,0.08047344192282233,0.16194024926204126,0.8105346452481114,0.14812443294811,0.08526372023654641,0.20650441275153245,0.24785312041247473,0.0796219224962044,0.04156501168015838,-0.03390422339331892,-0.054068549721384807,0.054770293768809944,0.13465323957084527,0.11801540970239624,0.10831035662369602,0.08092488904274767,0.12551156222833126,-0.1464099009075231
2009-11-30,0.06542958479735958,0.06693752918016113,0.04922129329912868,0.05296385414588565,0.04013804074544612,0.06717262711507158,0.04364528783581279,0.05111168916649367,0.039422535761715685,0.04428726403968313,-0.08999088730762934,0.18062152612809304,0.9214155143473869,0.16565402885801853,0.098222412013642,0.22584019147239048,0.2822338953469925,0.08204286256004921,0.0424172270946112,-0.03621571690560248,0.056217741690228876,0.059744293965806126,0.1339442166584645,0.12452036540504828,0.11384063572017426,0.08125500819437544,0.12663650158838965,-0.12473942923554664
2009-12-31,0.07538216185932418,0.07561173914553629,0.05565389556187133,0.05920103231367382,0.04561115522823099,0.07085070149046965,0.049207573598848475,0.05566868742107851,0.04439598143968554,0.049051228440184926,-0.09532205741144659,-0.18489851675849742,0.8634328846378458,0.17728531492786886,0.11509667058129879,0.23850440169429651,0.3009767314138008,0.07005450079847457,0.04423713399689238,0.04018404140540462,0.06231875559057903,0.06819764515125941,0.14052884617465095,-0.11757355881930608,0.12342475281430088,0.08826646594914302,0.13361341994833567,-0.13439617544146626
2010-01-31,0.07719906270023821,0.0728968069205129,0.05839744331177438,0.06049667297733299,0.04798167933054337,0.07324021359211881,0.05105233710318139,0.05593946458914777,0.04471955856905545,0.05294060788668358,-0.10003782385047513,-0.19838530786536412,0.9243886729961043,0.19757358191390345,0.12349723084094157,0.25784597408250975,0.3178384560891513,0.07160830331615517,0.043520190376198684,0.04354625828740871,0.06482091441619235,0.0740508912000979,0.14595137194754285,-0.12237271432753705,0.13220299868563912,0.09264465598044251,0.14030055379724807,-0.14452806085783648
2010-02-28,0.0783534845355418,0.07502299605886321,0.06185008010916424,0.05911828896275577,0.048077804328935485,0.0771868415967891,0.05221130450539387,0.05562163524242834,0.04344757764211339,0.05488197195348714,-0.10216639901243343,0.2049131647074607,0.966075161441858,0.21052508620967889,0.12503808575216427,0.2772582669819656,0.34305935822781325,0.06970317309555586,0.04283096723024239,0.042906605632294335,0.06217919932456261,0.07619968165622262,0.14683031561093363,0.11987432641635667,0.135645637538989,0.09223820517705206,0.14581947422256714,-0.15282219045869458
2010-03-31,0.09106389793526844,0.0865714922347385,0.06903209595698724,0.06687598196263958,0.05441156539040137,0.08313285203228593,0.059068050259934765,0.06183364335034761,0.04875201668706055,0.06235572598958332,-0.11138205806331324,-0.22231858059760048,1.0648028270377086,0.23169120511968214,0.1462133707212876,0.2951359052591257,0.3817090454836634,0.07434741875770158,0.04687695681540353,0.04732926744236271,0.06797351923905207,-0.08410687700334334,0.14830978323503247,0.1268507520854056,0.12754850311925556,0.1038508252303708,0.14964369294120175,-0.1568862636347003
2010-04-30,0.09376122317902205,0.09158097843301512,0.0716532818565103,0.06723479397117184,0.05671583346073753,0.08770899777062646,0.06040778803650915,0.06272153617981986,0.05219944375139536,0.06571766445250711,-0.11514624216391464,0.2210693685957678,1.0187410477332492,0.2482743355838116,0.1525252599099163,0.2839342198779679,0.39025085182428615,0.08036027125584097,0.05056795023909361,0.050031337479221435,0.07372848572280122,-0.09172890990124902,0.14934219090448247,0.1355818980082679,0.1349152914369601,0.11215984040832423,0.15195132494333224,-0.1653144137985159
2010-05-31,0.06598528648409445,0.06082217875520574,0.04963409974840755,0.04732351945394919,0.042315497300317875,0.07697893419673114,0.04714579255324127,0.046261956731926325,0.03589532633052702,0.05433290305790717,0.0916631778404813,0.19882805303405285,0.9998836553472723,0.2268654955319109,0.10600279948880682,0.28725205920508656,0.3807406302936082,0.07881273085009109,0.046399688329340924,-0.04383971122309976,-0.06618795376566859,-0.09307793514331232,-0.11966704841040206,0.10574461456143922,-0.13173312564239692,0.08529922121356974,-0.14293065083933795,0.15133668413086493
2010-06-30,0.06251030359018594,0.05855281428990724,0.04706338919172421,0.0471834925119378,0.04285289968212778,-0.07797328910196485,0.0477481243745812,0.046037945432047415,0.03588694063713844,0.051808275685181746,0.0924895074577317,0.19359722351442343,1.0464554145795792,0.23703136797833305,0.11646394092010479,0.28424988782358074,0.41300125115631264,0.08098919808868955,0.04803556514441121,-0.04385836177812569,-0.06669719181075964,-0.0939955202192531,-0.12251347593287398,0.1182162501212619,-0.12702793684248567,0.0791230156312551,0.14013915866128648,0.1540964680854235
2010-07-31,0.06437493995106489,0.060775649639826325,0.046473771811217375,0.04963629067929248,0.04673850913727665,-0.07733262898971445,0.04977017826064121,0.04862367536704872,0.03868715380299291,0.05498235189670211,0.09610891897438431,0.20468275245098844,1.1506044495350598,0.26165487507463053,0.12814229924828802,0.29727165832462527,0.428296625025854,0.0789850931065202,0.05095868562958039,-0.0456330633804087,-0.0705627528193041,0.09292975393488777,-0.11965853500067558,0.125709084128258,-0.12684453318647756,0.08289934137081933,0.13048750617911722,0.151949574089149
2010-08-31,0.0682650091936843,0.06480260336556275,0.0485342057006839,-0.05251694911823131,0.05141516305625242,-0.08044800929904605,-0.05108231213793536,0.051380342454600395,0.04137032556062238,0.05731968086607553,0.0857111098318256,0.19013889264140713,1.2236251575868249,0.2451293821932586,0.14446782153178997,0.28267959812468174,0.3900048899149258,0.09085461258829748,0.05473623548593766,-0.04770724889897336,0.07414314396671548,-0.09047337242663833,-0.12274480613679918,0.12906194804092538,-0.1377774251144706,0.09172836945234293,0.13003087955183912,0.1539891870301264
2010-09-30,0.0724575691880014,0.06902624527344033,0.050524409685261576,0.056481241280919324,0.0562301521311581,0.08347598140673486,0.05293276926998195,0.05565821040660534,0.04434374449812589,0.06425774844625205,0.08180323011905412,0.18550318850986747,1.329153494196728,0.23666869033156573,0.16337690130759583,0.2455602924208917,0.37965976802707635,0.10038580294069079,0.06086379553607539,-0.04955234091752767,0.08018610376673528,0.0933795933618005,-0.12017879490763683,0.12462513983659473,-0.14694019597402957,0.09906802476050079,0.13140582250250454,0.1531548616283957
2010-10-31,0.08173919738023103,0.07570088185509552,0.056539554989968266,0.06137510249427009,0.060324910979082526,0.08396667307484414,0.0555770452142879,0.06144427711735345,0.04765478269811418,0.0692975699957525,0.08686688708160432,0.19476115619847795,1.4219147493897022,0.2329787856338604,0.1856445930569512,0.23505985467410384,0.40544379226043986,0.09163915994921486,0.05280278138263637,-0.049018618747183045,0.07578186877408213,0.07100666166240714,-0.11709370180940613,0.13880118184636833,-0.1432148252982079,0.09769128751142717,0.12406132972340841,-0.14354632566501
2010-11-30,0.08521603921917398,0.07889252314264412,0.0601288997807974,0.061633690102853175,0.058326933977749795,0.07935011691065008,0.055624593048047156,0.060687729554885377,0.04808054269759941,0.07043997527846495,0.08082944918926117,0.17880566098149595,1.3078857942914794,0.2105801610703284,0.16235326917992235,0.22092856130044933,0.376722049081943,0.0841697574857423,0.04317330360814132,-0.0490083878002601,0.06847862329931884,0.0624882490087609,-0.11515822770514368,0.14823971665609645,-0.14097716670058194,0.09782620960881847,-0.12733707754440662,0.14232267659319645
2010-12-31,0.09652902652071625,0.08939546839711686,0.069113592593508,0.06845982032751752,0.06478489092515273,0.0875403072002985,0.06005282981729267,0.0676926245140929,0.05389176244965745,0.0793163307389584,0.07924460504685692,0.1541994493884769,1.1175855675213109,0.19802408443850789,0.18229870686310237,0.20089344898980593,0.30989523550655335,0.0883930924067891,0.04437424786135013,-0.054653209791532535,0.07501196129910881,0.06874350962577444,-0.11996638019444783,0.1511824406478625,-0.14618146621455716,0.10621430091335778,0.12452485492964481,-0.1479679659615505
2011-01-31,0.10458964569545062,0.09104928052655334,0.07040621750759989,0.07353679937361189,0.0672623810895018,0.09474832978000929,0.06346848860789224,0.06995130707111355,0.059034550609171725,0.08544794260735535,0.08344572629481238,0.15993882878066573,1.1408184028273758,0.21109390934718192,0.20336009831389695,0.21049165279550766,0.31944969168854737,0.08481900138856605,0.04326021768161569,0.05229190387803439,0.07688531471539728,0.0739084436330718,-0.12103408141843974,0.14912661347992176,-0.14302273437376437,0.11260105179084819,0.12231850658416374,-0.15018515063990953
2011-02-28,0.10821917299919077,0.09137417103244815,0.07168531645917751,0.0769349984974337,0.06846914397729932,0.09228164061133397,0.0684597753830976,0.0727840186316142,0.0613987092098521,0.08973860065181445,0.0891836447505774,0.16881608131962397,1.174338034738144,0.22534532075832328,0.21793712585990585,0.2122930937424175,0.3348501696564223,0.0934505573338432,0.042623426331245655,0.04919210251757838,0.07975344070880898,0.07553336474065238,0.12736535718479985,0.15721137768529045,0.15375357030974726,0.11486011108694587,0.12472228396587406,-0.15876699986488224
2011-03-31,0.10072992676286975,0.08631569155998323,0.07215257173549502,0.06887626659096305,0.0684738665471893,0.05764058064894758,0.0594074884755119,0.06871865862963443,0.05859666207904133,0.08549769233383407,0.09434081101020426,0.17851415842864657,1.1039452757837702,0.24049133719398422,0.22125483267850315,0.22571213396705558,0.36902921282671314,0.09869303393672056,0.04472849168236851,0.051016859479273605,0.07736404821480733,0.06835044802076244,0.1353977545216785,0.1389383341201971,0.15593090285413785,0.1149258927731123,0.12973046552714035,-0.17074303140916883
2011-04-30,0.11045541329723765,0.09397686582456855,0.07783387163042015,0.07377229189306367,0.07040669444067155,0.06220689186079692,0.0600873429862623,0.07264643131744533,0.06370001855651616,0.08983571090193908,0.10073228872337395,0.1916900280729092,1.1240605396392005,0.25993117207389865,0.24129942522664066,0.23759860187378198,0.3849079257111553,0.10331666575161262,0.0425981250223544,0.05201219336104592,0.07975678447495897,0.07650183664549855,0.1379518154873511,0.14438190676337084,0.1655245034016535,0.12299382769356688,0.13908201702602943,-0.17848022935424407
2011-05-31,0.11673531963303137,0.09882766115772146,0.07730214783437446,0.07559897736576596,0.07012765337163171,0.06821694511031645,0.061179985653982576,0.07414818074594727,0.06309950801659835,0.08694405417913133,0.10910673051331612,0.21153388104543983,1.2613352853101267,0.2866513017277629,0.26402294353585704,0.26827333061323005,0.43239149002270116,0.09718822182559253,0.028376944338890712,0.042917598597608644,0.0613198893645041,0.07635503661207932,0.129224763285202,0.1560876105695864,0.16826326114947476,0.11704945583256143,0.13414374128345083,-0.1714005151420313
2011-06-30,0.1047000164797423,0.08782952517688569,0.07396408805598605,0.06969139074304302,0.07125903972755657,0.07217035705050696,0.05685520376907335,0.07034750035097558,0.0626511387588835,0.07770355894291879,-0.10527058087382775,0.1990182364965549,1.246407661003216,0.277568791983705,0.19066165567082577,0.272343111915387,0.4219697268433216,0.1041631525409192,0.030767911845904626,0.044412909011988175,0.06487514850109544,0.07866390443678832,0.1247258386646487,0.16628430366352404,0.1664262925618627,0.12247841403286053,0.1423694058804193,-0.16237447426955262
2011-07-31,0.0999176833190937,0.0836907322972585,0.0717836907452434,0.06848505355091213,0.07216343608479361,0.07694285349049138,0.055388913923543455,0.07124195892619781,0.06210189034471497,0.07781105713608504,0.10267616655129506,0.19864537222678574,1.3111544696083257,0.2712854013047646,0.192438355675442,0.2728604498730044,0.41287629946216564,0.1067586291904749,0.03200683188972698,0.04821144438662162,0.07144649992153852,0.08209071102512785,0.124439288857121,0.17624334636909936,0.1698414340306769,0.1250218000189018,0.13677215239912355,-0.16074008972124118
2011-08-31,0.05104511464343263,0.048373926198404235,0.03801188794552668,0.04029833834247663,0.041556110775568804,0.05185366060466357,0.03315833373480167,0.03943493817872261,0.03545254715645219,0.05186070551306863,0.06334536389620725,0.15062889855048342,1.4212654544671113,0.16723657288581095,0.09634861420528149,0.1530221775330399,0.29122077738769336,0.0654670361020445,0.030747049855105978,0.04004076472050588,0.06664537491563857,0.0782095741155759,0.12716208421326,0.1524397266419347,0.16721288794873201,0.10067787651484329,0.08211969736040299,-0.15952591796113302
2011-09-30,0.051039639851234046,0.05085482898285478,-0.038367199043969125,-0.0404981935297618,-0.038780727304630454,-0.054726322937364257,-0.031108106345106527,-0.040325409141320157,-0.03563134441754617,-0.048422719314686856,0.058555074737497145,0.1540441204208422,1.5517585852652398,0.18368571261196084,-0.10267713255563893,0.16278826480201578,0.31279542716002223,0.0538700000441892,0.025053226098584836,-0.04034409355500269,0.06597437908082224,0.0755646603460994,-0.12416545121209725,0.1664277134345722,-0.15829546834922859,0.09361067922663262,0.0643658373379831,-0.1526782459754696
2011-10-31,0.05014100339199067,0.05049034970425971,0.03522246286180742,-0.04018063662345748,-0.03552529629509605,-0.056566329302227096,-0.029347443761214443,0.0414749580296707,0.03377921682212052,-0.043937385984126436,0.056944917869483046,0.15007109931916246,1.6626869184992223,0.20008207849587084,0.08684191009248676,0.17404346580742222,0.3140595053543606,0.05729525798032969,0.026633817261803826,0.038697507964368535,0.06401825438981008,0.07698630619611732,-0.11532249601284131,0.17630894457064633,0.16465567864197886,0.0856593969939949,0.06870732393376953,-0.14444614455197438
2011-11-30,0.05046490690576223,0.05029917236304303,0.03598222354401789,-0.0392717525435442,-0.0354225837936968,-0.055308911887214166,-0.028343186032910157,0.04065918655839984,0.034028188180487806,-0.044170934223740625,0.058240816607604155,0.15458484180545864,1.8738156024276453,0.20864027233932037,0.08490521516760463,0.18038366947810583,0.34861396934059163,0.059691339145273116,0.028081504969834366,0.04244314315595641,0.06703472252769985,-0.08226028907604972,0.11149584932121659,0.15699792251055683,0.15909560783434396,0.08259493797462049,0.07549569251490972,-0.13486168816614497
2011-12-31,0.05318675638165098,0.05341263160013451,-0.03786842211142967,-0.0410088110893103,-0.03650875884979108,-0.056041686698441985,-0.02981289406987165,-0.043347194811850544,-0.03565516887310534,-0.04577558774360323,0.061033156793817746,0.16551802279292752,2.132088426937957,0.21049106455884561,0.09437513688006242,0.20160895715608376,0.37803415583940947,0.05938514671613839,-0.02930207461120823,-0.0439583597419861,-0.06930338588346516,-0.08912380677939027,-0.1214563784520296,0.1799203109808333,-0.15873318563382918,0.085993040029926,-0.08485828584434334,-0.14402124063591984
2012-01-31,0.061400753633839115,0.06106368977148253,0.043821566017943736,-0.04612906040309596,-0.04092432788963236,-0.06234855968623486,-0.03311416245978059,-0.0487610246369944,-0.0401971982737958,-0.05066421945565847,0.06709815413043983,0.1792792981574371,2.320144577500591,0.22681777579767534,0.10895187403448127,0.2206159997259473,0.40581820185673767,0.06380656820480332,0.030774378316579636,-0.04770333226505958,-0.07424617905836949,-0.09112110516396087,-0.12211054976475456,0.18361302960624545,-0.1673449913243115,0.09485406564220793,0.09181361678960168,-0.14805352159489213
2012-02-29,0.07078705861068825,0.06960353904909715,-0.049356672811380266,-0.05243743218115208,-0.0462301185265248,-0.06971920560168055,-0.03773340258810371,-0.05457319265915105,-0.04575873678599964,-0.05790368257815405,0.0726432969120474,0.19349679945515338,2.4716413168883378,0.24813932349504514,0.12552310840363232,0.23250576273674015,0.4448719696413912,0.06979317358605333,0.03411474950245338,0.05218981262863359,-0.08324666249737459,-0.10172726390874617,-0.13138302804839713,0.1749579181703788,-0.1717797534029288,0.10595956409629907,0.10311306329865644,-0.16204274438392213
2012-03-31,0.07956139944227512,0.07823206534305314,-0.05486453797726041,-0.057129239765873016,-0.04971235460730356,0.07690102931468919,-0.04104302779729687,-0.058884676557279865,-0.05045374934800961,-0.06216867137111392,0.07725783569398989,0.19761926309262146,2.2493682216816238,0.24619807122958906,0.13825128501938752,0.24545593224106854,0.43543500379323563,0.06687680784683549,-0.0356875624861719,-0.0556861727571875,-0.08799075363984743,-0.10743742990210471,-0.13887893800539303,0.16672093536065055,-0.17950288234028827,0.112831095776409,0.1122570072445519,0.168392684371029
2012-04-30,0.08398243188803278,0.07752430078969244,-0.058717328444303434,-0.05939719222795753,-0.054005742638763336,-0.0820581531389443,-0.042682339334783555,-0.06039666550187437,-0.05549358073501276,-0.06416919545544976,0.08011700128634582,0.2040285270657242,2.39805948046861,0.2589753897169991,0.15284289219022212,0.25494439372827843,0.4519138136372675,0.07413045117092014,-0.03927237122832315,-0.06090486136770905,-0.09316981239019965,-0.1075729861402988,-0.15093287979101674,0.16246197004452098,-0.1920941044920003,-0.12107059019775855,-0.12489588108576663,0.1810796624264057
2012-05-31,-0.08829550728912564,0.07788502854707272,-0.06282830083400501,-0.06313466420707968,-0.05683327742688376,-0.08638714770403363,-0.04633099084523345,-0.06274635762769751,-0.05554087640573514,-0.06604641337168911,0.08540488641957386,0.2226189393454027,2.5812412288016224,0.27856924989729553,0.15329586040862683,0.28154635921445703,0.5000765522908323,0.07796902819294634,-0.043374468034848845,-0.05947326932353113,-0.09533390954626901,-0.10834153130074677,-0.15839710012210065,0.16996577308263325,-0.20178783398438965,-0.12498977821417975,-0.13625788178708462,0.19006404411179578
2012-06-30,0.08440604060205638,0.0746283391418082,-0.06219777279647289,-0.06338040012261464,-0.05716779894950617,-0.08235431890351483,-0.04802491905971238,-0.06237815757020373,-0.0555215355584159,-0.06491315208943946,0.08605339490361527,0.2210906107526938,2.837681429070458,0.2804706038087886,0.15308089058435878,0.28548857450498377,0.4981986617390045,0.07779865087448065,-0.04601018664668909,-0.05424135400758606,-0.08944516799856173,-0.0989586080131799,-0.16311786217124738,0.16933272996826346,-0.2018437652660176,-0.12496652276211999,-0.1449504488451108,0.19258689854108182
2012-07-31,0.08550487703007349,0.07400936296734204,-0.06541319458946965,-0.06178689152953338,-0.055526727744597534,-0.0806143275549697,-0.04532070439624027,-0.06364246339693788,-0.05648385657705648,-0.06625263971691507,0.09093326021707218,0.23632757748700925,2.926997136798419,0.29583008099945535,0.1633521281489961,0.3190919468756713,0.5314786232013744,-0.0820589105195213,-0.04938317519634548,-0.04580468204306755,-0.07625455696861454,-0.09194504770209108,-0.15025048409409375,-0.18727064860426426,-0.18794999730097087,-0.1270897130991921,-0.13977355285144982,0.18118272435270547
2012-08-31,0.09722750979272253,0.0845345517678436,0.07346641087242059,-0.0687088218019812,-0.06314677189281794,-0.08923710482103371,0.04915808287594413,0.07189065004641304,0.06434365841177689,-0.07408456615376348,0.09625675405001054,0.2489499776959807,3.1315317740540953,0.2988661537375865,0.18895200220237313,0.3018994885453664,0.5262296521920258,-0.09336213413836873,-0.05377043623005221,0.05048152423091048,-0.08629266817229805,-0.10077744671361606,-0.1568191641789238,-0.20035438580440404,-0.20452912504728496,0.14312792554525897,-0.14837587964646878,0.1928675081296045
2012-09-30,0.10291115931727192,0.08823946455977262,0.07953317123295812,0.07305315950248992,0.06510550896953703,-0.09047521013717029,0.053056560108437026,0.07738914910439336,0.0669237032941848,0.0787335730150485,0.09340735614179127,0.24439439247892064,3.202892411054539,0.29820824506559795,0.18905824632533283,0.2953254461158948,0.5244603205073621,0.09319061427786346,0.051853367232817395,0.05151337116145298,0.08675433542945125,-0.09759040081390745,-0.1575341371442512,-0.19905617824664754,0.2230453239360739,0.14458099721394038,-0.16019928437310854,-0.19686285329324885
2012-10-31,0.1085719185474444,0.090730943733857,0.08703444458790857,0.07651274536423787,0.07096803750856112,-0.08932222766070272,0.05780105457722456,0.08223581272305903,0.0743475054602554,0.08474007480854706,0.09491206704008218,0.247253797121309,3.179349487786691,0.3186448633173692,0.20757235075584554,0.3096179075704692,0.5322753292980098,-0.10200987503324636,-0.05590887650220129,-0.051565680309258184,-0.090043555339271,-0.10690029575258295,-0.16880805796793896,-0.20629389500786272,0.22389469906506543,0.15314552739655388,-0.17116444498212688,0.21133659922381587
2012-11-30,0.10404377163010282,0.08861385829814308,0.08519875150750733,0.08057733481925841,0.07588410433008211,0.09142352739147461,0.06182135179825892,0.08560658863602914,0.07895055269021535,0.08708102890582581,0.10283737330096132,0.2632336556310664,3.276449646949781,0.33808307194772846,0.21454755576508425,0.3149204570262931,0.5655903081038788,-0.10340691160717676,0.057365629036317305,-0.05298552006533045,0.09306377371407205,-0.11975975195509674,-0.17960492489031196,-0.1971903717597569,0.24537607561665026,0.16572738615848728,-0.18070772917171976,-0.2268504240530059
2012-12-31,0.11167117751757871,0.09347326560179832,0.09398885939931172,0.09182177965248649,0.08640139547682815,0.09831848885670143,0.07038718215577086,0.09752021155654977,0.0904995472727378,0.09927036060763907,0.10864620617281902,0.28350716311643914,3.5094930931098944,0.35387915780857115,0.23679985166835896,0.33782408868131836,0.5862053245199919,0.11238117247535914,0.058409531624064655,-0.05834042549713694,0.10439622332771306,-0.13185937309773108,0.19494013354952597,-0.2018553333530607,0.2619295856156771,0.18525257673531897,0.1983966930904689,-0.2467201308223749
2013-01-31,0.1158813352254691,0.09479545808823649,0.09631387969286469,0.09947312405289224,0.09273191681193634,0.09357106042232813,0.07502307336424652,0.10498263158314072,0.09853722411133188,0.10757763793294668,-0.11144703897441195,0.28739560685040705,3.705686643333343,0.3581851041172412,0.24865256459079152,0.3452010743017025,0.6123457709080797,-0.11925556203171025,-0.06107007926922827,-0.06660844677225537,0.11686289095106643,-0.14531608727196518,0.18891937512613746,-0.1557987795138013,0.24099675142050617,0.1916428008113673,0.18369046858127172,-0.2499843498481467
2013-02-28,0.1126854593922697,0.09528275010685773,0.0945624037402916,0.09362705606448467,-0.09776773873111722,0.09302510038742873,0.0704695047117698,0.10190849296132606,0.09336401872590987,-0.11356176376574514,0.11140259510851787,0.2873732908385281,3.943705523092556,0.3684117860673353,0.26988398466570923,0.34088882940253756,0.6057775520145939,-0.11135384356743416,-0.06336567236293718,-0.06997333117299825,-0.1269667248582448,-0.15318724196164432,-0.17847927229626223,-0.13192350882381274,-0.21455357402234604,-0.19077379303955447,-0.1976083043642717,0.2569475080684344
2013-03-31,0.12392436338265975,0.10517493858822118,0.10530392811505769,0.10123920370113663,0.10087845650502146,0.1004410710948069,0.07445973523134716,0.10808124120428382,0.09587395689087805,0.1215574466803994,0.11746238017719847,0.29677625192426593,4.1534807785345995,0.3863047334503693,0.30395792628954743,0.3568713044143809,0.628039797525798,-0.12296642641500374,-0.07077346377698711,-0.07407258699413188,-0.13393365090991988,-0.15664874277956603,-0.17234554018336584,-0.13421169825268392,-0.2112178053341842,0.2069146392597558,-0.18274995223925905,0.24194974344652964
2013-04-30,0.11552229098689566,0.09762820855383583,0.08902426497799118,0.09628492515946377,0.09357043304181681,0.08411641391270626,0.07184502390771773,0.10499714248799294,0.08310211225604462,0.09258670393588582,0.11458782154536233,0.31071567857873317,4.603721929115868,0.39457929709295386,0.31392123944856193,0.327356879492556,0.6354810006405665,-0.06134787952480058,-0.04133335369309233,-0.06692638931934407,-0.10925725421614295,-0.13934898881099428,-0.17585696653592905,-0.10796600450227903,-0.19575009846983824,0.1824441483921125,-0.1754319839318692,0.23653823580674463
2013-05-31,0.12493253817174162,0.10877315558716524,0.09059774610164174,0.10251486765145124,0.09931206399597256,0.07537276783971703,0.07952371616299213,0.11650571341018,0.07965416324283382,0.10168840657584531,-0.10209160840281187,-0.25769784409852153,4.203989534053653,0.29528369049826697,0.30024635971096425,-0.290230282274166,0.5295860836793739,-0.06252026800495081,-0.04382100134814561,-0.06761234360762933,0.11518801731086982,-0.14775406449639325,0.17700114901853933,-0.11100018728667968,-0.1934190227976473,0.16690185701821975,0.14441545166823003,-0.2131956172968826
2013-06-30,0.10438923182371511,0.10031546214428909,0.08432911195764727,0.08341000865979907,0.06980317968119121,0.053698564026647744,0.07420914328580708,0.09911099813559279,0.06362119841272232,0.08794511994093822,-0.09642865598828398,-0.21760671801913492,2.9382520887537034,-0.20205712072628706,0.1764257990178284,-0.21407167444527891,-0.38274673452453783,-0.057017406168489,-0.039871264244514426,0.06857645282077454,-0.10949313958249739,-0.14497630087403354,0.1803273075432836,-0.10081296603037374,-0.18754699633071845,-0.13242137147143893,0.14646005198144965,0.20046316438841644
2013-07-31,0.1179121312999569,0.10945608733886572,0.09316560380540014,0.09124032062865481,0.06825450736850777,0.05764279596910576,0.0793869065012618,0.10462476219888564,0.0665979220834393,0.09136374536214624,-0.09433725056064582,-0.20276642607124923,2.5666947983442934,-0.19491289377264395,0.16826572719017643,-0.2041303208411129,-0.33819619093783787,-0.05822743929111325,-0.03856349637832126,0.0706680365266867,-0.12328681814679042,-0.14572147086270207,0.16874499948073107,-0.10545946429810131,-0.15608455452037306,-0.11728421029284955,0.13690698124003062,-0.181991794897958
2013-08-31,0.12141815472910611,0.11122370587328893,0.09213193887005004,0.09736668542999309,-0.06895259209261867,0.06284956162739791,0.08440386943550209,0.11022278530310871,0.0720565629859734,0.09651858366566331,-0.09473752467905164,-0.1993024237045915,-2.574866332739231,-0.196347215684528,0.1738594184714012,-0.1960882468566249,-0.33906126899892036,-0.06378946926850763,-0.03970793048200982,0.0719080804782434,-0.12732778342585446,-0.12924681663427542,0.17986400804517744,-0.10881660080445596,-0.16660858878993565,-0.12493418306743664,0.14281303434634104,-0.19152330157604822
2013-09-30,0.13059858529281973,0.12101678303205969,0.09936712848175655,0.09659645449439526,0.06582692225197535,0.06409770230211047,0.0875895745270278,0.11223845264652141,0.07266783584774462,0.10443261404119696,-0.0998562335079414,-0.19780908623962604,2.1204487232922484,-0.19162370305623497,0.18823916072150718,-0.19604195615764813,-0.32625846025948885,-0.06072243022632089,-0.03698150955086161,0.07268314235722165,-0.12149736372243568,-0.13828973019246735,0.1893871417440912,-0.1149796202951233,-0.17450145728393013,-0.12278618812683527,0.15151334339964845,-0.19984542839869948
2013-10-31,0.1254757262103778,0.114171957886276,0.09682006765905328,0.10319956960421242,0.07078730377719145,0.06928104046694926,0.0951408650887434,0.11212646862234744,0.07689523510705068,0.11437453057913734,-0.11166690515007209,-0.2210115420215538,2.2618100065423894,-0.21254763077669864,0.2140112992589365,-0.22595490554066608,-0.36620971206114294,-0.06416519586884584,-0.041770574954704646,0.0750101623572694,-0.12727284927838037,-0.15688755969626708,0.20408658369803345,-0.12942637729975173,-0.17849640886961107,-0.1373290042640324,0.16378469912673635,-0.2145257056625213
2013-11-30,0.13347849236037002,0.11731838261021446,0.09926976192647426,0.11140577154537372,0.07411862687843894,0.07568871483592754,0.1035657849077346,0.11920193255019204,0.0839134475228973,0.12543431405606653,-0.10912769036737244,-0.22228207323564814,2.39632549590283,-0.22260878127115338,0.2404334548247125,-0.22951611577407016,-0.37622345309820593,-0.07058435032565072,-0.045931397783864555,0.07961095174885043,-0.13395778700853966,-0.17660127466324319,0.20016925444589886,-0.13876657911397386,0.19163277469791842,-0.14128925395453146,0.17179312765182825,-0.2256936350682838
2013-12-31,0.1376241526642664,0.12567338403032713,0.10203693710596426,0.11607970002801038,-0.07462044319734662,0.08075673776981533,0.10691609204592958,0.11563157954749435,0.08373773629146479,0.1302309729343353,-0.11622355382970996,-0.23970697399095117,2.4959066915551893,-0.24592560214125905,0.27608998007971225,-0.2492550448212965,-0.4126369833319424,-0.07082339047366341,-0.04600641667570208,0.08515710490931139,-0.14824096334296274,-0.19094546688473443,0.22179102702205725,-0.14622948184077839,0.21050600593750207,-0.14523934211969566,0.18179379858216604,-0.2494131036336416
2014-01-31,0.12624438788457687,0.11012568029825222,0.09479222498332837,0.10886438351160133,-0.07097866899307302,0.08624354445887186,0.09005026628225991,0.10325868153537077,-0.08578545240178234,-0.12975260751823026,-0.12320776249072703,-0.23911142537735403,2.290998875831183,0.2657999308021179,0.29707435880754035,-0.26618116241297934,0.4228796001253503,-0.07343206673159978,-0.049409893702917776,-0.08301583334046271,-0.15508178227397731,-0.19059657786563933,-0.21292104695964803,-0.14490679425992778,0.2129758209042741,-0.14351040912588148,-0.17046573423996866,0.24507140005417336
2014-02-28,0.12324015416998614,0.10953682385544729,0.09326926927453436,0.10422787738136716,-0.07068934451765121,0.08309142073640405,0.0898961200929791,0.10019475480984796,-0.0816867182359604,0.13351056545674853,-0.1287152309357435,-0.25371468733576547,2.417978334117453,0.2769013906080825,0.32041347118740754,-0.2764752198936982,-0.4444007532101595,-0.08069219674659829,-0.04999203153894528,0.08889046494671203,-0.15596403052657176,0.144384089353453,0.23002639122121823,-0.1554714935136031,0.22174734914515054,-0.14322722249608874,0.18721182745298393,-0.2674229490769375
2014-03-31,0.12931442251425063,0.11005487320448733,0.09391704699460732,0.10030446799768178,-0.07226291591256054,0.07997604273103673,0.08019288962608433,0.10071148152313467,0.08686409438749776,0.1455793695997544,-0.12746879322948923,-0.24549913374285123,2.0717316115209776,0.28269249726146556,0.33667936504920687,-0.27249104147094066,-0.44231205629138826,-0.08292148044646351,-0.054470142045075096,0.08819953747986144,-0.15256534588832718,0.1249675652681844,0.23137427311502082,-0.16155521583023671,0.2453773917591661,-0.15102082967938507,0.19337899254535854,-0.27575522310094563
2014-04-30,0.12277845110787015,0.09131815293420908,0.08543126339242399,0.10736050715101085,-0.07892833127767018,-0.08089885458757418,0.08414241822981575,0.10712367596753698,-0.09251421697857518,0.1408176109159915,-0.13558056726509446,-0.2659783262714258,2.1644339325581465,0.310984099333676,0.3682601897839713,-0.3002303438497259,-0.4845928663479032,-0.09099917826840054,-0.06270365165077063,0.09259060877930382,0.1578709903878748,0.11682051407887521,0.257860946436197,-0.17380319286631354,0.26802783633081423,-0.16368449512775607,0.21287396049160828,-0.3043300368064803
2014-05-31,0.13333444535314887,0.09849759359019349,0.08505795214688498,0.12218597922870232,0.08732517001992489,0.08724068635367607,0.09222178500892886,0.11994078184779126,0.10086390213028258,0.1529162014978683,0.13641128942146538,0.2860808703462308,2.3810242555451917,0.3224224158983815,0.4240447229746976,0.3087796351676072,0.5279281604113374,-0.09707853515528662,-0.06846693387513866,0.10073626400726246,0.17185191502493866,0.1226640265642261,0.27793298837087155,-0.19658351466879795,0.2780384984147879,-0.1778137185892071,0.23540987411863465,-0.3277349010382677
2014-06-30,0.15024495848152797,0.11352316741577928,0.0927145115680615,0.13837973136379336,0.0976373411243794,0.0959838130307676,0.1049883619198623,0.1354077813430797,0.10663538882850794,0.16364644556547675,0.13786071672051373,0.29611288492953963,2.3006564500910005,0.32159408194584854,0.4548423013165848,0.3150450165673783,0.5372858107385374,0.09823051511650785,0.06987586828072016,0.10795797710601762,0.17585025822903919,0.12979503086095673,0.2995059112819699,-0.2217403448200021,0.29653915736517705,0.19421895682194965,0.2556812595110419,-0.34434770642792767
2014-07-31,0.15852533575192204,0.11862347329401819,0.09606296698884624,0.14167734772611557,0.10365156659118875,0.10376534802876573,0.10506963237548458,0.1392377200589519,0.1145385034697649,0.16863187848279146,0.13376584133393785,0.29403569701816545,2.303265030731673,0.32738981684653784,0.4106374534825177,0.30939558887591073,0.5274239099710191,-0.10060284127669242,0.07354166947313026,-0.10523811421253172,-0.17937034234813923,0.12723123847697643,0.3300458540523295,-0.24045965005755668,0.3277730151197287,0.20376231369504577,0.2769939429482043,-0.37152503645367746
2014-08-31,0.1527525554243324,0.12489500786819764,0.10055662274275382,0.14224592708112999,0.10622240734347861,0.11131883994320602,0.09870659203171482,0.13962280006977798,0.12187407792167285,0.1635758662863542,0.1388690278048982,0.3132453173093786,2.228486414089963,0.3508245473788452,0.37417451458987977,0.3311599179284073,0.5503007968085389,-0.11044036405768934,-0.08273016939942798,-0.10417909403655631,-0.18007464504771836,0.12160289892820504,-0.34818236313777945,-0.2608247618184595,0.3277141014528055,0.2264267630798877,0.29199482232001556,-0.3906804281600706
2014-09-30,0.15072749617569464,0.11982653499384555,0.10090118106886888,0.14092891244624658,0.09583422984441974,0.12158882158818225,0.10045248364363527,0.12652503177150173,-0.09883262231055054,0.1392095592427677,0.13279696126032545,0.3128746723728578,2.067483320727274,0.33997510321810537,0.35542583253666404,0.3120373633934731,0.5797639503690623,-0.11755513364628122,-0.08559613935993504,-0.09132854820338403,-0.17010010949806142,0.11873629065009847,-0.27657603828608235,-0.23789287347303137,-0.2662652805847937,-0.18129128043029424,-0.2429379141405623,0.3231714940135734
2014-10-31,0.1138290979636487,0.09392874997462648,0.0834156402957651,0.10791010083973465,0.08967992719833309,0.10670171577790573,-0.08392416694006136,-0.09969310323697625,-0.08716208891657436,0.10213489042663874,0.13077123633807947,0.2952095135526415,1.731904623944316,0.34647917352141444,0.2509404375183484,0.320101716930699,0.5231017151460068,-0.1196591371717994,-0.07877583042611651,-0.07600272654663986,-0.13322953151173147,0.11470341841404062,-0.21417666174854966,-0.20244956570550213,-0.228740809719729,-0.15976528652503874,-0.20593819509676287,0.2347220698925357
2014-11-30,0.1285822381068759,0.10563985486649878,0.09111385078000069,-0.11235462770589513,-0.08878886801720112,-0.08640606366069949,-0.08513195425742891,-0.10731445574350452,-0.08697637165493304,0.100440569325889,0.1394320524777922,0.3134921545225268,1.9070272395304289,0.32435459682016493,0.2693532676269982,0.3313502654985522,0.5398428200216935,-0.09465784192420608,-0.06724272071508682,-0.06962301291215274,-0.1266230123664305,0.12707737398884505,-0.1980087337275755,-0.16730769382424815,-0.23186253993461106,-0.14827543322653838,-0.1915807307222042,0.2248034090350636
2014-12-31,0.11472412197070776,0.1003441601904508,0.08469855723656364,-0.1080942804357848,-0.08501111975227374,-0.08801391182014082,-0.08505158373797857,-0.09237611728644964,-0.0859671940966039,0.08184010188382605,0.1191088319150951,0.26305671382350687,1.582100668861629,0.3144184111453066,0.18031650023532578,0.2932784021499627,0.47035864012845957,-0.07841548503365219,-0.04919305991811101,-0.043796542116171795,-0.09280197950580406,0.1272718435936784,-0.1884523561156589,-0.14090184401637937,-0.211233640134948,-0.1597016080091139,-0.1841946988598597,0.20613975921389632
2015-01-31,0.10377481838910554,0.09051025313748785,0.08182722826948642,-0.10097660262216998,0.0829458638574717,0.09228722202029019,-0.07654544517209419,-0.0889041355535027,-0.09034528926404198,-0.0801981556650688,0.10596375525307385,0.23341759541359947,1.5150306790625174,0.30163661983900153,0.18798652351628714,0.2732891019152311,0.4496606891512522,0.07727426682698468,-0.04522572887097901,-0.03798232331702018,-0.0922234099142722,-0.13165023360424116,-0.15615005987865876,-0.13666904393310958,-0.19502176896497062,-0.14692783548905,-0.04066445808176703,0.18951350173085402
2015-02-28,0.11000422758057883,0.09834831356731676,0.08747713789165237,-0.10021181261770169,0.0806036352533122,0.09414353053724529,-0.0727981185017089,-0.08948374065438781,-0.08677093578200874,-0.07691634657409345,0.09662706077732866,0.2112860852515474,1.3732534850657816,0.2553929489954802,0.2069042744952289,0.262109724450421,0.4052289113905096,-0.08011991995011296,-0.04740337903550118,-0.032251888837999475,-0.08158361965292493,-0.12821329928559325,-0.1470417638628578,-0.14409054136082564,-0.1865008918366868,-0.14901826047077,-0.04702780027272673,0.17811994703091857
2015-03-31,0.10744238258456835,0.09800821206767998,0.09020997501115612,-0.09547136928504937,0.07736368549329777,0.0959780259022378,-0.07273918607005994,-0.0816504804893157,-0.07559572693029126,-0.07611517834837171,0.09264559761831352,0.203993570527172,1.325838447911758,0.22574261299658058,0.21058005565154195,0.22356937414561634,0.3591463092647701,-0.08557045033126312,-0.051192404550356625,-0.03160353601191955,-0.07828109029517923,-0.1274724837737366,-0.11329558802668838,-0.15608598161833384,-0.15346105557386217,-0.1138830352815635,-0.05313841892928372,0.1401054758755185
2015-04-30,0.11876156501143567,0.1032344908148486,0.09802727548685279,0.10297824505386467,0.08145344704806011,0.10153127716027674,-0.07584315515265941,-0.09014806967684605,-0.07576518712110232,-0.08387619067704434,0.09531070972262859,0.22216400919847526,1.443376221581773,0.23319096070509576,0.23868854814709486,0.22899756521515743,0.38759610140378015,-0.08703576235972418,-0.05323809260185475,-0.03249460497905562,-0.08121600262750064,-0.1275861920175272,-0.11574469853883285,-0.17354336373831178,-0.15599378650468962,-0.11439658870897487,-0.06009378272919648,0.14131096715681016
2015-05-31,0.12201303034310541,0.10224965617680686,0.10185799438433228,-0.10006335469680869,-0.08542107926554761,0.09522356449407463,-0.0740595522780004,-0.08645852207604651,-0.0728956815207258,-0.08963680054685405,0.08873067389999388,0.21381601042693008,1.481437519649592,0.22063336899678057,0.25392434587799684,-0.2257725857200504,0.36717742376963897,-0.0917050317278101,-0.054914304427298354,-0.035478170253350504,-0.08339074002287883,-0.12816076323486114,-0.1142541947744705,-0.178433327055245,-0.1476298509754555,-0.11281893796789469,-0.06729538052094403,0.14050976009722224
2015-06-30,0.12182908885089097,0.10258335442702704,0.10221901564850604,-0.09282885630583106,-0.08742014360523051,0.09385669091418158,-0.06481678065202445,-0.08576544141486901,-0.07377210743769468,-0.09046808665941074,0.08290496053823941,0.19536288232861246,1.490689981102497,0.2100175284186762,-0.25958278586747674,-0.2272074711003495,0.33941604402859016,-0.10229755234678074,-0.06225609230397695,-0.03912660832766556,-0.08985895866520775,-0.12289793729776775,-0.11362306472099314,-0.1686123010755705,-0.15555232959263376,-0.11433160302798481,-0.07637178031743345,0.1415758806902617
2015-07-31,0.12208747069600459,0.10131782262544235,0.1047897267829834,-0.08756437060424326,-0.07581651175244199,0.09037072906876302,-0.06442171632889908,-0.08340369610263632,-0.07194149155124771,-0.09362128736616947,0.08607052970840465,0.20736186336640286,1.5030872804191173,0.2303366073119222,0.25354204734164293,-0.24634644719218576,0.3634368914453771,-0.1058672766775014,-0.06625307681709378,-0.03977219403127802,-0.0857329058182321,-0.11326948909838441,-0.11979069374461275,-0.17197351655661813,-0.1668602974674634,-0.1227918415238846,-0.08726896538806386,0.1507239133871239
2015-08-31,0.07887551584350809,0.06625659481730832,0.08288472589297949,-0.07821598703501878,-0.05966378800068582,0.06964306398661561,-0.0652108831295565,-0.07738399681326599,-0.04872098436250867,-0.07335907454719895,0.08777042272104876,0.2130746147223588,1.4363402441376742,-0.24118827034719306,-0.2441637182236717,-0.25417726435853527,0.3733764482421235,-0.10393704867757514,-0.06074695901675515,-0.03330806405759101,-0.07483531584264531,-0.10563304382283818,-0.11488019369700672,-0.14101135276902305,-0.17273410275183845,-0.12078790816044871,-0.09100572155869913,0.14414400218741538
2015-09-30,-0.07519580044748328,0.06453122974536103,0.07817689946358312,-0.07126360073301331,-0.058075520755128444,-0.06145812842065708,-0.06072708347880733,-0.06637849901003703,-0.04814817898816131,-0.06794375480283812,0.08673815642099003,0.21457174270865306,1.3771111378746899,0.23949667264129254,-0.22536662453525616,-0.2537425029671953,0.3754444259987523,-0.10457499453516224,-0.06104300234668541,-0.031891620807074965,-0.07360169917118989,-0.1101726927535107,-0.12095451372519807,-0.151321300386418,-0.16984861274070373,-0.12016419671650123,-0.10067095092595724,0.15430904734478343
2015-10-31,0.07981651075763992,0.06795644347577239,0.07345666006190944,-0.07545856297487559,-0.05817796009588485,0.06426450235785777,0.06637647850228601,-0.06852851679886138,-0.050784630331696286,-0.06657291610891122,0.09457708937401633,0.22389963930600024,1.3705466604516379,0.2506979913617202,-0.21449893818954008,-0.2715409256938842,0.3852215421628675,-0.10443617004079232,-0.060708208323096306,-0.03327995555732694,-0.07878231199664346,-0.12021451298172983,-0.12317034804503761,-0.16637915872270267,-0.17842271617363345,-0.1228772477078891,-0.11043688846031156,0.15721104990784368
2015-11-30,0.086865239794229,0.07433487909901419,0.0781052254539772,-0.08414313411025129,-0.061147640736454824,0.07333610782447968,-0.07178228797759881,-0.07325121878530973,-0.05491748025792065,-0.07114742850056933,0.10565605726835878,0.24961486625290902,1.4929848903748446,-0.2765395264407145,-0.2236908393575064,-0.3028986431436428,0.41900075557637223,-0.10789167629065763,-0.0685006690530033,-0.03570407553734011,-0.0811960582536029,-0.120067762321179,-0.13319971604883013,-0.18063872468424114,-0.17996728603591058,-0.12550026757785993,-0.12250295326958831,0.1664750795499433
2015-12-31,0.08470055478504189,0.0740277648433515,-0.07812991086892927,-0.08555917359783523,-0.06414502807016943,0.07527154649650847,-0.07445815579123062,-0.07443366821377341,-0.05577861583795064,-0.06804358727810376,-0.10049675019034109,0.2377461150149602,1.4951599782785225,-0.2560058822073101,-0.15690626789471387,-0.30321817470418494,0.4068535194870517,-0.09866896500289381,-0.06368373494506747,-0.035571243426187095,-0.08098863384092606,-0.12150560685108693,-0.12496586495851211,-0.1792891239512229,-0.17561969538715735,-0.12593583658398236,-0.12207694798485623,0.15455224970597384
2016-01-31,-0.0769865487588849,0.06319067584145713,-0.06879356589664089,-0.07231739244017157,-0.058108684715553756,0.06272993676946485,-0.06639536402604433,-0.0634897220660338,-0.04971051984741464,-0.056725841288763276,-0.10305007149718678,0.24910550206755325,1.5468332104964158,-0.27384021331295155,-0.14519568147107173,-0.31782326337649225,-0.4336775129479339,-0.0970460968302449,-0.06458062785120663,-0.028892427956175176,-0.07315805953409822,-0.12423630003573594,-0.13394534018299534,-0.17915273069842436,-0.17320705255755722,-0.11947467047397378,-0.12861767803645568,0.16767610799986946
2016-02-29,-0.07495882410741465,-0.06204467943008928,-0.06599052364323986,-0.07101738724989125,-0.0556978049600829,-0.06159768858659371,-0.06646115846670103,-0.06043673323663025,-0.05102533252532937,-0.05430132631822911,0.10071819676576,0.24369578829029098,1.420410085035656,-0.2646749177119275,-0.14243059389155371,-0.31823062507826033,0.4430922555715639,0.07920851414700111,-0.06264917107373605,-0.02687611206048552,-0.07064845026531777,-0.13698731987390303,-0.1322493887592196,0.14058663289419399,-0.15260373569862737,-0.1162626052975636,-0.12555151550393961,0.16016837801419934
2016-03-31,0.0831463535820205,0.06838109832655874,-0.06652688914510971,-0.07505756758771427,-0.057629208494391834,-0.06536353073025382,-0.06697271087789171,-0.06453758885591745,-0.05141301611708887,-0.057230528092679735,0.1063139828917417,0.24628487962619597,1.3053878674697081,0.2746885390376607,-0.14109749505686928,0.27792507839467073,0.45969767440019776,0.07748626528753713,-0.061932516543828454,-0.027967559191089116,-0.07368989216702372,-0.1381265908992228,0.13822763108522756,0.1455044300796169,-0.14082045702534832,0.11208452786984514,-0.13623489642286718,-0.16629141733343283
2016-04-30,0.09279061749046791,-0.07502559509824365,-0.07295132585060406,-0.07684885749948799,-0.06172084298391733,-0.059551354800601135,-0.06937354294804005,-0.06917291727629889,-0.05370546398073978,-0.06264867520946095,0.1124625843094749,0.2594703167164278,1.4317033240191357,0.28967206042383087,-0.15559450924397827,0.2870628624476272,0.4813983455120831,0.08136424182161299,0.059928108087370244,-0.029525309519226793,-0.07424803471661202,-0.11958887643139901,0.15443556812735323,0.11787343158547305,-0.1477208128570964,-0.11061950155495288,-0.14804398144631908,-0.18017314160372916
2016-05-31,0.10016382777405021,0.08075433539581325,-0.07608493564666355,-0.08242979540932556,-0.06557745273211614,-0.06469562365660395,-0.07442116047477376,-0.07302899896973772,-0.060199747418765645,-0.06633769289247994,0.11856724645656883,0.26903065098415024,1.437136042026573,0.3003815622824747,-0.17195700317735188,0.2989394587356523,0.5100437940260154,0.08454104807981626,-0.06111791311806159,-0.03296480747179927,-0.07585183964333345,-0.11640374593871312,0.163706039665551,0.12277409989959262,-0.1553342279118282,-0.11240619335073644,-0.15821337727347268,-0.1926448069268705
2016-06-30,0.09016988724103946,0.07510046190451294,-0.06929985580201951,-0.05456637019265625,-0.056301913614092654,-0.06298918206723049,-0.04937272027042693,-0.040730871731609955,-0.053767888034068574,-0.06510272253420016,0.10545490052856896,0.23357761111833758,1.3198301995965738,0.3029093904071904,0.15040142627317796,0.29975057480496575,0.4735425890812123,0.07478150265440638,0.06042106343036825,-0.03439917528922234,-0.07608766128376736,-0.10325504041468503,-0.1362556442597537,0.10435410101938805,-0.06847727757038023,-0.1074390732877859,-0.15928977204323266,-0.15199628608225527
2016-07-31,0.10071300108828989,0.08406252499137894,-0.07534752337823918,-0.06118175835048257,-0.06194699314588526,-0.07116244270625519,-0.053832466034727584,-0.045942005369064,0.059081255005015675,0.07262740269197342,0.10588302037397143,0.24645160112801956,1.4018283733188814,0.3032858066524446,0.16068671248780145,0.3063907685883907,0.47562399950945367,0.07897432335160148,0.054681503248674934,-0.0348534253499498,-0.07588030443192374,-0.0986307508319639,0.1534834924562694,0.10146366861182822,-0.07426626976781761,0.11580950537270353,-0.1728544580284471,-0.17026170085404815
2016-08-31,0.11792040081273757,0.09873760978207628,0.0858493633935574,0.07208605925714293,0.07099649038390289,0.08043226895126195,0.062451421785732875,-0.054656694034368625,0.06832481471985173,0.0834374531082656,0.11039253587554376,0.2601115916103171,1.400249391798146,0.28640619434793063,0.18254905181556405,0.31167812597724565,0.4710724914568845,0.08864531791473715,0.05798421093743579,-0.03631929591833163,-0.08062047844385971,-0.10899782221918597,-0.1638225136840568,0.10145130300626039,-0.08485546370328667,0.12405912726550329,-0.16681159868450263,-0.17299555308188747
2016-09-30,0.11292598318356709,0.0977579838024029,0.08288964938403146,0.07550924895544364,0.0662156856957824,0.07978904248836201,0.06570368236481737,0.059887932541378704,0.06650143401362871,0.07903429015827136,0.11476484044327392,0.2814994897351576,1.5292877065077957,0.28915329798701606,0.1863502521587033,0.313452620762842,0.48335519633059926,0.09751985340155385,0.05760676642835084,-0.035741166992954564,-0.080451230250877,-0.11715559776089844,-0.18178397705042756,0.10790238118464522,-0.09398566803848422,0.12932890085901147,-0.17618919963313603,-0.18702025930765004
2016-10-31,0.12610892230607448,0.10724202589087198,0.08950763078835014,-0.08674701474390586,0.07218864239086152,0.09253239883257633,-0.07438175455378673,-0.06813567364011272,0.07281886523045991,0.08837504759286939,0.12179980273977808,0.3075900574686245,1.6542222894552558,0.29869006114265223,0.20616141511552397,0.3371335674708265,0.5124314246313212,0.09987587083416158,0.05927543080176145,-0.0399278505145189,-0.09080030438870472,-0.129600647433201,-0.19102319365145787,0.11655724644428613,-0.1019275279766944,0.13875805822427859,-0.18864758661388079,0.20257824445981845
2016-11-30,0.12928155755177365,0.1054586203596704,0.08387499518336707,-0.0953082568451139,0.06725794924899814,0.09926730423650064,-0.08186084620642874,-0.07531625285160838,0.07668770428184479,0.09208786516686014,0.1030208467377768,0.26158269113313753,1.6030637831552732,0.25788013491009704,0.17361954572681462,0.3267198857847388,0.4078202247258744,0.0972991960010819,0.0562777332888922,-0.038676255261986585,0.08498935523486437,-0.1399679347238188,-0.18768822082517694,0.11710105946686973,-0.10942759427382823,0.13846034969304294,-0.18847831978108293,0.20476867244349695
2016-12-31,0.13990138839681182,0.11099863741163477,0.08895117070410863,0.10445316440940056,0.07132169671868924,0.10306908539251772,0.08671306319771774,-0.08550120154584336,0.08330605894246704,0.10018636746525436,0.1073085983922112,0.2595872453340818,1.5467633183951324,0.2598762334929385,0.19341446424992376,0.3176531625370009,0.39986794933538566,0.10264635283984214,0.058301987254583264,0.03866858567085651,0.08825818300299325,-0.13839183062193722,-0.1718912536232468,0.121393848394507,-0.12061776140231019,-0.14441830909663797,-0.1925534926107078,0.19563170918138478
2017-01-31,0.15229998488000332,0.12150350633899455,0.09130415095678282,0.11510997074569715,0.07927488094786957,0.10901696118981721,0.09600406161883453,0.09490038298689164,0.09020500608544305,0.10148430671318512,-0.10982201268340464,-0.25574706511516176,1.5385848741625252,0.26370584717492307,0.22045645436560446,0.32484059008963323,0.400748605046021,0.1069372667582844,0.0630382970074851,0.04188116395178856,0.09369987258273438,0.13460995967902942,-0.16740570514962183,0.11097977589391365,-0.11944541777372883,0.15000105784406165,0.19059686828623193,-0.1833983837597732
2017-02-28,0.17054523539423558,0.13806539015263272,0.09883700266395137,0.1301189761252811,0.08863598083477277,0.12280386048900374,0.1053753801037801,0.1074729452275858,0.097825950532671,0.11063488677634832,-0.11490453424306839,-0.2618840155195284,-1.5538470918986171,0.28294572431556725,0.25328346412628083,0.35079134704705883,0.4129799682199587,0.11366439018562438,0.06905688201048205,0.047034879993641816,0.10341084679503376,0.14482425889254863,-0.17722914350552502,-0.11995280997678938,-0.1305570899887945,0.16157850840854354,-0.19969784332561533,0.19777644139763842
2017-03-31,0.17093430979955218,0.1474367720563957,0.0964984477866803,0.13902862307466493,0.08981448578421522,0.13212180248017316,0.11440710845516022,0.11812936009244025,0.0959843703220541,0.10952123245226443,-0.12024417885420298,-0.2664587246362081,-1.506304201019714,0.279014566415433,0.22973773494039126,0.327007858251214,-0.4077120430273193,0.12006750884460425,0.06971209026806421,0.04930925253174454,0.10812994758496408,-0.15561556279264183,-0.17297919567968112,0.13018753401704566,-0.1395559931152116,0.15524331512866327,-0.2037647316459101,0.19344319879637611
2017-04-30,0.1749030708563497,0.15514245038907304,0.09960316145264815,0.13427276513768097,0.09633084169310466,0.13918210201064188,0.09788149501706538,0.12203152092813765,0.10242737266880518,0.11119142030140095,-0.12484329519061974,-0.2731571164807904,-1.463908645792335,0.2883402845107385,0.2587850993344376,0.3487031189043751,0.41793136986426443,-0.12651604552501736,-0.0752863265364951,-0.05270787246206023,0.11436472233273108,-0.14915850458452834,-0.1727378665438331,-0.1385735441068241,-0.1394425965016341,-0.16432226957732812,-0.22220783577594228,0.20147692050926505
2017-05-31,0.17715801065316464,0.14567389639033285,0.1023338693684004,0.141289446504158,0.09737336258299774,0.15889056282679173,0.10271777685690857,0.13034466470240366,0.10031426181767777,0.1083552430400365,-0.13541549850403053,-0.29153570416758506,1.543201966374571,0.3120905599275833,0.2885178246285941,0.3556936802685802,0.43887633341666815,0.12680393915632546,0.07729373857721974,-0.049251704507380374,-0.1025126394228163,-0.135189677430146,-0.17671774297105247,-0.14255811379686784,-0.15420125093190462,0.17604183371958423,0.20614342134239008,0.20724137115597915
2017-06-30,0.17989765271205496,0.11467812900030745,0.1057753117682589,0.1438382998404828,0.10254279004078878,0.15251586913752554,0.10459866326107138,0.13293984142926815,0.09812162721532114,0.11048099327629446,-0.1387287113866333,-0.30925892779593617,-1.6607936733864241,0.3225388883084008,0.29701291228866944,-0.35992530624777375,-0.471198883326396,-0.13592433124287923,-0.08408743237217745,-0.04940499277090671,-0.10522959058021371,-0.13072428734343858,0.17819146880935152,-0.1535404724875332,-0.1557870008465129,0.18257089684149722,0.20570281014186947,-0.21421070340274997
2017-07-31,0.19521236035762854,0.12167442271197867,0.11389842777622437,0.16016513833506868,0.10770624646092056,0.16685485688597684,0.11460899189942574,0.14354034084827674,0.10004424823095702,0.11940844015679287,-0.1443353313453477,-0.3251226034441302,-1.7629830473293358,0.32716298731590676,0.327763127204108,-0.37151425628827095,-0.48710626362973464,-0.13875632546407415,-0.08291256588420058,0.048731198091934706,0.10291322391001588,-0.1152061519191783,0.18098586685089724,-0.16283725514714814,-0.16503839393194616,0.17393734703760297,-0.19604954854917683,-0.22109369706385082
2017-08-31,0.1795362480072395,0.11537605569565722,0.11345073286869437,0.1642748503930914,0.109820724075131,0.17833772971851264,0.11643962990858424,0.14767472133275747,0.10558523890682062,0.1325725954706801,-0.15423984011917,-0.3492842425576036,-1.7409906110328246,0.3526106721405232,0.32496378902876455,-0.3984422418809261,0.5355084306653624,0.14154721024454148,-0.07807120181685723,-0.05070348088924443,0.1075533726486358,-0.11279080892855332,0.18234807079236415,-0.16951423951632308,-0.18117766411646571,0.18027103334972952,0.18464646086235265,-0.22128792689726967
2017-09-30,0.19455250705562022,0.12220343058116837,0.11901941286892617,0.17380601008886817,0.11311741149271394,0.19478696727874545,0.12386043280585286,0.15644471555406594,0.11069541098377973,0.1414851758715579,-0.14441506254877035,-0.32874807288892577,-1.7895332315435915,0.3464976201256015,0.3649349680027596,-0.38133396888398025,-0.5304031492724105,-0.1303903413958847,-0.08015749998376465,-0.053192799587886745,0.10671287192292614,-0.11735427249658635,0.1824459450547656,-0.15986476899596694,0.16587085643588595,0.18096608497113859,-0.18110224452715284,-0.21612168857058772
2017-10-31,0.2108981760105915,0.12143453191285715,0.13050860883920973,0.19365526667930608,0.11624935309425834,0.19309057672629165,0.13933428179091453,0.17042776768383808,0.12020254173074892,0.1536564755387109,-0.15309444391755828,-0.35164526180659433,-1.546069666141226,0.37338964962370974,0.4119583410629447,-0.41379101254515765,0.5476386911657717,-0.14004001387625883,-0.08761572673064773,0.05652106336557862,0.11482596573877656,-0.129636719833201,0.1837415900679691,-0.17872875343429598,0.1673377377666759,0.18539964920358096,-0.19091849591209015,-0.2189820321959516
2017-11-30,0.21731519971858207,0.12543248217758804,0.13114718445271828,0.192869624980206,0.10969796604118527,0.17184572549163016,0.13685808054406118,0.17245102916359914,0.12773136998755422,0.16154940305717233,0.1514558726450512,0.37259154797727045,-1.6951610864074829,0.37285975188853004,0.35739813188733865,0.433866935883875,0.5738053144373564,0.14327538867626896,-0.08362365018342746,0.05931820264437671,0.11609068340592595,-0.14495774963325278,0.18958013239199234,0.18320448671209566,0.17500513008115187,0.1949768501048859,0.19521899872852452,-0.23049101234301564
2017-12-31,0.22420342361566553,0.13387488421984786,0.1320631320981479,0.20132550392616283,0.11315014714434699,0.1711030862936332,0.14419295840406,0.18281294747495141,0.13793712959965623,0.1623913042484003,0.14280731280326858,0.375977541940915,-1.7998218048042067,0.3654884744831551,0.4095888692632351,0.44058130984991595,0.5677145967824628,0.14953173675450207,0.08652657332294998,0.06270124943509155,0.11849692208576987,-0.14902805023384344,0.20775699881910897,0.1859613708820629,0.18365049492128596,0.1978848041402673,0.20222658261374593,-0.25177242501942676
2018-01-31,0.1945636055656996,0.12856461193261767,0.12787166343852122,0.18463032940499696,0.10920717680989374,0.15512990294787543,0.13585870720582313,0.17089573480831868,0.14100333390483835,0.16393091292850512,0.14568415672015197,-0.38563580135262854,-1.938555681395134,0.34470477882684836,0.4087660481750866,0.46495716530016606,0.5717010533899757,0.1491938873071176,-0.08641830978220862,0.06717917865515145,0.12977341738620043,-0.15621686808633747,0.20104008990217742,0.18642335274959262,0.17096577616017103,0.2005504923667019,0.18922464252405696,-0.23796139247967574
2018-02-28,0.09345190217192502,0.07834164706832948,0.09330901545301536,0.09996505217116912,0.06867907049901338,0.08625535968134698,0.08320769649161831,0.09636377789817414,0.09593978582364435,0.11398148363128871,-0.1379652699630631,-0.33903166940295826,-1.7189641859880045,0.3124758773811677,0.2853552237717514,-0.42832206985710763,-0.510608427175229,0.13790671624093476,-0.08237446955648353,0.06345763399819897,0.11926280925142103,-0.16225950275023077,0.19164273400504614,0.17711325907702372,0.16867343610898836,0.1792008348856083,0.18058580795515522,-0.21832194422201254
2018-03-31,0.08395100615434488,0.06691145354506184,0.08501778047046891,0.10079271735238389,0.06610752654249362,0.08496712933200257,0.08317205894652233,0.098240869723809,0.088940297347746,0.10985757191506253,0.1427010915097642,-0.3425009423561233,-1.7630753807618436,0.32722238559830064,0.2809020063812054,-0.4515404436506038,0.5401560465161375,0.1328870311023461,-0.08389439954590264,0.06168929597584547,0.12108980069168726,-0.15100803865343754,0.188651443943995,0.17417779733804428,0.17299692218610155,0.1684147273886776,0.18108815223078809,-0.2136993341728242
2018-04-30,0.08420958089975014,0.06467279793587762,0.08590212390055287,0.11052983200525203,0.07024774511464962,0.09193448007459282,0.08926213806699343,0.10670884883235827,0.09314468059572957,0.11204161297976829,-0.14520691035577205,-0.35443074214720144,-1.8755057102550692,-0.3334119088221758,0.298946563926864,-0.44061596579593215,-0.5443803533633443,0.13766434603671343,-0.08309901109191811,0.06003761605061521,0.11924947769121959,-0.139890032307513,0.20498666865340856,0.18146469279404379,0.1763611313670739,0.17629720254011633,-0.19650314162957017,-0.2291629147490273
2018-05-31,0.09331649374565035,0.07324070041857841,0.09538918657602302,0.1135344690648531,0.0738536121630783,0.10380998544841435,0.08646396452888373,0.10782697603554679,0.09441975739524786,0.1119240001824916,-0.13571326493509478,-0.3073277892095545,-1.4696235511929763,-0.3149977659845912,0.32945889068894635,-0.42889432846793824,-0.4709890200682261,0.1469678402400405,-0.0898391857694318,0.05964721677772787,0.12241428877487558,-0.1346697434006266,0.19279239611843213,0.18879890979884784,0.1922264326962619,0.16923494699061714,-0.21795635450090514,-0.22921368471842377
2018-06-30,0.10399959692314512,0.07907749609439116,0.10074739859896358,0.11783448946644205,0.07713413091048094,0.1129187415693864,0.0891690960818371,0.1076018936874743,0.09341799024258654,0.10642886593027114,-0.14389289009371822,-0.32210488994081976,-1.5500304094719881,-0.3276924979462379,-0.3642744333343062,0.44641571152754667,-0.5066639491002461,-0.15682809437997097,-0.08828203767664898,0.052992244448741274,0.11038334707612527,-0.11971974950955963,0.1874097897303321,-0.2061064780635917,-0.20438842273829283,-0.16845026357374251,-0.2181453607357796,-0.23205629641464554
2018-07-31,0.11497433321892885,0.08240658580018004,0.10546552666168012,0.12381015632726046,0.07796946978633301,0.11683564467707744,0.09414485812507914,0.10965908633489614,0.0916372016370474,0.11419665015347487,-0.150626828917403,-0.3489743022505583,-1.7527892032604224,-0.3518698297935872,0.40339249401159283,-0.4579834676848261,-0.5422042377235671,-0.157577360768511,-0.0909507313698273,0.053834456394480604,0.09755829225501032,-0.1120049589825264,-0.192413614317229,-0.2171953349105948,-0.19707653693432406,-0.1585147446062714,-0.22298204263343785,0.22697474152666433
2018-08-31,0.12943757876392628,0.09313375643355716,0.11597280097832827,0.12096920856579786,-0.07338369016064897,0.12024997865315054,-0.08976168008628808,0.10668084420020074,0.09474155599188627,0.1130100264923158,-0.16186666031040525,-0.3770360891458617,-1.8791754428702696,-0.37467544070482167,0.46215630432582006,-0.4904248589140609,-0.5879427904694395,-0.1403264626499693,-0.08176971484877367,0.055783137429630224,0.10089311329005439,-0.11088115418938042,-0.19066847304198706,-0.22375394538919924,-0.19190483412511616,-0.15570927102414656,-0.2404914064422354,0.23188128910058378
2018-09-30,0.14459816415712234,0.09882780060221681,0.12526325538091965,0.12618033836395098,-0.07793462424685402,0.1177415987804958,-0.09438699732571132,0.11332486147910624,0.10020916564093163,0.11896275185776636,-0.16646598327565817,-0.3895464159590553,-2.0058540960874622,-0.3763028351783429,0.5004881229926993,-0.5213570779562146,-0.5873315617191855,-0.15050163132903835,-0.08780815543373985,0.05906192357093173,0.10768290963078075,-0.1197195528658536,-0.19410747058724206,-0.23693275568741598,-0.17735275164791325,-0.15807307961090916,-0.21690847287987028,0.23617930883524055
2018-10-31,0.09433963193679608,0.06345441080662093,0.08244954479277511,-0.10354124655449415,-0.06530332344183098,-0.09137163322250098,-0.08103304646187821,-0.10631239661401379,-0.09082140557465801,-0.1007399620471439,-0.15611780192046193,-0.36071197054198445,-1.9026243087246963,-0.36781745370567975,-0.38429596500445395,-0.45448654118522624,-0.5586670303947173,-0.14124966613989537,-0.09091499518976252,0.05540794238878237,0.09957492877398266,-0.11663103956304102,-0.2103033693165984,-0.22996233897365057,-0.18023292896226592,-0.17025660893134803,-0.2401652893999123,0.2528139719128913
2018-11-30,0.0869104994861634,0.05809884599092716,-0.07617337603743043,-0.09898870164612839,-0.06119300712003505,-0.09238065924093329,-0.07640101980565317,-0.09580039499772541,-0.08757850561844127,-0.09477231416401054,-0.16745334671509124,-0.37898519989713036,-1.8840400331297236,-0.3795538639568257,-0.30577187100236325,-0.4333270224637025,-0.5946773860730031,-0.14857753302389795,-0.08782417386341734,-0.04355056876916629,-0.08861196325860785,-0.12402652837537613,-0.20559534416861838,-0.24498263096058745,-0.1547072998845434,-0.15517181670535143,-0.24699754854756922,0.24319468556378632
2018-12-31,-0.06709554981996323,-0.04923594198674702,-0.062109693939500166,-0.09068682746454312,-0.06345484877505522,-0.080804709382487,-0.07263662031977924,-0.08862977780898161,-0.07767331432258907,-0.08372634622410302,-0.1553468396106636,-0.35944896986821223,-1.5719841070613934,-0.37907068466519095,-0.21695773520332676,-0.4357062764082304,-0.5818242321693928,-0.14633169263270143,-0.08954605696791398,-0.036518020437783794,-0.08305311137876603,-0.13412147539031608,-0.20060092974654872,0.2149375455866899,-0.15319998391788484,-0.15593514915685006,-0.22162539004901177,0.23694413985337562
2019-01-31,-0.06930087344361659,-0.050881114382359906,-0.06376222886423129,-0.09071224202961001,-0.06529215228070577,-0.08085521297288145,-0.07167328852586419,-0.09084471901429018,-0.07634485031736372,-0.08524431492331448,0.1597491565406079,0.32908802907408435,1.3573951683258725,-0.3882565011030253,0.19874735489085144,-0.4196833261117764,0.570029393727752,-0.15014565922327364,-0.09265832879835721,-0.03777362945717775,-0.0868655777489907,-0.14274191312354526,-0.1963232924838198,-0.208133497351103,-0.14902509177980475,-0.1484067688058523,-0.21713818643938396,0.22520030265611551
2019-02-28,0.07856239374467552,0.057900471926978905,0.07144898906645859,-0.09930202286352245,-0.07199482227193872,-0.0882040723535057,-0.07463944136783406,-0.10035326572469412,-0.0827870712359209,0.09369633647096819,0.15935560078024122,0.32608478239920574,1.3900478343961318,0.37179006122762365,0.22510575644609324,-0.42091185457489777,0.5666566331845397,-0.14980775511464572,-0.09539253070963852,-0.04104956668437265,-0.09326337326643544,-0.14349440707474395,-0.21487078261394563,-0.2221394626943021,-0.15254105114480493,-0.1521994299674305,-0.2427909849803581,0.24394100025758517
2019-03-31,0.08629926129727643,0.06444686734401281,0.0722012013473974,-0.10655067626028718,-0.07425361862469984,-0.09612107101512947,-0.07906913420658557,-0.10699783919211193,0.09182105938195825,0.103867843529535,0.15386284886760815,0.3201285458409387,1.4081514776654116,0.3691598834552816,0.25533314896324144,0.42387979582595614,0.5364549687271639,-0.1395586070586635,-0.09030217593762639,-0.04620997711397733,-0.10479281541769613,-0.14626209648212957,-0.21594494368887265,-0.22734100796242937,-0.14749753261896922,-0.1662629678862137,-0.2498582780718183,0.24739117479802544
2019-04-30,0.09951847233717044,0.07492549395783099,0.08009393305473454,-0.11993587023411272,-0.08271505148476134,-0.10678483122787671,-0.08824058823687585,-0.12026862435896866,0.10276721249157841,0.11652365023751683,0.1554650474372087,0.32036447532026874,1.4760869600759208,0.3630098025492554,0.28928021026072764,0.41910310906936565,0.5308618786093657,-0.1508347722042646,-0.09916811942279306,-0.049657787535809135,-0.11737589081649581,-0.13964781033582221,-0.23553050235438322,-0.2490855101809643,-0.16689452406596464,-0.17027436585160388,-0.2782214223621387,0.2692345510651871
2019-05-31,0.09871678479345337,0.07388649629243739,-0.07748148207266232,-0.11109154299588989,-0.07896838564642038,-0.1017019686271007,-0.08445425771253919,-0.10983542123116398,0.10167254895379797,-0.11828966539352403,0.1615152626787774,0.32540590725058866,1.4402406620184756,0.37575163259880673,0.2859450864746917,0.4344891659024212,0.5689480288544008,-0.160413888769776,-0.10247211230292534,-0.04819792481221953,-0.10946222954628837,-0.12364701176474162,-0.26774951738765457,-0.2604085191406291,-0.17844510533659128,-0.18813665790159845,-0.280495541928904,0.2982691351282525
2019-06-30,0.10314386618646278,0.07452743433571504,-0.08020130430569157,-0.1162329190122924,-0.08192906791300261,-0.10780292362480677,-0.08893572744043195,-0.1162238067779162,0.10498500182541479,0.12282641476888366,0.1538266702496589,0.3145914502939711,1.2151964218159736,0.33372889129425304,0.26605104147331854,0.36489175788324807,0.5190907301665139,0.1336812103966655,-0.10144941882993373,-0.04340079836045819,-0.09858605202459748,-0.12579421467354696,-0.2602836988362488,-0.25852808267815824,-0.19292322912761012,-0.19888301535775615,-0.24027714939495765,0.2874998252028478
2019-07-31,0.11639485117133043,0.08409780746324769,-0.08695331197564124,-0.12722300833699693,-0.0938485133818231,-0.11778551953182918,-0.09286608474527801,-0.12603428974451406,0.11637879514928151,-0.13890661288175116,0.15313786925959685,0.3252320179368654,1.1943460570121989,0.31421593129664466,0.29686248293498557,0.3964399716774482,0.520943201271136,0.11355978088548854,0.09363262531006382,-0.04455421233177996,-0.10163652527052981,-0.12719690393288896,-0.26830823837573636,-0.25548503025481767,-0.18664801852096585,-0.19423198788624457,-0.24213873832615002,0.2883936173401072
2019-08-31,0.0873606616276209,-0.06976501034602424,-0.0726283899772657,-0.10884184107986698,-0.08050635663995377,-0.10426757384029726,-0.08717589382918571,-0.1090561397682758,-0.09881739372328115,-0.11279745014825156,0.11382782150727366,0.2665517237010783,1.0402249701483905,0.2948294476821614,0.2629076272434989,0.3722434439502012,0.4323298304349833,0.10509753153710978,0.0799951421075098,-0.042538480073849076,-0.0972574439675814,-0.11423898086739566,-0.27444258017675577,0.20427613273414233,-0.19117895961503667,-0.20630313244167975,-0.229625135680642,0.29343374362287394
2019-09-30,0.09817472828383111,0.07605646708497325,-0.07622090836936439,-0.11981981721520114,-0.0879107552294198,-0.1121856402695999,-0.09618020397731906,-0.11609168604403379,0.1085425916712111,0.12571811357349,0.100731875351485,0.23951131693847444,0.9917622711665154,0.24886305214582966,0.2965222725882427,0.31538271309197524,0.37984017358567074,0.10106312181165904,0.05447101832616862,-0.0354151225578574,-0.08469421076213117,-0.11472288468116551,-0.2666838884492509,0.21794038636523316,-0.17524371260104332,-0.2165196467385142,-0.23856213466196657,0.28183823473169634
2019-10-31,0.10295535896583151,0.0809502288035618,0.08304976285814451,0.11964957957803259,0.0958674367609598,0.11916890983448912,0.09563650528325303,0.10173769569457518,0.10974459289985909,0.13283087898469847,0.10501526487139566,0.2464161539370838,1.0528361004059348,0.2657127472114865,0.32377592311920783,0.3252484183305885,0.3943246777877271,0.10942841198746171,0.06017817916429839,-0.04004725143323286,-0.09598677795978783,-0.1271023066417252,-0.28781144138431003,0.24366163395347454,-0.15153063308107512,-0.21667145189040263,-0.2478597416187798,0.30071151982497607
2019-11-30,0.11768469439856895,0.0925772252758225,0.09058576427198824,0.13422881434701367,0.10323066848856896,0.13360044377232955,0.10866375719434343,0.11249860868222279,0.11173200657914037,0.14804088475012178,0.10696098123030393,0.25020938277369764,1.1208258501795167,0.2632877593267132,0.3435685794666667,0.34184199846155244,0.40437754227056116,0.11580285912720086,0.06439157774871467,0.04336273818935425,-0.10125002976886714,-0.1365196054106737,-0.31203905512619284,0.25557035590859595,-0.16953441561203259,-0.23060866199453062,-0.2695717419662365,0.3307348260917195
2019-12-31,0.13019723178368361,0.10302195387874265,0.10244717332007927,0.14141296475683138,0.10781862939408889,0.14151568076776308,0.11602465169409336,0.10426768736514626,0.11430262045715654,0.16473018714325896,0.10792808884970104,0.25008337265520164,1.209426414856246,0.2754161083810256,0.3816276844722151,0.35274764658364566,0.41576272643409645,0.12820637025714418,0.06897791476060763,0.04776454089071379,0.1087242173895518,-0.1368234774823141,-0.312094200241215,-0.2737231780234209,0.1665732117854766,-0.22294622229122774,-0.2677709054633342,0.34307111587063926
2020-01-31,0.13235790560120247,0.10340412850888367,0.1103063711423627,0.13626596521636333,-0.08781328609946579,0.1393432141314409,0.11241546264508448,0.10911042289108146,0.11439798224691484,0.16840904249564378,0.10817951914464899,0.2572085061016414,1.3487416469691025,0.2952751629808252,0.343295456370288,0.3615840019836072,0.44449828905056765,0.134320329188613,0.06999095242614106,-0.049352257759115205,-0.10679524779103226,-0.13125119791872597,-0.3316877721287281,-0.2926568022671678,-0.1729293866990759,-0.22133334656885095,-0.2892318797199625,0.364052439685007
2020-02-29,0.08382659519185091,0.07049059286883218,-0.08025125289528422,-0.09533430142158981,-0.07525460607801557,-0.09735366437189523,-0.08513554196463491,-0.08257546153523246,-0.0859280095054635,-0.10716422764284242,0.10967598020754564,0.2574667009354379,1.3147182089915905,0.3090105717227048,0.2595993172132048,0.35785465271739375,0.46222973383878985,0.1269647251473798,0.06766917805690904,-0.046843493481837084,-0.09820275238220612,-0.1303997522572741,-0.2945826947639735,0.23918930275213704,-0.16798041878482217,-0.21576363228729156,0.2838282924505591,0.33535007052919447
2020-03-31,-0.027817668595817628,0.027680303744953866,-0.02606600834122506,-0.030546242382813293,-0.0276124853368658,-0.04032289332980026,-0.027505349132966917,-0.026519998340306973,-0.018971634061229675,-0.02409035845423394,0.04089621662548474,0.11921203967605662,0.680600832566921,0.04917563624606956,-0.05652672873968301,0.09328821392290979,0.09414198426769542,0.0628135536873044,-0.033060142977696064,-0.017151411685923025,-0.052761123444212424,-0.07861393379822489,-0.152963858128067,0.09831549498425698,-0.0907637864762421,-0.09782069930244805,0.1484702778578422,0.10463716718901774
2020-04-30,-0.029479183675146434,0.029137269037254915,-0.02580767148501694,-0.03265882043356248,-0.02982991279448885,-0.041038922940303826,-0.02838579634309333,-0.02822592282542514,-0.02028721092092451,-0.026019636557955587,0.04625561694879139,0.13608076592674187,0.7966846171168412,0.05330684259469879,-0.05247931566427352,0.10353256829767248,0.10872480807539393,0.06307326203733289,-0.03617443163447937,-0.013293539770079198,-0.052318256353532974,-0.07870731914398457,-0.16076552434725996,0.11283632864788637,-0.10026262194566124,-0.09292503882649943,0.16033127293419955,0.11812372666945421
2020-05-31,0.033400197519264464,0.033335767225079145,-0.027261227616715268,-0.03605451913343729,-0.03322913737873888,0.04410047088691373,-0.03077102600697643,-0.031418620148255416,-0.022745020982084897,-0.029234001192052966,0.05170266856620519,0.15480844942029037,0.8899848644571579,0.06153779642022977,0.05982022236544525,0.11944786533059483,0.12673712729904993,0.06880666066425271,0.03910441808713499,-0.014306892027964906,-0.05358795966497918,-0.08271068581474414,-0.16757844950154369,-0.1287205636469402,-0.10875432743048494,-0.09614874694710755,0.1698590060364535,0.132494795531535
2020-06-30,0.03667071317946114,0.03728893730837191,-0.028899588898235812,-0.03928444384878349,-0.03662886995778233,0.04808240858467981,-0.03331608070396846,-0.033522865764987704,-0.02523466718614714,-0.0326221550275718,0.058250730302652556,0.17583311326324683,1.0430194827251476,0.07198383002979206,-0.06738277337835244,0.13996673253965633,0.15015614028760688,0.07566532009357858,0.04159958264978552,-0.016325697872795863,-0.056942266259362107,-0.0907267934569304,-0.17732884752910447,-0.14234907330124888,-0.11620107725327856,-0.09750837298685848,0.18037807772418324,0.14810438863273986
2020-07-31,0.04287136326497791,0.04174253043141969,-0.03319534177325089,-0.04535893772859683,0.04095711963144768,0.05504134378253499,0.03790306248154592,-0.03880704588142579,-0.02943955523083578,-0.03817147697560504,0.06763782993211072,0.20696272695689016,1.229482692423724,0.08541616221749355,0.07877783124347223,0.16621736211529714,0.17929753702249754,0.08332074333318447,0.034981655837858935,-0.01931140850179732,-0.06475918030820663,-0.09511673506949993,0.18756086511179323,0.1602028208402328,0.12938510242026643,0.10993481125358791,0.1956686712590287,-0.16602349659993937
2020-08-31,0.050319213297449907,0.04721093072925684,0.038725712040200165,0.051603093327339554,0.04702292026622296,0.06125957015431601,0.04311531054559755,-0.04433517888099083,-0.034465666193327214,0.04467302046616003,0.07495690920876238,0.2336627834032905,1.4448283496134733,0.0983065357496351,0.09231448430305567,0.18980593190949158,0.20694052439046726,0.06708483355885028,0.026966714222725847,-0.02269739950077598,-0.07211765920109313,-0.09989310659788031,0.19414070428021526,-0.16548921932355304,0.13543321185953824,0.11917971182292864,0.1957618563125246,-0.1770079723852829
2020-09-30,0.05235822582217851,0.04472265232255642,-0.04148251505420092,-0.05667444933955042,0.05178486940216174,0.06895289581940599,0.04603467576877658,-0.04776494390575863,-0.03865623643825055,-0.04904734018821155,0.08495416056509868,0.2679255942436137,1.6902483803266637,0.11305880782632306,0.10475850601464017,0.22013384129118171,0.24046008382581371,0.0729562009557236,0.027704908049013384,-0.025144975965711806,-0.07360855957615085,-0.106106539187636,0.20380132527391082,0.18943210888485054,0.13262777680211632,0.12372734112719329,0.20342484736439542,-0.1926842734970081
2020-10-31,0.0561595341139731,0.04695155338438567,-0.04568637648733231,-0.06200888291627795,0.05794125947990051,0.0791137428715726,-0.046950693256004754,-0.05183773282382066,-0.04409512267256327,-0.05374064655348123,0.09257695127332465,0.2893825394786482,1.9849376976893773,0.13239045551358405,0.11975618119139589,0.2534951843325574,0.2790197821800735,0.08024978032005292,0.030090387663573793,-0.02708024124128678,-0.07473427918288111,-0.11350511165559286,0.21184971855187418,0.20873472271102808,-0.13772315202433455,0.1309028591652328,0.21451959845412463,-0.20466142251677302
2020-11-30,0.060863527854525576,0.049132933870425215,0.04777485853155485,0.06427093980371638,0.06281100644816232,0.07660256965730113,0.05073819695128566,-0.05208722696679985,0.04681150889351834,0.05850905805904046,0.0920643689434589,0.2833595000757604,2.2815443909145863,0.14389180313340025,0.13353702317259636,0.28129433409663646,0.29902408674494013,0.07599172198662704,0.03221200745745813,-0.029025478038058158,-0.07931885992091628,-0.11902463009267648,0.22167012738901995,0.1933340641477544,0.14739331537636752,0.13687270914271749,0.207949364881694,-0.21884711675047033
2020-12-31,0.0709333339500028,0.05714458448153574,0.0534120008904647,0.0713434641055881,0.0675642343675923,0.08142530136065537,0.05721549827155914,-0.05700816750543893,0.05348494505260555,0.06727787602736596,0.10152581855722496,0.3146037009888872,2.5643894263919833,0.1662450537253524,0.15701071858533164,0.3260968505323179,0.3445859706626956,0.08179001582207394,0.03463365496355216,-0.03370565472767446,-0.08838634154883863,-0.12935210330255686,0.22529368311999035,0.21880076501525547,0.1472081920922423,0.14600542386003976,0.21781041538782414,-0.2308356312996495
2021-01-31,0.07549105454880836,0.05944429923589536,0.05537538478973262,0.07581633347530216,0.0668270098516563,0.08329881934404122,0.060555980838248806,-0.05981837416768538,0.0578385013860842,0.07058098680766307,0.10594521577118861,0.325025556816489,2.852327799163202,0.1797325218095535,0.1782041032024309,0.3508987850752396,0.37270436716169486,0.08051025869995576,0.03441330896184464,-0.03705108377832616,0.08810741254045591,0.12520675987930838,0.2219086613709991,0.23195455832643982,0.15419284694845029,0.14086394724042386,0.22617189034946925,-0.2281757249683778
2021-02-28,0.07849608283758236,0.06012402862412667,0.054722567058613905,0.0816505303526823,0.0660227319513775,0.08575275142549389,0.06692482884973776,0.06364511518109851,0.062258763069864484,0.07437372266287248,-0.10763006131491612,-0.2855092133875822,2.581791898577641,0.17633400142257954,0.19553332575962457,0.30842488764466935,0.3526998155968503,0.08229050686755278,0.0335345462413278,-0.04026646275915567,0.09025192245342696,0.12778077662921297,0.2315825032865963,0.23416123390707524,0.16628201904970116,0.14451512923501264,0.2218213449139906,-0.2428033395890165
2021-03-31,0.08153236607473482,0.056431775306699364,0.050066096956076465,0.08814782989794526,0.06111614786668894,0.087510849196373,0.07511613382383366,0.07091229478695546,0.06543864937111638,0.07817240519770159,-0.09732697279301061,-0.26787783618306366,2.66187236148548,0.17323499955510943,0.20428716277247427,0.2591555766027095,0.3419584092816054,0.0861796450048506,0.037253946836107665,0.0344745592332215,0.06719711515854003,0.12393758956152792,0.22006793077567788,-0.2484006512708785,0.17938146204046176,0.13300910894301668,0.2014521134634442,-0.2358605535236313
2021-04-30,0.09085364917882797,0.0624084312487982,0.05538654915910558,0.09418941964432227,0.06940852884906197,0.09096301871539211,0.08148286076603369,0.07819951809641813,0.07074661446383226,0.0837693070537907,-0.10340861115048082,-0.27686027309675226,-2.9014590512850065,0.18705012250161618,0.23318487538872407,0.2888213481501758,-0.36588619498211444,0.09226376387488586,0.04179293159433849,0.03792387393799774,0.07471103474151823,0.11604773218794617,0.23696795971409196,-0.2601972344163625,0.18854122601545104,0.14114417820743858,0.21441129607504542,-0.2529630271719598
2021-05-31,0.09331855735226809,0.06429164688301403,0.05724090492483996,0.09352119621962476,0.07144129484751026,0.08595677037211442,0.07881067326394466,0.08255613905207185,0.07336624253744614,0.08983005152301236,-0.11261225577233355,-0.2979045270692083,3.135278272890728,0.20139468752732023,0.2583617945936138,0.3009050691701107,-0.3938547091015355,0.09911660664780757,0.04467905283969599,0.040264845849732424,0.07477478398671486,0.09645794359382985,0.22570986642732946,-0.26415439083878817,0.18970187468736,0.14268426511209878,0.214624451670154,-0.23963730902363672
2021-06-30,0.10478999172031,0.07299510660287868,0.06310322660593609,0.1005322307071264,0.0794249737879632,0.09285102857193571,0.08551160394528877,0.08620571235438579,0.07894278367934653,0.09863244270117585,-0.10972690974822652,-0.29477025613456176,-2.766416231871415,0.21432588087829532,0.3001395330511801,0.29356511916261374,-0.4048840435070157,-0.09438927958970347,0.04843032287817727,0.046581316998833486,0.08012049094319883,0.08332130070298341,0.22883163915933485,-0.272519087386503,0.19874781144661186,0.14509673995763,0.2118243094323709,-0.24427024141541995
2021-07-31,0.11033363472121126,0.08189824718288595,0.06327379566666785,0.10135716029187966,0.07582173734187583,0.09320382909588452,0.08662196514356384,0.08480744836056568,0.08131014207288514,0.09460347751680653,-0.10483309430492696,-0.2775890486679322,-2.6785280870014825,0.22879868907490195,0.31606041921720057,0.3148193745856455,-0.4019680794422091,-0.10591067653388786,0.05254270998856979,0.044337341261346856,0.07366045018672841,0.0789051511902841,-0.24437669475237653,-0.25466859373763023,0.20118196090853321,0.15469921009558932,-0.21267630774426144,-0.2573459580452359
2021-08-31,0.12126940706145684,0.09102773363630877,0.06635130519287512,0.11186847578833517,0.07921410679021554,0.09995761900950216,0.09732112199668443,0.09355348030652652,0.08568884274309718,0.09683020445842572,-0.11192491055334684,-0.28976128274653606,-2.7905291011401743,0.24123613213156794,0.34683086050869466,0.3285173760313961,-0.42638460660877514,-0.10266512100386653,-0.054330080179973546,0.042948184550410815,0.06887259767110844,0.08460043966130658,-0.2601314388235517,-0.2715943174369896,0.20522681729321177,-0.14851287466641047,-0.21278990352737667,-0.26583305128247214
2021-09-30,0.11674797680614282,0.09045672547054431,0.06913320455092464,0.10704419443713177,0.08059997956330354,0.0933539533934065,0.09285249903162947,0.09348835716658166,0.08023362305455999,0.09306137070576315,-0.10558575611111096,-0.2809289809059669,-2.86671759276231,0.23511240585435064,0.3718818535950988,0.34168154969414727,-0.42225438514018215,-0.10338979313058472,-0.053728888138111566,0.04699913719767455,0.07448272708017589,0.09279629827783616,-0.2711851748929106,-0.26488719336175853,0.19742682644882464,0.15322322627136659,-0.21864206918301438,-0.2743418898252948
2021-10-31,0.11722483803881242,0.09261880439875962,0.0736020283504507,0.11499381960676872,0.08613120981505047,0.09393406215592186,0.1002660393530305,0.10453048564484742,0.08736492702134306,0.09821318852124819,-0.10396983626041083,-0.2863262350288194,-2.460704511453362,0.23060291250645543,0.3778094018001514,0.321749107647126,-0.4221219615479924,-0.10658841129360337,0.05624562909440091,0.0508886541814847,0.07846076492129588,0.10132779297508057,-0.284502983139108,-0.25375130222175424,0.21436231476462925,0.1641591003703692,-0.22918732987850668,-0.290051287240284
2021-11-30,0.11981049851712426,0.09233847231174076,0.07241529025022744,0.11282093496987855,0.0857844986740831,0.09410914146259873,0.09751317112521204,0.10147249370248901,0.08246244275364302,0.09557141478459762,-0.09292761057639538,-0.23670385117254086,-1.600490767007533,-0.20724594153583123,0.3434362175260549,0.2907573114294019,-0.3552879959202254,-0.10638817453930867,0.059476631999077094,0.039113279695817,0.0664615108089502,0.10701593341967233,-0.23681300907429728,-0.19649508147828607,-0.2040065231908888,-0.16644958417652675,-0.2139165124109847,0.25255195487617105
2021-12-31,0.10188159275355559,0.07793243658321468,0.06559586347443112,0.10966038527351381,-0.08922335003787718,0.0963340892005194,0.0964475284830625,0.09970252586428775,0.08341750189111743,0.08439706200903559,-0.09455271937925458,-0.24674163213616748,-1.5789549346227598,-0.2176611668418161,0.32524798196697713,0.3053566609293951,-0.3812088208170464,-0.11665406689593717,-0.06430415289660987,0.03958997690200567,0.06904106721456013,0.10621359012777687,-0.23757259183525825,-0.21866125707034392,-0.21442279566028585,-0.16123516179955932,-0.22192864959680775,0.26581243758393996
2022-01-31,0.0926643761662657,0.06713854637982085,-0.06164651855650328,0.11172355823345835,-0.08584127335121325,-0.09796549306742489,0.09768472096557378,0.10390115386041025,0.07983281950388979,0.08537816415293455,-0.09176479947310544,-0.23433170927051525,-1.3759715417279863,-0.2072648112274427,0.31454736639989883,0.2604264940591782,-0.34157415379397904,-0.11253652877288253,-0.0609924073739642,0.043498780085609104,0.07672205011595627,0.10946950466433014,-0.21991134330825207,-0.22573182615690848,-0.22403505308149518,-0.15546355704513237,-0.20254733113549644,0.24838720331867617
2022-02-28,0.07960350812677065,0.05569857342889524,-0.057735950999988295,0.0936407491577669,-0.07729118195097014,-0.08871701273315635,-0.07711187420290412,0.08493998942513306,0.07948652495808359,0.08157967312306162,-0.09367693492362945,-0.21941410288968513,-0.8919681842260268,-0.18702893293094047,0.24995826437372742,0.2436711735563867,-0.30309560814902436,0.11511628029341935,-0.0636725670047077,0.04719084362974551,0.08172553508129007,0.10232353944061545,-0.20577306733844822,-0.2366036577566332,-0.22933549156408786,-0.15691167387120641,-0.21388963222306093,0.24639144877284866
2022-03-31,0.07334803929564279,0.05126745158289275,-0.05555570320260541,0.06915862822926482,-0.05530654273951436,-0.07671455383909408,-0.04610261353603822,0.06963976943521676,0.0729937763181024,0.08148415427527686,-0.07808035658619646,-0.16808062712681515,-0.7644392621098967,-0.14873281679904574,-0.17430792990012842,0.16625622795078474,-0.23225691861429837,0.0903044180014279,0.05982965738284039,0.028320604258746173,0.04734015750591588,0.09170247518598981,-0.17802279412454688,-0.19060386064328075,-0.21070400857706487,-0.14974648237020935,0.21242575365012165,0.22631395489048295
2022-04-30,0.06918765515158573,-0.04876019532280774,-0.056146750305167394,-0.07149330649249752,-0.058620034176398786,-0.0752620085808307,-0.04898706458451398,0.0722472268542526,-0.07024911005758337,0.07619446123092118,-0.07951591666141429,-0.16686716774155563,-0.7325162146400652,-0.13645356081197849,-0.16416342417548277,0.18003048182258494,-0.2220233644346985,0.09600437880770489,-0.061987312029494916,0.029602452339617162,0.05057124064987053,0.09813526899546895,-0.1801603861703303,-0.16185996952934137,-0.19231062695901097,-0.1399943751669751,-0.21792978390859669,0.22429844990797848
2022-05-31,-0.05717762368291385,-0.04162683199438528,-0.0486351011665147,-0.06641824030801559,-0.05711423388403832,-0.07379601817202688,-0.04894141784876901,0.06609549955332242,-0.06134534724260266,0.06504543855459831,-0.07514568130279309,-0.1626258523317623,-0.7068389236747432,-0.13152160864582088,-0.13728059654537503,-0.1665924364498169,-0.21049103156216636,-0.09813575532893067,-0.0577788454938346,0.030853265527662953,0.05180962691121043,0.08653842968574443,-0.1604206017375022,-0.1593230643281347,-0.15364790999580472,-0.11782375708878112,-0.1805696652788648,0.19682252819192372
2022-06-30,-0.05381251878744993,-0.040632413594645714,-0.04669119447180701,-0.06299966863786176,-0.056778015442362564,-0.07364175537080529,-0.04896227849112197,-0.06012589085800801,-0.05619099462340391,-0.058929057741840485,-0.0706042165630819,-0.14256824375128088,-0.5878558576380529,-0.1226903054099697,-0.10919575886728694,-0.1536643907119289,-0.1838491594802986,0.09758068630954288,-0.05706720420761224,0.03281240110040394,0.05433687486622262,0.08497229051092878,-0.15914009724668238,-0.13385205388407043,-0.13365297937912862,-0.1103157881061585,-0.14749252376201835,0.18049742947035755
2022-07-31,-0.05710542639144325,-0.0426005316221169,-0.04921974730148234,-0.06440033111828379,-0.06124535664033649,-0.07750341681449323,-0.04744552352909604,-0.061568606535878125,-0.05781431175894858,-0.0587873319326068,-0.07356088265607999,-0.13968412101500685,-0.57964571035766,-0.1246187706128601,-0.10840581539840984,-0.15254789362627627,-0.18375489514884788,-0.09865303896659698,-0.052623669036812426,0.031203704751348843,0.04764754177227392,0.07563513797349196,-0.1502130576099348,-0.1330526820138195,-0.13724018935921223,-0.11432656168718161,-0.15728201701635353,0.17137990563517952
2022-08-31,-0.06043229406066839,-0.04538400092578667,-0.05200797954812743,-0.06886055261961532,-0.06826089563092294,-0.07740067405316439,-0.04932249766307461,-0.06845182270313636,-0.06252021623634303,-0.06239967093844527,-0.07340351078264626,-0.14330434160165212,-0.6044083598985167,-0.12258138524042454,-0.1101477552595561,-0.16495050963835894,-0.18562271673033334,-0.10437882776809058,-0.0534445163442097,0.032917585028048896,0.05215057016297868,0.08039970649156351,-0.15604091187822314,-0.12776024161706492,-0.14317847143596688,-0.11192813500328205,-0.16666319974649477,0.1735277412838634
2022-09-30,-0.06008258402688178,-0.04653340891219871,-0.051447935477712516,-0.06508530463392413,-0.06843997662309256,-0.07362715737509225,-0.04726256351423978,-0.06089239053006416,-0.057909313037622416,-0.05855203578884679,-0.06760222609627076,-0.12714566562106747,-0.5761187157191686,-0.1107380290823243,-0.10566596219613127,-0.14124391771718145,-0.16607402284999373,-0.10019643892298642,-0.04879818285170408,0.032953061579518675,0.05200504291769869,0.08441124361129716,-0.1389554800457681,-0.12835061407917944,-0.11014696048364761,-0.10776902425209377,-0.1523403853162936,0.15183764378704973
2022-10-31,-0.056375927161435475,-0.04509725872968538,-0.04941379638364417,-0.061637427672043894,-0.06280591623350641,-0.07196832575725917,-0.04555114062950418,-0.05704642374228162,-0.056409063087086486,-0.05444828392551471,-0.06839921024158149,-0.13059116629031217,-0.5883794334743949,-0.11172338519378551,-0.10421322317403059,-0.14998193695009984,-0.17080697979026915,-0.09704394930433595,-0.04346623277771488,0.03494345699598318,0.05591948559899822,0.096629093646549,-0.13187058939537094,-0.12884924508563758,-0.09866747023858115,-0.09955476915849484,-0.14632277129062607,0.1414180633257649
2022-11-30,-0.05634178403437608,-0.04409904088876474,-0.04905575412679057,-0.05787276162359082,-0.05870436944262051,-0.06531507969701386,-0.04384316463099875,0.05578722866435446,0.05124941377190196,-0.05441150136645081,-0.06721281919469414,-0.1320635160087282,-0.5894505329087956,-0.10519483304764068,-0.10075938076950076,-0.15092458025966196,-0.16366325454238922,-0.08903624966020338,-0.04221948001441984,0.035902964376751285,0.058002270887098153,0.10702841531909736,-0.12102431461650441,-0.10701602055889191,-0.08962536988467003,-0.08968154158306423,-0.12227356430358793,0.12421232405828823
2022-12-31,-0.0589631084408161,-0.045825897310007614,-0.051667929234386976,-0.0633327453486296,-0.06293938488746167,-0.06958197627772747,-0.04879450089627612,-0.06238179620736834,-0.054951052946397294,-0.05775937794079533,-0.06547594196788158,-0.134761405170106,-0.6019475044542345,-0.10812295490838505,-0.10468886969211086,-0.15146508612819773,-0.16614712750460922,-0.08895438112800703,0.04122897743796956,0.03809248706267014,0.061275110540109146,0.11592388974489735,-0.1344629917346683,-0.09009266003522712,-0.09740565769253799,-0.09364983200207909,-0.13353387307172898,0.1337630206321239
2023-01-31,-0.06411558988275215,-0.04904788571035623,-0.056436939684432086,-0.06994545291024834,-0.06636769626172986,-0.07385510090102711,-0.05389056139690399,-0.0703910024443056,0.05808856399541228,-0.06272788401050275,-0.06668301796311794,-0.13648750068252197,-0.6160960655969305,-0.11438957582447207,-0.11595929655422262,-0.15896696352203016,-0.17029658348642826,0.09368577521589672,0.04515413427070076,0.03967920528257286,0.06576318750161227,-0.1208166934299405,-0.1415197441033471,-0.09304569536689179,-0.10746199357797602,-0.09717043307706123,-0.13969197718029752,0.14174674020508946
2023-02-28,-0.06854585701685766,-0.05063189388204268,-0.05891358827890908,-0.07603739185635251,-0.07044202769045947,-0.07889978512533422,-0.05761237730479609,-0.07739576306991,-0.06282056086971853,-0.06876867299117752,-0.07073303559101098,-0.14251040431796366,-0.6081347107562521,-0.11739397135658507,-0.1167788809847387,-0.17004172930236838,-0.17454726815485677,-0.0950471957625049,-0.047744595731547476,-0.041264224600421104,-0.06908686529344678,-0.1218993745813577,-0.1478597323680131,-0.09840537355432721,-0.11295262373345147,-0.09968807580038326,-0.144059082239057,0.1483056192302688
2023-03-31,-0.07191958255702124,-0.055222973207932215,-0.05816038271131234,-0.07575316889577467,-0.07395707181138868,-0.08241157315279173,0.05875357890862913,-0.07364459125514582,-0.06649212622654325,-0.07211133741569871,-0.06984786113502363,-0.1263614756156621,-0.37460372806814485,-0.1259412442076584,-0.12558472985216898,-0.15285172573740327,-0.1673185174805836,-0.08463809538379619,-0.04641350420224861,-0.040415853995914165,-0.07300137902151742,-0.1256019876204237,-0.14616337844066457,-0.104389455278202,-0.11735892584944967,-0.10643655523660871,-0.1374163560269243,0.15251014386895995
2023-04-30,-0.07825650140009084,0.059767625730331474,-0.062221439079213216,0.08399531697088121,-0.08000115480517048,0.08829542297563656,0.06649951808443706,0.08208600678772836,-0.07242214402761915,-0.07801995626109068,-0.0748439948041788,-0.13454556724123293,-0.3977582903145799,-0.13879587416391168,-0.1394060574521582,-0.16790024665384248,-0.17936801163156355,0.0892297853743215,0.05074472563544814,-0.04131821755728803,-0.07898765753889435,-0.13162092244592064,0.1548445658308049,-0.11513326276593906,-0.12828455235588587,-0.11005280845000179,0.14789772805144724,-0.16588072550725874
2023-05-31,-0.08512385019907424,0.06422355774358864,-0.06635785368375655,0.09062017836889873,-0.08384737147802271,0.096331569620893,0.07381457486215282,-0.08701991576072614,-0.07432093183433815,-0.07973331671511559,-0.07693008763711892,-0.13948170516625352,-0.4289318183118109,-0.14152251005467842,-0.15380380319690504,-0.18408843736055405,-0.18374578032119818,0.09344012204863021,0.052214777412400395,-0.040348509689285404,-0.07689335531934086,-0.12690121628695308,-0.1729809648883261,-0.11919878488281895,-0.1423370912441979,-0.11968760345648517,0.1626637124322528,0.18180341802640673
2023-06-30,0.09401813677236767,0.06914832458270294,0.06664092381624613,0.09409837407711312,-0.08629132538631502,0.08378169101842962,0.07829063428358533,0.09330620061379664,0.07365555903559706,0.0849931431864002,-0.08240605673227919,-0.14759321655417096,-0.467620451703739,-0.15302142273101804,0.17078042717387826,-0.19912187611673998,-0.1939462072294928,0.10098164443336392,0.053316690827677295,-0.04072205630119207,-0.07737437760991905,0.11220728761055211,0.175554201361882,-0.13069507051488186,0.1510962559288394,-0.12105328865274569,0.16533514410649777,-0.1814228904715935
2023-07-31,0.10434137282575014,0.07407979463107615,0.07162256460526074,0.09710788410615874,0.08325030396156381,0.08898930678423225,0.07942456247387174,0.0928433862276512,0.07498318817810098,0.088585122821494,-0.08672559171315773,-0.15218476640530199,-0.5031092029736096,-0.15012244140428724,-0.1753200281855469,-0.20322829600810505,-0.197962681104806,0.10727271021278871,0.052798720160717495,-0.04443841666751996,-0.08343229637001608,0.11215576434717281,0.17054738577017234,-0.12677091349175754,0.15057722668859788,-0.12280758686745422,0.15896522014181516,-0.18078942575386905
2023-08-31,0.10674125029318245,0.0747862332988464,0.07833276700437357,0.09926183155969195,-0.08670125537039679,0.09163473582601188,0.08347565556125065,0.09878228806156135,0.07665307073469567,0.09131529071420195,-0.0844667125738212,-0.1587355502743991,-0.5707059663219693,-0.1499113676227804,0.189731568770561,-0.20923610082032076,-0.20166396379641496,0.12107332919535696,0.05512656270067933,-0.050224728708485086,-0.09448325238347513,0.1213978745785521,0.19068082195441358,-0.13848162012792106,0.16928896338129817,-0.13118401835060348,0.17780994699843902,-0.19951786020724746
2023-09-30,0.10988020114242816,0.0788221465187333,0.0817848030146106,0.1048681347818267,0.09067651385699678,0.09459053412107586,0.08848234653969901,0.10519924826478404,0.07638823353883999,0.09201748823129839,-0.08525399486080021,-0.17320810217163557,-0.6358516553970055,-0.1591787080435573,0.205176794061059,-0.22168170038206142,-0.2135082317687926,0.13021532838720593,0.05965299052231122,0.05463392833291952,0.10658934601697496,0.12907745290510833,0.197738252774895,-0.15194639744717883,0.1851725221186852,-0.14067200516757888,0.1921125610650976,-0.2133479166783571
2023-10-31,0.10731714024842993,0.07760923957860537,-0.07951062266850661,0.10333939568125351,0.09285050344487777,0.09354180281680595,0.08791602193690483,0.10109083050680356,-0.07602490552130783,-0.09091529707963808,-0.07369124814327581,-0.15982622416034695,-0.6553934618050731,-0.14610115563471804,0.2069855704027141,-0.21656667661292064,-0.19385575082855908,0.11141744040726209,0.05768601180656217,0.04729253437630908,-0.0924676487823819,0.13257075819511152,0.20059022712435204,-0.17058292603658695,0.18803449253794977,-0.1449201415084788,0.20366954944309743,-0.22106563873061355
2023-11-30,0.10913332222091013,0.08130862965834813,-0.06780511873853266,0.10274287739522456,-0.09071700280890671,0.09106658183829075,0.08607091232053436,0.10420192457901091,-0.07670202729197,-0.08672573538973152,-0.071194144866389,-0.15160962190880473,-0.6330771986079907,-0.13700963119502804,0.19717721180486508,-0.21366562333312827,-0.18130804414515336,0.11566226996392433,0.05859926255835412,-0.04537749269820691,-0.0893089669805283,0.12356267577688886,0.19090592104340878,-0.15782936895514105,0.17136302481775398,-0.13752102401588315,0.20058517972067838,-0.20414139883680132
2023-12-31,0.11703959641158154,0.08878375629450805,0.06555391469587134,0.10743165798979125,0.09312123987494306,0.09574623928669158,0.09290634986839784,0.10324312688844979,0.07419010165699988,0.08722694250953009,-0.07191449845214638,-0.15407478195678226,-0.6163077204940147,0.1385812797905175,0.19987549283487718,-0.20574226862711154,0.18324783527413854,0.1064979925835435,-0.056460761903391964,-0.044885652733044665,-0.08877151613864187,0.12305360634681702,-0.18511401286429052,-0.13232459366775626,0.1714643000083688,-0.13725613128588757,0.19360637353234972,-0.19701840370298954
2024-01-31,0.1252282577975438,0.09145369926211003,-0.06812796714374252,0.11219936146237848,-0.09384610952491898,0.09704406990505347,0.0961689905808162,-0.10796003297491977,-0.07982086454848761,-0.09601136065229077,-0.0781946989212501,-0.1686569895138785,-0.6563363472658515,-0.14939993500287344,0.21342199646212626,-0.22405227289216947,-0.19920975774710575,-0.11526429823683172,-0.06032778659556729,-0.046828541002090676,-0.09556743188394082,0.12096878295315673,-0.2018276114329515,-0.13726597259326453,0.1869391871889204,-0.1467334931385687,0.19217589569862012,0.21454621962162088
2024-02-29,0.11859611441317519,0.08798975285150545,0.06292064319687145,0.11666156411251118,0.09503197101209113,0.10624270113617929,0.09845943410160349,0.10639618397374322,0.08178101228368968,0.08995078861520897,-0.0800810258318597,-0.16662490969713575,-0.6495069969249453,0.1555658208470437,0.2218585488996292,-0.23017067385708248,-0.19995463662711188,0.12445897355247446,0.061101432071646186,0.049191554817321896,-0.10152564933849516,0.1260994774439702,-0.21836603304356547,-0.14735206021803607,0.20248124248304247,-0.15391907469368976,0.19412153291889167,0.2259148055946822
2024-03-31,0.12530583745729393,0.08990228396515125,0.06766094310033026,0.12485742276928245,0.10281004508538213,0.10302700175520467,0.10587283719773086,0.11767850225038866,0.0842261978143477,0.0971579949922686,-0.08827139851976613,-0.18325222893751938,-0.7133475455050784,-0.1717994105289399,0.24563215023195492,-0.2488922855127045,-0.21997509664011544,0.12192212293004363,-0.05998065665204574,0.05378925822977743,-0.10954928094738602,0.11370450375619996,-0.23226784150538984,-0.15734357942548136,0.2106547516397216,-0.16253556903960423,-0.19969232834009756,0.2384603587836854
2024-04-30,0.12102314889379438,0.08655855597622665,0.07072779380069386,0.12346639621506286,0.10332668150899275,0.0997125337530972,0.10357928547428899,0.12229452641159481,-0.08556612084971589,0.10360103239707982,-0.09090185432609058,-0.18384931570395882,-0.7197797537701378,-0.1719727713714121,0.250445361727463,-0.25348678183005907,-0.2209887174708368,0.10454267390979179,-0.05357678233880523,0.059342108712601635,-0.11870762347524391,0.08318530827578638,-0.23205386519630405,-0.16271225048144974,-0.20833683681475001,-0.15878546027455048,-0.20948184649041784,0.240703051833782
2024-05-31,0.12463806671655976,0.09097452479675576,0.07476325557832776,0.1213872945671067,0.10462113448580165,0.09587938338110706,0.10393739422663544,0.12378169752958428,0.08489284109617203,0.10107440262717005,-0.09707712297627424,-0.19568519598479742,-0.7721718866703088,-0.18124038118239547,0.25412321399028587,-0.27061848737044264,-0.23380431165244903,0.09560126028190086,0.044396991198312974,0.06085372695414384,0.11120246161095057,0.06677467342232642,-0.24914607491769056,-0.1482567059280043,0.2280193698106761,-0.16082583444667664,-0.2057573738444159,0.2470334419442861
2024-06-30,0.1374546038500056,0.09635335161629788,0.07968839419769135,0.12019152374930453,0.10827952455481929,0.0984723198624496,0.09747790252880265,0.12131373261121324,0.08946332529963488,0.10341603687447809,-0.09573144754912244,-0.19467644850685534,-0.7947130876631899,-0.1881527569470043,0.27805811967572625,-0.2770627322842289,-0.2368011535721402,0.08838442724927016,0.04081377144673137,0.05991286957629479,0.11073036379669106,0.0688828661591866,-0.24927039268477275,-0.15854736832493765,-0.24209624895453116,-0.17126477486374753,-0.20584766070552177,0.25020050192464954
2024-07-31,0.12403791208782174,0.08187358215219462,0.07091302777428087,0.11763154258794581,-0.10781078035467341,0.09467217100150371,0.09599805453045662,0.12431539974004406,0.09183596673483636,0.10822203301918533,-0.09709028827764705,-0.20692570057681503,-0.860858473566451,0.19262540735474926,0.30329944535707903,-0.29840209143719,-0.2491930871919357,0.08928069202446264,0.0431800151591259,0.06337049104092482,-0.11628401829970972,0.0722206275602132,-0.27258865958484213,-0.14881289285450608,-0.2536268004990277,-0.18581133741691389,-0.20897948171013456,0.2707274789717625
2024-08-31,0.10134155029232392,0.06997370519310162,0.06243243045176241,0.0996232866231069,0.09202460768350598,0.06807827536473747,0.09311258501043408,0.10974700634974058,0.07856546320069925,0.0964113008852265,-0.09538646323693699,0.19914477192000127,0.7293946047106445,0.19948957829299704,0.3103877779366274,0.303266410781358,0.24706316318755042,0.09067059007694801,0.04439973938449117,-0.053603436241666545,-0.10279897520162476,0.07713104079442355,-0.2415450770713577,-0.11928202148435592,0.22579565826182732,0.17349536068669766,-0.17746686410444368,-0.23825999907555487
2024-09-30,0.10286773284760413,0.07004847884257931,0.06507231185693023,0.09550704522842349,0.0788827050853527,0.06426871727680288,0.09056936328742264,0.10957858017766384,0.07634671001425626,0.09947567447943662,0.10148555943462013,0.2169025408286192,0.7764564048308069,0.21673327200361925,0.33722515921854784,0.3216765217612081,0.2714752407710538,0.09473423944768693,0.04276222186963924,-0.04880778394275034,-0.09555343741802443,0.0804875893803264,0.24747770921407655,-0.12046220021292688,0.22036291917852951,0.16456571392160252,0.18395284657634572,-0.24405487227015474
2024-10-31,0.11434024259309998,0.07770406677676445,0.0715633111928931,0.1030586611721003,0.08071493348757117,0.0702537521405415,0.09655238594643442,0.11431066444498648,0.08616706212027703,0.11252489594895242,0.10557167178779023,0.22259206835271964,0.77742266588011,0.21675228136186742,0.3541784122669327,0.3177474955807718,0.2764638470904195,0.10323223420044494,0.0433254692172148,-0.043299847042004604,-0.08449006116549121,0.08446595443098205,-0.2621552522340541,-0.1229745597026374,0.22593031635481306,-0.17226546707043267,-0.20037396985653408,-0.25855230962516706
2024-11-30,0.11152387058591848,0.07814443391706463,0.06449820159257466,0.10534257305721398,0.082429360555803,0.07809451258294454,0.08964318877144122,0.11286818759651183,0.08382464780311061,0.11191741237757181,0.09452417621170468,0.21193652877561167,-0.8155185298231381,0.19267300170900833,0.36662769217174856,0.3204697572285552,0.2615506911358486,0.08496472911090727,0.04407550045385662,-0.04504004147158085,-0.08539410638353952,0.0919095968200495,-0.20082895806805187,-0.11774011636970402,-0.2021713553526817,-0.15579036680111238,-0.18065051391335074,0.20640881966866656
2024-12-31,0.10585704559833291,0.07577413695009554,0.06559629189600213,-0.10845827643539888,0.08725036964001551,0.0789364238479845,0.09382227262779408,0.11639794903662855,-0.08245253002567561,0.1076449282962464,-0.09809984986446119,-0.22061404318017264,-0.8873908041995536,-0.1939883815152443,0.3238043102961966,-0.32996461686826467,-0.2699116144721764,0.0890460711194446,0.047461289301753924,0.049941324653478884,-0.09425034833944754,0.09283442797879345,-0.20684952790624905,-0.12399122177527566,-0.20480301731246828,-0.15714592662322216,-0.18882039385542523,0.21526948562846088
2025-01-31,0.10529310317784636,0.07376911357267937,0.07041341295350954,0.10968517849555821,0.08900172947377598,0.08120910152363887,0.09358913719359928,0.1100057422794882,0.08480558357775667,0.10918531870206118,-0.10473329301917693,-0.22443189202282773,-0.9371726520038874,-0.19918254252241227,0.32778711874917865,-0.3425833590704443,-0.27526624692998664,0.09327880476597673,0.050691202766459435,0.05045762939557922,-0.09652017729636127,0.09779718760331921,-0.18898224919099277,-0.13445327845684923,-0.1777484216277558,-0.16141120319753896,-0.19440578717805512,0.20335163918248864
2025-02-28,0.10789945467875658,0.07458179835748745,0.07297621829293163,0.11022635780845218,0.09018696447717582,-0.08516657583864613,0.08488035082591602,0.1170611374670575,-0.08558615344515459,0.10371388294261806,-0.10152041657896448,-0.22096794933249228,0.9576652393654967,0.20329371825443773,0.3478558437931661,0.33420280120964085,0.2721203464566628,0.09465650565581937,0.055256540522400886,-0.05255658037562692,0.0996223603852936,0.09949714015518098,-0.18663308191013045,-0.13613452132229567,-0.18478154555645518,-0.16153954100395018,-0.19260390243936348,0.20079160405458227
2025-03-31,0.0891195668482989,0.06477668295532539,-0.06883489213730991,0.10003154323767316,0.08402972642775568,-0.08225777753855137,0.07294740907489458,0.11169084644377307,-0.08322868522534553,0.08889981386593908,-0.10607581091421676,-0.22407495719180068,0.9625608604508236,-0.21433285770371654,0.3249020426261627,0.32022522843909257,-0.2816378369189232,0.09975955411081143,0.05756450113773165,-0.056554223916187474,-0.11200979144096337,0.10612758629083159,-0.17372403179237755,-0.14597640775922396,0.19326769065837263,-0.16429067699168406,-0.20047439526608052,0.19814638433332774
2025-04-30,0.04643726003235158,0.03963932254705417,-0.046641510024235576,0.058134849842329035,0.05757870263695052,0.05373531961796886,0.05068668883852289,0.06239020071406211,0.04728618308542817,0.06155603206565607,0.09143006945605427,0.20391220743686728,0.8872454732181959,0.15536831001585677,0.16812573424109886,0.2550453223281158,0.24358864139464279,0.07174114244252816,0.04885334096745179,-0.04183154578718838,-0.07883300302682772,0.08446399971415856,0.14204443548343035,0.11816641145195939,0.1664854108163313,-0.10748764742826786,0.11108791813572767,-0.154593424259928
2025-05-31,0.05190576248560213,0.04431803930485765,-0.0500119687267984,0.06623901011703423,0.06458252578127285,0.05959193482778202,0.05644322896946079,0.07042167308672335,0.053578397787327384,0.07150609161155011,-0.09609489246872638,0.2065431991355559,0.85583859406228,0.16397318333170743,0.1845183238552536,0.2618944003964977,0.2504876781394993,0.06435642457506907,0.05216753502685663,-0.04348487197454338,-0.08324646406043332,0.09233854807752005,0.1443960641236129,0.10846485934805235,0.17015361873727122,-0.11153918146010486,0.11567175593937366,-0.15354364902182266
2025-06-30,0.05964883500364991,0.05084650088688203,0.05562288374532407,0.07369699947766672,0.06967920412973502,0.0645713408163475,0.0624339902601539,0.07966465662818153,0.05994862458740514,0.08100568205550172,-0.10072720625003913,0.21507844540198254,0.8837680583937871,0.17873732380576915,0.21248201005425935,0.27982939789493855,0.26277038772256694,0.06815693810329447,0.05167504820698008,-0.03644301993892089,-0.0736732756420243,0.09844826396356007,0.15811529294042775,0.11804313642949289,0.1774970624566355,-0.12359859810430916,0.1263723394000659,-0.16614566017928084
2025-07-31,0.07047454119723194,0.060085043647702265,-0.061435967754030436,0.07974455015495942,0.08011924800666725,0.06441519782996087,0.06731758409204147,0.08742424723646004,0.0675442142331692,0.09074665263997063,-0.1055136652042339,-0.22831625734731656,-0.946821166848672,-0.19402183877086893,0.24493318570280448,-0.3000537301537829,-0.2814175796259169,0.0748879145788326,0.053387359527540236,-0.04015913465100964,0.08272480711315482,0.10428147036497115,0.16125474789088465,-0.12821654844977978,0.18348696358219965,-0.13165240084958652,0.1365484045966931,-0.1710437886804037
2025-08-31,0.07878121109815338,0.06651769350787058,0.061705353736752254,0.08740403413860261,0.0864638115968535,0.06936817174699811,0.07499953680227231,0.09896182143664503,0.07547211082536624,0.09589928159404146,-0.11562259595454202,-0.23963082492780918,-0.8599611279167829,-0.20994930888271046,0.26939642594553115,0.3090183425689906,-0.2959706773642624,0.08289046063155212,0.05792056733791702,-0.04427570497180252,0.09202359739675846,0.10668847736146278,0.163436961880286,-0.13127285806954442,0.19700064487715827,-0.14662372044838606,0.14752142201167048,-0.1752318421571917
2025-09-30,0.09060368650543646,0.07623856366677917,0.06802627538832076,0.09758466421639005,0.096505215515992,0.07678816938236675,0.08263798457814772,0.10698987478618256,-0.08209922151310282,0.10621109139582688,-0.11861498676751428,-0.2593661532731818,-0.9587172103621543,-0.22236044814659103,0.30445877819980743,-0.3378689771770963,-0.31801886687870523,0.08644337177649572,0.05841828702336814,0.04668437683755074,0.09712834833178693,0.10956317040870824,0.17436387559250638,-0.14407648627548286,-0.1995894372481699,-0.15994448641285444,0.1559762090422829,-0.1849491613795184
2025-10-31,0.09441654285778359,0.07628917701796382,0.0678612893968367,0.10580416946796475,0.0861003522057023,0.07455825467347592,0.0917205065578873,0.11606192928858365,0.08850561739041718,0.10527222045068185,-0.12814688172894134,0.2762969543829264,0.9890254465177469,0.2439221958895496,0.3121841265835533,0.36052242825984143,0.34552928906049635,0.06095452284487711,0.04473591963972603,-0.04770016864548178,0.09711602600297785,0.11879343095102868,0.19470892356931846,-0.1444957879825544,0.21502093513161008,-0.1718667686596119,0.17002541329771012,-0.20253753530996407
2025-11-30,0.09405637287150036,0.07263695275501438,-0.06488344801985917,0.10297598502398486,0.08871815407509594,0.07536160212893009,0.08744328419588131,0.10968826511081305,-0.08739537714876532,0.095772217276484,-0.1383607295350409,0.2975277834724707,1.0842304655916146,0.25684895328710705,0.33479689835557125,0.3837268800195383,0.3745341669316656,0.06476017811877333,0.04375245718780556,-0.049753223672689216,0.10253063200671064,-0.1098985621441199,0.21626699847044367,-0.15582810990856724,0.21851931295096988,-0.1806014953766924,0.18336169520788156,-0.22315021808149646
2025-12-31,0.10585670202182339,0.07985662963952718,0.07146256770432224,0.1157003419628816,0.09881430925172945,0.08510764257302442,0.0977453140041776,0.11820336843881867,0.09509360968074938,0.10431629290477971,-0.1491153966321362,0.32044796287151567,1.176883823059195,0.2742581281529549,0.37883807570244826,0.4128689448977735,0.39950022052208006,0.06611414938871539,0.03372713118266125,-0.05193894446193993,0.10575342836211717,-0.12415262605818247,0.24542313184741735,-0.16191006116226495,0.23018325869521208,0.19638105435099887,0.20141655363313796,-0.2474437267035746
2026-01-31,0.11214510704132608,0.08561546703511848,0.07602388273027375,0.11510251783934038,0.0957356116778638,0.08566963819693182,0.1007660686918839,0.11877638562772017,0.09641105786496655,0.11400477835740533,-0.1523542411488152,0.33990906818491856,1.331589509700354,0.2855984167022621,0.4254250707906285,0.4349852824070396,0.42617454528990856,0.06268825251837408,0.02841925490533271,-0.04932164308292257,0.0996319289722227,-0.1382325375763374,0.21894432992697702,-0.1548231030052754,0.2174420887092947,0.18942780077081056,0.16372767481244568,-0.22438583646899413
2026-02-28,0.1111366032675116,0.0822981458931373,0.07449742306034315,0.1139395228737207,0.08731854808551555,0.0794050150070159,0.10386405872210198,0.10839451132827671,0.08858404887105306,0.09023788026218112,-0.15477509852544183,0.33643900869994076,1.3214605814238285,0.31380211756380616,0.46947031073029694,0.45456649438376456,0.4361389881861238,0.04155279287022414,0.0168335163913495,0.047422483742155866,0.07770110610616263,-0.15392957478112398,0.22425313535203523,-0.15532666323679517,0.21295503839246752,0.1715713780327759,0.17041509684013828,-0.22740429146999777
2026-03-31,0.10424276269818179,0.07985463768955346,0.06928998371092579,0.08132710605270564,0.06089962818251068,0.06322562159442766,0.07235636537286193,0.08484729711069586,0.06821130880973539,0.08496543431432288,-0.13305700437996254,-0.2693546317767804,-0.9595311417074344,0.22904098630865802,0.3063554148402858,-0.3718167783046135,0.33355342192657383,0.04028108636740786,0.017992836270435554,0.02813803256123859,0.06420870554354242,0.15682513279914634,0.20836606353506154,-0.16163771452307024,0.1947904995313595,0.15044476519258712,0.16978367543789577,-0.21587920602422844
2026-04-30,0.0985731700867902,0.07537127917859933,0.06988018925283399,0.07633935821130422,0.0571622156819292,0.061226819645909626,0.06844020770125638,0.0820622251221608,0.07002619956878393,0.08879243853134385,-0.14627051051792628,-0.28518129391908464,-0.9815638477272238,0.23880252963030624,0.2982786617287666,-0.4002222552068822,0.3504132185721818,0.043918005260872646,0.020038646228052206,0.024214870483187788,0.06411620892463218,0.15347460430432433,0.2216495520291408,-0.18154804794151364,0.20569819510781837,0.15772663207152252,0.18241118400521134,-0.22820673045556528
2026-05-31,0.10629492380531032,0.07780201443611907,0.06988909226624264,0.07565532786363412,0.05415704158778502,0.06514012362610967,0.0654656633574828,0.07708373996911587,0.06947012901808872,0.09177532132849334,-0.14486410623005322,0.2765478747594156,-1.007584046633859,0.23948274183519305,0.3047708435584111,0.4051814473186743,0.33523865085239624,0.04837021012985338,0.021027217878161093,0.024839336843404815,0.06305062679734565,0.12931517533671102,-0.24026892258322727,-0.1732321695791666,-0.2055785684981392,0.1606023190863127,0.1923425354854647,0.23883937257522267
2026-06-30,0.09618158836538461,0.0608463379950953,0.06908708130788023,0.07627915688435008,0.045440918311332824,0.060383455995302614,-0.06868976110383453,0.08214143720587552,0.07083152003313152,0.09321472768747556,-0.14973157518816288,-0.2756631530469856,-0.9299888958557261,0.2522196855610343,0.32249275094656144,-0.37961413206847777,-0.34108947114780136,0.04790159191101329,0.022122961477115455,0.0260882883143597,0.06491511348651861,0.1284535093167373,-0.24394361535315473,-0.20173013514204535,-0.21264926458315805,0.16365825217541352,-0.19477097668019688,0.24860779259140411
