date,SPY,QQQ,IWM,EFA,EEM,EWJ,EWG,EWU,EWA,EWC,TLT,IEF,SHY,LQD,HYG,TIP,AGG,GLD,SLV,USO,DBC,DBA,FXE,FXY,FXB,FXA,FXF,UUP
2007-01-31,0.0,0.0,0.0,0.0,0.0,0.0,0.0,0.0,0.0,0.0,0.0,0.0,0.0,0.0,0.0,0.0,0.0,0.0,0.0,0.0,0.0,0.0,0.0,0.0,0.0,0.0,0.0,0.0
2007-02-28,0.26604958637750115,0.15433576883824837,0.14246141510946525,0.18813312494634415,0.09774519492088794,-0.13738780959369393,0.1596774839677649,0.18303910113840707,0.1254688115178602,0.130795454575394,-0.31457385355288403,-0.5488596603866613,-1.979433040282427,-0.5673243892761569,0.0,-0.5382897867634046,-0.7901572729645131,0.11457031368441764,0.0,0.0,0.0,0.0,0.35062200514156594,0.0,0.0,0.0,0.0,0.0
2007-03-31,0.18629979107569275,0.1317609525077168,0.12332038570381776,0.15072811009335849,0.07884043192674228,0.12896835122000788,0.13076327239383123,0.13983787093284236,0.10816823192408336,0.12264742180762554,-0.27787374077172833,0.4869274853771526,-1.7154906493407236,0.5314842384571081,0.0,-0.46229243569424444,0.742311160815404,0.10251493813042448,0.0,0.0,0.09825835436631848,0.0,0.34700140477754143,0.0,0.0,0.0,0.0,0.0
2007-04-30,0.1733871429209494,-0.13323409755035182,0.11816299804675069,0.13226001016642774,0.07679084565760359,-0.1314529848002301,0.12049997129438311,0.1219708081262862,0.08327026956601612,0.12726450260037128,0.2906034181612261,0.5095369912924027,-1.6239259189215625,0.5492033414804232,0.0,0.499318058074039,0.7774343383406307,0.10822221030188836,0.0,0.0,0.1067137740648925,0.0,0.354115937659055,0.0,0.0,0.0,0.0,0.0
2007-05-31,0.18173467302509658,0.13956528622288306,0.12582353987505238,0.13920998612984342,0.0824724244864669,-0.1366046726797041,0.12250705492784755,0.1285631901135958,0.08679586764662209,0.12598163648864605,0.2884835590265854,0.5098085668305938,-1.527096166752751,0.5429048903315518,0.0,0.49383219074090323,0.7605664785098679,-0.11020639899907188,0.0,-0.0710515346935088,-0.10697543517909391,0.0,0.3521007341261089,0.0,0.0,0.0,0.0,0.0
2007-06-30,0.1843154091834021,0.1371725455031314,0.12253603010637415,0.13919472111810008,0.08164528464023915,-0.14028709939540504,0.11450449047934697,0.12840204057034235,0.08682767772311857,0.12627382833202702,0.2881655328163495,0.5105028796922155,-1.5414725039896677,0.5385739885660965,0.0,-0.4871190434996009,0.7428735385029172,-0.11286933660960094,0.07303064237785042,-0.07102481476776538,-0.10733891620639036,0.0,0.3588680694690775,0.0,0.0,0.0,0.0,0.0
2007-07-31,0.14094054684675097,0.12190917317584034,0.10325723740978955,0.11796714492166928,0.07253218397982744,0.1342734157758759,0.09224347285154237,0.1121253767038473,0.0788672211807903,0.1047646672624027,0.20100450179644014,0.3770457243677671,-1.3153911884801375,0.3796348914590126,0.0,-0.37600843581615334,0.5255537543492401,-0.10371569673322462,0.06272082741077258,-0.06617009995234886,-0.10036794972843566,0.0,0.3270048136546111,0.0,0.3067757630666332,0.22103451471566207,-0.2676936406278939,0.0
2007-08-31,0.1214789246616953,0.12084534962254467,0.09503410118362894,0.10473583090702664,0.06320731243553304,0.13149874929859431,0.07587859185333685,0.09553693969967784,0.07016686438529258,0.0985800629652131,0.18107605833111898,0.3364177344081494,1.1563596574818453,-0.3542108790304171,0.0,-0.344477606037338,0.5114966514619875,-0.11096790522439852,0.06785904596368895,-0.06677175261872147,-0.10711129138911656,0.0,0.305654783362208,0.0,0.29495248729948015,0.18725383067709203,-0.24425123080815994,0.0
2007-09-30,0.09844615208108404,0.0942994920998068,0.07851283378456926,0.09024243786508189,0.05191901916099603,-0.12162142243659639,0.07369090507020054,0.07819470259352773,0.0519720414727838,0.07601005716748353,0.18789816359871728,0.32076845721857533,0.9534964440295762,-0.3029242711634967,0.0,-0.3427478734140296,0.48250837074133063,0.11403545587721338,-0.06591510991226046,-0.06629738464095578,0.11468318296464737,0.0,0.27749431871873687,0.0,0.2689783466583444,0.12502973501670214,-0.24510416484265107,0.0
2007-10-31,0.10120884263178742,0.09680796426361298,0.07757818818279012,0.08969266729440888,0.05451203753456479,0.11402326734109282,0.07494369933880778,0.07279509912935002,0.05280963563308677,0.0815827358258664,-0.16781463890426287,0.2844743362311571,0.8817121253157878,-0.2999631555471205,0.0,-0.2935692279098076,-0.44904494217733326,0.1141472370059094,0.06857574316388339,0.069886504984181,0.11385033625316561,0.0,0.28121420097206323,0.0,0.2568982498350106,0.12700207712566317,0.23958329882199178,0.0
2007-11-30,0.1065321780725058,0.0936593795683419,0.07780253278195552,0.09402449144936766,0.05341635005280727,-0.11407671859399697,0.08271847123979857,0.07756919155728216,0.0551154355075659,0.08271514076280112,-0.1746283057777276,0.28753932255277453,0.8879628843096589,-0.28435503626127984,0.0,0.29690566978218563,0.4010276596786222,0.10806838422795574,0.07004465287191819,0.0626606788104736,0.09939539600542303,0.0,0.2627943735890276,0.0,0.24657223786889584,0.12981042142885554,0.2330661139448369,0.0
2007-12-31,0.08499486935190835,0.0730926822619647,-0.06605518817204288,0.07646466107383397,0.04019297319424869,-0.09640267736070156,0.0713692589346991,0.06160444286338589,0.04854649308306518,0.062237873133879296,0.16234358118357273,0.23945784579346455,0.7020215218135517,-0.2224972865717445,0.0,0.23608904254718457,0.3553725815114095,0.08161210915117664,-0.05438779376883127,0.05593129951569672,0.08735296332954329,0.0,0.256327927788586,0.0,0.20510787064310695,0.105189552646853,0.2006452459416619,0.0
2008-01-31,0.08717819204284745,0.07552602924367731,-0.06560915535004466,0.07627451325878448,0.04123590147519726,-0.08554199684287424,0.0724978119150747,0.06487219032817054,0.05067610618675547,0.06713863683571562,0.1340792115656511,0.21140282597361412,0.654272435331702,-0.2057111390980537,0.0,0.21971477908073458,0.3308061977456869,0.08084651041293113,0.05802789829609919,0.05555467012801483,0.09137761224601332,0.0,0.21893244438982962,0.0,0.19417543904791423,0.11214803373456385,0.1841851585885641,0.0
2008-02-29,-0.08006519710466783,-0.06656338773790585,-0.06217241622612661,-0.06899204171516703,0.040572755278166034,-0.07259376968930094,0.059221225698121466,-0.06541664603548472,0.0458478989782201,0.06341493287863954,0.1201320196831884,0.19783890401373744,0.6251658202000724,0.19668232170776612,0.0,0.2110632269583084,0.3296479718509928,0.07777935690528949,0.057083236883334304,0.056213207915518024,0.08332322305870887,0.0637694274281888,0.19353395736181667,0.0,0.20166139233552807,0.11133943355990655,0.16928965019503356,0.0
2008-03-31,-0.08006733768924071,-0.06718522751452732,-0.060508871530394755,-0.06659032836589207,0.041853498222072676,-0.06871950870782012,0.05812218195973837,-0.06485659987290497,0.04446595621056037,0.06380801011273304,0.10823960264965705,0.17824221693284475,0.6284180215624763,-0.18085465539007892,0.0,0.181300040595405,0.27544836723996374,0.07501349383715641,0.05523408130969835,0.051591539333273324,0.07548721273165283,0.06251474761347955,0.1797998493746032,0.14268611419634078,0.186695618685888,0.11395584122607237,0.15081409928452916,0.0
2008-04-30,-0.06648190592931985,-0.05612065852434625,-0.050903755495123,-0.059967586708381065,0.036151643551305714,-0.054316934799114945,0.05479741815135018,-0.05636071067551785,-0.04248543167509022,0.053303698302363735,0.09816209031206392,0.1517563788433666,0.5140983808129562,-0.16716159914352427,0.0,0.15806437153800845,0.24332408317716384,0.06333283167858339,0.038483739523581334,0.04622214676610976,0.057452583562622186,0.04529914967124963,0.15747045686855826,0.10919000505460688,0.17196806280404997,0.09668348249450905,0.1187720095313976,-0.13207653880185613
2008-05-31,-0.06828175111476108,-0.055050419650668876,-0.05254275599358121,-0.06192438993824027,0.039127957345320506,-0.05413765700388635,0.057898094470106014,-0.057776682029379536,0.04348978120381775,0.054245968775135225,0.10229018033244337,0.158148584501137,0.5156735445313524,0.17502666949620876,-0.17114363360539037,0.16214322022243083,0.2501122624184057,0.05991451961468388,0.03807114204354447,0.04675377139378016,0.05873713806836286,0.04517999641936358,0.14877224535124803,0.10765287496404315,0.16293278502607647,0.1004941663144099,0.10637099589475958,-0.12842820917166073
2008-06-30,-0.07385242826520767,0.058971165136755495,-0.058452614282247704,-0.06855605133577318,0.0437756581579983,-0.06002287531452316,-0.06415902182230221,-0.06283441220217546,0.04721596275544831,0.05879044349166281,0.1087314719472643,0.1662424782654103,0.5421599007921603,-0.17560288396690374,-0.16586557787903008,0.16746950518423637,0.24944047870445915,0.05883609694915515,0.03807677485407098,0.045180740888161035,0.05761837469703527,0.050162707478259905,0.1500008873067257,0.11252304228036922,0.17038558078196783,0.10774539343792085,0.10719913349124761,-0.13297777350410106
2008-07-31,-0.0736335700807116,-0.056772692471184834,-0.05999011815151734,-0.06958801034594472,0.04527269673151745,-0.05948078405797016,-0.06460430056760172,-0.06341639879695951,-0.050548580310829275,0.062179509267779216,0.11455082499239892,0.16891114936259882,0.4946425277381658,-0.18785588402753492,-0.1700997846228804,0.1678885890709174,0.25027488760550326,0.05838835505851021,0.040213326297115194,0.03967406397952208,0.05594486717680315,0.04842226692804986,0.14679766225956542,0.11921316398604101,0.1725066476009283,0.11549365135192761,0.10566070327177492,-0.13930240028534077
2008-08-31,-0.07086372057560263,-0.05701604744962942,-0.055619836895422714,-0.07199971976056176,-0.04489105848712792,-0.06423126938820485,-0.06930135863858153,-0.060787342251763285,-0.0517217468882354,0.061602518435584216,0.11676243868153317,0.1737645931960315,0.5279062593247875,0.18889751096229637,0.16866820200026414,0.16651272423457217,0.23861139808024454,0.06139630851785871,0.042846978912098,0.03725712058327751,0.05278137758552254,0.046838761301787324,0.15395578234034904,0.1258801424215436,-0.18529352083623327,0.12468852387523384,0.11356314595969456,-0.1516443856178002
2008-09-30,-0.07143306696725109,-0.060070750301031296,-0.05744773326315107,-0.07459685080368196,-0.04721666253618723,-0.06610088202515162,-0.07370688420737678,-0.0647731901577978,-0.055295913375858666,0.06068732521569128,0.12229571095313975,0.18471698186129845,0.5795973983793419,-0.19822278439355245,-0.18228741815855162,0.176796023672896,0.2618033273191872,0.058353804281617135,0.03524366363321589,0.037192280476336374,0.050589844572244365,0.04111248259419242,0.14499705737859478,0.12958792919496598,-0.17080021316290322,0.11997491626994075,0.119572685910636,-0.1496566259742264
2008-10-31,-0.04672503617992235,-0.04377726754079191,-0.04067277313219376,-0.038452665829944874,-0.0255143437239816,-0.04495935892139459,-0.043241428970888174,-0.03702826043428538,-0.030649145698179746,-0.04090961179082197,0.09256143179751833,0.15091001213817706,0.4407970201181913,-0.0546206041877415,-0.05063675929452127,0.17230297060293806,0.2198704507692631,0.039792504715527637,-0.026961919737554234,0.031035396882950032,0.04474212482743256,0.03851498160326234,-0.11467885004115004,0.10428608676473196,-0.12140771768007289,-0.07647176524006885,0.09843372298184652,0.11839711726860798
2008-11-30,-0.02492702649703174,-0.02713137064953936,-0.02579675184616604,-0.02128689573719835,-0.01423992950080764,-0.022641509421925107,-0.020879825423151876,-0.020416353515301616,-0.017470314046831675,-0.023182557082510085,0.08771356577291671,0.14006852917389737,0.4334515459932291,-0.04302922770552655,-0.0330887244190431,-0.10782658779937837,-0.07531841518558528,-0.035404891678515245,-0.020183760405418222,-0.026919299031795723,-0.034836441482018886,-0.03257610314957395,-0.09098850114752859,0.07526118530175677,-0.08827930304833194,-0.03670393788946913,-0.09026870807650691,0.10147894456867765
2008-12-31,-0.02327196225358653,-0.025807885855208608,-0.022524691742186055,-0.02015401725892712,-0.013227347275070927,-0.02196986491759722,-0.01900172028206108,-0.019363560777049364,-0.01622939295002885,-0.021132292987683893,0.06778606709210808,0.12420378439201454,0.45233657115250786,-0.04915231185310777,-0.0365457027083876,-0.10252008960471441,-0.07912027687947085,0.03425422901427045,-0.02073795615550661,-0.02168582684367476,-0.032936921397170874,-0.03339683644835424,-0.0781754384971001,0.07177197944893883,-0.07832520523312603,-0.036213433290407306,-0.09054600980812468,0.0930780225140757
2009-01-31,-0.025229482259833784,-0.0274593530622455,-0.022741607969732593,-0.02211773526147063,-0.014753494058694113,-0.02411432689700757,-0.02071695436408653,-0.021044383834892814,-0.01772726967648623,-0.023400993110898435,0.06749153937452342,0.13110856281686037,0.4942263939385061,0.05534113708805582,-0.03849529354926572,-0.09008535233768314,0.09066397627662037,0.03656679558858776,-0.021918246563577524,-0.021430948823026093,-0.03388425734183218,-0.03381343308092187,-0.07249041232751992,0.07492841258278982,-0.07298418349442296,-0.03978135123004117,0.0733945927235572,0.08836338055965931
2009-02-28,-0.02734140591119835,-0.029299886891089727,-0.024072739456308532,-0.023674059891174628,-0.016249172346411017,-0.026491687500240786,-0.021812510689795967,-0.02209039041913782,-0.019063004759814695,-0.024273935699762033,0.06058032153280458,0.1290588802502672,0.5149553304622777,-0.061695834369242926,-0.040811079608264814,-0.09739605522998389,0.0997156905733843,-0.03845383525488857,-0.02385342780036378,-0.019643072954971374,-0.033856564568467425,-0.034878624022849976,-0.0728152663694746,0.07868555266664015,-0.06434632529577929,-0.04225689208691951,-0.07305788434627539,0.08849019277583714
2009-03-31,-0.029664602128732592,-0.0315609534763144,-0.02638293706569889,-0.025748593971435505,-0.018003496564658238,-0.028828174608515913,-0.023280197197363024,-0.024094093315640965,-0.020362299851090893,-0.026097324055953403,0.0604103980121357,0.12707762358196348,0.5482858311121089,-0.0698109498409571,-0.04482600169139681,-0.10738962506108718,0.11319679079940578,-0.040930601997650265,-0.026035628945420535,-0.02027681387305457,-0.03630270730334912,-0.0383538982462386,-0.0760066544479301,0.07812251241574976,-0.06725942894856399,-0.04370165246962917,-0.07782565405313778,0.09135362479665009
2009-04-30,-0.029527893829595198,-0.031774140095833556,-0.024939203847475944,-0.02606059219883311,-0.019041687301027795,-0.02905408541704724,-0.023812525973970867,-0.025190091741264863,-0.021509083128059707,-0.026056319858618122,0.06186473686007153,0.11702158413042486,0.5832594622484313,-0.0755512926483928,-0.04398757442247985,-0.10112314095690508,0.12544310235050174,-0.044062899500837284,-0.029167426118452588,-0.020205356707855584,-0.03654160950777184,-0.04058808216238667,-0.07625068101877568,-0.07993252779063785,-0.07284781271984468,-0.04732741904453692,-0.07679499590481638,0.09043800002062032
2009-05-31,-0.032577864025321646,-0.035209684003714034,-0.026545494846316655,-0.028773001602464297,-0.021230040080831698,-0.032778367977497364,-0.02601106471567845,-0.02715151372265687,-0.023224965473667956,-0.028287836818425803,0.06719947774375519,0.12745757145394385,0.6337754919921261,-0.08683584747433815,-0.04632350313551734,-0.11495734753517615,0.14291930245680323,-0.04821514789779345,-0.03142632715064808,-0.021724609899209206,-0.039618755484571166,-0.04339081243747263,-0.08143999048022502,0.08601889614823872,-0.07760582640416765,-0.049730441809010005,-0.08101791257023938,0.09707379630773823
2009-06-30,-0.0358887739960177,-0.03876330713119008,-0.02882932637631664,-0.031204558411607027,-0.023381870349832943,-0.03584725781787745,-0.028239949984800124,-0.02934402091658832,-0.025057844050617673,-0.029014891052922646,0.06871537466242292,0.13437445254794533,0.69960037383156,-0.09855830674779043,-0.05145490099485004,-0.12819005080215493,0.16134568138329097,0.0542762860168149,-0.03448885465784589,-0.0241278914293846,-0.04256422024870614,-0.04637371384977199,-0.0892340503617268,0.0897741667152165,-0.0841017465006361,-0.05467831648454515,-0.08785770059529359,0.10483230734828267
2009-07-31,-0.04074754784446117,-0.04369187394747131,-0.03264155537709797,-0.03493166381650479,-0.02637483454663161,-0.040650786974293036,-0.03145996455273455,-0.03275327548040014,-0.027680183158757258,-0.031151469923438053,0.06773478594997853,0.12883346937517154,0.6124618251014029,0.10824698676688561,-0.05876287232128523,-0.13720642602214003,0.16530249102028433,-0.059189440645972625,-0.03519680638785239,-0.02673438004600213,-0.045261989933215216,-0.04864425904992197,-0.09236413959447272,0.09101879495536154,-0.08694320172036442,-0.05820317706765018,-0.08556265322421394,0.10101895341374104
2009-08-31,-0.04576444478591412,-0.04851673892817388,-0.03652948934650234,-0.0392192751415123,-0.02950747395902992,-0.04723867747266064,-0.034329688577168116,-0.036329323639027085,-0.030685904251490655,-0.03374647143304357,0.06895973096438875,0.13232318172358062,0.6692934475143629,0.12011841980840925,-0.0655601699896108,-0.15319345910244578,0.1851611502613535,0.06615931434377217,-0.038950132855403795,-0.02781655074057892,-0.047584096858381046,-0.04944637339182744,-0.10269863860228534,0.09636218547375475,-0.09494103513454935,-0.06483598923261667,-0.09467138883473877,0.11565531344631512
2009-09-30,-0.051768206495906896,-0.05392305838464318,-0.040820932972715,-0.043999965864111264,-0.0331639748833039,-0.05381752415726499,-0.03833090039160473,-0.040461002166623586,-0.03445740042754113,-0.03750566363759129,0.07108904483563158,0.13796858514074575,0.7152903747712565,0.12892817776912432,-0.07115057032177598,-0.1700382772547446,0.20078732142396297,0.07286595934501719,0.040444477728484425,-0.030287910711279138,-0.05110220450797088,-0.05280075909039208,-0.11110075836380606,0.1033491267570725,-0.10061229747394299,0.0726090076672766,0.10182043587605194,-0.12584729505438988
2009-10-31,-0.058041778805209436,0.06027360238449107,-0.045516633379755374,0.049114242923547775,0.03749937476817416,-0.06012014792879481,-0.04237216636518815,-0.04540537116395791,0.038161854646463704,-0.04083119487150289,0.07733799434954051,0.1540002131430565,0.7925963718630851,0.1442077372844604,0.07978539532807562,0.19700743837579687,0.2250442712652605,0.07812091081442664,0.04204681632827688,-0.03126012184368106,-0.05416897080987332,-0.05527680197484051,0.12341364947954885,0.1114227416692923,-0.1070329342643416,0.07962638353588651,0.11521357207524179,-0.1373773044121907
2009-11-30,0.06206536921548641,0.06441704777582248,0.047980579784632035,0.05155955435956862,0.0391498367369401,0.06391988623766715,0.04323424871480557,0.04959949191515574,0.03974117298568056,0.042055200119513185,0.08047320199804271,0.16194059118544005,0.8105872159577,0.14812813851515286,0.0852640039281454,0.20650325551978752,0.2478533885177597,0.0796219224962044,0.04156501168015838,-0.03390422339331892,-0.05406855008449978,0.05477025219223267,0.1346541365103117,0.11801540970239624,0.10831036269001268,0.0809244192968868,0.12551149986235743,-0.14640988894972937
2009-12-31,0.06542957045017465,0.06693750179567691,0.04922130390842662,0.052963929061626835,0.04013803673307178,0.06717259634334943,0.04364533110683705,0.05111161218874344,0.039422516827368206,0.04428733184837946,-0.0899901780689912,0.1806217547919929,0.9214542475836643,0.16565636696447092,0.09822295204886901,0.22584181323854174,0.28223332944706064,0.08204286256004921,0.0424172270946112,-0.03621571690560248,0.056217748319897634,0.059744229311181944,0.13394527816995905,0.12452036540504828,0.1138405765514988,0.08125432664561406,0.12663652603231884,-0.12473958136676408
2010-01-31,0.07538207219453144,0.07561188789716101,0.05565398593199876,0.05920116422991158,0.045611132216406905,0.07085057372573224,0.04920761069649961,0.05566860665563798,0.044395965489064756,0.0490512806414541,-0.0953219740109743,-0.1848958499054599,0.8634411929924456,0.17728719820506514,0.11509789436345252,0.2385043161950717,0.3009811720660006,0.07005450079847457,0.04423713399689238,0.04018404140540462,0.06231871615206221,0.068197518242802,0.1405300011849674,-0.11757355881930608,0.1234246723024042,0.08826543450673018,0.1336135223012602,-0.13439646141325132
2010-02-28,0.07719878796611387,0.07289747032020778,0.0583975684193514,0.06049673556775153,0.04798163746758621,0.07324002964600371,0.051052380902453974,0.05593943882167252,0.044719569380034414,0.05294062555134486,-0.10003814287883851,-0.1983844755209095,0.9243633767085689,0.19757386262922086,0.12349915480091514,0.25784506911749916,0.3178446125512971,0.07160830331615517,0.043520190376198684,0.04354625828740871,0.0648208126390867,0.07405074294692816,0.14595208510044297,-0.12237271432753705,0.13220280851919985,0.09264366728051789,0.14030050320532012,-0.14452806819833558
2010-03-31,0.07835301388356646,0.07502368108141996,0.06185032983653282,0.05911832473172496,0.04807768600055136,0.07718660282837006,0.05221132412214451,0.055621651773602176,0.043447547110258666,0.054882050418903934,-0.102166372556049,0.20490905176983945,0.9660964808957937,0.21052498855025065,0.12503915216328504,0.2772582793970352,0.34306810566128465,0.06970317309555586,0.04283096723024239,0.042906605632294335,0.062179120593246914,0.07619960579092104,0.1468304408321417,0.11987432641635667,0.1356450450478504,0.09223719326582433,0.1458194545661893,-0.1528219861756813
2010-04-30,0.09106326705217974,0.0865725338676141,0.06903229234932688,0.06687616123252006,0.054411383060583476,0.08313266768178364,0.05906804551251903,0.06183365660264682,0.04875198594456898,0.062355838907101516,-0.1113823334163997,-0.22231397563134023,1.0647878456412838,0.23169014652959768,0.1462147813248202,0.2951339458241555,0.3817167005069725,0.07434741875770158,0.04687695681540353,0.04732926744236271,0.06797336186474526,-0.08410685440897381,0.14830975181001574,0.1268507520854056,0.12754701385588388,0.10384961041299119,0.1496435796368625,-0.15688650619543082
2010-05-31,0.09376080389540839,0.09158189948265068,0.0716533069048501,0.0672348383915262,0.05671552760197573,0.08770860669575471,0.060407822960550195,0.06272160568360517,0.052199431484118895,0.06571772095415075,-0.11514662318130538,0.2210687465448698,1.0188042682542184,0.2482739821949791,0.1525289505179219,0.2839386050307645,0.39024735474614286,0.08036027125584097,0.05056795023909361,0.050031337479221435,0.07372830454269733,-0.09172890513394712,0.14934217000612346,0.1355818980082679,0.13491400984085258,0.11216007486099477,0.15195138116980797,-0.16531463252577683
2010-06-30,0.06598532938520339,0.06082248444804638,0.049634157823727786,0.04732364202627027,0.04231520872395574,0.0769786095672661,0.04714581922809361,0.04626202829174436,0.035895237955231994,0.0543329338341905,0.09166380004860554,0.19882716720999002,0.9999990321218926,0.22686557048053743,0.10600266445704541,0.28724751089439227,0.3807326310631008,0.07881273085009109,0.046399688329340924,-0.04383971122309976,-0.06618787292295411,-0.09307788891689174,-0.11966730353916608,0.10574461456143922,-0.13173314710442913,0.08529816210899813,-0.1429307389900627,0.15133708112873048
2010-07-31,0.06251005755080012,0.0585527930077391,0.04706348819522104,0.04718369325757341,0.042852741717142,-0.07797331186747399,0.04774817073272341,0.046037996881838926,0.03588687773977046,0.05180819903873969,0.09249004800981776,0.193594106043905,1.04653417518702,0.23703029921054858,0.11646430040763152,0.2842468301635615,0.41299246076081764,0.08098919808868955,0.04803556514441121,-0.04385836177812569,-0.06669720111680913,-0.09399533683282095,-0.12251360426370715,0.1182162501212619,-0.12702774524032784,0.07912173184912373,0.140139145574924,0.15409679664132234
2010-08-31,0.06437489709235608,0.06077591676510689,0.04647369997156003,0.04963648028718113,0.04673838262296017,-0.07733256822511188,0.04977018247411528,0.048623696811971255,0.03868705479294315,0.05498233749104261,0.09610906425637532,0.20468198592436188,1.1505802924962596,0.2616569971648566,0.12814353187353408,0.2972723286208133,0.4282943526240139,0.0789850931065202,0.05095868562958039,-0.0456330633804087,-0.07056278772496535,0.09292975957418222,-0.11965832004460378,0.125709084128258,-0.12684403011557674,0.08289802609311411,0.13048750206897403,0.15194993369050497
2010-09-30,0.06826467316307298,0.06480292386240911,0.048534239019162644,-0.052517101019527446,0.05141507154618826,-0.0804480611628712,-0.051082351892883036,0.05138033371240377,0.041370218819305096,0.05731959478503201,0.08571071438856313,0.19014053830643476,1.223497774293111,0.24513555696052233,0.14446976070811388,0.28267452250335323,0.3900093285200839,0.09085461258829748,0.05473623548593766,-0.04770724889897336,0.0741431426962658,-0.09047331795599238,-0.12274473277221876,0.12906194804092538,-0.13777732354911446,0.09172692526925552,0.13003081063271885,0.1539894304547438
2010-10-31,0.07245741286528555,0.06902638280877384,0.0505245383537828,0.056481323451043654,0.05623005257460905,0.08347597315560129,0.05293274459974639,0.05565815832394016,0.04434365201169603,0.06425768129875822,0.08180342417118922,0.18550206788358706,1.3289900993053707,0.23667591719609232,0.1633796590178976,0.2455619012520725,0.37965733760546244,0.10038580294069079,0.06086379553607539,-0.04955234091752767,0.08018609426962355,0.09337966343530821,-0.12017874258061854,0.12462513983659473,-0.146939900590419,0.09906660501701302,0.13140575097060542,0.15315483154097329
2010-11-30,0.08173889710424352,0.07570124609863829,0.05653982439498566,0.06137519917421499,0.06032480043182507,0.08396654564866482,0.05557701026589013,0.06144424601330524,0.047654664479793295,0.06929757442717664,0.08686655138161327,0.1947598173541245,1.4216574401433257,0.23298223825145112,0.1856465350418565,0.23506213088171526,0.40543737944869207,0.09163915994921486,0.05280278138263637,-0.049018618747183045,0.07578184642352843,0.07100665058455526,-0.11709277205130826,0.13880118184636833,-0.14321447342410212,0.09769028526788459,0.12406133893155291,-0.1435461338597028
2010-12-31,0.08521557967956762,0.07889257947693594,0.06012921546914284,0.06163381212183995,0.05832675153391994,0.07934995491330801,0.05562460238485921,0.060687732870607726,0.04808043646626492,0.07043995279415155,0.08082877202725011,0.1788091595080234,1.3076540006165935,0.2105786325356622,0.1623539048829433,0.22093048900021553,0.37671453448165365,0.0841697574857423,0.04317330360814132,-0.0490083878002601,0.06847868627788792,0.062488227033369044,-0.11515722066027659,0.14823971665609645,-0.1409764699798976,0.097825480140474,-0.12733714920784986,0.1423223245699091
2011-01-31,0.09652833590601673,0.08939555959291254,0.06911383797128608,0.06845996627974064,0.0647849092254606,0.0875403359107061,0.060052775147840076,0.0676926927027477,0.05389175952190527,0.07931634176923053,0.0792440867824735,0.1542011006774304,1.117458265876972,0.19802453761285246,0.18229823562630426,0.20089761345045648,0.3098741086233172,0.0883930924067891,0.04437424786135013,-0.054653209791532535,0.075012025064746,0.0687434830912582,-0.11996523711290039,0.1511824406478625,-0.14618074721123625,0.10621367658729751,0.12452501983395758,-0.1479674727053743
2011-02-28,0.10458892629362583,0.09104923857805594,0.07040658539664378,0.07353695643087733,0.06726254561431035,0.09474835361852077,0.06346852897760417,0.06995135713217814,0.05903457520382309,0.08544813022768356,0.08344586112013845,0.15993978299566253,1.1406463797550246,0.2110958681228497,0.20335823731104025,0.2104995310572174,0.3194262151243839,0.08481900138856605,0.04326021768161569,0.05229190387803439,0.07688540532221684,0.07390840812417819,-0.12103315133989412,0.14912661347992176,-0.14302159044893095,0.11259960176149267,0.12231845396531134,-0.15018475602921924
2011-03-31,0.10821851854713029,0.09137394041254265,0.07168577831081564,0.07693501369482111,0.06846920632452526,0.09228161276463458,0.06845975373751263,0.07278399237996218,0.06139869269928437,0.08973860106923871,0.08918358612031073,0.16881676366849985,1.1741349194930784,0.2253487164099089,0.2179366506915524,0.21230061316650034,0.33483188587768603,0.0934505573338432,0.042623426331245655,0.04919210251757838,0.07975348264157907,0.07553333035220407,0.12736460290361518,0.15721137768529045,0.1537516868702264,0.11485934232380311,0.12472226651512833,-0.15876648996940781
2011-04-30,0.10072958087164874,0.08631587239458392,0.07215277858064832,0.06887624337165615,0.06847383379004131,0.057640419270851125,0.05940743190121227,0.06871862055482615,0.05859660710077621,0.08549758844302979,0.0943402200737231,0.1785142908203847,1.1037461083350875,0.24049433887859162,0.22125299159102157,0.22572106080448626,0.36901189832872433,0.09869303393672056,0.04472849168236851,0.051016859479273605,0.07736401011046491,0.06835044096399791,0.13539781162956308,0.1389383341201971,0.1559298909611176,0.11492597656791967,0.1297305456088956,-0.17074262315671712
2011-05-31,0.1104549320515932,0.0939771844239129,0.07783374073183777,0.07377219776601647,0.07040667117674888,0.062206734374979804,0.06008735918183129,0.07264629740540972,0.06370002370965819,0.08983553599231744,0.1007313988297959,0.19169130420540806,1.1238297448766204,0.2599291996223757,0.24130104520607545,0.23760608163222455,0.3849064594326474,0.10331666575161262,0.0425981250223544,0.05201219336104592,0.07975675429356392,0.0765018683147655,0.1379523378629445,0.14438190676337084,0.16552409625206788,0.12299392130553173,0.13908198967834742,-0.17848006100747127
2011-06-30,0.11673474938413278,0.09882806569346854,0.07730207503381145,0.07559900206993396,0.07012770612512632,0.06821678789742289,0.06118014627376724,0.07414808950935949,0.06309951808963407,0.08694389687397283,0.1091055850480759,0.21153478629857975,1.2611145531009815,0.28665236803920285,0.26401863449952373,0.2682820382952566,0.43238940127552034,0.09718822182559253,0.028376944338890712,0.042917598597608644,0.06131987639145483,0.07635505180245152,0.12922498546287883,0.1560876105695864,0.16826324022329567,0.11704982058642219,0.1341436651493536,-0.17140049580706354
2011-07-31,0.10469992556777574,0.08782986963982997,0.07396400917199118,0.06969131776277111,0.07125934839974037,0.07217030859306876,0.056855227161768655,0.07034753135334583,0.06265113112374522,0.07770379635027248,-0.10527017978585054,0.1990194254073405,1.246228598641471,0.2775690553283422,0.19066558244826365,0.2723498450278835,0.4219694969741327,0.1041631525409192,0.030767911845904626,0.044412909011988175,0.06487515859778512,0.07866404957473824,0.12472596379714818,0.16628430366352404,0.16642579600921895,0.12247963482792987,0.14236936996867786,-0.16237461026642644
2011-08-31,0.09991753062931838,0.08369086241611182,0.07178357715021445,0.0684849960214184,0.07216352821525043,0.07694280415219458,0.05538897874971826,0.07124199353160174,0.06210204502119996,0.07781106966343021,0.10267563581272664,0.19865080269143956,1.3110885963995347,0.2712892001361639,0.19244201598061433,0.2728699578338728,0.41288337350851345,0.1067586291904749,0.03200683188972698,0.04821144438662162,0.07144652027256636,0.08209078519852683,0.12443949559927744,0.17624334636909936,0.16984039441440252,0.1250222730393283,0.13677221919536045,-0.1607401026446813
2011-09-30,0.05104530279875826,0.048373927955709155,0.03801182067843045,0.04029828688198288,0.04155600895824075,0.05185352599650199,0.033158305381623246,0.03943497036115976,0.03545254454326517,0.051860608022756785,0.06334463142416231,0.15063356094614808,1.4213172303097394,0.16723978591244518,0.0963491752993033,0.15302446040865766,0.2912227118772036,0.0654670361020445,0.030747049855105978,0.04004076472050588,0.06664543264172891,0.07820952854500854,0.12716318230844895,0.1524397266419347,0.16721222081578338,0.10067844149926541,0.08211971537400495,-0.15952612174793193
2011-10-31,0.05103986267238165,0.050854850799132316,-0.0383671801406942,-0.04049815612648231,-0.03878069269528608,-0.05472619342435524,-0.031108079980927683,-0.04032542801570037,-0.03563134639640385,-0.048422663956389514,0.05855451350819862,0.15404535971538894,1.5517659587030068,0.1836902531960499,-0.10267742754163935,0.16279079741716165,0.31279894311393575,0.0538700000441892,0.025053226098584836,-0.04034409355500269,0.06597445500001928,0.07556466713645242,-0.12416596146409788,0.1664277134345722,-0.15829419333858016,0.09361116876636054,0.0643659079771696,-0.15267845685645717
2011-11-30,0.05014115931891303,0.050490326953868285,0.035222394188258066,-0.0401806052805603,-0.03552530260869759,-0.05656615750527476,-0.029347407712475387,0.04147491585368089,0.0337792134936246,-0.043937365230444406,0.056944549454904896,0.15007191689649638,1.6629880641127175,0.20008648311790359,0.08684275994494327,0.17404588991802658,0.3140603436798578,0.05729525798032969,0.026633817261803826,0.038697507964368535,0.06401827189022755,0.07698634246545769,-0.11532366334297282,0.17630894457064633,0.16465404891590527,0.08566013357045855,0.06870740417546888,-0.14444636352338006
2011-12-31,0.05046511835133961,0.05029917687541151,0.03598215331678923,-0.039271718461622696,-0.03542256088659188,-0.05530878311914026,-0.02834318537454103,0.04065917151953035,0.034028204182731656,-0.04417098780287456,0.05824057985122067,0.1545848197710839,1.8738916841549396,0.20864443357321336,0.08490584731258377,0.18038482523155203,0.3486127077235294,0.059691339145273116,0.028081504969834366,0.04244314315595641,0.06703476115018868,-0.08226032430282385,0.1114965901823268,0.15699792251055683,0.15909319977063213,0.08259543227364494,0.07549577792478548,-0.1348617311219708
2012-01-31,0.05318693996468733,0.053412599086169736,-0.037868356936442873,-0.04100886349759036,-0.03650877673909819,-0.056041552945151826,-0.029812902344137446,-0.04334717870014868,-0.03565516265393242,-0.04577559089526254,0.061032814100627567,0.16551828068099786,2.1320709882937328,0.21049842455370865,0.09437573455522544,0.2016105207489558,0.3780444592521078,0.05938514671613839,-0.02930207461120823,-0.0439583597419861,-0.06930340134664041,-0.08912382291421572,-0.12145701396953781,0.1799203109808333,-0.15873254229453243,0.08599323129756373,-0.08485833846538784,-0.14402144423522584
2012-02-29,0.061400970163937606,0.06106366207485488,0.043821503414538984,-0.04612913574444647,-0.04092436251360725,-0.06234842005594952,-0.03311414762943688,-0.04876098191604366,-0.040197187964056226,-0.050664209306691056,0.06709787242464828,0.17928114475035342,2.3205895041217226,0.22682458383214638,0.10895270850279935,0.2206187172477197,0.4058249778640443,0.06380656820480332,0.030774378316579636,-0.04770333226505958,-0.0742462482078001,-0.09112108237196512,-0.12211118060056296,0.18361302960624545,-0.16734516125026871,0.09485363590094802,0.09181367694396278,-0.14805342062312016
2012-03-31,0.0707873190287838,0.06960344864460803,-0.04935662227654838,-0.0524375194430141,-0.04623008521985385,-0.0697190900845284,-0.037733397168068165,-0.05457317577000337,-0.04575871495158691,-0.05790368845729609,0.07264308923855932,0.1934976011114506,2.4721462345692813,0.24814594632052933,0.12552376498818058,0.2325096801537496,0.4448747562445402,0.06979317358605333,0.03411474950245338,0.05218981262863359,-0.08324668128867409,-0.10172722983361313,-0.13138354048512432,0.1749579181703788,-0.17178036711381092,0.10595910596043354,0.10311310456756602,-0.16204270094005252
2012-04-30,0.07956169439728815,0.07823219031375547,-0.05486452398240997,-0.05712934439563471,-0.04971230756868036,0.07690086601810382,-0.04104301341884502,-0.058884722489587524,-0.05045380171004166,-0.06216872753338644,0.07725768852963863,0.1976176286836111,2.249639094831194,0.2462010780181039,0.1382518480885576,0.24546098086472515,0.43543022556845806,0.06687680784683549,-0.0356875624861719,-0.0556861727571875,-0.08799074174136766,-0.10743741054984586,-0.13888018556366272,0.16672093536065055,-0.1795024362072993,0.112829363326042,0.11225700946674647,0.1683930280797086
2012-05-31,0.08398292897843154,0.07752434481770361,-0.05871739113126651,-0.05939715476768983,-0.05400574545751915,-0.08205786991807973,-0.04268233659604025,-0.060396695756014904,-0.055493651784457816,-0.06416931361419823,0.08011633756668746,0.20402593454062673,2.398382902803536,0.2589796033271816,0.15284359313110404,0.2549518414436228,0.45192100577401256,0.07413045117092014,-0.03927237122832315,-0.06090486136770905,-0.09316977581179905,-0.10757305354208314,-0.15093376771382552,0.16246197004452098,-0.19209431512226258,-0.1210692385884307,-0.12489590439822511,0.18107992223395358
2012-06-30,-0.08829586577504721,0.07788481609001577,-0.06282840854152778,-0.06313451622620973,-0.056833235916046256,-0.08638674969075175,-0.04633097207583282,-0.06274636082495018,-0.05554094285457996,-0.06604649507284745,0.08540419158381138,0.22261517965336428,2.5810968876876332,0.2785738409319285,0.1532954788588652,0.28154746419961973,0.5000810808466284,0.07796902819294634,-0.043374468034848845,-0.05947326932353113,-0.09533389570571653,-0.10834150887026799,-0.1583979640028205,0.16996577308263325,-0.20178921279749848,-0.12498895827507385,-0.13625788365298488,0.19006433764179098
2012-07-31,0.0844064121126665,0.07462839267358255,-0.06219806585332609,-0.06338047179091708,-0.05716779287429159,-0.08235381975142489,-0.04802488809644452,-0.06237797842157817,-0.05552161651243766,-0.06491321896114312,0.08605280405581277,0.22108695076162246,2.837541413052382,0.28046880101281835,0.15308029949583196,0.2854909008999725,0.49819655286545605,0.07779865087448065,-0.04601018664668909,-0.05424135400758606,-0.08944509512594893,-0.09895852649410115,-0.16311804449068812,0.16933272996826346,-0.2018449831130349,-0.12496546783100133,-0.14495040980362278,0.192586892820717
2012-08-31,0.08550471776678455,0.0740095723668424,-0.0654134535312149,-0.06178691022173791,-0.055526727157900954,-0.08061399842901232,-0.04532065026747207,-0.06364238275598862,-0.056483907846286305,-0.06625265400126405,0.09093279876711731,0.23632298265950083,2.9269320479623318,0.2958289307633485,0.1633536229117241,0.31909433698139544,0.5314903134992062,-0.0820589105195213,-0.04938317519634548,-0.04580468204306755,-0.07625448522367102,-0.09194498439612978,-0.15024960085372704,-0.18727064860426426,-0.18794752194040854,-0.1270896028501028,-0.13977353206262796,0.18118278581457092
2012-09-30,0.0972272438400261,0.08453481537635965,0.07346652576738126,-0.06870893817532543,-0.06314682114295221,-0.08923678106316976,0.04915807652995615,0.07189051543713251,0.06434375018918742,-0.0740845772806534,0.09625620530966923,0.24894615855419108,3.1314718384915863,0.29886732727827325,0.18895432469994136,0.30189846001770115,0.5262410093088598,-0.09336213413836873,-0.05377043623005221,0.05048152423091048,-0.08629254902166505,-0.1007774345448041,-0.15681774014320587,-0.20035438580440404,-0.2045277775381061,0.14312788808272378,-0.14837583365644938,0.1928676619099259
2012-10-31,0.10291137647512798,0.08823972960277948,0.07953332943495194,0.0730532973204447,0.06510566791391123,-0.09047490705355474,0.05305656401886798,0.07738896984185907,0.0669238963854001,0.07873366330914451,0.09340671235428648,0.24439436389014874,3.203370282174786,0.29821825838214994,0.1890608675850655,0.2953204846658707,0.5244656779153948,0.09319061427786346,0.051853367232817395,0.05151337116145298,0.08675416148386504,-0.09759029364039797,-0.1575331741005701,-0.19905617824664754,0.22304350213260832,0.1445804580891003,-0.16019900845216467,-0.19686232695646508
2012-11-30,0.10857202807145708,0.09073151846991202,0.08703461769937533,0.07651298916446983,0.0709681962388475,-0.08932221149093857,0.05780109147485724,0.08223580461103411,0.07434773440033393,0.08474005090934175,0.09491128337757049,0.24725311336414715,3.1787169122126504,0.3186515652098444,0.2075744226377101,0.30961413572108715,0.5322698540144105,-0.10200987503324636,-0.05590887650220129,-0.051565680309258184,-0.09004335331251363,-0.10690018250339199,-0.16880715965085025,-0.20629389500786272,0.22389198987320347,0.15314413353409953,-0.1711643232026803,0.21133609313882393
2012-12-31,0.10404339910469625,0.08861434310975336,0.08519882741195528,0.08057766517777398,0.07588416122796944,0.0914232831573014,0.061821300730958484,0.08560646746143477,0.0789508379787621,0.08708105787399391,0.10283687065807236,0.26323435319354715,3.2766625389622885,0.3380803422669935,0.2145500014496104,0.31491962433053977,0.5655875017078246,-0.10340691160717676,0.057365629036317305,-0.05298552006533045,0.09306363315825317,-0.11975960419262806,-0.179604503605241,-0.1971903717597569,0.24537321641445975,0.16572630164454222,-0.18070798448051817,-0.22685027052136528
2013-01-31,0.11167064892524689,0.09347382713184695,0.09398900190925948,0.09182206722591958,0.08640137880846564,0.09831832427593927,0.0703871443805343,0.0975199823967233,0.09049976907360233,0.09927044327197913,0.10864616636218317,0.28350930321953227,3.508976797392372,0.3538783224468575,0.23680236616681327,0.33782237624243455,0.5861898389905885,0.11238117247535914,0.058409531624064655,-0.05834042549713694,0.10439610608248626,-0.1318591889088668,0.19493991477877223,-0.2018553333530607,0.261926615783458,0.18525068183425547,0.19839687166370748,-0.24672010198732058
2013-02-28,0.1158812458946074,0.09479565437870567,0.09631376371435461,0.09947326823228289,0.09273173894547286,0.09357125066610776,0.07502299566499236,0.10498260522358528,0.09853726544642137,0.10757761873233708,-0.11144701547666201,0.28739379056129016,3.704101445956407,0.35818389296233083,0.2486537579452178,0.34519541049943214,0.6123283750292702,-0.11925556203171025,-0.06107007926922827,-0.06660844677225537,0.1168625993176764,-0.14531583719370686,0.18891801501575242,-0.1557987795138013,0.24099475959059255,0.19164033623046753,0.18369052239344438,-0.24998430749286177
2013-03-31,0.11268548109520267,0.09528275574135528,0.09456203018496226,0.09362681216536074,-0.09776708292545119,0.09302518389963985,0.07046949318722752,0.1019084322145609,0.09336394890140946,-0.11356205612364471,0.111402312487788,0.28736836229766405,3.9418161025973077,0.36840523722367025,0.2698868381150116,0.34088099980793224,0.6057423069605533,-0.11135384356743416,-0.06336567236293718,-0.06997333117299825,-0.12696638012862538,-0.15318696028797582,-0.17847880226088148,-0.13192350882381274,-0.21455284753130252,-0.19077095733892915,-0.19760801547380977,0.256946469828143
2013-04-30,0.12392417818285958,0.10517468417411797,0.10530351355215063,0.10123860648722839,0.10087786779285905,0.10044116674195815,0.07445978769957659,0.10808124121537724,0.09587417030752117,0.12155764136487836,0.11746207902186213,0.296766106797142,4.153086981822223,0.3863030574441885,0.3039567935328387,0.3568654154331793,0.6280314185864387,-0.12296642641500374,-0.07077346377698711,-0.07407258699413188,-0.13393322461758428,-0.1566485654824208,-0.1723454062644973,-0.13421169825268392,-0.21121575153395522,0.2069136199755133,-0.18275043049788722,0.24194908040717
2013-05-31,0.1155224260635412,0.09762869017858915,0.08902395381131686,0.09628409619455401,0.09357024937197629,0.084116623824541,0.07184505851827647,0.10499698487434005,0.08310201349471293,0.0925865814163562,0.11458785980738988,0.31070309949481106,4.604593925573766,0.39458115370770264,0.31391948851076,0.3273503194310193,0.6354942695428871,-0.06134787952480058,-0.04133335369309233,-0.06692638931934407,-0.10925699679196103,-0.13934894824973357,-0.17585508511739928,-0.10796600450227903,-0.1957480291776023,0.18244562975247947,-0.17543194013631716,0.23653771581715305
2013-06-30,0.12493309351185684,0.10877334284264463,0.09059790596356208,0.1025142518318423,0.09931212219254501,0.07537273929132855,0.0795235292305061,0.11650564764445319,0.07965411187803027,0.10168801596177109,-0.10209233106617031,-0.257695562898591,4.202291711341339,0.29529210933300387,0.30024021226566633,-0.29022691522232763,0.5295966843786256,-0.06252026800495081,-0.04382100134814561,-0.06761234360762933,0.11518782208702603,-0.147753799578942,0.17700041532002864,-0.11100018728667968,-0.1934195383773349,0.16690259256159837,0.1444155274394026,-0.2131959550071599
2013-07-31,0.10438963890827833,0.10031565240690951,0.08432949532040598,0.08340946122744032,0.06980320137484183,0.053698589216069945,0.07420885142998236,0.09911077563652908,0.06362117424498147,0.08794484851416175,-0.09642879093163954,-0.21760630357938,2.936905734226805,-0.20206115955508466,0.17642553419809462,-0.21406963060773737,-0.38274712659740523,-0.057017406168489,-0.039871264244514426,0.06857645282077454,-0.10949307720472737,-0.14497617268415847,0.1803261331549895,-0.10081296603037374,-0.1875471913678086,-0.13242033858731747,0.14646016871390288,0.20046407137826577
2013-08-31,0.11791252214914372,0.10945581780716258,0.09316615184101264,0.09123976880455331,0.06825442850607914,0.057642775487487044,0.07938671947603906,0.10462485673628649,0.06659769540444932,0.09136345041134486,-0.0943363414727892,-0.20276567673769158,2.5659608777141587,-0.19491711326746367,0.16826715370775072,-0.20412932466962985,-0.3382004230507495,-0.05822743929111325,-0.03856349637832126,0.0706680365266867,-0.12328684004860616,-0.14572134462168224,0.16874418527150908,-0.10545946429810131,-0.15608237134635325,-0.11728451889740363,0.1369071306792532,-0.1819916959237445
2013-09-30,0.12141849112497562,0.11122343865047972,0.09213272637704993,0.09736630375401271,-0.06895236031462411,0.06284961353052931,0.08440378722837172,0.11022297120603121,0.07205631974560121,0.09651831203610539,-0.09473741282795824,-0.19930263362285802,-2.5747741687410644,-0.19635063895373736,0.17385932851298924,-0.1960887269091778,-0.3390667714632879,-0.06378946926850763,-0.03970793048200982,0.0719080804782434,-0.1273278130085674,-0.12924699246367963,0.17986226717338843,-0.10881660080445596,-0.166606291733717,-0.12493409185904959,0.14281303791567676,-0.19152292313854127
2013-10-31,0.13059938974773755,0.12101648938532947,0.0993677425166383,0.09659594481170378,0.06582664124834195,0.0640977090049905,0.08758949133687234,0.11223854713478366,0.07266752228559528,0.10443237508842014,-0.09985574154550157,-0.1978114870560486,2.120603927725624,-0.19162616074141803,0.18823787833308045,-0.19604307668726959,-0.3262631531694428,-0.06072243022632089,-0.03698150955086161,0.07268314235722165,-0.12149734861261774,-0.13828980955652567,0.1893862569208667,-0.1149796202951233,-0.17450026173407185,-0.12278563922895146,0.15151325551881273,-0.1998451804706869
2013-11-30,0.12547623800563826,0.11417221869440793,0.09682052405637225,0.10319928079666996,0.07078694308287417,0.06928115309766783,0.09514069446608739,0.11212622859540358,0.07689509848763192,0.11437429359589155,-0.11166673538213381,-0.22101263559759646,2.2616877616915487,-0.21255061227485356,0.21401123628649224,-0.2259571943862386,-0.36620799013555355,-0.06416519586884584,-0.041770574954704646,0.0750101623572694,-0.12727283505078274,-0.15688775910417058,0.2040856887194982,-0.12942637729975173,-0.17849647917126427,-0.1373293262107116,0.16378487594142155,-0.21452562002625236
2013-12-31,0.13347945831555738,0.11731895245042048,0.09927020881532313,0.1114054598858372,0.0741184360084635,0.07568865637427247,0.10356562628175602,0.11920180114122052,0.08391311196304241,0.12543385387027967,-0.10912690536203803,-0.22227943168411746,2.3957827660134763,-0.22260978743974905,0.2404351880918946,-0.22951844851651648,-0.3762221693575527,-0.07058435032565072,-0.045931397783864555,0.07961095174885043,-0.1339577504825043,-0.17660132162283645,0.20016983858702764,-0.13876657911397386,0.19163418612575508,-0.14128984680078988,0.17179307309058986,-0.2256933428290988
2014-01-31,0.1376242945203139,0.1256735262729411,0.10203714082616736,0.11607962584900935,-0.07462036370299967,0.08075674206812553,0.10691601637897531,0.11563176537062335,0.08373740698438761,0.13023056786875664,-0.11622280908991596,-0.23970628814011463,2.4953675028886986,-0.24592722688123206,0.2760886180852968,-0.24925660600856817,-0.4126199750816647,-0.07082339047366341,-0.04600641667570208,0.08515710490931139,-0.14824105029099416,-0.19094567183801994,0.2217905109191643,-0.14622948184077839,0.21050798259832618,-0.14523891701558572,0.18179379564711115,-0.24941300497022337
2014-02-28,0.12624429413927937,0.11012505405332249,0.09479214784890286,0.10886441651379561,-0.07097879030317991,0.08624367931983593,0.09005019145966398,0.1032583420355075,-0.08578519144871377,-0.12975276535131613,-0.12320731090869017,-0.23911268119569548,2.2902380576624632,0.26579897534985186,0.29707425231842877,-0.26618470265631405,0.42287949132434255,-0.07343206673159978,-0.049409893702917776,-0.08301583334046271,-0.15508209130280282,-0.19059701735589257,-0.21292075612781852,-0.14490679425992778,0.21297822967546295,-0.1435099659770702,-0.1704655453126682,0.24507092154932408
2014-03-31,0.12324125314948298,0.10953607856386056,0.09326952957079439,0.10422812686818242,-0.07068930505531028,0.08309137873388076,0.08989612606435939,0.10019419316395607,-0.08168644263165237,0.13351058162060583,-0.12871444785729266,-0.2537175044513768,2.4170999991979825,0.2769049642183224,0.3204128575973684,-0.2764796004776654,-0.4443979279461887,-0.08069219674659829,-0.04999203153894528,0.08889046494671203,-0.15596424989568883,0.14438414606354896,0.23002644380089168,-0.1554714935136031,0.22174997001912325,-0.14322749318547603,0.18721173160574356,-0.26742221867806104
2014-04-30,0.12931526603033444,0.1100541475616634,0.09391706840540984,0.10030472854511463,-0.07226289799423116,0.07997604115502933,0.08019282585740892,0.10071120763596621,0.08686402462596395,0.1455790013263522,-0.1274681348707825,-0.2455001795752672,2.0707404301238195,0.28269602900722096,0.33667075981119093,-0.2724887994204977,-0.4423299622700711,-0.08292148044646351,-0.054470142045075096,0.08819953747986144,-0.15256547575658005,0.12496741139172471,0.2313739244612414,-0.16155521583023671,0.24537994949346098,-0.15102063362077958,0.19337897046290978,-0.27575488228406636
2014-05-31,0.12277925442454439,0.09131800541083954,0.08543112630744495,0.10736071528426507,-0.07892806326483497,-0.0808987296934575,0.08414238983500412,0.10712348833507125,-0.09251420551295983,0.14081765148874703,-0.13557984468489462,-0.2659776152917858,2.1633058730715633,0.3109877734567742,0.36825263727311086,-0.3002277941882555,-0.4846112424934473,-0.09099917826840054,-0.06270365165077063,0.09259060877930382,0.15787110286541692,0.11682038106304936,0.2578601225127962,-0.17380319286631354,0.26802908234000433,-0.1636823509624936,0.21287391698821787,-0.30432914629038493
2014-06-30,0.1333349318712758,0.09849743921089579,0.08505790577319003,0.12218604716463133,0.08732504818817992,0.08724059833621646,0.09222183388204952,0.11994075909347222,0.10086365235905581,0.15291632607216485,0.13641058431698067,0.2860763742547662,2.379813773816982,0.32242118348392274,0.42404214248816957,0.308780133729144,0.52794956765375,-0.09707853515528662,-0.06846693387513866,0.10073626400726246,0.17185149741655228,0.12266382195152366,0.2779309067626276,-0.19658351466879795,0.27803980321229144,-0.17781106123932547,0.2354098259343327,-0.327734195125736
2014-07-31,0.1502455488859938,0.11352306460512294,0.09271406303312064,0.13837965672945865,0.0976373721131029,0.09598404327653075,0.10498845863642181,0.13540782462099762,0.10663512327354205,0.1636466720985763,0.1378596963783918,0.29610281239726743,2.2998077123797915,0.3215912462976286,0.4548464974304804,0.31504567698633096,0.5372963939289115,0.09823051511650785,0.06987586828072016,0.10795797710601762,0.17585013617058368,0.12979510575425554,0.2995079918863056,-0.2217403448200021,0.29654036213793067,0.1942175603138885,0.25568112068283594,-0.34434518692952826
2014-08-31,0.158525611414951,0.1186232586155522,0.09606245304287854,0.14167746251699687,0.10365176881931921,0.10376549195178354,0.10506979567375956,0.13923770127677512,0.11453804789293316,0.16863190830231845,0.1337638974186983,0.29402850328227986,2.3021085835548325,0.32738203704552066,0.4106499058368192,0.3093968561570823,0.5274443217303054,-0.10060284127669242,0.07354166947313026,-0.10523811421253172,-0.1793703277270374,0.127231181050154,0.3300532333522587,-0.24045965005755668,0.3277711615522885,0.20376235295671793,0.27699401575627597,-0.37152281220625377
2014-09-30,0.15275302164876278,0.12489421217055986,0.10055590215659092,0.14224601884568558,0.10622258451037457,0.11131901720951025,0.09870654905761347,0.13962311942136346,0.1218734343183707,0.1635762263073282,0.1388674269094719,0.3132343137651463,2.227606257264177,0.35081731688787715,0.3741741534292304,0.33116274787693223,0.5503059590234491,-0.11044036405768934,-0.08273016939942798,-0.10417909403655631,-0.1800749595789772,0.12160259926520557,-0.34818814881945254,-0.2608247618184595,0.3277139375957529,0.22642658063419976,0.29199515360177586,-0.3906784966172115
2014-10-31,0.15072759954144882,0.1198254213633366,0.1009007826359557,0.14092934552170655,0.0958346395341924,0.12158862808064375,0.10045250414219715,0.12652496059961346,-0.09883256284190109,0.13920970172372868,0.13279624247699373,0.3128707698995679,2.0667640072930706,0.3399661056439186,0.35543088644124127,0.31203645974548827,0.5797880914629373,-0.11755513364628122,-0.08559613935993504,-0.09132854820338403,-0.17010044770494712,0.11873614632476201,-0.276580657365697,-0.23789287347303137,-0.2662655427020831,-0.181290638807687,-0.24293773639208258,0.32317106632359166
2014-11-30,0.1138293716812179,0.09392859220844196,0.08341548540814599,0.10791004056103114,0.08967992823287164,0.10670137236529807,-0.08392464124753941,-0.09969345476583967,-0.08716227656007768,0.10213491845116873,0.13077166718054273,0.29520386842047447,1.7314755102164217,0.3464702873409701,0.2509432865329862,0.32009955440251997,0.5231188501450299,-0.1196591371717994,-0.07877583042611651,-0.07600272654663986,-0.13322928364612155,0.11470324758992415,-0.21417786474987136,-0.20244956570550213,-0.22874171587270048,-0.15976071865667044,-0.20593881482578416,0.23472191205912046
2014-12-31,0.12858267315776273,0.1056396348333909,0.09111359535704033,-0.1123545469146106,-0.08878902076247552,-0.08640608041459709,-0.08513232427699766,-0.1073145259188107,-0.08697673569548829,0.1004403579923384,0.13943187974823562,0.3134933132141115,1.9066874368950824,0.32435120641757026,0.2693558830336641,0.3313510023485686,0.5398550204896736,-0.09465784192420608,-0.06724272071508682,-0.06962301291215274,-0.12662302727416025,0.12707720018653262,-0.19801050803454265,-0.16730769382424815,-0.23186415715058356,-0.14827197398829978,-0.19158076362936055,0.22480249362795096
2015-01-31,0.11472462966702623,0.10034419824485578,0.08469854697162281,-0.10809434267172162,-0.08501139754107698,-0.08801376508838477,-0.08505161820544023,-0.09237591052728221,-0.08596750020806575,0.08183985726534333,0.11910885509394167,0.26305858566196,1.5821657698706768,0.31441668781556237,0.18031712706953765,0.29327799032843804,0.4703980107555594,-0.07841548503365219,-0.04919305991811101,-0.043796542116171795,-0.09280207526933926,0.12727203449983462,-0.18845394638511825,-0.14090184401637937,-0.21123467513823932,-0.15969807072307649,-0.18419504792193736,0.20613961421200064
2015-02-28,0.10377502917053634,0.09051049448889319,0.08182727003446434,-0.10097637785037118,0.08294609487768513,0.09228711831707913,-0.07654538338946058,-0.08890387532924357,-0.09034545872517172,-0.08019802920516675,0.10596407509353536,0.2334189009631628,1.5151718233583686,0.30163956173414314,0.18798730966861896,0.2732883706317144,0.44969675887512267,0.07727426682698468,-0.04522572887097901,-0.03798232331702018,-0.09222344694655589,-0.13165034780612656,-0.15615049261203215,-0.13666904393310958,-0.1950221816931335,-0.14692406393456012,-0.040664469887821374,0.18951358338202337
2015-03-31,0.1100042296136039,0.09834845182567926,0.08747733799140629,-0.10021169773773962,0.08060363649529619,0.09414356286146427,-0.07279814866149513,-0.08948363334324072,-0.0867708708947901,-0.0769162111284203,0.09662732983960891,0.21128776477942918,1.3733084079244056,0.25540088805748107,0.2069044424604532,0.26210812964211916,0.4052416067946326,-0.08011991995011296,-0.04740337903550118,-0.032251888837999475,-0.08158352864338725,-0.1282134415625545,-0.1470412976390277,-0.14409054136082564,-0.1865020958441302,-0.1490142471809101,-0.04702781374653985,0.1781198295683242
2015-04-30,0.1074422618925125,0.09800833046931745,0.09021012126631997,-0.09547142321034205,0.077363723794997,0.09597797954869194,-0.07273930255355489,-0.08165043591634814,-0.07559576956195926,-0.07611496135981442,0.09264564169849211,0.20399566968181757,1.3260899264644819,0.22574732689708243,0.21057687861694366,0.2235676644862619,0.3591592318239244,-0.08557045033126312,-0.051192404550356625,-0.03160353601191955,-0.07828112813365529,-0.1274724640327046,-0.11329463107091643,-0.15608598161833384,-0.15345983125943524,-0.11388190936093777,-0.05313842341658225,0.14010583797842383
2015-05-31,0.11876109259232012,0.10323446570860059,0.09802735306460061,0.10297850876116908,0.08145329443848415,0.10153118776643129,-0.07584313873007954,-0.09014800980065607,-0.0757653449283198,-0.08387608069387553,0.09531079299290811,0.22216442356839647,1.4436920394378205,0.2331942711699814,0.2386840193270996,0.22899765456829696,0.3876024854136051,-0.08703576235972418,-0.05323809260185475,-0.03249460497905562,-0.08121604280801506,-0.12758610902298825,-0.1157436627285168,-0.17354336373831178,-0.15599184298613472,-0.11439524636503415,-0.0600937808881103,0.14131124995346822
2015-06-30,0.12201234824581632,0.10224975761294683,0.1018580646864661,-0.10006388464162067,-0.08542094933086311,0.09522350536202669,-0.07405958146569037,-0.08645853594719197,-0.07289576526063986,-0.08963669050975877,0.0887301055133123,0.2138139519966662,1.4815939505444604,0.22064021098551082,0.25392330543983294,-0.2257756965045953,0.3671830034705862,-0.0917050317278101,-0.054914304427298354,-0.035478170253350504,-0.08339076557347884,-0.12816061683049437,-0.1142537033003852,-0.178433327055245,-0.14762753698413728,-0.11281804767498949,-0.06729538173766571,0.1405099277329967
2015-07-31,0.12182877622455936,0.10258351984736215,0.10221907303808445,-0.09282894619281835,-0.08742015958054603,0.09385683781084554,-0.06481680288051359,-0.0857655205387451,-0.07377236699609706,-0.0904680193106953,0.08290467609690266,0.19535921408646367,1.4907054095947656,0.2100211322967787,-0.259582940294098,-0.22720893175763132,0.3394093532086907,-0.10229755234678074,-0.06225609230397695,-0.03912660832766556,-0.08985904598419736,-0.12289787313436647,-0.1136231847218907,-0.1686123010755705,-0.15555131674179262,-0.11433090083612382,-0.07637173586482007,0.1415761527430059
2015-08-31,0.12208730463685005,0.10131766132111794,0.10478993826551529,-0.08756442729867045,-0.0758168434495464,0.09037067548100122,-0.06442172499753666,-0.08340361378659507,-0.07194177884226415,-0.09362139840548245,0.08607015670095973,0.20735788555094165,1.503040858284645,0.23034196008252672,0.25353829234359243,-0.2463472750774647,0.36343406174933496,-0.1058672766775014,-0.06625307681709378,-0.03977219403127802,-0.0857329573198224,-0.1132696818919697,-0.1197909662012527,-0.17197351655661813,-0.16686021949183746,-0.1227909570735031,-0.08726887359552506,0.15072443562630236
2015-09-30,0.07887566018614665,0.06625676029963912,0.08288484455874975,-0.0782161848008056,-0.0596638998022729,0.06964309519603891,-0.06521083677342418,-0.07738406841806941,-0.048721040642336504,-0.07335904139148075,0.08777025867933051,0.21307189597325174,1.4362565504180793,-0.2411899918505965,-0.2441609679982231,-0.2541774199383942,0.3733765388816593,-0.10393704867757514,-0.06074695901675515,-0.03330806405759101,-0.07483529191500111,-0.10563319095679066,-0.11488063229055813,-0.14101135276902305,-0.1727344883513993,-0.12078704510484703,-0.09100567242133098,0.1441444461979579
2015-10-31,-0.07519579712743665,0.06453134662366156,0.07817715179864551,-0.07126357548970509,-0.05807552819943624,-0.06145816907227153,-0.06072704128623598,-0.06637843473816138,-0.04814825101042578,-0.06794375754268582,0.08673756894690028,0.21456828958069107,1.3770998496937632,0.23950201647960284,-0.2253664767672535,-0.2537414754430364,0.3754481393425982,-0.10457499453516224,-0.06104300234668541,-0.031891620807074965,-0.07360164674863375,-0.11017260937175243,-0.12095466065545661,-0.151321300386418,-0.16984784746529907,-0.12016285196646957,-0.10067090812015504,0.1543096383695644
2015-11-30,0.0798165757323063,0.06795655621971661,0.07345710534514258,-0.07545856988371642,-0.05817799576186974,0.06426454938689127,0.06637644585932265,-0.06852846239094493,-0.05078468388340566,-0.06657293555486675,0.09457670072965885,0.22389503647608264,1.3706502968521028,0.2506996421503792,-0.21449803763030362,-0.2715395110342464,0.3852250029799202,-0.10443617004079232,-0.060708208323096306,-0.03327995555732694,-0.07878233235527599,-0.12021437548923108,-0.1231702229295996,-0.16637915872270267,-0.1784228939272849,-0.1228761296915091,-0.1104368726025602,0.15721143517629463
2015-12-31,0.08686548621566663,0.07433496357847832,0.0781056995510839,-0.08414307527731349,-0.061147590584768645,0.07333621258924497,-0.07178225240049867,-0.07325114346005088,-0.054917489441409915,-0.07114750805936129,0.10565559524586418,0.24960700698432145,1.4930908920463046,-0.2765391406910974,-0.22369008655717443,-0.3028959361863162,0.4190099040297854,-0.10789167629065763,-0.0685006690530033,-0.03570407553734011,-0.08119597147354599,-0.12006774275260482,-0.1331995612480598,-0.18063872468424114,-0.17996593944290393,-0.12549901514555303,-0.12250295036126657,0.16647528839394807
2016-01-31,0.08470041325065288,0.07402784977351377,-0.07813039215381265,-0.08555901823105282,-0.0641450004796019,0.07527176035730845,-0.07445802425718898,-0.07443366476604917,-0.05577857624621686,-0.06804369308557554,-0.1004957168632609,0.23774120210152114,1.4951131679931517,-0.25600367418811387,-0.15690269018358785,-0.3032124621523674,0.40687201911793697,-0.09866896500289381,-0.06368373494506747,-0.035571243426187095,-0.08098856536229705,-0.12150591855400314,-0.12496651997579936,-0.1792891239512229,-0.17561834125132078,-0.12593427370363744,-0.12207692763856656,0.15455235254232766
2016-02-29,-0.07698640674590143,0.06319070905123363,-0.06879371503615224,-0.07231742903630525,-0.05810865292103123,0.06272997111640952,-0.0663951995710014,-0.06348969088129688,-0.049710484634797276,-0.05672587201615872,-0.10305006393767199,0.24910241753334625,1.5467540194859901,-0.27384064727781077,-0.14519437219896472,-0.31781540513506307,-0.43368216227718737,-0.0970460968302449,-0.06458062785120663,-0.028892427956175176,-0.0731579285591921,-0.12423654569061363,-0.13394590014876234,-0.17915273069842436,-0.17320668196418804,-0.11947232122844657,-0.1286177468583165,0.16767639895489958
2016-03-31,-0.07495869869349034,-0.062044712905154634,-0.06599064631952503,-0.07101738421733664,-0.05569774210204841,-0.06159771156354751,-0.06646099438447507,-0.06043672128979714,-0.051025293956135774,-0.05430133805772825,0.10071819896252156,0.24369269638052657,1.4203299878218807,-0.26467962013529556,-0.14243145278003083,-0.3182229564644996,0.443099384270042,0.07920851414700111,-0.06264917107373605,-0.02687611206048552,-0.07064820855827783,-0.13698771982019228,-0.13224980082087606,0.14058663289419399,-0.15260271272413597,-0.11626071672218688,-0.12555151659170208,0.16016846172260876
2016-04-30,0.08314622621144048,0.06838104689580539,-0.06652695172352587,-0.07505761146161415,-0.05762915439089111,-0.06536360655533204,-0.06697270833092585,-0.06453757102584141,-0.051412963640976875,-0.05723063412766633,0.10631387626746751,0.2462874054151667,1.3052576927413087,0.27469053017558437,-0.14109949235281855,0.2779266501221105,0.4596993369436479,0.07748626528753713,-0.061932516543828454,-0.027967559191089116,-0.07368967402101016,-0.13812689998543862,0.13822800492352022,0.1455044300796169,-0.14081957927603414,0.1120832864779939,-0.13623497431782147,-0.16629166399548218
2016-05-31,0.09279053615840825,-0.07502562094936942,-0.07295140084479627,-0.07684890288867074,-0.06172071363629692,-0.05955144972872221,-0.06937366374336289,-0.06917303556376951,-0.053705364585433235,-0.06264867316573673,0.11246314589970055,0.2594718090378347,1.4315751098686798,0.2896770111743425,-0.15559559887277213,0.2870635710733188,0.4813963191151589,0.08136424182161299,0.059928108087370244,-0.029525309519226793,-0.07424792314557403,-0.11958910567705174,0.1544351203488493,0.11787343158547305,-0.1477198689754491,-0.11061877083615836,-0.1480439717552547,-0.1801731005009449
2016-06-30,0.10016375851930036,0.08075413293939307,-0.07608494721177102,-0.08242993037689829,-0.06557732966730974,-0.0646956626609744,-0.07442119528283263,-0.0730291358321735,-0.060199686092114034,-0.06633773083526763,0.11856744854595054,0.26903159096295604,1.4371238991630155,0.30038499926253076,-0.17195876302145313,0.29894187169588415,0.5100419126737449,0.08454104807981626,-0.06111791311806159,-0.03296480747179927,-0.07585175418009152,-0.11640335809443106,0.1637049638627611,0.12277409989959262,-0.15533224122301875,-0.1124055642147871,-0.158213370223727,-0.1926449261451156
2016-07-31,0.09016976227623734,0.07510018974209576,-0.06929995808861099,-0.054566510351712734,-0.056301906855162856,-0.06298911941434185,-0.04937271038950405,-0.04073095671910482,-0.05376787497533136,-0.065102734235217,0.10545493850263135,0.23357351724958803,1.3196666153244154,0.3029095065526172,0.15040399327354395,0.29975447633299107,0.473533240036988,0.07478150265440638,0.06042106343036825,-0.03439917528922234,-0.07608759686950277,-0.10325477977598366,-0.13625514829612975,0.10435410101938805,-0.06847706851592769,-0.10743989652488008,-0.15928982380697684,-0.1519965166844877
2016-08-31,0.10071292956172805,0.08406233712489761,-0.07534763094833115,-0.06118197234519195,-0.06194703649489693,-0.07116235211293609,-0.05383248321516095,-0.045942111321846384,0.05908123498899937,0.07262747077507124,0.10588326755711844,0.2464466840992448,1.4018231510537242,0.3032855076935061,0.16068940997359288,0.306397897713142,0.47562865832447193,0.07897432335160148,0.054681503248674934,-0.0348534253499498,-0.07588025377839391,-0.09863061681796607,0.15348239796420127,0.10146366861182822,-0.07426595503946609,0.1158099132826775,-0.1728544747469876,-0.17026224118413455
2016-09-30,0.11792064258108657,0.09873731988603464,0.08584950210910539,0.07208626937127263,0.07099645916872557,0.08043227264475906,0.062451439552424624,-0.05465678817210589,0.0683248223739744,0.0834374275370805,0.11039281604664608,0.2601058650306538,1.4001790466600321,0.28639835741451897,0.1825508602345232,0.31168705595905005,0.47110192842754667,0.08864531791473715,0.05798421093743579,-0.03631929591833163,-0.08062048117782727,-0.10899761491142342,-0.16382155375595286,0.10145130300626039,-0.08485520854159716,0.12405899886930516,-0.16681141243457695,-0.1729956606838841
2016-10-31,0.11292613621914949,0.09775756874768815,0.08288970208704392,0.07550945281059665,0.0662156540136569,0.07978917886407326,0.06570372970474307,0.05988802030278195,0.06650138255930954,0.07903418613923062,0.11476544273201683,0.28149241930917734,1.5291269420800602,0.28914820629986354,0.18635133157082076,0.3134637144351255,0.48338271100784697,0.09751985340155385,0.05760676642835084,-0.035741166992954564,-0.0804512876353067,-0.11715545165934159,-0.18178326710395573,0.10790238118464522,-0.09398533086129746,0.1293291793743424,-0.17618915731184487,-0.18702047163575783
2016-11-30,0.12610898219178893,0.10724174248744536,0.08950756077054053,-0.0867473115846064,0.07218862723858575,0.09253257015241727,-0.0743817937752752,-0.06813577106957565,0.07281872897245259,0.08837497477124047,0.12180033921138166,0.3075864889822091,1.6541915882677745,0.2986884239983959,0.20616421579122937,0.33714139555825184,0.5124456530528547,0.09987587083416158,0.05927543080176145,-0.0399278505145189,-0.09080035558122793,-0.1296004929226502,-0.19102294826816066,0.11655724644428613,-0.10192724208032886,0.1387578886159175,-0.1886470022072815,0.20257814010529906
2016-12-31,0.12928110199996296,0.10545833998431038,0.08387498393820056,-0.09530843004329834,0.06725799396884154,0.09926730099810972,-0.08186079659788018,-0.07531633233606838,0.07668749121844429,0.09208762971108893,0.10302055099118515,0.2615797777403316,1.602956499464376,0.2578857008842051,0.1736200407306101,0.32673004555679286,0.40784008063799915,0.0972991960010819,0.0562777332888922,-0.038676255261986585,0.08498928525303806,-0.13996785507365084,-0.18768817513392985,0.11710105946686973,-0.1094273499450441,0.1384592329867554,-0.18847798829048967,0.20476856573170368
2017-01-31,0.13990079715013035,0.1109985937905706,0.08895092786738801,0.10445332420213413,0.07132163885259066,0.10306903942581157,0.08671300693250435,-0.08550132475578831,0.08330607272571273,0.10018622652466055,0.10730818232474486,0.2595822796216392,1.5466526831318554,0.2598818485422381,0.19341611946546364,0.3176621453352694,0.399890525284162,0.10264635283984214,0.058301987254583264,0.03866858567085651,0.08825816751782907,-0.13839162463089125,-0.17189046687859752,0.121393848394507,-0.12061728236552906,-0.14441804285164278,-0.1925534578667433,0.19563142193181002
2017-02-28,0.15229959190076459,0.12150334159070023,0.09130417656505554,0.11510994591680601,0.07927487623248955,0.1090169546368378,0.09600402661178145,0.09490047056961555,0.09020515850935598,0.10148419223353555,-0.10982160514319127,-0.255739432676952,1.5385002310897729,0.2637075009216638,0.22045926846608574,0.3248423627828577,0.4007573231848415,0.1069372667582844,0.0630382970074851,0.04188116395178856,0.09369981458786128,0.1346097612652752,-0.16740533172465036,0.11097977589391365,-0.11944447130279333,0.15000069110078126,0.19059657261765647,-0.1833980532767497
2017-03-31,0.17054480255936502,0.13806523513012744,0.09883675615034863,0.13011883822857695,0.08863606436904758,0.12280383438511745,0.10537532167709973,0.10747303157932407,0.09782599683344542,0.11063482028874903,-0.11490472852286925,-0.26187429093208,-1.5536088682339781,0.28294524638618684,0.25328575120199015,0.35079137194425647,0.4129743358575507,0.11366439018562438,0.06905688201048205,0.047034879993641816,0.10341077120211063,0.1448239636044122,-0.1772283254566765,-0.11995280997678938,-0.1305562488845956,0.16157789041265525,-0.19969716154920086,0.19777628803664907
2017-04-30,0.17093420176287055,0.14743578796266707,0.09649828880950885,0.1390284319339051,0.08981446027716303,0.1321219949887398,0.11440705956396872,0.11812940189593847,0.09598456181620828,0.10952109656550044,-0.12024404317426139,-0.26645364547725525,-1.506345287430486,0.27900925008932576,0.2297356633202255,0.32700734228455003,-0.4077094602989397,0.12006750884460425,0.06971209026806421,0.04930925253174454,0.10812988379226209,-0.155615388000856,-0.17297918252496286,0.13018753401704566,-0.13955580817230845,0.15524252698842242,-0.2037642652666757,0.19344290411643766
2017-05-31,0.17490395035414835,0.15514244485360362,0.09960273242817626,0.13427236799115985,0.09633076852698633,0.13918228049571488,0.09788119167641711,0.1220314585189776,0.102427643938573,0.11119145144824202,-0.12484249415005134,-0.2731525390120278,-1.4637824028219077,0.2883355564765852,0.2587809341251928,0.3487070383967553,0.41792517428603587,-0.12651604552501736,-0.0752863265364951,-0.05270787246206023,0.11436464397781768,-0.14915810051843875,-0.17273776711591884,-0.1385735441068241,-0.1394428109922802,-0.1643208350464457,-0.22220712513591748,0.20147686235341475
2017-06-30,0.17715876186351368,0.14567370768835894,0.10233385509773504,0.14128935543313886,0.09737316799172155,0.15889076314197131,0.10271750995197729,0.13034456953118811,0.1003144838478376,0.10835528158444,-0.1354142482624031,-0.2915324071784572,1.5429429936800771,0.3120854376814249,0.2885107047157701,0.3557012438735595,0.438866935276556,0.12680393915632546,0.07729373857721974,-0.049251704507380374,-0.10251272842020723,-0.13518964301837905,-0.17671702790609972,-0.14255811379686784,-0.15420248969453146,0.17604142946106643,0.20614270839858181,0.2072411439549374
2017-07-31,0.1798988999967724,0.11467823423882752,0.1057750145009997,0.14383838058367474,0.10254239287333451,0.15251576095240812,0.10459848263586399,0.1329400439297539,0.09812171748603803,0.11048106692428661,-0.13872817798475368,-0.30925684347938404,-1.660532105295284,0.32253123046011256,0.2970086895662774,-0.3599277572384928,-0.47118574307988487,-0.13592433124287923,-0.08408743237217745,-0.04940499277090671,-0.10522958657328917,-0.13072427414914853,0.17819157382902154,-0.1535404724875332,-0.15578753981031504,0.1825702612296618,0.20570247394417682,-0.2142110904429946
2017-08-31,0.19521251819381974,0.12167520182090853,0.11389818096919029,0.16016521064001552,0.10770585667543939,0.16685470709004435,0.11460875663108096,0.1435406848476584,0.10004436453093793,0.11940840306093639,-0.1443350083399119,-0.325120146813719,-1.7628581067196172,0.32715995817584753,0.32776543827276583,-0.37150818722346735,-0.48708639296391026,-0.13875632546407415,-0.08291256588420058,0.048731198091934706,0.1029132471345988,-0.11520612185817052,0.18098565465342,-0.16283725514714814,-0.165039165572395,0.17393704045480055,-0.19604964385129683,-0.22109382983396558
2017-09-30,0.17953721400885403,0.11537641825856702,0.11345003564272592,0.1642750737934541,0.1098203226415798,0.17833751673879253,0.11643951137723987,0.14767495607168996,0.10558565137448203,0.13257259826558057,-0.15423982341805034,-0.3492716481004775,-1.740731675877423,0.3526173965840645,0.3249617032159506,-0.39844066465964445,0.5354995814095375,0.14154721024454148,-0.07807120181685723,-0.05070348088924443,0.10755326163000058,-0.11279064768363048,0.18234844451559454,-0.16951423951632308,-0.1811781824520744,0.18027072112254042,0.18464666177053704,-0.22128803808718495
2017-10-31,0.19455402370978708,0.12220361394893557,0.1190189557770537,0.1738062530041483,0.11311691458402819,0.19478714030915154,0.12386034141850366,0.15644492197133197,0.11069592330397837,0.1414854721911655,-0.14441454853642208,-0.3287467818270352,-1.7893552633774088,0.3465043066462675,0.3649346936141651,-0.38133525725169487,-0.5303783838502673,-0.1303903413958847,-0.08015749998376465,-0.053192799587886745,0.10671283023497871,-0.11735402398438895,0.18244539543130642,-0.15986476899596694,0.1658706734799468,0.18096699358157564,-0.18110212441444906,-0.21612130162987794
2017-11-30,0.2108997059457398,0.12143525970700635,0.13050821738120003,0.19365477371292403,0.11624862130976345,0.19309079065677157,0.1393344374150675,0.17042835102546575,0.12020289534328325,0.15365663632881715,-0.15309449460001812,-0.35164953600894133,-1.54594561938028,0.3733884119170456,0.41196069588148304,-0.41379552780576084,0.5476238460433478,-0.14004001387625883,-0.08761572673064773,0.05652106336557862,0.11482607210858568,-0.1296361854261108,0.18374144857869162,-0.17872875343429598,0.16733705543814664,0.18540198258459206,-0.19091827941544687,-0.21898141947793467
2017-12-31,0.21731637899485157,0.12543339721882285,0.1311470069529174,0.19286932956989028,0.10969774909179329,0.17184639765124501,0.13685788988750375,0.17245116212044104,0.12773166687272638,0.16154965667887738,0.1514566648746515,0.3725830613476969,-1.694888730556182,0.3728549898628644,0.3573933944294594,0.4338704917959147,0.5737904257541458,0.14327538867626896,-0.08362365018342746,0.05931820264437671,0.11609080311344919,-0.14495715289678687,0.18957986458610643,0.18320448671209566,0.17500461070413867,0.19497858140938268,0.19521862748618526,-0.23049046590127545
2018-01-31,0.22420380008600843,0.13387566559618785,0.13206402295511413,0.20132439251974657,0.11314980007717566,0.1711037682099835,0.14419235868605518,0.18281258959870625,0.1379375005829226,0.1623911001994021,0.14280814340462689,0.37596891848679764,-1.7995863745904461,0.36549001977921275,0.4095869757308392,0.4405870031932535,0.5677006512380345,0.14953173675450207,0.08652657332294998,0.06270124943509155,0.11849704990737848,-0.14902744517626237,0.20775583039148343,0.1859613708820629,0.18365117370592912,0.1978839923520259,0.20222618490590197,-0.25177192172370055
2018-02-28,0.1945644652748104,0.12856486957339688,0.12787120187020812,0.18462888054308976,0.1092069719488068,0.15513058625345866,0.13585829251341905,0.17089505074806594,0.14100422161859374,0.16393043229882429,0.14568469083405483,-0.38562961170816556,-1.938513221025289,0.34470373637840174,0.408760974919313,0.46496295574454305,0.5716937637184271,0.1491938873071176,-0.08641830978220862,0.06717917865515145,0.12977365382495823,-0.1562162444589231,0.2010402409036922,0.18642335274959262,0.17096589573203352,0.2005503276058635,0.1892243943553733,-0.23796120039574273
2018-03-31,0.0934520234343419,0.07834188829049012,0.09330863721349078,0.09996485064167512,0.06867904666733027,0.08625540407568802,0.08320753439612469,0.0963637933620973,0.09593982354281948,0.11398141870457303,-0.13796581120820514,-0.3390347892589499,-1.7189023692778587,0.31248036462780543,0.2853497737478442,-0.42832331663395945,-0.5106145220691358,0.13790671624093476,-0.08237446955648353,0.06345763399819897,0.11926307860512561,-0.16225880635975273,0.19164244847762935,0.17711325907702372,0.16867312911669854,0.17920104332899883,0.1805856641185737,-0.2183214463629942
2018-04-30,0.0839511694318518,0.06691163754882765,0.08501751289717316,0.1007924905644223,0.06610765523544423,0.08496719341243197,0.08317184719762351,0.09824086071196823,0.08894045881957154,0.10985772913838207,0.1427030512519645,-0.34250198792007186,-1.7631747482227496,0.3272300338587981,0.28090476275167964,-0.45153314867600614,0.5401683050826207,0.1328870311023461,-0.08389439954590264,0.06168929597584547,0.12108995962240103,-0.15100793801056042,0.18865090895447348,0.17417779733804428,0.17299653108767893,0.16841579246571683,0.18108822570361563,-0.2136988865291161
2018-05-31,0.08420976478247226,0.06467295293515929,0.08590171286463742,0.110529536605128,0.07024794791569913,0.0919345739464964,0.0892620292079004,0.10670879359944664,0.09314458173084861,0.1120416113624251,-0.14520829592208218,-0.3544348448235085,-1.8754431343279752,-0.33341700869858876,0.29894794009795594,-0.44060717529469146,-0.5443711507298228,0.13766434603671343,-0.08309901109191811,0.06003761605061521,0.11924935730213672,-0.13988979803213084,0.2049859653501109,0.18146469279404379,0.1763607302449929,0.17629807025799757,-0.19650339247901086,-0.22916237318652638
2018-06-30,0.09331679891673361,0.07324072189729501,0.09538857926901757,0.11353443568953912,0.07385365081556503,0.1038100862144097,0.08646388243375144,0.1078271996487591,0.09441951638623304,0.11192396795436814,-0.13571333886095008,-0.3073211475569975,-1.4698790967704476,-0.3149990158544678,0.3294663434730312,-0.4288894851562703,-0.4709850181241227,0.1469678402400405,-0.0898391857694318,0.05964721677772787,0.12241421519984523,-0.13466970830948924,0.19279272829286848,0.18879890979884784,0.1922254758153823,0.16923584105341857,-0.21795666665636573,-0.22921325858728953
2018-07-31,0.10399983034072835,0.07907753656204826,0.10074667483310093,0.11783429390854586,0.07713424935174416,0.11291857959202874,0.08916896978371737,0.1076020232546051,0.09341794462728145,0.10642890886202071,-0.1438921074920791,-0.32210057978271817,-1.5502814204955495,-0.32768931166414006,-0.3642800619685212,0.44640839059835463,-0.5066627023159914,-0.15682809437997097,-0.08828203767664898,0.052992244448741274,0.11038346544020336,-0.11971999198481113,0.18740994542834283,-0.2061064780635917,-0.20438840522423093,-0.16845059294736253,-0.21814532814958626,-0.23205616657183872
2018-08-31,0.11497487638545187,0.08240664054005986,0.10546497804418194,0.12380983729281003,0.07796958471411919,0.11683551566920805,0.09414469449937934,0.10965923989328426,0.09163719979027514,0.1141967445505079,-0.15062646390882378,-0.34896953250057455,-1.7532548054603618,-0.3518650268032698,0.4033937161376523,-0.45797905978337605,-0.5422143345556311,-0.157577360768511,-0.0909507313698273,0.053834456394480604,0.09755845814052892,-0.11200519200608638,-0.19241384900592298,-0.2171953349105948,-0.19707615078968788,-0.15851744861320657,-0.22298224619830512,0.22697507263553604
2018-09-30,0.12943811554374254,0.0931339331313965,0.11597189612290655,0.12096874049660258,-0.07338362043571175,0.12024975143999185,-0.0897616703598545,0.10668100344729682,0.09474164677976979,0.11301020171110485,-0.1618659940761696,-0.3770390900367517,-1.8795993258780654,-0.37467269257749175,0.46215876791731203,-0.49041795751112593,-0.5879579800206592,-0.1403264626499693,-0.08176971484877367,0.055783137429630224,0.10089319761738977,-0.11088140362398011,-0.19066784890178679,-0.22375394538919924,-0.19190464602516816,-0.1557112816122139,-0.2404916226653943,0.23188174988963742
2018-10-31,0.14459893062145837,0.0988280808217459,0.12526259567469694,0.12617981720226049,-0.07793465853291252,0.11774147379770371,-0.09438703709911452,0.11332504915232937,0.10020931925891932,0.11896286665128959,-0.16646460244767045,-0.38955061938019053,-2.0060083932173813,-0.3762958450873053,0.5004855774781085,-0.5213477112333078,-0.5873429719346619,-0.15050163132903835,-0.08780815543373985,0.05906192357093173,0.10768295649003048,-0.11971966562912571,-0.1941063271818655,-0.23693275568741598,-0.17735302056165386,-0.15807471483727836,-0.21690857128466942,0.2361801159733023
2018-11-30,0.09434010958015189,0.06345425620805174,0.08244961814138914,-0.10354093108071716,-0.06530344483156834,-0.09137136230134861,-0.08103317442385706,-0.10631276093962384,-0.09082157758328713,-0.10074003721715193,-0.15611811322305572,-0.36070206746664013,-1.9025892720688635,-0.367813623014673,-0.3842902789099477,-0.4544816725893162,-0.5586626705646867,-0.14124966613989537,-0.09091499518976252,0.05540794238878237,0.09957497694640031,-0.11663139133600578,-0.21030244401291961,-0.22996233897365057,-0.1802337113075465,-0.17025783283931065,-0.24016531465739027,0.25281508279776094
2018-12-31,0.08691064256475499,0.058098740764594835,-0.07617334516470163,-0.09898856027651963,-0.06119319039292113,-0.09238029497593565,-0.07640119915940233,-0.09580030309004976,-0.08757872749080556,-0.09477225580120288,-0.16745306132709145,-0.37896576088238776,-1.8843358934653376,-0.37954612254986697,-0.30576863782244995,-0.43332345848023773,-0.5946639673408691,-0.14857753302389795,-0.08782417386341734,-0.04355056876916629,-0.08861191592689317,-0.12402670576677842,-0.20559590554636326,-0.24498263096058745,-0.15470789536089907,-0.15517369421593696,-0.24699724451279406,0.24319617616314607
2019-01-31,-0.06709568613250924,-0.04923582387509572,-0.06210973743619379,-0.09068663532927755,-0.06345502277002305,-0.0808044526958253,-0.07263684976459414,-0.08862939544452944,-0.07767350860494482,-0.08372638016055398,-0.15534680341958548,-0.35944043469365594,-1.5721945842470308,-0.37906256161462365,-0.21695975387563676,-0.4357064704375773,-0.5818260682696083,-0.14633169263270143,-0.08954605696791398,-0.036518020437783794,-0.08305309367468906,-0.13412178240745637,-0.20060085950979997,0.2149375455866899,-0.15319932196802813,-0.15593602001785994,-0.22162520130501034,0.23694521309519004
2019-02-28,-0.0693010562040126,-0.05088104194292513,-0.0637622286333622,-0.09071187731376253,-0.06529226177747403,-0.08085499182694834,-0.07167342058000029,-0.09084437842006725,-0.07634513600611663,-0.08524434142903194,0.1597500911848717,0.3290749785214491,1.3575086145688804,-0.38824623338450764,0.19875005330627354,-0.419683131431596,0.5700243631770775,-0.15014565922327364,-0.09265832879835721,-0.03777362945717775,-0.08686553477498393,-0.14274224608116945,-0.19632505213292228,-0.208133497351103,-0.14902453072500346,-0.14840876036453404,-0.21713794446758802,0.22520126184552922
2019-03-31,0.07856254587419402,0.05790036587166521,0.07144905329730873,-0.09930167433699048,-0.07199496206349729,-0.08820393254120337,-0.0746395279113946,-0.10035290760668474,-0.08278728539996154,0.09369639581596308,0.1593563279565881,0.32607396994680066,1.3901146985961628,0.37178578972697846,0.225107839422857,-0.42090484596678035,0.5666494881836852,-0.14980775511464572,-0.09539253070963852,-0.04104956668437265,-0.0932634088761577,-0.14349459070443796,-0.21487305205427673,-0.2221394626943021,-0.15254031511369975,-0.15220163773350667,-0.24279084048439747,0.24394171490072955
2019-04-30,0.08629945104116817,0.06444673391839707,0.07220128231029663,-0.10655037551156689,-0.07425389017897467,-0.09612088075253929,-0.07906912739205578,-0.10699755155250731,0.09182116518702535,0.10386792507028234,0.15386319517315966,0.32012207199810916,1.408166004546125,0.36915749257099156,0.2553328564292322,0.4238682793142701,0.5364379069649067,-0.1395586070586635,-0.09030217593762639,-0.04620997711397733,-0.10479285502876955,-0.14626223311764935,-0.21594605206784484,-0.22734100796242937,-0.14749693303232725,-0.16626532824858178,-0.24985741067939735,0.24739149775653782
2019-05-31,0.09951871112464418,0.07492536120080825,0.08009400393159646,-0.11993538095072663,-0.08271524960693631,-0.10678453904703648,-0.08824060795134944,-0.120268339797409,0.10276693793547066,0.1165237999073124,0.1554658102189063,0.3203635835176782,1.476151766384645,0.3630012425310545,0.28928057700265236,0.4190943209157432,0.5308447682638698,-0.1508347722042646,-0.09916811942279306,-0.049657787535809135,-0.11737599284676926,-0.13964801657067522,-0.23552953207234253,-0.2490855101809643,-0.16689373211468814,-0.17027753146226746,-0.27822023228681425,0.2692349951564988
2019-06-30,0.0987168644979528,0.07388627166172883,-0.07748136721228445,-0.1110913003214543,-0.0789685547307086,-0.10170180230715894,-0.08445419773262526,-0.1098350920307248,0.10167220266269937,-0.11828973210518136,0.1615158547304774,0.32540741956439245,1.4402737524718956,0.3757423873145333,0.2859462360080789,0.43448423449465684,0.5689381134952765,-0.160413888769776,-0.10247211230292534,-0.04819792481221953,-0.1094623023528569,-0.12364721215113668,-0.26774745778928316,-0.2604085191406291,-0.17844497679401222,-0.18813940064396323,-0.2804940837394803,0.2982697530826326
2019-07-31,0.10314368084863425,0.07452725587452357,-0.08020124382349227,-0.11623270605830448,-0.08192920979813559,-0.10780277744336594,-0.08893580878797368,-0.11622360326943144,0.10498498598996435,0.12282614435943015,0.15382720046412174,0.3145904627698484,1.2152564361984186,0.33372519788398974,0.2660507452651571,0.36488671758553765,0.5190906839723467,0.1336812103966655,-0.10144941882993373,-0.04340079836045819,-0.09858605991098875,-0.12579419122802993,-0.260280464439395,-0.25852808267815824,-0.19292351283812192,-0.1988830389518563,-0.24027692584443636,0.2875004657715055
2019-08-31,0.11639461944607885,0.08409770994946689,-0.08695310045051788,-0.12722286737555114,-0.09384862155521315,-0.11778540385926627,-0.09286617542597678,-0.12603400329735412,0.11637898333346165,-0.1389063323944041,0.15314002213221994,0.3252338297467457,1.1942692731578186,0.3142129603855653,0.29686144564037525,0.3964304248359882,0.5209431319907075,0.11355978088548854,0.09363262531006382,-0.04455421233177996,-0.10163659229691899,-0.12719712986173723,-0.2683068496659526,-0.25548503025481767,-0.18664917140093093,-0.19423270225562614,-0.24213880669265175,0.28839419495297614
2019-09-30,0.08736022097579786,-0.06976489756594603,-0.07262838083357312,-0.10884179187498019,-0.08050641219496746,-0.10426754813091628,-0.08717601037305914,-0.10905606150653524,-0.09881732971837368,-0.11279721755351184,0.1138282432207575,0.2665532129476624,1.0400324326633137,0.2948222745825756,0.2629049386030904,0.3722421551280504,0.43233581390583825,0.10509753153710978,0.0799951421075098,-0.042538480073849076,-0.09725756429684308,-0.11423910025005314,-0.2744399086915336,0.20427613273414233,-0.19118017703959697,-0.20630295027804602,-0.22962541574640297,0.2934343942152196
2019-10-31,0.09817418811729646,0.07605647807189744,-0.07622084224753432,-0.11981972545988874,-0.08791092478825242,-0.11218560496361867,-0.09618036636159791,-0.11609165009492359,0.10854263840769886,0.12571789573436645,0.1007325857496637,0.23951406298568004,0.9916940034464611,0.24885956511377727,0.29652039357439997,0.3153802448247093,0.3798394283881746,0.10106312181165904,0.05447101832616862,-0.0354151225578574,-0.08469433055163844,-0.11472293118575884,-0.2666836193123332,0.21794038636523316,-0.17524479619585448,-0.21651918144082152,-0.23856272977486342,0.2818385859472475
2019-11-30,0.10295481577705186,0.08095024327274063,0.08304986286224235,0.11964967925617383,0.09586755093128364,0.11916870643434828,0.09563673136621564,0.10173783393692558,0.10974486018877795,0.1328308075078305,0.1050155948187801,0.24641607219783832,1.0527775903429977,0.2657101213771378,0.32377810937673035,0.32524390262447966,0.3943247053160093,0.10942841198746171,0.06017817916429839,-0.04004725143323286,-0.09598694102949899,-0.12710238431498327,-0.2878113043711546,0.24366163395347454,-0.15153081698418933,-0.2166690094843597,-0.2478604733234471,0.30071148113522367
2019-12-31,0.11768418234633601,0.09257725252415593,0.09058602939477864,0.13422900841670232,0.10323078571097687,0.13360012428076537,0.10866408342642828,0.11249869710653769,0.11173208590296693,0.1480408485985,0.10696141697235959,0.25021108199541586,1.120796303102951,0.2632872314798135,0.3435713628171874,0.34183874090691474,0.40438274040704847,0.11580285912720086,0.06439157774871467,0.04336273818935425,-0.10125013576752707,-0.13651965735201776,-0.3120379160022777,0.25557035590859595,-0.16953483886272666,-0.2306079471536,-0.26957271944651934,0.33073504426767336
2020-01-31,0.13019746048679096,0.1030218896115446,0.10244734870193928,0.141413052663304,0.10781862119787548,0.1415155251376882,0.11602490738869393,0.10426770079627343,0.114302584601616,0.16473000546600128,0.10792805206850102,0.25008655839500266,1.2094370841042423,0.2754154006728581,0.3816294085779238,0.35274331529053204,0.4157667813231825,0.12820637025714418,0.06897791476060763,0.04776454089071379,0.10872428478815976,-0.13682341998654404,-0.3120911521266533,-0.2737231780234209,0.16657400660325744,-0.22294522392659724,-0.26777162366354795,0.3430707547972971
2020-02-29,0.13235825734410542,0.10340405670728449,0.11030616455603859,0.13626565513950176,-0.0878135173601883,0.1393432299306307,0.11241548469221889,0.10911044451472537,0.11439806862351355,0.16840926969480405,0.10817901413360961,0.25720743291055564,1.348780904357719,0.29527350694205995,0.34329454015313005,0.3615784264505747,0.4445016603268795,0.134320329188613,0.06999095242614106,-0.049352257759115205,-0.10679541450322153,-0.131251314129391,-0.3316827539448074,-0.2926568022671678,-0.17292958205388628,-0.22133069223038887,-0.2892330400049178,0.3640519880940443
2020-03-31,0.08382687405509148,0.07049059234134206,-0.0802511383586318,-0.09533415932328203,-0.07525483675729314,-0.09735337854584936,-0.08513558808586921,-0.08257553503180785,-0.08592791490142392,-0.10716453624166092,0.10967538518452592,0.2574648777026284,1.314732415828283,0.30900820166503323,0.25960009072092166,0.3578551052547807,0.4622306450952473,0.1269647251473798,0.06766917805690904,-0.046843493481837084,-0.09820281679980379,-0.13039990440565682,-0.2945848431413279,0.23918930275213704,-0.16798030605611752,-0.21575971802133503,0.28382851102826556,0.33535152207402447
2020-04-30,-0.027817638296671773,0.02768033273917784,-0.026065998479433417,-0.030546224667131066,-0.02761252225182031,-0.04032291468496192,-0.02750531864579465,-0.026519995602719598,-0.018971624848466286,-0.024090356028762673,0.04089614867986633,0.1192117205021792,0.6805689534770115,0.049175618847363725,-0.05652660443466833,0.09328792652063947,0.09414155678885362,0.0628135536873044,-0.033060142977696064,-0.017151411685923025,-0.0527611647579583,-0.07861404650958527,-0.1529643222531684,0.09831549498425698,-0.09076403990785706,-0.09782054869003699,0.14846996721130873,0.104637295126482
2020-05-31,-0.02947915984490127,0.029137285632219935,-0.02580767405704005,-0.032658800732589456,-0.02982994286772877,-0.04103892332783527,-0.028385752192782113,-0.028225917790089847,-0.020287204218593455,-0.026019644403221787,0.046255524219985474,0.13608013793293253,0.7966450990215127,0.05330685737442402,-0.0524793244443757,0.10353245308402458,0.10872444179196612,0.06307326203733289,-0.03617443163447937,-0.013293539770079198,-0.05231830471133508,-0.07870738743249724,-0.16076598840350134,0.11283632864788637,-0.10026275895064204,-0.09292510213564399,0.16033096473165354,0.11812386991248794
2020-06-30,0.03340017332925322,0.03333578471423768,-0.02726123910195949,-0.03605448909659348,-0.03322917798342816,0.04410045675874367,-0.030770975876860764,-0.0314186180322445,-0.02274501518883668,-0.029234010770541576,0.05170271108147532,0.1548079429866123,0.8899528189918372,0.061537827656285994,0.05982018146340701,0.1194478876244087,0.12673664939822285,0.06880666066425271,0.03910441808713499,-0.014306892027964906,-0.05358797513947465,-0.08271071058547995,-0.1675788577361174,-0.1287205636469402,-0.10875443121669039,-0.09614901253597884,0.16985856578680827,0.13249490429674107
2020-07-31,0.03667074071601966,0.03728895547504824,-0.0288995996629855,-0.03928438102800065,-0.036628921163312504,0.04808238793918112,-0.03331602352541386,-0.03352285530330946,-0.025234655232672234,-0.032622137757567164,0.058250814896549756,0.17583298733003863,1.04300335308292,0.07198392712606574,-0.06738266442475488,0.1399670680704809,0.15015566723522378,0.07566532009357858,0.04159958264978552,-0.016325697872795863,-0.05694230439158724,-0.09072680519679459,-0.1773285347180866,-0.14234907330124888,-0.11620117024247403,-0.09750840794948916,0.18037782143802286,0.14810450533529682
2020-08-31,0.04287138813086637,0.04174255059220696,-0.03319534857531402,-0.04535887951313948,0.04095718305324197,0.05504131874418614,0.03790300050176011,-0.03880702835011492,-0.029439541631187605,-0.038171467279246356,0.06763803910039574,0.20696257948577573,1.229443112580856,0.08541630664595912,0.07877774329886365,0.16621757938949305,0.17929692412073608,0.08332074333318447,0.034981655837858935,-0.01931140850179732,-0.06475920658025744,-0.09511673226987383,0.18756029730453475,0.1602028208402328,0.12938511279832238,0.109934822927825,0.1956685203481585,-0.16602370962655869
2020-09-30,0.05031924528612512,0.04721090846266009,0.03872571241896402,0.0516030438411952,0.04702298630142985,0.0612595406278989,0.043115243634296106,-0.04433516127000505,-0.03446564381952225,0.044673015548687064,0.07495684262791984,0.23366136248275954,1.4447768968966426,0.09830688455915639,0.09231422001889565,0.18980627816126247,0.20694001556578034,0.06708483355885028,0.026966714222725847,-0.02269739950077598,-0.07211769743762086,-0.09989311900027385,0.19413969099702033,-0.16548921932355304,0.13543314773744922,0.11917979907132373,0.19576161521138838,-0.1770082264916544
2020-10-31,0.0523583301760305,0.044722586780077574,-0.04148253596423148,-0.05667438966170994,0.05178488841909274,0.06895288207626973,0.046034651224418514,-0.04776491204423712,-0.03865621654094779,-0.049047341258005285,0.08495387941601772,0.26792414165097844,1.6901930338467666,0.1130593253162729,0.104758241377826,0.22013397045754798,0.2404596306675805,0.0729562009557236,0.027704908049013384,-0.025144975965711806,-0.073608587864296,-0.10610645870018176,0.20380077761034282,0.18943210888485054,0.13262770502063997,0.12372682386350575,0.20342430319563617,-0.19268451699397704
2020-11-30,0.056159693585168764,0.04695145277302741,-0.045686406044325896,-0.06200880906725372,0.05794125962880554,0.07911373108145066,-0.046950628292197226,-0.051837712033237504,-0.04409510210514757,-0.05374061929932723,0.09257697486965312,0.28938238288339285,1.984798737282291,0.13239090748474752,0.11975603604443696,0.2534956765361561,0.2790202012694857,0.08024978032005292,0.030090387663573793,-0.02708024124128678,-0.07473427524777944,-0.11350494989239938,0.2118489512183058,0.20873472271102808,-0.1377231814297669,0.13090234736503883,0.2145188289996446,-0.20466160156638238
2020-12-31,0.0608637224535018,0.049132820081393726,0.047774860711128776,0.06427086124436096,0.06281097248291839,0.07660256679841107,0.050738141266680734,-0.0520872428335827,0.04681151803252146,0.05850904656026623,0.09206442032728515,0.2833615820132284,2.2813572545083436,0.14389297069287624,0.1335372733699427,0.281295191093058,0.29902360933392197,0.07599172198662704,0.03221200745745813,-0.029025478038058158,-0.07931882072546778,-0.11902445213098413,0.22166945240771072,0.1933340641477544,0.14739342970237437,0.1368725961918961,0.20794867835241101,-0.2188474930781153
2021-01-31,0.07093358716141997,0.05714442744704849,0.05341201855368587,0.07134334964628818,0.06756422982441748,0.08142522371695284,0.05721545360077548,-0.05700818115755984,0.05348495285380974,0.06727787572336778,0.10152553094353116,0.3146057015623825,2.564168728024883,0.16624579923783678,0.15701118853564894,0.32609715881399376,0.34458592103967195,0.08179001582207394,0.03463365496355216,-0.03370565472767446,-0.08838628958355287,-0.12935196514821828,0.22529446994207672,0.21880076501525547,0.1472079348425151,0.1460046775299639,0.21780962598024461,-0.23083603178031895
2021-02-28,0.07549118700873984,0.059444223374312676,0.05537536561165506,0.07581628430859146,0.06682703923546804,0.0832986639315096,0.06055592795141078,-0.05981837774859859,0.0578384775143548,0.07058097991546795,0.10594468003442237,0.32502773465295565,2.852048814204724,0.17973230406712992,0.1782043321862396,0.3508990087799662,0.3727097162802961,0.08051025869995576,0.03441330896184464,-0.03705108377832616,0.08810736562918255,0.1252065895103657,0.22190935875872192,0.23195455832643982,0.15419289248795545,0.14086356844443534,0.22617136476508143,-0.22817574044034153
2021-03-31,0.07849616205352707,0.06012394576079404,0.05472252448004867,0.08165058943326407,0.06602265830682703,0.08575261882320327,0.06692475432358982,0.06364516883977948,0.0622587555185503,0.07437369046848798,-0.10762960895074489,-0.28550634938265745,2.5815833030340913,0.1763339920051354,0.19553215493076012,0.3084267744784705,0.3527053587766286,0.08229050686755278,0.0335345462413278,-0.04026646275915567,0.0902518253761095,0.12778067705843446,0.23158181506426853,0.23416123390707524,0.1662831866051239,0.14451517141714723,0.2218211427739087,-0.2428036829021658
2021-04-30,0.08153238310405232,0.0564317231769836,0.050066071903391296,0.08814798396486868,0.06111608489802678,0.08751059452884243,0.07511604673536591,0.07091232980985142,0.06543861342864941,0.0781723493412764,-0.09732677534979672,-0.26787312975950917,2.6614874088294904,0.17323461669436616,0.2042862876323644,0.25915878541329007,0.3419645335538264,0.0861796450048506,0.037253946836107665,0.0344745592332215,0.06719713073358421,0.1239375513007759,0.22006924340026196,-0.2484006512708785,0.1793826120218849,0.13300916793154802,0.20145209464893468,-0.23586136867921814
2021-05-31,0.09085369696625444,0.06240836803247298,0.055386577636704445,0.09418939053725506,0.06940845845409904,0.09096285624318166,0.08148287182997592,0.0781995943595623,0.07074663321346894,0.08376932069578112,-0.10340820120220107,-0.2768544485309838,-2.901023200746507,0.18704960471749463,0.23318497327471935,0.2888240735445776,-0.3658898107431335,0.09226376387488586,0.04179293159433849,0.03792387393799774,0.07471103876668052,0.11604756173853341,0.23697082873452693,-0.2601972344163625,0.18854259143744204,0.14114572864625458,0.21441081443952648,-0.25296358367829425
2021-06-30,0.09331854499699697,0.0642915931242738,0.057240911163429095,0.09352115893298767,0.07144128447456313,0.08595663011663923,0.07881073380573575,0.08255630991486593,0.07336626991558244,0.08982998634928019,-0.11261209257752103,-0.29789752167455685,3.13483220786975,0.20139467685641624,0.2583609722731495,0.30090509823061484,-0.3938605285536826,0.09911660664780757,0.04467905283969599,0.040264845849732424,0.07477478321586413,0.09645784809012566,0.22571186090880227,-0.26415439083878817,0.18970111800139505,0.1426844947110095,0.21462412737519898,-0.2396384583623953
2021-07-31,0.10478994598216827,0.07299509027626748,0.06310318128801953,0.10053238056660273,0.07942498650105274,0.09285088020863833,0.08551170972184459,0.08620575208694588,0.07894292362020493,0.09863225653722271,-0.10972642423677981,-0.2947640241633344,-2.7657999103636266,0.21432736596304736,0.3001373288633804,0.29356616738077185,-0.4048860836176989,-0.09438927958970347,0.04843032287817727,0.046581316998833486,0.08012049102697225,0.08332121330395055,0.22883348907899154,-0.272519087386503,0.19874706123523825,0.14509691141013364,0.21182427255520855,-0.24427111098447063
2021-08-31,0.11033369027574848,0.08189829345875736,0.06327375273417543,0.10135726149019444,0.07582171033044662,0.09320380029664756,0.08662223657745349,0.08480757839710096,0.08131023149433056,0.09460316946619184,-0.10483270999220888,-0.27758626313711904,-2.6780807353408638,0.22879906331026983,0.3160537429645349,0.31482072795058463,-0.40196694508187514,-0.10591067653388786,0.05254270998856979,0.044337341261346856,0.07366044652810141,0.0789050939353062,-0.24437762858870635,-0.25466859373763023,0.20118022181050846,0.15469956077905708,-0.21267635864542747,-0.257346656064144
2021-09-30,0.12126951724617872,0.09102788212819621,0.06635133550920932,0.1118684640857577,0.07921406596743993,0.09995743700740224,0.09732138172917952,0.09355363471202059,0.08568896830619864,0.09682980762605242,-0.11192474934063866,-0.28976014319455895,-2.790328173301727,0.24123544750071438,0.3468195978580971,0.3285196754330059,-0.4263796583739255,-0.10266512100386653,-0.054330080179973546,0.042948184550410815,0.06887261329122611,0.08460038779294635,-0.2601318639820715,-0.2715943174369896,0.20522544021678088,-0.14851302986521842,-0.21278954726511418,-0.2658337668944664
2021-10-31,0.11674814124880836,0.09045672758218927,0.06913323557491476,0.1070445334580742,0.08059986117511864,0.09335385403177122,0.09285250054177888,0.093488448586571,0.08023375062769668,0.09306116816335888,-0.10558586507328392,-0.280929503873341,-2.8665939623210877,0.23511325310733633,0.37187407369560244,0.3416846332229838,-0.42224243519926236,-0.10338979313058472,-0.053728888138111566,0.04699913719767455,0.07448277563725168,0.09279621876454543,-0.2711864476853645,-0.26488719336175853,0.19742529307042833,0.15322330747371546,-0.21864192515355235,-0.27434220990708
2021-11-30,0.1172249525024661,0.0926189460831772,0.07360213008883043,0.11499412002278109,0.08613107652999018,0.09393398688856222,0.10026594898025817,0.10453056514232333,0.08736512733119849,0.09821302546766808,-0.10396937546607646,-0.2863298490441143,-2.460952936680349,0.23060429680473082,0.37781108827245874,0.3217499554365947,-0.4221130751352185,-0.10658841129360337,0.05624562909440091,0.0508886541814847,0.0784608645381816,0.1013277164428764,-0.2845050113767185,-0.25375130222175424,0.21436082809492812,0.16415934769785387,-0.2291872094920939,-0.2900516161882674
2021-12-31,0.11981084850618177,0.09233868244561419,0.07241543861170864,0.11282092073015107,0.08578462758684705,0.0941091970204765,0.09751326119351482,0.10147249914318561,0.08246237179360293,0.09557122914691428,-0.09292759314797484,-0.23670613881995345,-1.6005527391443317,-0.20724727309315624,0.34343174749027716,0.29075789847675815,-0.3552858185752889,-0.10638817453930867,0.059476631999077094,0.039113279695817,0.06646154170205044,0.10701578778721196,-0.236811542682467,-0.19649508147828607,-0.2040069072555192,-0.1664510118990787,-0.2139160394749351,0.2525518257266441
2022-01-31,0.10188173149889894,0.07793248532537993,0.0655958263744985,0.10966032758176743,-0.08922330900781981,0.09633430110977267,0.09644779611375387,0.09970248270632867,0.08341742721403371,0.08439685899728468,-0.09455230873917173,-0.24674418950032093,-1.578998263016871,-0.2176620815631736,0.32524324483629774,0.30535965565947887,-0.38120948231023954,-0.11665406689593717,-0.06430415289660987,0.03958997690200567,0.06904106239147968,0.10621350623162003,-0.2375693340368346,-0.21866125707034392,-0.21442225877556756,-0.1612360564421301,-0.2219278011392099,0.26581216761455273
2022-02-28,0.09266436007599999,0.06713863324034751,-0.06164647460240774,0.1117234748066259,-0.08584136960059341,-0.0979656133592521,0.09768498929965101,0.10390100581193704,0.0798327119517368,0.08537803334734066,-0.09176434015916493,-0.23433513552574947,-1.3758862292842449,-0.20726338581066964,0.3145432170494261,0.26042719167575684,-0.3415757913469698,-0.11253652877288253,-0.0609924073739642,0.043498780085609104,0.07672205874652327,0.1094695637469129,-0.21991144631798085,-0.22573182615690848,-0.22403233622239177,-0.15546509834103142,-0.20254678777618645,0.24838680906497185
2022-03-31,0.07960344430796983,0.0556985856809602,-0.05773597937097561,0.09364074331985103,-0.07729125129105677,-0.08871697597437032,-0.07711193350271009,0.08493968310664417,0.07948639747742044,0.08157966294935474,-0.09367660287477413,-0.21941440425229727,-0.8920367942358144,-0.18702839541002642,0.2499559940921316,0.2436719809937804,-0.3030983131097273,0.11511628029341935,-0.0636725670047077,0.04719084362974551,0.08172544990206755,0.10232358732821187,-0.2057729971062907,-0.2366036577566332,-0.2293341488909921,-0.15691298978927737,-0.2138894097635384,0.24639053438173897
2022-04-30,0.07334794125048145,0.0512674575755373,-0.05555566267395956,0.0691587013140486,-0.055306548040640814,-0.07671454981254237,-0.04610257766454099,0.0696396155506676,0.07299372973478031,0.08148415943342494,-0.07808036932921936,-0.16808162715676628,-0.7643823363455702,-0.14873270701064975,-0.1743071150717191,0.16625735315308465,-0.23225691467218937,0.0903044180014279,0.05982965738284039,0.028320604258746173,0.04734012142625772,0.09170247903535504,-0.1780233760486006,-0.19060386064328075,-0.2107030192146418,-0.14974740548371293,0.21242584453548882,0.22631326951940897
2022-05-31,0.06918770715619595,-0.048760186768418964,-0.056146642465030705,-0.07149330664451214,-0.0586200158261096,-0.07526204202827334,-0.04898701956096061,0.07224709612458823,-0.0702490686084417,0.07619446079979843,-0.0795159031639765,-0.16686778469520996,-0.7324757578412473,-0.13645334780893512,-0.16416318886747233,0.1800318143663371,-0.22202377330072762,0.09600437880770489,-0.061987312029494916,0.029602452339617162,0.050571183674529216,0.09813533089685027,-0.18016072149586623,-0.16185996952934137,-0.19231036129535012,-0.13999471228609742,-0.21792971128401614,0.22429759915482927
2022-06-30,-0.05717762620432986,-0.04162681226372535,-0.04863501227025546,-0.0664182791489314,-0.05711422417853252,-0.07379606207175314,-0.04894137255246422,0.06609544611763092,-0.061345270938932425,0.06504551577203158,-0.07514564612557235,-0.1626258571481769,-0.7068166940493011,-0.13152138999284402,-0.13727987955898788,-0.16659365806617657,-0.21049210502320242,-0.09813575532893067,-0.0577788454938346,0.030853265527662953,0.05180956729986379,0.08653840720478094,-0.1604217023539714,-0.1593230643281347,-0.1536477600858437,-0.11782386988439926,-0.18056961522536316,0.19682265211489833
2022-07-31,-0.05381253735759104,-0.04063237611854211,-0.04669112812370231,-0.06299970368445404,-0.05677802054270608,-0.07364168136237724,-0.04896224945410547,-0.060125856354229124,-0.05619100623288513,-0.05892911820696593,-0.07060422863244341,-0.14256835649161323,-0.5878490276801501,-0.12269062432620745,-0.10919511335457106,-0.1536648993240323,-0.18385130974166483,0.09758068630954288,-0.05706720420761224,0.03281240110040394,0.054336829090743964,0.08497222821954345,-0.15914066811667074,-0.13385205388407043,-0.13365336672648145,-0.1103154273109023,-0.1474925348579124,0.18049778633559455
2022-08-31,-0.057105397700800926,-0.042600482861076476,-0.04921966674830831,-0.0644004112525062,-0.06124534609323794,-0.07750334068466914,-0.04744550548662618,-0.06156855717224317,-0.05781427474444955,-0.05878736273451268,-0.0735609605890124,-0.13968402187173806,-0.579638907387512,-0.12461889951631773,-0.10840513346981975,-0.15254789473723823,-0.1837549110457383,-0.09865303896659698,-0.052623669036812426,0.031203704751348843,0.047647548365304174,0.07563514492927681,-0.15021303067138353,-0.1330526820138195,-0.1372409062826478,-0.1143262195004622,-0.15728197851200626,0.1713800651763244
2022-09-30,-0.060432269153095027,-0.045384042213606854,-0.05200798500348668,-0.06886061577873062,-0.06826089094045178,-0.07740064232467682,-0.04932247794906091,-0.06845173128199435,-0.06252020321804894,-0.06239971955495349,-0.07340362199445373,-0.14330408358076632,-0.6044231218123877,-0.12258192931972367,-0.11014661998061741,-0.16495123072139206,-0.1856230928175794,-0.10437882776809058,-0.0534445163442097,0.032917585028048896,0.05215058264123945,0.08039971381727738,-0.15604023562209762,-0.12776024161706492,-0.14317848637455052,-0.11192750036076864,-0.16666326672417622,0.17352780114630842
2022-10-31,-0.06008252736299068,-0.04653355934367677,-0.05144792503181971,-0.06508532410217462,-0.06843991894421277,-0.07362711273523305,-0.047262589679276566,-0.06089233298085637,-0.05790931198306802,-0.05855200892288872,-0.06760247341356397,-0.12714490797176295,-0.5761208007208946,-0.1107384843039261,-0.10566577341085585,-0.14124542952915922,-0.16607397612727298,-0.10019643892298642,-0.04879818285170408,0.032953061579518675,0.052005080910985914,0.08441129141722951,-0.13895498036519308,-0.12835061407917944,-0.1101473778687981,-0.10776835401352673,-0.15234059332299446,0.15183756130324966
2022-11-30,-0.05637592725693198,-0.04509726380134834,-0.049413705146059674,-0.06163746802665381,-0.0628059017528913,-0.07196825462242402,-0.04555117413972334,-0.05704635975983131,-0.056409031852989525,-0.05444827189904151,-0.0683993756073386,-0.13059119607687206,-0.5883679287511623,-0.11172336675082158,-0.10421263061038498,-0.14998335955735898,-0.1708064131920672,-0.09704394930433595,-0.04346623277771488,0.03494345699598318,0.05591951233684731,0.09662912668923553,-0.1318702330133845,-0.12884924508563758,-0.09866757813578561,-0.09955391612782363,-0.1463228444374761,0.14141794513668765
2022-12-31,-0.05634183883013177,-0.044099013809519895,-0.04905567204343568,-0.057872829544651457,-0.05870438512450455,-0.06531501806515654,-0.043843151025750045,0.05578721181511609,0.05124938883363097,-0.05441154032767977,-0.06721268373713236,-0.13206420560668966,-0.5894455629589209,-0.10519510331002262,-0.1007589508076606,-0.1509257672938806,-0.1636621136380871,-0.08903624966020338,-0.04221948001441984,0.035902964376751285,0.05800225413213371,0.10702852354190884,-0.1210240490508429,-0.10701602055889191,-0.0896250171864668,-0.08968119709176203,-0.12227346019596307,0.12421227107187872
2023-01-31,-0.058963179211270846,-0.045825895433151666,-0.05166783977860871,-0.06333279170690434,-0.06293947008078107,-0.06958197598295943,-0.04879447220851265,-0.06238177574198384,-0.054951021164267914,-0.05775941653483929,-0.06547601537447534,-0.13476192124795458,-0.6019574667117789,-0.1081232071093351,-0.10468907409018734,-0.15146615824914633,-0.16614722793792694,-0.08895438112800703,0.04122897743796956,0.03809248706267014,0.061275107872713286,0.11592410541309796,-0.1344625642023449,-0.09009266003522712,-0.097405353769231,-0.09364999001741155,-0.1335339064464576,0.1337629550529092
2023-02-28,-0.06411562395328337,-0.04904781521720126,-0.05643685023782297,-0.06994547437022579,-0.06636777334494884,-0.0738551479837419,-0.05389054623451852,-0.07039102335967093,0.058088551310421364,-0.06272784046754658,-0.06668312254745563,-0.13648736676807302,-0.6161029333768394,-0.11438948145195926,-0.11595983926454836,-0.15896773420316812,-0.17029751975701998,0.09368577521589672,0.04515413427070076,0.03967920528257286,0.06576318513209829,-0.12081669673748353,-0.14151918060007532,-0.09304569536689179,-0.1074617724150202,-0.09717060841416503,-0.13969217711360632,0.14174666740000844
2023-03-31,-0.0685458345154939,-0.05063179982999256,-0.058913520937792015,-0.07603734897032628,-0.07044198967240947,-0.07889974625836695,-0.05761235644175803,-0.07739576232910518,-0.06282055519054848,-0.06876859142131564,-0.07073302203477617,-0.14251065705532187,-0.6081470171119486,-0.1173936000306973,-0.11677873424976279,-0.17004259404057395,-0.17454771399831917,-0.0950471957625049,-0.047744595731547476,-0.041264224600421104,-0.06908686328790167,-0.12189934960578598,-0.1478592910037386,-0.09840537355432721,-0.11295241877872979,-0.09968851430705325,-0.1440594401427526,0.1483055342679806
2023-04-30,-0.07191956536911172,-0.05522284904988302,-0.05816047560564957,-0.07575319489648155,-0.07395710105438773,-0.08241154071317089,0.05875353411317787,-0.07364464036128955,-0.06649219155993906,-0.07211122908969729,-0.06984806911886374,-0.1263606856947845,-0.37460426786090023,-0.12594074292197804,-0.12558406007870274,-0.15285182252235022,-0.16731883859524996,-0.08463809538379619,-0.04641350420224861,-0.040415853995914165,-0.07300137740333594,-0.12560192001697776,-0.14616305854457531,-0.104389455278202,-0.11735862622037099,-0.10643742496532548,-0.13741658318289182,0.1525099793256103
2023-05-31,-0.07825649979845681,0.059767526146307315,-0.062221546236862824,0.08399535774779254,-0.08000121446633864,0.08829545704165727,0.0664994798084627,0.08208609814410174,-0.07242225082426612,-0.07801990346348721,-0.07484407787179521,-0.13454496067802774,-0.3977626124907569,-0.1387955274713572,-0.1394057353466075,-0.16790035993265046,-0.1793685072319655,0.0892297853743215,0.05074472563544814,-0.04131821755728803,-0.07898765604182112,-0.1316207545662392,0.15484386322613414,-0.11513326276593906,-0.12828421867672504,-0.11005334148198874,0.14789802620257528,-0.1658804953062202
2023-06-30,-0.08512381243264232,0.06422347043625924,-0.06635797336809925,0.09062015715041838,-0.08384720811418218,0.0963317003811385,0.07381452075059437,-0.08701998494564185,-0.07432110454241458,-0.07973331223402266,-0.07692988381271881,-0.13948103175572532,-0.428936263980218,-0.14152254113868917,-0.15380264807072283,-0.18408887797452575,-0.1837452648606915,0.09344012204863021,0.052214777412400395,-0.040348509689285404,-0.0768933543600047,-0.12690125300011632,-0.17298037498567262,-0.11919878488281895,-0.14233662786371756,-0.11968842844415147,0.1626639234536859,0.18180318522676633
2023-07-31,0.09401809188369696,0.06914818922848823,0.06664100704071028,0.09409844469272174,-0.08629114046178,0.08378177565624455,0.07829050297532385,0.09330621993402963,0.07365570603798742,0.08499302189153334,-0.08240564250586724,-0.14759149773878236,-0.4676200094252055,-0.15302120739256758,0.17077845011912293,-0.19912114338035455,-0.19394502358817142,0.10098164443336392,0.053316690827677295,-0.04072205630119207,-0.07737437691873747,0.11220733641074784,0.17555410503569546,-0.13069507051488186,0.1510958894971173,-0.12105322959974087,0.16533546306533584,-0.18142271797820084
2023-08-31,0.10434143986723439,0.07407966614745852,0.07162269944756919,0.09710801358524532,0.08325008067916737,0.08898935579102643,0.07942443203880693,0.09284333524833767,0.07498339486335612,0.08858515815402594,-0.08672516371205126,-0.1521835663335483,-0.5031076497595854,-0.15012257208413635,-0.1753183759172729,-0.2032280114780678,-0.1979619006819237,0.10727271021278871,0.052798720160717495,-0.04443841666751996,-0.0834322957459801,0.11215590154622228,0.17054779940612144,-0.12677091349175754,0.15057673250732265,-0.12280724622067173,0.1589654657408738,-0.18078946260487977
2023-09-30,0.1067412965765642,0.07478617715935988,0.07833294566888961,0.09926179087418584,-0.08670113545353533,0.09163479755285671,0.08347549234069356,0.09878221205452721,0.07665324062113059,0.09131534903094869,-0.08446654651765548,-0.15873500221709783,-0.5707071721491107,-0.14991124258644253,0.18973107350447282,-0.2092367278010451,-0.2016618717685032,0.12107332919535696,0.05512656270067933,-0.050224728708485086,-0.0944832517640424,0.12139803850722745,0.19068113298029712,-0.13848162012792106,0.16928899763734664,-0.13118372232948342,0.17781021674238265,-0.19951796671556496
2023-10-31,0.10988028399928947,0.07882221235258495,0.08178492672610814,0.10486801937655747,0.09067644584675831,0.09459053316250621,0.0884822425823754,0.1051991716391777,0.07638822299489338,0.09201744761357863,-0.08525381460519312,-0.17320788990509198,-0.6358415977325323,-0.1591785609312941,0.20517516316548284,-0.22168121349099418,-0.21350669375547104,0.13021532838720593,0.05965299052231122,0.05463392833291952,0.10658934537776385,0.12907752955716822,0.1977377690657647,-0.15194639744717883,0.1851724520672775,-0.1406714243169572,0.19211273852632016,-0.21334809825746096
2023-11-30,0.10731731206580322,0.07760919432288772,-0.07951056645129251,0.10333924100001361,0.09285046779894504,0.09354178693102876,0.08791590075577169,0.10109086109026043,-0.07602496162471793,-0.09091529679533457,-0.07369120013139573,-0.1598270116614553,-0.6553867770345326,-0.1461015231604703,0.20698447939554213,-0.21656665329048377,-0.1938561675645574,0.11141744040726209,0.05768601180656217,0.04729253437630908,-0.09246764849252145,0.13257055260190062,0.20058948558135578,-0.17058292603658695,0.1880346243445184,-0.1449196067731938,0.2036695623304688,-0.22106569581520574
2023-12-31,0.1091333802096989,0.08130856491835274,-0.06780505911027272,0.10274278051019874,-0.09071695163308824,0.09106659184290158,0.08607082091742815,0.10420186491644132,-0.07670197740589137,-0.08672573375852297,-0.07119410524714445,-0.15160995869741992,-0.6330907632245344,-0.1370093306890988,0.19717612870828047,-0.21366563369898542,-0.18130933644174155,0.11566226996392433,0.05859926255835412,-0.04537749269820691,-0.08930896679601101,0.1235626420307873,0.19090545635750095,-0.15782936895514105,0.17136327172776492,-0.13752067116418354,0.20058566829056373,-0.2041417704029591
2024-01-31,0.11703974281007501,0.08878370550473387,0.06555388629720528,0.10743147987662985,0.09312103453262169,0.09574628688787179,0.09290620843120878,0.10324308290624983,0.07418997204732329,0.08722687505272028,-0.07191453351901203,-0.15407461865053154,-0.6163037859475853,0.1385806994388333,0.19987456543282617,-0.2057419807982764,0.1832477159519495,0.1064979925835435,-0.056460761903391964,-0.044885652733044665,-0.08877151600855916,0.12305347318169002,-0.18511369731973817,-0.13232459366775626,0.17146518933393287,-0.1372559496106365,0.19360647470401607,-0.1970184249277948
2024-02-29,0.12522839460595053,0.09145360455089406,-0.06812790098731379,0.11219916878331616,-0.09384593629531916,0.09704407827008735,0.09616886081358815,-0.10796000810676978,-0.07982072944183884,-0.09601126172721483,-0.07819481688278337,-0.16865642252387342,-0.6563323716561209,-0.1493994463956205,0.21342138539939962,-0.22405386824850762,-0.19920883483745286,-0.11526429823683172,-0.06032778659556729,-0.046828541002090676,-0.09556743176915171,0.12096869362989336,-0.20182851671437357,-0.13726597259326453,0.18693977853618018,-0.14673307335796787,0.19217607557836458,0.21454623883774301
2024-03-31,0.11859607124074731,0.0879896187554309,0.06292057171794634,0.11666142728826163,0.09503187419533288,0.10624294039994973,0.09845935018855453,0.10639614643578287,0.08178079277404374,0.0899506291490086,-0.08008112488890926,-0.16662556038488718,-0.6495042054607294,0.15556558253141478,0.2218574041161712,-0.23017102369264264,-0.19995324744684279,0.12445897355247446,0.061101432071646186,0.049191554817321896,-0.10152564923965625,0.12609940476690687,-0.21836671516995726,-0.14735206021803607,0.2024813058989414,-0.15391885901684246,0.19412166606821857,0.22591482169490454
2024-04-30,0.12530589261324301,0.08990224254557022,0.06766083319564732,0.12485734902535058,0.10281006994679907,0.10302731376255334,0.10587278230303361,0.11767849130854968,0.08422605391674158,0.09715778485497649,-0.08827146844345975,-0.18325267857586977,-0.7133489837905233,-0.17179936000289123,0.24563130328810664,-0.2488919701921851,-0.2199747924907621,0.12192212293004363,-0.05998065665204574,0.05378925822977743,-0.10954928085809734,0.11370446558234537,-0.23226942606798215,-0.15734357942548136,0.21065505705278273,-0.16253616296521625,-0.1996924324225357,0.23846037236610163
2024-05-31,0.12102306508782991,0.08655855226511809,0.07072768188700426,0.12346618539483005,0.10332670122793965,0.09971274981681387,0.10357929559152894,0.12229450588610973,-0.08556602568222835,0.10360086576595413,-0.09090181556198425,-0.18384987723082014,-0.7198024771824798,-0.17197202778646545,0.25044298064261483,-0.25348708995017194,-0.2209893213934009,0.10454267390979179,-0.05357678233880523,0.059342108712601635,-0.11870762339621611,0.08318529787396285,-0.2320556449078829,-0.16271225048144974,-0.2083362162197309,-0.1587856106644306,-0.20948193001908053,0.24070306151961998
2024-06-30,0.12463803092721662,0.09097445133707761,0.07476323406239585,0.12138715371146001,0.10462113040409135,0.09587954456750794,0.10393746912654722,0.12378156121015428,0.08489272443311732,0.10107421534112285,-0.09707713933058468,-0.19568524211276422,-0.7721679481848559,-0.18123882126498625,0.25412333178997704,-0.27061786285445855,-0.23380637434357315,0.09560126028190086,0.044396991198312974,0.06085372695414384,0.11120246156581325,0.06677466968120614,-0.24914790129336067,-0.1482567059280043,0.2280192624749851,-0.16082574486429743,-0.2057574288835466,0.24703344925022255
2024-07-31,0.1374546255864914,0.09635330288188237,0.07968834096384955,0.12019123958253188,0.10827948844938469,0.09847228993697528,0.09747797547699188,0.12131361638246059,0.08946323917330187,0.10341590313354254,-0.09573135990832758,-0.1946767294871388,-0.7947314634303657,-0.18815163118822364,0.2780564307453452,-0.2770623657579491,-0.23680299494709925,0.08838442724927016,0.04081377144673137,0.05991286957629479,0.11073036376414062,0.06888286314976186,-0.2492707049686063,-0.15854736832493765,-0.2420963163208044,-0.17126429942909366,-0.20584770096737515,0.2502005074525858
2024-08-31,0.12403832488129499,0.08187353226740215,0.07091294161399778,0.11763127467760727,-0.10781074457532826,0.09467219813798752,0.0959981029636315,0.12431529680034559,0.09183589090452368,0.10822193887401964,-0.09709009932830893,-0.20692529298077766,-0.8608855752902865,0.19262503455216115,0.3032996111075087,-0.2984021291123053,-0.2491944200926701,0.08928069202446264,0.0431800151591259,0.06337049104092482,-0.11628401827354237,0.0722206251494555,-0.2725879504744193,-0.14881289285450608,-0.25362602151584984,-0.18581113634597587,-0.20897951100498996,0.27072748386020024
2024-09-30,0.10134167385868047,0.06997369775996982,0.06243239607293298,0.09962325665187546,0.09202458621247611,0.0680782910802387,0.09311261572484286,0.10974697841325468,0.07856541689815286,0.09641126695150479,-0.09538623925390778,0.19914545309349352,0.7293958633303878,0.1994901194179121,0.3103903125462155,0.303266659233608,0.247063197739034,0.09067059007694801,0.04439973938449117,-0.053603436241666545,-0.1027989751890493,0.07713103875575014,-0.24154490055846597,-0.11928202148435592,0.2257965358194895,0.17349386884624965,-0.17746687658372248,-0.23826000141008263
2024-10-31,0.10286756276153912,0.07004843296712318,0.06507230392704266,0.09550722179368101,0.07888272770904062,0.06426863212510446,0.09056938359276583,0.1095786619540118,0.07634671963802468,0.09947563949263918,0.10148540365795741,0.21690258244912583,0.7764391767686425,0.21673387645242106,0.33723020696579864,0.3216760919624619,0.27147536729369814,0.09473423944768693,0.04276222186963924,-0.04880778394275034,-0.09555343741076604,0.08048758771876896,0.24747836803978948,-0.12046220021292688,0.22036368025258118,0.16456443439348564,0.18395285656135335,-0.244054874073721
2024-11-30,0.11433987591269766,0.07770404793815092,0.07156333071317149,0.1030586415744165,0.08071494327507008,0.07025368099027758,0.09655240277445962,0.11431053811975293,0.08616708844248636,0.11252484854030971,0.10557173431482303,0.22259226195624834,0.7774109302474891,0.2167537290770872,0.354182113759187,0.31774672986955105,0.27646264096457235,0.10323223420044494,0.0433254692172148,-0.043299847042004604,-0.08449006116206005,0.08446595311541269,-0.26215619544537944,-0.1229745597026374,0.2259315974593322,-0.17226515320615052,-0.20037397867336848,-0.258552311074793
2024-12-31,0.11152361151707661,0.07814443356004494,0.06449820396171789,0.1053425440410579,0.0824293317794885,0.07809440537919995,0.08964319844981372,0.11286800322665172,0.08382467473543567,0.11191733021271229,0.09452393356928365,0.2119366003395023,-0.815519756434391,0.19267314148193854,0.36663222952983354,0.3204706978067768,0.2615508923186771,0.08496472911090727,0.04407550045385662,-0.04504004147158085,-0.08539410638099502,0.09190959560386494,-0.200828282792969,-0.11774011636970402,-0.20217301102826477,-0.1557906153988404,-0.18065051855419575,0.20640882019659962
2025-01-31,0.105856909628914,0.07577408254787324,0.06559629409655399,-0.10845830627870559,0.08725032950970654,0.07893643598312702,0.09382228046977394,0.11639790543155336,-0.0824525577326392,0.10764484684067886,-0.09809978539452797,-0.22061452653417896,-0.8874049808698451,-0.19398822476453392,0.32381344379359067,-0.32996479571165915,-0.2699104394703789,0.0890460711194446,0.047461289301753924,0.049941324653478884,-0.09425034833702868,0.09283442709279117,-0.2068488153245438,-0.12399122177527566,-0.20480445615487652,-0.1571461428118901,-0.1888203975991304,0.21526948605031654
2025-02-28,0.105292852711333,0.07376914199443711,0.07041339995411545,0.1096851095066929,0.08900173447350837,0.08120912064584247,0.09358914278309141,0.11000577202198267,0.0848056465289214,0.10918525773809576,-0.10473300963546464,-0.22443213411024954,-0.9371781322162873,-0.1991821317048162,0.3277936087971493,-0.34258355047265626,-0.2752652516113605,0.09327880476597673,0.050691202766459435,0.05045762939557922,-0.09652017729449347,0.09779718685984495,-0.1889821574006236,-0.13445327845684923,-0.17774942667370056,-0.1614114043137071,-0.1944057901139882,0.20335163943891388
2025-03-31,0.10789920366702209,0.07458177030475167,0.0729761820393253,0.11022621206209726,0.09018700599232597,-0.08516657536418092,0.0848803538717752,0.11706121132156558,-0.08558620989749725,0.10371384471089642,-0.10152027382092875,-0.22096858671736852,0.9576772629223892,0.2032925223108637,0.3478609788936077,0.3342029289900216,0.2721184042215086,0.09465650565581937,0.055256540522400886,-0.05255658037562692,0.09962236038379355,0.0994971395820783,-0.18663295179578593,-0.13613452132229567,-0.18478226488332625,-0.1615396757586169,-0.19260390452569043,0.200791604235641
2025-04-30,0.08911960829372388,0.06477673039099842,-0.06883488687225058,0.10003152983119755,0.08402969573275827,-0.08225772421083456,0.07294741044127129,0.11169095806079177,-0.08322875253924246,0.08889979684577744,-0.10607574171807643,-0.22407563823918403,0.9625519508033195,-0.2143316186616109,0.3249107879366098,0.32022534800618346,-0.28163518289741074,0.09975955411081143,0.05756450113773165,-0.056554223916187474,-0.11200979143945676,0.10612758579895343,-0.17372450918139973,-0.14597640775922396,0.19326824566914375,-0.1642904145958021,-0.20047439692941094,0.19814638445730745
2025-05-31,0.04643732844210267,0.03963933320467167,-0.04664151121689607,0.05813486260348765,0.05757868817250726,0.05373533683511316,0.05068668916237184,0.06239019350505358,0.047286181967044864,0.06155602808233975,0.09142979939939626,0.20391155514761755,0.8872268514499181,0.15536766154684398,0.16812774651934226,0.2550448137414865,0.24358722420868886,0.07174114244252816,0.04885334096745179,-0.04183154578718838,-0.07883300302645697,0.08446399953901143,0.1420439242966799,0.11816641145195939,0.16648585488424464,-0.1074878071840386,0.11108791833596209,-0.15459342430199455
2025-06-30,0.05190586407406479,0.044318047741881084,-0.05001197413444692,0.06623900401212438,0.06458249958723336,0.059591944461892137,0.05644322928548625,0.07042167494542338,0.05357837262094406,0.07150608720575484,-0.09609475855626441,0.20654271549237163,0.855824394462183,0.16397271070117125,0.18452019372605163,0.26189414922115406,0.25048571541884773,0.06435642457506907,0.05216753502685663,-0.04348487197454338,-0.08324646406012469,0.09233854791564446,0.14439597973667437,0.10846485934805235,0.17015348592269433,-0.1115394828381355,0.1156717560990834,-0.15354364905082515
2025-07-31,0.05964896874814251,0.05084651114986742,0.05562290884633634,0.07369701246566067,0.06967916014422113,0.06457134859135176,0.062433990567487774,0.07966463711143985,0.05994861891909603,0.0810056774524482,-0.10072692271956639,0.21507754999111026,0.8837356323601292,0.17873729985714976,0.21248462935451692,0.27982901379490593,0.26276937628982694,0.06815693810329447,0.05167504820698008,-0.03644301993892089,-0.07367327564187051,0.09844826382254142,0.15811498383618688,0.11804313642949289,0.17749683589677195,-0.12359884565555981,0.12637233954974514,-0.16614566020574878
2025-08-31,0.0704746993652275,0.06008505262880531,-0.061435986296470714,0.07974456157248093,0.0801192059470724,0.06441520321629761,0.06731758435993608,0.08742420463236265,0.06754419113154735,0.09074664813870882,-0.10551349890398445,-0.22831574342745012,-0.9467845504617347,-0.19402296967404606,0.24493522943419685,-0.30005370287310723,-0.28141805711638873,0.0748879145788326,0.053387359527540236,-0.04015913465100964,0.08272480711300335,0.10428147024843651,0.16125502808413048,-0.12821654844977978,0.18348721764734283,-0.1316527720229911,0.13654840472784877,-0.17104378870023304
2025-09-30,0.07878133666493604,0.06651769419595463,0.06170539041734617,0.08740404477331294,0.0864637594841887,0.06936817647779271,0.07499953706411833,0.09896184119394982,0.07547208105535749,0.09589927784327848,-0.11562271466595356,-0.23962862920276073,-0.859961162478861,-0.20995024457830141,0.26939881475764654,0.30901863700007576,-0.29596913674673164,0.08289046063155212,0.05792056733791702,-0.04427570497180252,0.09202359739661123,0.10668847727343804,0.16343672464316555,-0.13127285806954442,0.19700133352629148,-0.14662418423872123,0.1475214221285663,-0.17523184217233156
2025-10-31,0.09060383939327601,0.07623859072105572,0.06802633845880425,0.09758467467050265,0.09650513594626531,0.07678817392464077,0.08263798482574361,0.1069898348294874,-0.08209919304617494,0.10621108779617704,-0.11861519166057964,-0.25936409915345016,-0.9587323636068338,-0.22236176714089465,0.3044614215183044,-0.33786932570766437,-0.31801721881585426,0.08644337177649572,0.05841828702336814,0.04668437683755074,0.09712834833166453,0.10956317034126059,0.17436347451811907,-0.14407648627548286,-0.1995892605342304,-0.15994518221209558,0.15597620913991947,-0.18494916139206702
2025-11-30,0.09441661067158218,0.07628921171567885,0.06786133052700735,0.10580417857654767,0.08610028220086745,0.07455825751423883,0.09172050678938949,0.1160619122155738,0.08850559165921949,0.10527221805100587,-0.12814716967771053,0.2762952472584847,0.9890303082297426,0.243922964707892,0.312186505524984,0.3605214289169891,0.34552707368367874,0.06095452284487711,0.04473591963972603,-0.04770016864548178,0.09711602600289419,0.11879343089219765,0.19470873681292322,-0.1444957879825544,0.21502105700678445,-0.17186714382083793,0.17002541338415553,-0.20253753532116445
2025-12-31,0.09405643636122504,0.07263690385329094,-0.06488347288605291,0.10297599115499716,0.08871809898516546,0.07536160427627402,0.0874432843424235,0.10968832421178235,-0.08739531265135873,0.09577221595750776,-0.13836072788495715,0.29752601748409513,1.0842382767804442,0.2568497437220223,0.3348001884436142,0.3837268502968082,0.37453230590598574,0.06476017811877333,0.04375245718780556,-0.049753223672689216,0.10253063200663878,-0.1098985621100933,0.21626698669236552,-0.15582810990856724,0.2185191538476259,-0.18060191406762607,0.18336169528707424,-0.22315021809244753
2026-01-31,0.10585679307170785,0.07985664130461159,0.07146260716365739,0.11570034801315673,0.09881425594117275,0.08510764472568991,0.09774531414641581,0.11820346362309915,0.0950935664471545,0.10431629172085058,-0.14911521602624936,0.32044698686313416,1.1769001492779907,0.2742592337320929,0.3788426287139587,0.4128690429442447,0.3994989186723988,0.06611414938871539,0.03372713118266125,-0.05193894446193993,0.10575342836206233,-0.12415262602409867,0.2454234473243416,-0.16191006116226495,0.23018283634732933,0.1963816516990882,0.2014165537061203,-0.24744372671399356
2026-02-28,0.11214518994503753,0.0856154841676829,0.07602391683558316,0.11510252212616215,0.09573557686969376,0.0856696397676291,0.10076606880385308,0.11877645502741675,0.0964110255101128,0.11400477724757926,-0.15235373196973298,0.33990714810203715,1.3316214345788846,0.28559807743393134,0.42543092839212543,0.43498540893374443,0.42617027206087116,0.06268825251837408,0.02841925490533271,-0.04932164308292257,0.09963192897218973,-0.13823253754254783,0.21894519161165674,-0.1548231030052754,0.21744167443768506,0.18942873640225177,0.16372767484062997,-0.22438583647461094
2026-03-31,0.11113658135798514,0.08229819904330396,0.0744974465084437,0.11393952591294307,0.08731852879372573,0.07940501591658775,0.10386405881166318,0.10839454986222449,0.08858403054339438,0.09023787986025777,-0.15477471233193185,0.3364378169499235,1.3215021414240071,0.3138014146327573,0.4694759314605804,0.4545648106784457,0.43613583355060875,0.04155279287022414,0.0168335163913495,0.047422483742155866,0.07770110610615119,-0.15392957474704913,0.22425372178689074,-0.15532666323679517,0.21295471968403415,0.17157125724171451,0.17041509686334375,-0.2274042914742392
2026-04-30,0.10424273912249757,0.0798546791293721,0.06928999686158394,0.08132710681616005,0.060899623625293255,0.06322562191867986,0.07235636539392974,0.08484730994921581,0.06821130298699356,0.0849654340799055,-0.13305695608108378,-0.2693539610814878,-0.959521453062003,0.22904158856518406,0.30635553974264956,-0.3718153419622294,0.3335532756423973,0.04028108636740786,0.017992836270435554,0.02813803256123859,0.0642087055435379,0.15682513277412444,0.2083661869820276,-0.16163771452307024,0.19479008744892873,0.15044483385663016,0.16978367545383619,-0.2158792060267287
2026-05-31,0.09857315590042573,0.07537130356300495,0.06988019875923955,0.07633935865868971,0.05716221302200546,0.061226819852839724,0.06844020771384983,0.08206223333188,0.07002619511772981,0.08879243834269254,-0.14627047733768403,-0.28518061360965924,-0.9815555573485053,0.2388029027799083,0.2982801098346784,-0.40022097590674505,0.3504125926162556,0.043918005260872646,0.020038646228052206,0.024214870483187788,0.06411620892462902,0.1534746042877639,0.22164961960177026,-0.18154804794151364,0.2056981057747582,0.1577270157318575,0.18241118401918524,-0.22820673045766388
2026-06-30,0.106294910998608,0.07780203363096802,0.06988909909207133,0.07565532817702943,0.054157039963427946,0.06514012380427614,0.06546566336539958,0.07708374485838902,0.0694701258955512,0.09177532117888092,-0.14486435064726086,0.2765476779636545,-1.0075780605260583,0.23948327045095677,0.3047711011713498,0.40518131170163746,0.3352385134091902,0.04837021012985338,0.021027217878161093,0.024839336843404815,0.06305062679734348,0.12931517532958386,-0.24026891724431784,-0.1732321695791666,-0.20557904974687705,0.16060245757427177,0.19234253549723732,0.23883937257695192
