date,portfolio_value
1993-01-29,100000000.0
1993-02-01,100000000.0
1993-02-02,100000000.0
1993-02-03,100000000.0
1993-02-04,100000000.0
1993-02-05,100000000.0
1993-02-08,100000000.0
1993-02-09,100000000.0
1993-02-10,100000000.0
1993-02-11,100000000.0
1993-02-12,100000000.0
1993-02-15,100000000.0
1993-02-16,100000000.0
1993-02-17,100000000.0
1993-02-18,100000000.0
1993-02-19,100000000.0
1993-02-22,100000000.0
1993-02-23,100000000.0
1993-02-24,100000000.0
1993-02-25,100000000.0
1993-02-26,100000000.0
1993-03-01,100000000.0
1993-03-02,100000000.0
1993-03-03,100000000.0
1993-03-04,100000000.0
1993-03-05,100000000.0
1993-03-08,100000000.0
1993-03-09,100000000.0
1993-03-10,100000000.0
1993-03-11,100000000.0
1993-03-12,100000000.0
1993-03-15,100000000.0
1993-03-16,100000000.0
1993-03-17,100000000.0
1993-03-18,100000000.0
1993-03-19,100000000.0
1993-03-22,100000000.0
1993-03-23,100000000.0
1993-03-24,100000000.0
1993-03-25,100000000.0
1993-03-26,100000000.0
1993-03-29,100000000.0
1993-03-30,100000000.0
1993-03-31,100000000.0
1993-04-01,100000000.0
1993-04-02,100000000.0
1993-04-05,100000000.0
1993-04-06,100000000.0
1993-04-07,100000000.0
1993-04-08,100000000.0
1993-04-09,100000000.0
1993-04-12,100000000.0
1993-04-13,100000000.0
1993-04-14,100000000.0
1993-04-15,100000000.0
1993-04-16,100000000.0
1993-04-19,100000000.0
1993-04-20,100000000.0
1993-04-21,100000000.0
1993-04-22,100000000.0
1993-04-23,100000000.0
1993-04-26,100000000.0
1993-04-27,100000000.0
1993-04-28,100000000.0
1993-04-29,100000000.0
1993-04-30,100000000.0
1993-05-03,100000000.0
1993-05-04,100000000.0
1993-05-05,100000000.0
1993-05-06,100000000.0
1993-05-07,100000000.0
1993-05-10,100000000.0
1993-05-11,100000000.0
1993-05-12,100000000.0
1993-05-13,100000000.0
1993-05-14,100000000.0
1993-05-17,100000000.0
1993-05-18,100000000.0
1993-05-19,100000000.0
1993-05-20,100000000.0
1993-05-21,100000000.0
1993-05-24,100000000.0
1993-05-25,100000000.0
1993-05-26,100000000.0
1993-05-27,100000000.0
1993-05-28,100000000.0
1993-05-31,100000000.0
1993-06-01,100000000.0
1993-06-02,100000000.0
1993-06-03,100000000.0
1993-06-04,100000000.0
1993-06-07,100000000.0
1993-06-08,100000000.0
1993-06-09,100000000.0
1993-06-10,100000000.0
1993-06-11,100000000.0
1993-06-14,100000000.0
1993-06-15,100000000.0
1993-06-16,100000000.0
1993-06-17,100000000.0
1993-06-18,100000000.0
1993-06-21,100000000.0
1993-06-22,100000000.0
1993-06-23,100000000.0
1993-06-24,100000000.0
1993-06-25,100000000.0
1993-06-28,100000000.0
1993-06-29,100000000.0
1993-06-30,100000000.0
1993-07-01,100000000.0
1993-07-02,100000000.0
1993-07-05,100000000.0
1993-07-06,100000000.0
1993-07-07,100000000.0
1993-07-08,100000000.0
1993-07-09,100000000.0
1993-07-12,100000000.0
1993-07-13,100000000.0
1993-07-14,100000000.0
1993-07-15,100000000.0
1993-07-16,100000000.0
1993-07-19,100000000.0
1993-07-20,100000000.0
1993-07-21,100000000.0
1993-07-22,100000000.0
1993-07-23,100000000.0
1993-07-26,100000000.0
1993-07-27,100000000.0
1993-07-28,100000000.0
1993-07-29,100000000.0
1993-07-30,100000000.0
1993-08-02,100000000.0
1993-08-03,100000000.0
1993-08-04,100000000.0
1993-08-05,100000000.0
1993-08-06,100000000.0
1993-08-09,100000000.0
1993-08-10,100000000.0
1993-08-11,100000000.0
1993-08-12,100000000.0
1993-08-13,100000000.0
1993-08-16,100000000.0
1993-08-17,100000000.0
1993-08-18,100000000.0
1993-08-19,100000000.0
1993-08-20,100000000.0
1993-08-23,100000000.0
1993-08-24,100000000.0
1993-08-25,100000000.0
1993-08-26,100000000.0
1993-08-27,100000000.0
1993-08-30,100000000.0
1993-08-31,100000000.0
1993-09-01,100000000.0
1993-09-02,100000000.0
1993-09-03,100000000.0
1993-09-06,100000000.0
1993-09-07,100000000.0
1993-09-08,100000000.0
1993-09-09,100000000.0
1993-09-10,100000000.0
1993-09-13,100000000.0
1993-09-14,100000000.0
1993-09-15,100000000.0
1993-09-16,100000000.0
1993-09-17,100000000.0
1993-09-20,100000000.0
1993-09-21,100000000.0
1993-09-22,100000000.0
1993-09-23,100000000.0
1993-09-24,100000000.0
1993-09-27,100000000.0
1993-09-28,100000000.0
1993-09-29,100000000.0
1993-09-30,100000000.0
1993-10-01,100000000.0
1993-10-04,100000000.0
1993-10-05,100000000.0
1993-10-06,100000000.0
1993-10-07,100000000.0
1993-10-08,100000000.0
1993-10-11,100000000.0
1993-10-12,100000000.0
1993-10-13,100000000.0
1993-10-14,100000000.0
1993-10-15,100000000.0
1993-10-18,100000000.0
1993-10-19,100000000.0
1993-10-20,100000000.0
1993-10-21,100000000.0
1993-10-22,100000000.0
1993-10-25,100000000.0
1993-10-26,100000000.0
1993-10-27,100000000.0
1993-10-28,100000000.0
1993-10-29,100000000.0
1993-11-01,100000000.0
1993-11-02,100000000.0
1993-11-03,100000000.0
1993-11-04,100000000.0
1993-11-05,100000000.0
1993-11-08,100000000.0
1993-11-09,100000000.0
1993-11-10,100000000.0
1993-11-11,100000000.0
1993-11-12,100000000.0
1993-11-15,100000000.0
1993-11-16,100000000.0
1993-11-17,100000000.0
1993-11-18,100000000.0
1993-11-19,100000000.0
1993-11-22,100000000.0
1993-11-23,100000000.0
1993-11-24,100000000.0
1993-11-25,100000000.0
1993-11-26,100000000.0
1993-11-29,100000000.0
1993-11-30,100000000.0
1993-12-01,100000000.0
1993-12-02,100000000.0
1993-12-03,100000000.0
1993-12-06,100000000.0
1993-12-07,100000000.0
1993-12-08,100000000.0
1993-12-09,100000000.0
1993-12-10,100000000.0
1993-12-13,100000000.0
1993-12-14,100000000.0
1993-12-15,100000000.0
1993-12-16,100000000.0
1993-12-17,100000000.0
1993-12-20,100000000.0
1993-12-21,100000000.0
1993-12-22,100000000.0
1993-12-23,100000000.0
1993-12-24,100000000.0
1993-12-27,100000000.0
1993-12-28,100000000.0
1993-12-29,100000000.0
1993-12-30,100000000.0
1993-12-31,100000000.0
1994-01-03,100000000.0
1994-01-04,100000000.0
1994-01-05,100000000.0
1994-01-06,100000000.0
1994-01-07,100000000.0
1994-01-10,100000000.0
1994-01-11,100000000.0
1994-01-12,100000000.0
1994-01-13,100000000.0
1994-01-14,100000000.0
1994-01-17,100000000.0
1994-01-18,100000000.0
1994-01-19,100000000.0
1994-01-20,100000000.0
1994-01-21,100000000.0
1994-01-24,100000000.0
1994-01-25,100000000.0
1994-01-26,100000000.0
1994-01-27,100000000.0
1994-01-28,100000000.0
1994-01-31,100000000.0
1994-02-01,100000000.0
1994-02-02,100000000.0
1994-02-03,100000000.0
1994-02-04,100000000.0
1994-02-07,100000000.0
1994-02-08,100000000.0
1994-02-09,100000000.0
1994-02-10,100000000.0
1994-02-11,100000000.0
1994-02-14,100000000.0
1994-02-15,100000000.0
1994-02-16,100000000.0
1994-02-17,100000000.0
1994-02-18,100000000.0
1994-02-21,100000000.0
1994-02-22,100000000.0
1994-02-23,100000000.0
1994-02-24,100000000.0
1994-02-25,100000000.0
1994-02-28,100000000.0
1994-03-01,100000000.0
1994-03-02,100000000.0
1994-03-03,100000000.0
1994-03-04,100000000.0
1994-03-07,100000000.0
1994-03-08,100000000.0
1994-03-09,100000000.0
1994-03-10,100000000.0
1994-03-11,100000000.0
1994-03-14,100000000.0
1994-03-15,100000000.0
1994-03-16,100000000.0
1994-03-17,100000000.0
1994-03-18,100000000.0
1994-03-21,100000000.0
1994-03-22,100000000.0
1994-03-23,100000000.0
1994-03-24,100000000.0
1994-03-25,100000000.0
1994-03-28,100000000.0
1994-03-29,100000000.0
1994-03-30,100000000.0
1994-03-31,100000000.0
1994-04-01,100000000.0
1994-04-04,100000000.0
1994-04-05,100000000.0
1994-04-06,100000000.0
1994-04-07,100000000.0
1994-04-08,100000000.0
1994-04-11,100000000.0
1994-04-12,100000000.0
1994-04-13,100000000.0
1994-04-14,100000000.0
1994-04-15,100000000.0
1994-04-18,100000000.0
1994-04-19,100000000.0
1994-04-20,100000000.0
1994-04-21,100000000.0
1994-04-22,100000000.0
1994-04-25,100000000.0
1994-04-26,100000000.0
1994-04-27,100000000.0
1994-04-28,100000000.0
1994-04-29,100000000.0
1994-05-02,100000000.0
1994-05-03,100000000.0
1994-05-04,100000000.0
1994-05-05,100000000.0
1994-05-06,100000000.0
1994-05-09,100000000.0
1994-05-10,100000000.0
1994-05-11,100000000.0
1994-05-12,100000000.0
1994-05-13,100000000.0
1994-05-16,100000000.0
1994-05-17,100000000.0
1994-05-18,100000000.0
1994-05-19,100000000.0
1994-05-20,100000000.0
1994-05-23,100000000.0
1994-05-24,100000000.0
1994-05-25,100000000.0
1994-05-26,100000000.0
1994-05-27,100000000.0
1994-05-30,100000000.0
1994-05-31,100000000.0
1994-06-01,100000000.0
1994-06-02,100000000.0
1994-06-03,100000000.0
1994-06-06,100000000.0
1994-06-07,100000000.0
1994-06-08,100000000.0
1994-06-09,100000000.0
1994-06-10,100000000.0
1994-06-13,100000000.0
1994-06-14,100000000.0
1994-06-15,100000000.0
1994-06-16,100000000.0
1994-06-17,100000000.0
1994-06-20,100000000.0
1994-06-21,100000000.0
1994-06-22,100000000.0
1994-06-23,100000000.0
1994-06-24,100000000.0
1994-06-27,100000000.0
1994-06-28,100000000.0
1994-06-29,100000000.0
1994-06-30,100000000.0
1994-07-01,100000000.0
1994-07-04,100000000.0
1994-07-05,100000000.0
1994-07-06,100000000.0
1994-07-07,100000000.0
1994-07-08,100000000.0
1994-07-11,100000000.0
1994-07-12,100000000.0
1994-07-13,100000000.0
1994-07-14,100000000.0
1994-07-15,100000000.0
1994-07-18,100000000.0
1994-07-19,100000000.0
1994-07-20,100000000.0
1994-07-21,100000000.0
1994-07-22,100000000.0
1994-07-25,100000000.0
1994-07-26,100000000.0
1994-07-27,100000000.0
1994-07-28,100000000.0
1994-07-29,100000000.0
1994-08-01,100000000.0
1994-08-02,100000000.0
1994-08-03,100000000.0
1994-08-04,100000000.0
1994-08-05,100000000.0
1994-08-08,100000000.0
1994-08-09,100000000.0
1994-08-10,100000000.0
1994-08-11,100000000.0
1994-08-12,100000000.0
1994-08-15,100000000.0
1994-08-16,100000000.0
1994-08-17,100000000.0
1994-08-18,100000000.0
1994-08-19,100000000.0
1994-08-22,100000000.0
1994-08-23,100000000.0
1994-08-24,100000000.0
1994-08-25,100000000.0
1994-08-26,100000000.0
1994-08-29,100000000.0
1994-08-30,100000000.0
1994-08-31,100000000.0
1994-09-01,100000000.0
1994-09-02,100000000.0
1994-09-05,100000000.0
1994-09-06,100000000.0
1994-09-07,100000000.0
1994-09-08,100000000.0
1994-09-09,100000000.0
1994-09-12,100000000.0
1994-09-13,100000000.0
1994-09-14,100000000.0
1994-09-15,100000000.0
1994-09-16,100000000.0
1994-09-19,100000000.0
1994-09-20,100000000.0
1994-09-21,100000000.0
1994-09-22,100000000.0
1994-09-23,100000000.0
1994-09-26,100000000.0
1994-09-27,100000000.0
1994-09-28,100000000.0
1994-09-29,100000000.0
1994-09-30,100000000.0
1994-10-03,100000000.0
1994-10-04,100000000.0
1994-10-05,100000000.0
1994-10-06,100000000.0
1994-10-07,100000000.0
1994-10-10,100000000.0
1994-10-11,100000000.0
1994-10-12,100000000.0
1994-10-13,100000000.0
1994-10-14,100000000.0
1994-10-17,100000000.0
1994-10-18,100000000.0
1994-10-19,100000000.0
1994-10-20,100000000.0
1994-10-21,100000000.0
1994-10-24,100000000.0
1994-10-25,100000000.0
1994-10-26,100000000.0
1994-10-27,100000000.0
1994-10-28,100000000.0
1994-10-31,100000000.0
1994-11-01,100000000.0
1994-11-02,100000000.0
1994-11-03,100000000.0
1994-11-04,100000000.0
1994-11-07,100000000.0
1994-11-08,100000000.0
1994-11-09,100000000.0
1994-11-10,100000000.0
1994-11-11,100000000.0
1994-11-14,100000000.0
1994-11-15,100000000.0
1994-11-16,100000000.0
1994-11-17,100000000.0
1994-11-18,100000000.0
1994-11-21,100000000.0
1994-11-22,100000000.0
1994-11-23,100000000.0
1994-11-24,100000000.0
1994-11-25,100000000.0
1994-11-28,100000000.0
1994-11-29,100000000.0
1994-11-30,100000000.0
1994-12-01,100000000.0
1994-12-02,100000000.0
1994-12-05,100000000.0
1994-12-06,100000000.0
1994-12-07,100000000.0
1994-12-08,100000000.0
1994-12-09,100000000.0
1994-12-12,100000000.0
1994-12-13,100000000.0
1994-12-14,100000000.0
1994-12-15,100000000.0
1994-12-16,100000000.0
1994-12-19,100000000.0
1994-12-20,100000000.0
1994-12-21,100000000.0
1994-12-22,100000000.0
1994-12-23,100000000.0
1994-12-26,100000000.0
1994-12-27,100000000.0
1994-12-28,100000000.0
1994-12-29,100000000.0
1994-12-30,100000000.0
1995-01-02,100000000.0
1995-01-03,100000000.0
1995-01-04,100000000.0
1995-01-05,100000000.0
1995-01-06,100000000.0
1995-01-09,100000000.0
1995-01-10,100000000.0
1995-01-11,100000000.0
1995-01-12,100000000.0
1995-01-13,100000000.0
1995-01-16,100000000.0
1995-01-17,100000000.0
1995-01-18,100000000.0
1995-01-19,100000000.0
1995-01-20,100000000.0
1995-01-23,100000000.0
1995-01-24,100000000.0
1995-01-25,100000000.0
1995-01-26,100000000.0
1995-01-27,100000000.0
1995-01-30,100000000.0
1995-01-31,100000000.0
1995-02-01,100000000.0
1995-02-02,100000000.0
1995-02-03,100000000.0
1995-02-06,100000000.0
1995-02-07,100000000.0
1995-02-08,100000000.0
1995-02-09,100000000.0
1995-02-10,100000000.0
1995-02-13,100000000.0
1995-02-14,100000000.0
1995-02-15,100000000.0
1995-02-16,100000000.0
1995-02-17,100000000.0
1995-02-20,100000000.0
1995-02-21,100000000.0
1995-02-22,100000000.0
1995-02-23,100000000.0
1995-02-24,100000000.0
1995-02-27,100000000.0
1995-02-28,100000000.0
1995-03-01,100000000.0
1995-03-02,100000000.0
1995-03-03,100000000.0
1995-03-06,100000000.0
1995-03-07,100000000.0
1995-03-08,100000000.0
1995-03-09,100000000.0
1995-03-10,100000000.0
1995-03-13,100000000.0
1995-03-14,100000000.0
1995-03-15,100000000.0
1995-03-16,100000000.0
1995-03-17,100000000.0
1995-03-20,100000000.0
1995-03-21,100000000.0
1995-03-22,100000000.0
1995-03-23,100000000.0
1995-03-24,100000000.0
1995-03-27,100000000.0
1995-03-28,100000000.0
1995-03-29,100000000.0
1995-03-30,100000000.0
1995-03-31,100000000.0
1995-04-03,100000000.0
1995-04-04,100000000.0
1995-04-05,100000000.0
1995-04-06,100000000.0
1995-04-07,100000000.0
1995-04-10,100000000.0
1995-04-11,100000000.0
1995-04-12,100000000.0
1995-04-13,100000000.0
1995-04-14,100000000.0
1995-04-17,100000000.0
1995-04-18,100000000.0
1995-04-19,100000000.0
1995-04-20,100000000.0
1995-04-21,100000000.0
1995-04-24,100000000.0
1995-04-25,100000000.0
1995-04-26,100000000.0
1995-04-27,100000000.0
1995-04-28,100000000.0
1995-05-01,100000000.0
1995-05-02,100000000.0
1995-05-03,100000000.0
1995-05-04,100000000.0
1995-05-05,100000000.0
1995-05-08,100000000.0
1995-05-09,100000000.0
1995-05-10,100000000.0
1995-05-11,100000000.0
1995-05-12,100000000.0
1995-05-15,100000000.0
1995-05-16,100000000.0
1995-05-17,100000000.0
1995-05-18,100000000.0
1995-05-19,100000000.0
1995-05-22,100000000.0
1995-05-23,100000000.0
1995-05-24,100000000.0
1995-05-25,100000000.0
1995-05-26,100000000.0
1995-05-29,100000000.0
1995-05-30,100000000.0
1995-05-31,100000000.0
1995-06-01,100000000.0
1995-06-02,100000000.0
1995-06-05,100000000.0
1995-06-06,100000000.0
1995-06-07,100000000.0
1995-06-08,100000000.0
1995-06-09,100000000.0
1995-06-12,100000000.0
1995-06-13,100000000.0
1995-06-14,100000000.0
1995-06-15,100000000.0
1995-06-16,100000000.0
1995-06-19,100000000.0
1995-06-20,100000000.0
1995-06-21,100000000.0
1995-06-22,100000000.0
1995-06-23,100000000.0
1995-06-26,100000000.0
1995-06-27,100000000.0
1995-06-28,100000000.0
1995-06-29,100000000.0
1995-06-30,100000000.0
1995-07-03,100000000.0
1995-07-04,100000000.0
1995-07-05,100000000.0
1995-07-06,100000000.0
1995-07-07,100000000.0
1995-07-10,100000000.0
1995-07-11,100000000.0
1995-07-12,100000000.0
1995-07-13,100000000.0
1995-07-14,100000000.0
1995-07-17,100000000.0
1995-07-18,100000000.0
1995-07-19,100000000.0
1995-07-20,100000000.0
1995-07-21,100000000.0
1995-07-24,100000000.0
1995-07-25,100000000.0
1995-07-26,100000000.0
1995-07-27,100000000.0
1995-07-28,100000000.0
1995-07-31,100000000.0
1995-08-01,100000000.0
1995-08-02,100000000.0
1995-08-03,100000000.0
1995-08-04,100000000.0
1995-08-07,100000000.0
1995-08-08,100000000.0
1995-08-09,100000000.0
1995-08-10,100000000.0
1995-08-11,100000000.0
1995-08-14,100000000.0
1995-08-15,100000000.0
1995-08-16,100000000.0
1995-08-17,100000000.0
1995-08-18,100000000.0
1995-08-21,100000000.0
1995-08-22,100000000.0
1995-08-23,100000000.0
1995-08-24,100000000.0
1995-08-25,100000000.0
1995-08-28,100000000.0
1995-08-29,100000000.0
1995-08-30,100000000.0
1995-08-31,100000000.0
1995-09-01,100000000.0
1995-09-04,100000000.0
1995-09-05,100000000.0
1995-09-06,100000000.0
1995-09-07,100000000.0
1995-09-08,100000000.0
1995-09-11,100000000.0
1995-09-12,100000000.0
1995-09-13,100000000.0
1995-09-14,100000000.0
1995-09-15,100000000.0
1995-09-18,100000000.0
1995-09-19,100000000.0
1995-09-20,100000000.0
1995-09-21,100000000.0
1995-09-22,100000000.0
1995-09-25,100000000.0
1995-09-26,100000000.0
1995-09-27,100000000.0
1995-09-28,100000000.0
1995-09-29,100000000.0
1995-10-02,100000000.0
1995-10-03,100000000.0
1995-10-04,100000000.0
1995-10-05,100000000.0
1995-10-06,100000000.0
1995-10-09,100000000.0
1995-10-10,100000000.0
1995-10-11,100000000.0
1995-10-12,100000000.0
1995-10-13,100000000.0
1995-10-16,100000000.0
1995-10-17,100000000.0
1995-10-18,100000000.0
1995-10-19,100000000.0
1995-10-20,100000000.0
1995-10-23,100000000.0
1995-10-24,100000000.0
1995-10-25,100000000.0
1995-10-26,100000000.0
1995-10-27,100000000.0
1995-10-30,100000000.0
1995-10-31,100000000.0
1995-11-01,100000000.0
1995-11-02,100000000.0
1995-11-03,100000000.0
1995-11-06,100000000.0
1995-11-07,100000000.0
1995-11-08,100000000.0
1995-11-09,100000000.0
1995-11-10,100000000.0
1995-11-13,100000000.0
1995-11-14,100000000.0
1995-11-15,100000000.0
1995-11-16,100000000.0
1995-11-17,100000000.0
1995-11-20,100000000.0
1995-11-21,100000000.0
1995-11-22,100000000.0
1995-11-23,100000000.0
1995-11-24,100000000.0
1995-11-27,100000000.0
1995-11-28,100000000.0
1995-11-29,100000000.0
1995-11-30,100000000.0
1995-12-01,100000000.0
1995-12-04,100000000.0
1995-12-05,100000000.0
1995-12-06,100000000.0
1995-12-07,100000000.0
1995-12-08,100000000.0
1995-12-11,100000000.0
1995-12-12,100000000.0
1995-12-13,100000000.0
1995-12-14,100000000.0
1995-12-15,100000000.0
1995-12-18,100000000.0
1995-12-19,100000000.0
1995-12-20,100000000.0
1995-12-21,100000000.0
1995-12-22,100000000.0
1995-12-25,100000000.0
1995-12-26,100000000.0
1995-12-27,100000000.0
1995-12-28,100000000.0
1995-12-29,100000000.0
1996-01-01,100000000.0
1996-01-02,100000000.0
1996-01-03,100000000.0
1996-01-04,100000000.0
1996-01-05,100000000.0
1996-01-08,100000000.0
1996-01-09,100000000.0
1996-01-10,100000000.0
1996-01-11,100000000.0
1996-01-12,100000000.0
1996-01-15,100000000.0
1996-01-16,100000000.0
1996-01-17,100000000.0
1996-01-18,100000000.0
1996-01-19,100000000.0
1996-01-22,100000000.0
1996-01-23,100000000.0
1996-01-24,100000000.0
1996-01-25,100000000.0
1996-01-26,100000000.0
1996-01-29,100000000.0
1996-01-30,100000000.0
1996-01-31,100000000.0
1996-02-01,100000000.0
1996-02-02,100000000.0
1996-02-05,100000000.0
1996-02-06,100000000.0
1996-02-07,100000000.0
1996-02-08,100000000.0
1996-02-09,100000000.0
1996-02-12,100000000.0
1996-02-13,100000000.0
1996-02-14,100000000.0
1996-02-15,100000000.0
1996-02-16,100000000.0
1996-02-19,100000000.0
1996-02-20,100000000.0
1996-02-21,100000000.0
1996-02-22,100000000.0
1996-02-23,100000000.0
1996-02-26,100000000.0
1996-02-27,100000000.0
1996-02-28,100000000.0
1996-02-29,100000000.0
1996-03-01,100000000.0
1996-03-04,100000000.0
1996-03-05,100000000.0
1996-03-06,100000000.0
1996-03-07,100000000.0
1996-03-08,100000000.0
1996-03-11,100000000.0
1996-03-12,100000000.0
1996-03-13,100000000.0
1996-03-14,100000000.0
1996-03-15,100000000.0
1996-03-18,100000000.0
1996-03-19,100000000.0
1996-03-20,100000000.0
1996-03-21,100000000.0
1996-03-22,100000000.0
1996-03-25,100000000.0
1996-03-26,100000000.0
1996-03-27,100000000.0
1996-03-28,100000000.0
1996-03-29,100000000.0
1996-04-01,100000000.0
1996-04-02,100000000.0
1996-04-03,100000000.0
1996-04-04,100000000.0
1996-04-05,100000000.0
1996-04-08,100000000.0
1996-04-09,100000000.0
1996-04-10,100000000.0
1996-04-11,100000000.0
1996-04-12,100000000.0
1996-04-15,100000000.0
1996-04-16,100000000.0
1996-04-17,100000000.0
1996-04-18,100000000.0
1996-04-19,100000000.0
1996-04-22,100000000.0
1996-04-23,100000000.0
1996-04-24,100000000.0
1996-04-25,100000000.0
1996-04-26,100000000.0
1996-04-29,100000000.0
1996-04-30,100000000.0
1996-05-01,100000000.0
1996-05-02,100000000.0
1996-05-03,100000000.0
1996-05-06,100000000.0
1996-05-07,100000000.0
1996-05-08,100000000.0
1996-05-09,100000000.0
1996-05-10,100000000.0
1996-05-13,100000000.0
1996-05-14,100000000.0
1996-05-15,100000000.0
1996-05-16,100000000.0
1996-05-17,100000000.0
1996-05-20,100000000.0
1996-05-21,100000000.0
1996-05-22,100000000.0
1996-05-23,100000000.0
1996-05-24,100000000.0
1996-05-27,100000000.0
1996-05-28,100000000.0
1996-05-29,100000000.0
1996-05-30,100000000.0
1996-05-31,100000000.0
1996-06-03,100000000.0
1996-06-04,100000000.0
1996-06-05,100000000.0
1996-06-06,100000000.0
1996-06-07,100000000.0
1996-06-10,100000000.0
1996-06-11,100000000.0
1996-06-12,100000000.0
1996-06-13,100000000.0
1996-06-14,100000000.0
1996-06-17,100000000.0
1996-06-18,100000000.0
1996-06-19,100000000.0
1996-06-20,100000000.0
1996-06-21,100000000.0
1996-06-24,100000000.0
1996-06-25,100000000.0
1996-06-26,100000000.0
1996-06-27,100000000.0
1996-06-28,100000000.0
1996-07-01,100000000.0
1996-07-02,100000000.0
1996-07-03,100000000.0
1996-07-04,100000000.0
1996-07-05,100000000.0
1996-07-08,100000000.0
1996-07-09,100000000.0
1996-07-10,100000000.0
1996-07-11,100000000.0
1996-07-12,100000000.0
1996-07-15,100000000.0
1996-07-16,100000000.0
1996-07-17,100000000.0
1996-07-18,100000000.0
1996-07-19,100000000.0
1996-07-22,100000000.0
1996-07-23,100000000.0
1996-07-24,100000000.0
1996-07-25,100000000.0
1996-07-26,100000000.0
1996-07-29,100000000.0
1996-07-30,100000000.0
1996-07-31,100000000.0
1996-08-01,100000000.0
1996-08-02,100000000.0
1996-08-05,100000000.0
1996-08-06,100000000.0
1996-08-07,100000000.0
1996-08-08,100000000.0
1996-08-09,100000000.0
1996-08-12,100000000.0
1996-08-13,100000000.0
1996-08-14,100000000.0
1996-08-15,100000000.0
1996-08-16,100000000.0
1996-08-19,100000000.0
1996-08-20,100000000.0
1996-08-21,100000000.0
1996-08-22,100000000.0
1996-08-23,100000000.0
1996-08-26,100000000.0
1996-08-27,100000000.0
1996-08-28,100000000.0
1996-08-29,100000000.0
1996-08-30,100000000.0
1996-09-02,100000000.0
1996-09-03,100000000.0
1996-09-04,100000000.0
1996-09-05,100000000.0
1996-09-06,100000000.0
1996-09-09,100000000.0
1996-09-10,100000000.0
1996-09-11,100000000.0
1996-09-12,100000000.0
1996-09-13,100000000.0
1996-09-16,100000000.0
1996-09-17,100000000.0
1996-09-18,100000000.0
1996-09-19,100000000.0
1996-09-20,100000000.0
1996-09-23,100000000.0
1996-09-24,100000000.0
1996-09-25,100000000.0
1996-09-26,100000000.0
1996-09-27,100000000.0
1996-09-30,100000000.0
1996-10-01,100000000.0
1996-10-02,100000000.0
1996-10-03,100000000.0
1996-10-04,100000000.0
1996-10-07,100000000.0
1996-10-08,100000000.0
1996-10-09,100000000.0
1996-10-10,100000000.0
1996-10-11,100000000.0
1996-10-14,100000000.0
1996-10-15,100000000.0
1996-10-16,100000000.0
1996-10-17,100000000.0
1996-10-18,100000000.0
1996-10-21,100000000.0
1996-10-22,100000000.0
1996-10-23,100000000.0
1996-10-24,100000000.0
1996-10-25,100000000.0
1996-10-28,100000000.0
1996-10-29,100000000.0
1996-10-30,100000000.0
1996-10-31,100000000.0
1996-11-01,100000000.0
1996-11-04,100000000.0
1996-11-05,100000000.0
1996-11-06,100000000.0
1996-11-07,100000000.0
1996-11-08,100000000.0
1996-11-11,100000000.0
1996-11-12,100000000.0
1996-11-13,100000000.0
1996-11-14,100000000.0
1996-11-15,100000000.0
1996-11-18,100000000.0
1996-11-19,100000000.0
1996-11-20,100000000.0
1996-11-21,100000000.0
1996-11-22,100000000.0
1996-11-25,100000000.0
1996-11-26,100000000.0
1996-11-27,100000000.0
1996-11-28,100000000.0
1996-11-29,100000000.0
1996-12-02,100000000.0
1996-12-03,100000000.0
1996-12-04,100000000.0
1996-12-05,100000000.0
1996-12-06,100000000.0
1996-12-09,100000000.0
1996-12-10,100000000.0
1996-12-11,100000000.0
1996-12-12,100000000.0
1996-12-13,100000000.0
1996-12-16,100000000.0
1996-12-17,100000000.0
1996-12-18,100000000.0
1996-12-19,100000000.0
1996-12-20,100000000.0
1996-12-23,100000000.0
1996-12-24,100000000.0
1996-12-25,100000000.0
1996-12-26,100000000.0
1996-12-27,100000000.0
1996-12-30,100000000.0
1996-12-31,100000000.0
1997-01-01,100000000.0
1997-01-02,100000000.0
1997-01-03,100000000.0
1997-01-06,100000000.0
1997-01-07,100000000.0
1997-01-08,100000000.0
1997-01-09,100000000.0
1997-01-10,100000000.0
1997-01-13,100000000.0
1997-01-14,100000000.0
1997-01-15,100000000.0
1997-01-16,100000000.0
1997-01-17,100000000.0
1997-01-20,100000000.0
1997-01-21,100000000.0
1997-01-22,100000000.0
1997-01-23,100000000.0
1997-01-24,100000000.0
1997-01-27,100000000.0
1997-01-28,100000000.0
1997-01-29,100000000.0
1997-01-30,100000000.0
1997-01-31,100000000.0
1997-02-03,100000000.0
1997-02-04,100000000.0
1997-02-05,100000000.0
1997-02-06,100000000.0
1997-02-07,100000000.0
1997-02-10,100000000.0
1997-02-11,100000000.0
1997-02-12,100000000.0
1997-02-13,100000000.0
1997-02-14,100000000.0
1997-02-17,100000000.0
1997-02-18,100000000.0
1997-02-19,100000000.0
1997-02-20,100000000.0
1997-02-21,100000000.0
1997-02-24,100000000.0
1997-02-25,100000000.0
1997-02-26,100000000.0
1997-02-27,100000000.0
1997-02-28,100000000.0
1997-03-03,100000000.0
1997-03-04,100000000.0
1997-03-05,100000000.0
1997-03-06,100000000.0
1997-03-07,100000000.0
1997-03-10,100000000.0
1997-03-11,100000000.0
1997-03-12,100000000.0
1997-03-13,100000000.0
1997-03-14,100000000.0
1997-03-17,100000000.0
1997-03-18,100000000.0
1997-03-19,100000000.0
1997-03-20,100000000.0
1997-03-21,100000000.0
1997-03-24,100000000.0
1997-03-25,100000000.0
1997-03-26,100000000.0
1997-03-27,100000000.0
1997-03-28,100000000.0
1997-03-31,100000000.0
1997-04-01,100000000.0
1997-04-02,100000000.0
1997-04-03,100000000.0
1997-04-04,100000000.0
1997-04-07,100000000.0
1997-04-08,100000000.0
1997-04-09,100000000.0
1997-04-10,100000000.0
1997-04-11,100000000.0
1997-04-14,100000000.0
1997-04-15,100000000.0
1997-04-16,100000000.0
1997-04-17,100000000.0
1997-04-18,100000000.0
1997-04-21,100000000.0
1997-04-22,100000000.0
1997-04-23,100000000.0
1997-04-24,100000000.0
1997-04-25,100000000.0
1997-04-28,100000000.0
1997-04-29,100000000.0
1997-04-30,100000000.0
1997-05-01,100000000.0
1997-05-02,100000000.0
1997-05-05,100000000.0
1997-05-06,100000000.0
1997-05-07,100000000.0
1997-05-08,100000000.0
1997-05-09,100000000.0
1997-05-12,100000000.0
1997-05-13,100000000.0
1997-05-14,100000000.0
1997-05-15,100000000.0
1997-05-16,100000000.0
1997-05-19,100000000.0
1997-05-20,100000000.0
1997-05-21,100000000.0
1997-05-22,100000000.0
1997-05-23,100000000.0
1997-05-26,100000000.0
1997-05-27,100000000.0
1997-05-28,100000000.0
1997-05-29,100000000.0
1997-05-30,100000000.0
1997-06-02,100000000.0
1997-06-03,100000000.0
1997-06-04,100000000.0
1997-06-05,100000000.0
1997-06-06,100000000.0
1997-06-09,100000000.0
1997-06-10,100000000.0
1997-06-11,100000000.0
1997-06-12,100000000.0
1997-06-13,100000000.0
1997-06-16,100000000.0
1997-06-17,100000000.0
1997-06-18,100000000.0
1997-06-19,100000000.0
1997-06-20,100000000.0
1997-06-23,100000000.0
1997-06-24,100000000.0
1997-06-25,100000000.0
1997-06-26,100000000.0
1997-06-27,100000000.0
1997-06-30,100000000.0
1997-07-01,100000000.0
1997-07-02,100000000.0
1997-07-03,100000000.0
1997-07-04,100000000.0
1997-07-07,100000000.0
1997-07-08,100000000.0
1997-07-09,100000000.0
1997-07-10,100000000.0
1997-07-11,100000000.0
1997-07-14,100000000.0
1997-07-15,100000000.0
1997-07-16,100000000.0
1997-07-17,100000000.0
1997-07-18,100000000.0
1997-07-21,100000000.0
1997-07-22,100000000.0
1997-07-23,100000000.0
1997-07-24,100000000.0
1997-07-25,100000000.0
1997-07-28,100000000.0
1997-07-29,100000000.0
1997-07-30,100000000.0
1997-07-31,100000000.0
1997-08-01,100000000.0
1997-08-04,100000000.0
1997-08-05,100000000.0
1997-08-06,100000000.0
1997-08-07,100000000.0
1997-08-08,100000000.0
1997-08-11,100000000.0
1997-08-12,100000000.0
1997-08-13,100000000.0
1997-08-14,100000000.0
1997-08-15,100000000.0
1997-08-18,100000000.0
1997-08-19,100000000.0
1997-08-20,100000000.0
1997-08-21,100000000.0
1997-08-22,100000000.0
1997-08-25,100000000.0
1997-08-26,100000000.0
1997-08-27,100000000.0
1997-08-28,100000000.0
1997-08-29,100000000.0
1997-09-01,100000000.0
1997-09-02,100000000.0
1997-09-03,100000000.0
1997-09-04,100000000.0
1997-09-05,100000000.0
1997-09-08,100000000.0
1997-09-09,100000000.0
1997-09-10,100000000.0
1997-09-11,100000000.0
1997-09-12,100000000.0
1997-09-15,100000000.0
1997-09-16,100000000.0
1997-09-17,100000000.0
1997-09-18,100000000.0
1997-09-19,100000000.0
1997-09-22,100000000.0
1997-09-23,100000000.0
1997-09-24,100000000.0
1997-09-25,100000000.0
1997-09-26,100000000.0
1997-09-29,100000000.0
1997-09-30,100000000.0
1997-10-01,100000000.0
1997-10-02,100000000.0
1997-10-03,100000000.0
1997-10-06,100000000.0
1997-10-07,100000000.0
1997-10-08,100000000.0
1997-10-09,100000000.0
1997-10-10,100000000.0
1997-10-13,100000000.0
1997-10-14,100000000.0
1997-10-15,100000000.0
1997-10-16,100000000.0
1997-10-17,100000000.0
1997-10-20,100000000.0
1997-10-21,100000000.0
1997-10-22,100000000.0
1997-10-23,100000000.0
1997-10-24,100000000.0
1997-10-27,100000000.0
1997-10-28,100000000.0
1997-10-29,100000000.0
1997-10-30,100000000.0
1997-10-31,100000000.0
1997-11-03,100000000.0
1997-11-04,100000000.0
1997-11-05,100000000.0
1997-11-06,100000000.0
1997-11-07,100000000.0
1997-11-10,100000000.0
1997-11-11,100000000.0
1997-11-12,100000000.0
1997-11-13,100000000.0
1997-11-14,100000000.0
1997-11-17,100000000.0
1997-11-18,100000000.0
1997-11-19,100000000.0
1997-11-20,100000000.0
1997-11-21,100000000.0
1997-11-24,100000000.0
1997-11-25,100000000.0
1997-11-26,100000000.0
1997-11-27,100000000.0
1997-11-28,100000000.0
1997-12-01,100000000.0
1997-12-02,100000000.0
1997-12-03,100000000.0
1997-12-04,100000000.0
1997-12-05,100000000.0
1997-12-08,100000000.0
1997-12-09,100000000.0
1997-12-10,100000000.0
1997-12-11,100000000.0
1997-12-12,100000000.0
1997-12-15,100000000.0
1997-12-16,100000000.0
1997-12-17,100000000.0
1997-12-18,100000000.0
1997-12-19,100000000.0
1997-12-22,100000000.0
1997-12-23,100000000.0
1997-12-24,100000000.0
1997-12-25,100000000.0
1997-12-26,100000000.0
1997-12-29,100000000.0
1997-12-30,100000000.0
1997-12-31,100000000.0
1998-01-02,100000000.0
1998-01-05,100000000.0
1998-01-06,100000000.0
1998-01-07,100000000.0
1998-01-08,100000000.0
1998-01-09,100000000.0
1998-01-12,100000000.0
1998-01-13,100000000.0
1998-01-14,100000000.0
1998-01-15,100000000.0
1998-01-16,100000000.0
1998-01-20,100000000.0
1998-01-21,100000000.0
1998-01-22,100000000.0
1998-01-23,100000000.0
1998-01-26,100000000.0
1998-01-27,100000000.0
1998-01-28,100000000.0
1998-01-29,100000000.0
1998-01-30,100000000.0
1998-02-02,100000000.0
1998-02-03,100000000.0
1998-02-04,100000000.0
1998-02-05,100000000.0
1998-02-06,100000000.0
1998-02-09,100000000.0
1998-02-10,100000000.0
1998-02-11,100000000.0
1998-02-12,100000000.0
1998-02-13,100000000.0
1998-02-17,100000000.0
1998-02-18,100000000.0
1998-02-19,100000000.0
1998-02-20,100000000.0
1998-02-23,100000000.0
1998-02-24,100000000.0
1998-02-25,100000000.0
1998-02-26,100000000.0
1998-02-27,100000000.0
1998-03-02,100000000.0
1998-03-03,100000000.0
1998-03-04,100000000.0
1998-03-05,100000000.0
1998-03-06,100000000.0
1998-03-09,100000000.0
1998-03-10,100000000.0
1998-03-11,100000000.0
1998-03-12,100000000.0
1998-03-13,100000000.0
1998-03-16,100000000.0
1998-03-17,100000000.0
1998-03-18,100000000.0
1998-03-19,100000000.0
1998-03-20,100000000.0
1998-03-23,100000000.0
1998-03-24,100000000.0
1998-03-25,100000000.0
1998-03-26,100000000.0
1998-03-27,100000000.0
1998-03-30,100000000.0
1998-03-31,100000000.0
1998-04-01,100000000.0
1998-04-02,100000000.0
1998-04-03,100000000.0
1998-04-06,100000000.0
1998-04-07,100000000.0
1998-04-08,100000000.0
1998-04-09,100000000.0
1998-04-13,100000000.0
1998-04-14,100000000.0
1998-04-15,100000000.0
1998-04-16,100000000.0
1998-04-17,100000000.0
1998-04-20,100000000.0
1998-04-21,100000000.0
1998-04-22,100000000.0
1998-04-23,100000000.0
1998-04-24,100000000.0
1998-04-27,100000000.0
1998-04-28,100000000.0
1998-04-29,100000000.0
1998-04-30,100000000.0
1998-05-01,100000000.0
1998-05-04,100000000.0
1998-05-05,100000000.0
1998-05-06,100000000.0
1998-05-07,100000000.0
1998-05-08,100000000.0
1998-05-11,100000000.0
1998-05-12,100000000.0
1998-05-13,100000000.0
1998-05-14,100000000.0
1998-05-15,100000000.0
1998-05-18,100000000.0
1998-05-19,100000000.0
1998-05-20,100000000.0
1998-05-21,100000000.0
1998-05-22,100000000.0
1998-05-26,100000000.0
1998-05-27,100000000.0
1998-05-28,100000000.0
1998-05-29,100000000.0
1998-06-01,100000000.0
1998-06-02,100000000.0
1998-06-03,100000000.0
1998-06-04,100000000.0
1998-06-05,100000000.0
1998-06-08,100000000.0
1998-06-09,100000000.0
1998-06-10,100000000.0
1998-06-11,100000000.0
1998-06-12,100000000.0
1998-06-15,100000000.0
1998-06-16,100000000.0
1998-06-17,100000000.0
1998-06-18,100000000.0
1998-06-19,100000000.0
1998-06-22,100000000.0
1998-06-23,100000000.0
1998-06-24,100000000.0
1998-06-25,100000000.0
1998-06-26,100000000.0
1998-06-29,100000000.0
1998-06-30,100000000.0
1998-07-01,100000000.0
1998-07-02,100000000.0
1998-07-06,100000000.0
1998-07-07,100000000.0
1998-07-08,100000000.0
1998-07-09,100000000.0
1998-07-10,100000000.0
1998-07-13,100000000.0
1998-07-14,100000000.0
1998-07-15,100000000.0
1998-07-16,100000000.0
1998-07-17,100000000.0
1998-07-20,100000000.0
1998-07-21,100000000.0
1998-07-22,100000000.0
1998-07-23,100000000.0
1998-07-24,100000000.0
1998-07-27,100000000.0
1998-07-28,100000000.0
1998-07-29,100000000.0
1998-07-30,100000000.0
1998-07-31,100000000.0
1998-08-03,100000000.0
1998-08-04,100000000.0
1998-08-05,100000000.0
1998-08-06,100000000.0
1998-08-07,100000000.0
1998-08-10,100000000.0
1998-08-11,100000000.0
1998-08-12,100000000.0
1998-08-13,100000000.0
1998-08-14,100000000.0
1998-08-17,100000000.0
1998-08-18,100000000.0
1998-08-19,100000000.0
1998-08-20,100000000.0
1998-08-21,100000000.0
1998-08-24,100000000.0
1998-08-25,100000000.0
1998-08-26,100000000.0
1998-08-27,100000000.0
1998-08-28,100000000.0
1998-08-31,100000000.0
1998-09-01,100000000.0
1998-09-02,100000000.0
1998-09-03,100000000.0
1998-09-04,100000000.0
1998-09-08,100000000.0
1998-09-09,100000000.0
1998-09-10,100000000.0
1998-09-11,100000000.0
1998-09-14,100000000.0
1998-09-15,100000000.0
1998-09-16,100000000.0
1998-09-17,100000000.0
1998-09-18,100000000.0
1998-09-21,100000000.0
1998-09-22,100000000.0
1998-09-23,100000000.0
1998-09-24,100000000.0
1998-09-25,100000000.0
1998-09-28,100000000.0
1998-09-29,100000000.0
1998-09-30,100000000.0
1998-10-01,100000000.0
1998-10-02,100000000.0
1998-10-05,100000000.0
1998-10-06,100000000.0
1998-10-07,100000000.0
1998-10-08,100000000.0
1998-10-09,100000000.0
1998-10-12,100000000.0
1998-10-13,100000000.0
1998-10-14,100000000.0
1998-10-15,100000000.0
1998-10-16,100000000.0
1998-10-19,100000000.0
1998-10-20,100000000.0
1998-10-21,100000000.0
1998-10-22,100000000.0
1998-10-23,100000000.0
1998-10-26,100000000.0
1998-10-27,100000000.0
1998-10-28,100000000.0
1998-10-29,100000000.0
1998-10-30,100000000.0
1998-11-02,100000000.0
1998-11-03,100000000.0
1998-11-04,100000000.0
1998-11-05,100000000.0
1998-11-06,100000000.0
1998-11-09,100000000.0
1998-11-10,100000000.0
1998-11-11,100000000.0
1998-11-12,100000000.0
1998-11-13,100000000.0
1998-11-16,100000000.0
1998-11-17,100000000.0
1998-11-18,100000000.0
1998-11-19,100000000.0
1998-11-20,100000000.0
1998-11-23,100000000.0
1998-11-24,100000000.0
1998-11-25,100000000.0
1998-11-27,100000000.0
1998-11-30,100000000.0
1998-12-01,100000000.0
1998-12-02,100000000.0
1998-12-03,100000000.0
1998-12-04,100000000.0
1998-12-07,100000000.0
1998-12-08,100000000.0
1998-12-09,100000000.0
1998-12-10,100000000.0
1998-12-11,100000000.0
1998-12-14,100000000.0
1998-12-15,100000000.0
1998-12-16,100000000.0
1998-12-17,100000000.0
1998-12-18,100000000.0
1998-12-21,100000000.0
1998-12-22,100000000.0
1998-12-23,100000000.0
1998-12-24,100000000.0
1998-12-28,100000000.0
1998-12-29,100000000.0
1998-12-30,100000000.0
1998-12-31,100000000.0
1999-01-04,100000000.0
1999-01-05,100000000.0
1999-01-06,100000000.0
1999-01-07,100000000.0
1999-01-08,100000000.0
1999-01-11,100000000.0
1999-01-12,100000000.0
1999-01-13,100000000.0
1999-01-14,100000000.0
1999-01-15,100000000.0
1999-01-19,100000000.0
1999-01-20,100000000.0
1999-01-21,100000000.0
1999-01-22,100000000.0
1999-01-25,100000000.0
1999-01-26,100000000.0
1999-01-27,100000000.0
1999-01-28,100000000.0
1999-01-29,100000000.0
1999-02-01,100000000.0
1999-02-02,100000000.0
1999-02-03,100000000.0
1999-02-04,100000000.0
1999-02-05,100000000.0
1999-02-08,100000000.0
1999-02-09,100000000.0
1999-02-10,100000000.0
1999-02-11,100000000.0
1999-02-12,100000000.0
1999-02-16,100000000.0
1999-02-17,100000000.0
1999-02-18,100000000.0
1999-02-19,100000000.0
1999-02-22,100000000.0
1999-02-23,100000000.0
1999-02-24,100000000.0
1999-02-25,100000000.0
1999-02-26,100000000.0
1999-03-01,100000000.0
1999-03-02,100000000.0
1999-03-03,100000000.0
1999-03-04,100000000.0
1999-03-05,100000000.0
1999-03-08,100000000.0
1999-03-09,100000000.0
1999-03-10,100000000.0
1999-03-11,100000000.0
1999-03-12,100000000.0
1999-03-15,100000000.0
1999-03-16,100000000.0
1999-03-17,100000000.0
1999-03-18,100000000.0
1999-03-19,100000000.0
1999-03-22,100000000.0
1999-03-23,100000000.0
1999-03-24,100000000.0
1999-03-25,100000000.0
1999-03-26,100000000.0
1999-03-29,100000000.0
1999-03-30,100000000.0
1999-03-31,100000000.0
1999-04-01,100000000.0
1999-04-05,100000000.0
1999-04-06,100000000.0
1999-04-07,100000000.0
1999-04-08,100000000.0
1999-04-09,100000000.0
1999-04-12,100000000.0
1999-04-13,100000000.0
1999-04-14,100000000.0
1999-04-15,100000000.0
1999-04-16,100000000.0
1999-04-19,100000000.0
1999-04-20,100000000.0
1999-04-21,100000000.0
1999-04-22,100000000.0
1999-04-23,100000000.0
1999-04-26,100000000.0
1999-04-27,100000000.0
1999-04-28,100000000.0
1999-04-29,100000000.0
1999-04-30,100000000.0
1999-05-03,100000000.0
1999-05-04,100000000.0
1999-05-05,100000000.0
1999-05-06,100000000.0
1999-05-07,100000000.0
1999-05-10,100000000.0
1999-05-11,100000000.0
1999-05-12,100000000.0
1999-05-13,100000000.0
1999-05-14,100000000.0
1999-05-17,100000000.0
1999-05-18,100000000.0
1999-05-19,100000000.0
1999-05-20,100000000.0
1999-05-21,100000000.0
1999-05-24,100000000.0
1999-05-25,100000000.0
1999-05-26,100000000.0
1999-05-27,100000000.0
1999-05-28,100000000.0
1999-06-01,100000000.0
1999-06-02,100000000.0
1999-06-03,100000000.0
1999-06-04,100000000.0
1999-06-07,100000000.0
1999-06-08,100000000.0
1999-06-09,100000000.0
1999-06-10,100000000.0
1999-06-11,100000000.0
1999-06-14,100000000.0
1999-06-15,100000000.0
1999-06-16,100000000.0
1999-06-17,100000000.0
1999-06-18,100000000.0
1999-06-21,100000000.0
1999-06-22,100000000.0
1999-06-23,100000000.0
1999-06-24,100000000.0
1999-06-25,100000000.0
1999-06-28,100000000.0
1999-06-29,100000000.0
1999-06-30,100000000.0
1999-07-01,100000000.0
1999-07-02,100000000.0
1999-07-06,100000000.0
1999-07-07,100000000.0
1999-07-08,100000000.0
1999-07-09,100000000.0
1999-07-12,100000000.0
1999-07-13,100000000.0
1999-07-14,100000000.0
1999-07-15,100000000.0
1999-07-16,100000000.0
1999-07-19,100000000.0
1999-07-20,100000000.0
1999-07-21,100000000.0
1999-07-22,100000000.0
1999-07-23,100000000.0
1999-07-26,100000000.0
1999-07-27,100000000.0
1999-07-28,100000000.0
1999-07-29,100000000.0
1999-07-30,100000000.0
1999-08-02,100000000.0
1999-08-03,100000000.0
1999-08-04,100000000.0
1999-08-05,100000000.0
1999-08-06,100000000.0
1999-08-09,100000000.0
1999-08-10,100000000.0
1999-08-11,100000000.0
1999-08-12,100000000.0
1999-08-13,100000000.0
1999-08-16,100000000.0
1999-08-17,100000000.0
1999-08-18,100000000.0
1999-08-19,100000000.0
1999-08-20,100000000.0
1999-08-23,100000000.0
1999-08-24,100000000.0
1999-08-25,100000000.0
1999-08-26,100000000.0
1999-08-27,100000000.0
1999-08-30,100000000.0
1999-08-31,100000000.0
1999-09-01,100000000.0
1999-09-02,100000000.0
1999-09-03,100000000.0
1999-09-07,100000000.0
1999-09-08,100000000.0
1999-09-09,100000000.0
1999-09-10,100000000.0
1999-09-13,100000000.0
1999-09-14,100000000.0
1999-09-15,100000000.0
1999-09-16,100000000.0
1999-09-17,100000000.0
1999-09-20,100000000.0
1999-09-21,100000000.0
1999-09-22,100000000.0
1999-09-23,100000000.0
1999-09-24,100000000.0
1999-09-27,100000000.0
1999-09-28,100000000.0
1999-09-29,100000000.0
1999-09-30,100000000.0
1999-10-01,100000000.0
1999-10-04,100000000.0
1999-10-05,100000000.0
1999-10-06,100000000.0
1999-10-07,100000000.0
1999-10-08,100000000.0
1999-10-11,100000000.0
1999-10-12,100000000.0
1999-10-13,100000000.0
1999-10-14,100000000.0
1999-10-15,100000000.0
1999-10-18,100000000.0
1999-10-19,100000000.0
1999-10-20,100000000.0
1999-10-21,100000000.0
1999-10-22,100000000.0
1999-10-25,100000000.0
1999-10-26,100000000.0
1999-10-27,100000000.0
1999-10-28,100000000.0
1999-10-29,100000000.0
1999-11-01,100000000.0
1999-11-02,100000000.0
1999-11-03,100000000.0
1999-11-04,100000000.0
1999-11-05,100000000.0
1999-11-08,100000000.0
1999-11-09,100000000.0
1999-11-10,100000000.0
1999-11-11,100000000.0
1999-11-12,100000000.0
1999-11-15,100000000.0
1999-11-16,100000000.0
1999-11-17,100000000.0
1999-11-18,100000000.0
1999-11-19,100000000.0
1999-11-22,100000000.0
1999-11-23,100000000.0
1999-11-24,100000000.0
1999-11-26,100000000.0
1999-11-29,100000000.0
1999-11-30,100000000.0
1999-12-01,100000000.0
1999-12-02,100000000.0
1999-12-03,100000000.0
1999-12-06,100000000.0
1999-12-07,100000000.0
1999-12-08,100000000.0
1999-12-09,100000000.0
1999-12-10,100000000.0
1999-12-13,100000000.0
1999-12-14,100000000.0
1999-12-15,100000000.0
1999-12-16,100000000.0
1999-12-17,100000000.0
1999-12-20,100000000.0
1999-12-21,100000000.0
1999-12-22,100000000.0
1999-12-23,100000000.0
1999-12-27,100000000.0
1999-12-28,100000000.0
1999-12-29,100000000.0
1999-12-30,100000000.0
1999-12-31,100000000.0
2000-01-03,100000000.0
2000-01-04,100000000.0
2000-01-05,100000000.0
2000-01-06,100000000.0
2000-01-07,100000000.0
2000-01-10,100000000.0
2000-01-11,100000000.0
2000-01-12,100000000.0
2000-01-13,100000000.0
2000-01-14,100000000.0
2000-01-18,100000000.0
2000-01-19,100000000.0
2000-01-20,100000000.0
2000-01-21,100000000.0
2000-01-24,100000000.0
2000-01-25,100000000.0
2000-01-26,100000000.0
2000-01-27,100000000.0
2000-01-28,100000000.0
2000-01-31,100000000.0
2000-02-01,100000000.0
2000-02-02,100000000.0
2000-02-03,100000000.0
2000-02-04,100000000.0
2000-02-07,100000000.0
2000-02-08,100000000.0
2000-02-09,100000000.0
2000-02-10,100000000.0
2000-02-11,100000000.0
2000-02-14,100000000.0
2000-02-15,100000000.0
2000-02-16,100000000.0
2000-02-17,100000000.0
2000-02-18,100000000.0
2000-02-22,100000000.0
2000-02-23,100000000.0
2000-02-24,100000000.0
2000-02-25,100000000.0
2000-02-28,100000000.0
2000-02-29,100000000.0
2000-03-01,100000000.0
2000-03-02,100000000.0
2000-03-03,100000000.0
2000-03-06,100000000.0
2000-03-07,100000000.0
2000-03-08,100000000.0
2000-03-09,100000000.0
2000-03-10,100000000.0
2000-03-13,100000000.0
2000-03-14,100000000.0
2000-03-15,100000000.0
2000-03-16,100000000.0
2000-03-17,100000000.0
2000-03-20,100000000.0
2000-03-21,100000000.0
2000-03-22,100000000.0
2000-03-23,100000000.0
2000-03-24,100000000.0
2000-03-27,100000000.0
2000-03-28,100000000.0
2000-03-29,100000000.0
2000-03-30,100000000.0
2000-03-31,100000000.0
2000-04-03,100000000.0
2000-04-04,100000000.0
2000-04-05,100000000.0
2000-04-06,100000000.0
2000-04-07,100000000.0
2000-04-10,100000000.0
2000-04-11,100000000.0
2000-04-12,100000000.0
2000-04-13,100000000.0
2000-04-14,100000000.0
2000-04-17,100000000.0
2000-04-18,100000000.0
2000-04-19,100000000.0
2000-04-20,100000000.0
2000-04-24,100000000.0
2000-04-25,100000000.0
2000-04-26,100000000.0
2000-04-27,100000000.0
2000-04-28,100000000.0
2000-05-01,100000000.0
2000-05-02,100000000.0
2000-05-03,100000000.0
2000-05-04,100000000.0
2000-05-05,100000000.0
2000-05-08,100000000.0
2000-05-09,100000000.0
2000-05-10,100000000.0
2000-05-11,100000000.0
2000-05-12,100000000.0
2000-05-15,100000000.0
2000-05-16,100000000.0
2000-05-17,100000000.0
2000-05-18,100000000.0
2000-05-19,100000000.0
2000-05-22,100000000.0
2000-05-23,100000000.0
2000-05-24,100000000.0
2000-05-25,100000000.0
2000-05-26,100000000.0
2000-05-30,100000000.0
2000-05-31,100000000.0
2000-06-01,100000000.0
2000-06-02,100000000.0
2000-06-05,100000000.0
2000-06-06,100000000.0
2000-06-07,100000000.0
2000-06-08,100000000.0
2000-06-09,100000000.0
2000-06-12,100000000.0
2000-06-13,100000000.0
2000-06-14,100000000.0
2000-06-15,100000000.0
2000-06-16,100000000.0
2000-06-19,100000000.0
2000-06-20,100000000.0
2000-06-21,100000000.0
2000-06-22,100000000.0
2000-06-23,100000000.0
2000-06-26,100000000.0
2000-06-27,100000000.0
2000-06-28,100000000.0
2000-06-29,100000000.0
2000-06-30,100000000.0
2000-07-03,100000000.0
2000-07-05,100000000.0
2000-07-06,100000000.0
2000-07-07,100000000.0
2000-07-10,100000000.0
2000-07-11,100000000.0
2000-07-12,100000000.0
2000-07-13,100000000.0
2000-07-14,100000000.0
2000-07-17,100000000.0
2000-07-18,100000000.0
2000-07-19,100000000.0
2000-07-20,100000000.0
2000-07-21,100000000.0
2000-07-24,100000000.0
2000-07-25,100000000.0
2000-07-26,100000000.0
2000-07-27,100000000.0
2000-07-28,100000000.0
2000-07-31,100000000.0
2000-08-01,100000000.0
2000-08-02,100000000.0
2000-08-03,100000000.0
2000-08-04,100000000.0
2000-08-07,100000000.0
2000-08-08,100000000.0
2000-08-09,100000000.0
2000-08-10,100000000.0
2000-08-11,100000000.0
2000-08-14,100000000.0
2000-08-15,100000000.0
2000-08-16,100000000.0
2000-08-17,100000000.0
2000-08-18,100000000.0
2000-08-21,100000000.0
2000-08-22,100000000.0
2000-08-23,100000000.0
2000-08-24,100000000.0
2000-08-25,100000000.0
2000-08-28,100000000.0
2000-08-29,100000000.0
2000-08-30,100000000.0
2000-08-31,100000000.0
2000-09-01,100000000.0
2000-09-05,100000000.0
2000-09-06,100000000.0
2000-09-07,100000000.0
2000-09-08,100000000.0
2000-09-11,100000000.0
2000-09-12,100000000.0
2000-09-13,100000000.0
2000-09-14,100000000.0
2000-09-15,100000000.0
2000-09-18,100000000.0
2000-09-19,100000000.0
2000-09-20,100000000.0
2000-09-21,100000000.0
2000-09-22,100000000.0
2000-09-25,100000000.0
2000-09-26,100000000.0
2000-09-27,100000000.0
2000-09-28,100000000.0
2000-09-29,100000000.0
2000-10-02,100000000.0
2000-10-03,100000000.0
2000-10-04,100000000.0
2000-10-05,100000000.0
2000-10-06,100000000.0
2000-10-09,100000000.0
2000-10-10,100000000.0
2000-10-11,100000000.0
2000-10-12,100000000.0
2000-10-13,100000000.0
2000-10-16,100000000.0
2000-10-17,100000000.0
2000-10-18,100000000.0
2000-10-19,100000000.0
2000-10-20,100000000.0
2000-10-23,100000000.0
2000-10-24,100000000.0
2000-10-25,100000000.0
2000-10-26,100000000.0
2000-10-27,100000000.0
2000-10-30,100000000.0
2000-10-31,100000000.0
2000-11-01,100000000.0
2000-11-02,100000000.0
2000-11-03,100000000.0
2000-11-06,100000000.0
2000-11-07,100000000.0
2000-11-08,100000000.0
2000-11-09,100000000.0
2000-11-10,100000000.0
2000-11-13,100000000.0
2000-11-14,100000000.0
2000-11-15,100000000.0
2000-11-16,100000000.0
2000-11-17,100000000.0
2000-11-20,100000000.0
2000-11-21,100000000.0
2000-11-22,100000000.0
2000-11-24,100000000.0
2000-11-27,100000000.0
2000-11-28,100000000.0
2000-11-29,100000000.0
2000-11-30,100000000.0
2000-12-01,100000000.0
2000-12-04,100000000.0
2000-12-05,100000000.0
2000-12-06,100000000.0
2000-12-07,100000000.0
2000-12-08,100000000.0
2000-12-11,100000000.0
2000-12-12,100000000.0
2000-12-13,100000000.0
2000-12-14,100000000.0
2000-12-15,100000000.0
2000-12-18,100000000.0
2000-12-19,100000000.0
2000-12-20,100000000.0
2000-12-21,100000000.0
2000-12-22,100000000.0
2000-12-26,100000000.0
2000-12-27,100000000.0
2000-12-28,100000000.0
2000-12-29,100000000.0
2001-01-02,100000000.0
2001-01-03,100000000.0
2001-01-04,100000000.0
2001-01-05,100000000.0
2001-01-08,100000000.0
2001-01-09,100000000.0
2001-01-10,100000000.0
2001-01-11,100000000.0
2001-01-12,100000000.0
2001-01-16,100000000.0
2001-01-17,100000000.0
2001-01-18,100000000.0
2001-01-19,100000000.0
2001-01-22,100000000.0
2001-01-23,100000000.0
2001-01-24,100000000.0
2001-01-25,100000000.0
2001-01-26,100000000.0
2001-01-29,100000000.0
2001-01-30,100000000.0
2001-01-31,100000000.0
2001-02-01,100000000.0
2001-02-02,100000000.0
2001-02-05,100000000.0
2001-02-06,100000000.0
2001-02-07,100000000.0
2001-02-08,100000000.0
2001-02-09,100000000.0
2001-02-12,100000000.0
2001-02-13,100000000.0
2001-02-14,100000000.0
2001-02-15,100000000.0
2001-02-16,100000000.0
2001-02-20,100000000.0
2001-02-21,100000000.0
2001-02-22,100000000.0
2001-02-23,100000000.0
2001-02-26,100000000.0
2001-02-27,100000000.0
2001-02-28,100000000.0
2001-03-01,100000000.0
2001-03-02,100000000.0
2001-03-05,100000000.0
2001-03-06,100000000.0
2001-03-07,100000000.0
2001-03-08,100000000.0
2001-03-09,100000000.0
2001-03-12,100000000.0
2001-03-13,100000000.0
2001-03-14,100000000.0
2001-03-15,100000000.0
2001-03-16,100000000.0
2001-03-19,100000000.0
2001-03-20,100000000.0
2001-03-21,100000000.0
2001-03-22,100000000.0
2001-03-23,100000000.0
2001-03-26,100000000.0
2001-03-27,100000000.0
2001-03-28,100000000.0
2001-03-29,100000000.0
2001-03-30,100000000.0
2001-04-02,100000000.0
2001-04-03,100000000.0
2001-04-04,100000000.0
2001-04-05,100000000.0
2001-04-06,100000000.0
2001-04-09,100000000.0
2001-04-10,100000000.0
2001-04-11,100000000.0
2001-04-12,100000000.0
2001-04-16,100000000.0
2001-04-17,100000000.0
2001-04-18,100000000.0
2001-04-19,100000000.0
2001-04-20,100000000.0
2001-04-23,100000000.0
2001-04-24,100000000.0
2001-04-25,100000000.0
2001-04-26,100000000.0
2001-04-27,100000000.0
2001-04-30,100000000.0
2001-05-01,100000000.0
2001-05-02,100000000.0
2001-05-03,100000000.0
2001-05-04,100000000.0
2001-05-07,100000000.0
2001-05-08,100000000.0
2001-05-09,100000000.0
2001-05-10,100000000.0
2001-05-11,100000000.0
2001-05-14,100000000.0
2001-05-15,100000000.0
2001-05-16,100000000.0
2001-05-17,100000000.0
2001-05-18,100000000.0
2001-05-21,100000000.0
2001-05-22,100000000.0
2001-05-23,100000000.0
2001-05-24,100000000.0
2001-05-25,100000000.0
2001-05-29,100000000.0
2001-05-30,100000000.0
2001-05-31,100000000.0
2001-06-01,100000000.0
2001-06-04,100000000.0
2001-06-05,100000000.0
2001-06-06,100000000.0
2001-06-07,100000000.0
2001-06-08,100000000.0
2001-06-11,100000000.0
2001-06-12,100000000.0
2001-06-13,100000000.0
2001-06-14,100000000.0
2001-06-15,100000000.0
2001-06-18,100000000.0
2001-06-19,100000000.0
2001-06-20,100000000.0
2001-06-21,100000000.0
2001-06-22,100000000.0
2001-06-25,100000000.0
2001-06-26,100000000.0
2001-06-27,100000000.0
2001-06-28,100000000.0
2001-06-29,100000000.0
2001-07-02,100000000.0
2001-07-03,100000000.0
2001-07-05,100000000.0
2001-07-06,100000000.0
2001-07-09,100000000.0
2001-07-10,100000000.0
2001-07-11,100000000.0
2001-07-12,100000000.0
2001-07-13,100000000.0
2001-07-16,100000000.0
2001-07-17,100000000.0
2001-07-18,100000000.0
2001-07-19,100000000.0
2001-07-20,100000000.0
2001-07-23,100000000.0
2001-07-24,100000000.0
2001-07-25,100000000.0
2001-07-26,100000000.0
2001-07-27,100000000.0
2001-07-30,100000000.0
2001-07-31,100000000.0
2001-08-01,100000000.0
2001-08-02,100000000.0
2001-08-03,100000000.0
2001-08-06,100000000.0
2001-08-07,100000000.0
2001-08-08,100000000.0
2001-08-09,100000000.0
2001-08-10,100000000.0
2001-08-13,100000000.0
2001-08-14,100000000.0
2001-08-15,100000000.0
2001-08-16,100000000.0
2001-08-17,100000000.0
2001-08-20,100000000.0
2001-08-21,100000000.0
2001-08-22,100000000.0
2001-08-23,100000000.0
2001-08-24,100000000.0
2001-08-27,100000000.0
2001-08-28,100000000.0
2001-08-29,100000000.0
2001-08-30,100000000.0
2001-08-31,100000000.0
2001-09-04,100000000.0
2001-09-05,100000000.0
2001-09-06,100000000.0
2001-09-07,100000000.0
2001-09-10,100000000.0
2001-09-17,100000000.0
2001-09-18,100000000.0
2001-09-19,100000000.0
2001-09-20,100000000.0
2001-09-21,100000000.0
2001-09-24,100000000.0
2001-09-25,100000000.0
2001-09-26,100000000.0
2001-09-27,100000000.0
2001-09-28,100000000.0
2001-10-01,100000000.0
2001-10-02,100000000.0
2001-10-03,100000000.0
2001-10-04,100000000.0
2001-10-05,100000000.0
2001-10-08,100000000.0
2001-10-09,100000000.0
2001-10-10,100000000.0
2001-10-11,100000000.0
2001-10-12,100000000.0
2001-10-15,100000000.0
2001-10-16,100000000.0
2001-10-17,100000000.0
2001-10-18,100000000.0
2001-10-19,100000000.0
2001-10-22,100000000.0
2001-10-23,100000000.0
2001-10-24,100000000.0
2001-10-25,100000000.0
2001-10-26,100000000.0
2001-10-29,100000000.0
2001-10-30,100000000.0
2001-10-31,100000000.0
2001-11-01,100000000.0
2001-11-02,100000000.0
2001-11-05,100000000.0
2001-11-06,100000000.0
2001-11-07,100000000.0
2001-11-08,100000000.0
2001-11-09,100000000.0
2001-11-12,100000000.0
2001-11-13,100000000.0
2001-11-14,100000000.0
2001-11-15,100000000.0
2001-11-16,100000000.0
2001-11-19,100000000.0
2001-11-20,100000000.0
2001-11-21,100000000.0
2001-11-23,100000000.0
2001-11-26,100000000.0
2001-11-27,100000000.0
2001-11-28,100000000.0
2001-11-29,100000000.0
2001-11-30,100000000.0
2001-12-03,100000000.0
2001-12-04,100000000.0
2001-12-05,100000000.0
2001-12-06,100000000.0
2001-12-07,100000000.0
2001-12-10,100000000.0
2001-12-11,100000000.0
2001-12-12,100000000.0
2001-12-13,100000000.0
2001-12-14,100000000.0
2001-12-17,100000000.0
2001-12-18,100000000.0
2001-12-19,100000000.0
2001-12-20,100000000.0
2001-12-21,100000000.0
2001-12-24,100000000.0
2001-12-26,100000000.0
2001-12-27,100000000.0
2001-12-28,100000000.0
2001-12-31,100000000.0
2002-01-02,100000000.0
2002-01-03,100000000.0
2002-01-04,100000000.0
2002-01-07,100000000.0
2002-01-08,100000000.0
2002-01-09,100000000.0
2002-01-10,100000000.0
2002-01-11,100000000.0
2002-01-14,100000000.0
2002-01-15,100000000.0
2002-01-16,100000000.0
2002-01-17,100000000.0
2002-01-18,100000000.0
2002-01-22,100000000.0
2002-01-23,100000000.0
2002-01-24,100000000.0
2002-01-25,100000000.0
2002-01-28,100000000.0
2002-01-29,100000000.0
2002-01-30,100000000.0
2002-01-31,100000000.0
2002-02-01,100000000.0
2002-02-04,100000000.0
2002-02-05,100000000.0
2002-02-06,100000000.0
2002-02-07,100000000.0
2002-02-08,100000000.0
2002-02-11,100000000.0
2002-02-12,100000000.0
2002-02-13,100000000.0
2002-02-14,100000000.0
2002-02-15,100000000.0
2002-02-19,100000000.0
2002-02-20,100000000.0
2002-02-21,100000000.0
2002-02-22,100000000.0
2002-02-25,100000000.0
2002-02-26,100000000.0
2002-02-27,100000000.0
2002-02-28,100000000.0
2002-03-01,100000000.0
2002-03-04,100000000.0
2002-03-05,100000000.0
2002-03-06,100000000.0
2002-03-07,100000000.0
2002-03-08,100000000.0
2002-03-11,100000000.0
2002-03-12,100000000.0
2002-03-13,100000000.0
2002-03-14,100000000.0
2002-03-15,100000000.0
2002-03-18,100000000.0
2002-03-19,100000000.0
2002-03-20,100000000.0
2002-03-21,100000000.0
2002-03-22,100000000.0
2002-03-25,100000000.0
2002-03-26,100000000.0
2002-03-27,100000000.0
2002-03-28,100000000.0
2002-04-01,100000000.0
2002-04-02,100000000.0
2002-04-03,100000000.0
2002-04-04,100000000.0
2002-04-05,100000000.0
2002-04-08,100000000.0
2002-04-09,100000000.0
2002-04-10,100000000.0
2002-04-11,100000000.0
2002-04-12,100000000.0
2002-04-15,100000000.0
2002-04-16,100000000.0
2002-04-17,100000000.0
2002-04-18,100000000.0
2002-04-19,100000000.0
2002-04-22,100000000.0
2002-04-23,100000000.0
2002-04-24,100000000.0
2002-04-25,100000000.0
2002-04-26,100000000.0
2002-04-29,100000000.0
2002-04-30,100000000.0
2002-05-01,100000000.0
2002-05-02,100000000.0
2002-05-03,100000000.0
2002-05-06,100000000.0
2002-05-07,100000000.0
2002-05-08,100000000.0
2002-05-09,100000000.0
2002-05-10,100000000.0
2002-05-13,100000000.0
2002-05-14,100000000.0
2002-05-15,100000000.0
2002-05-16,100000000.0
2002-05-17,100000000.0
2002-05-20,100000000.0
2002-05-21,100000000.0
2002-05-22,100000000.0
2002-05-23,100000000.0
2002-05-24,100000000.0
2002-05-28,100000000.0
2002-05-29,100000000.0
2002-05-30,100000000.0
2002-05-31,100000000.0
2002-06-03,100000000.0
2002-06-04,100000000.0
2002-06-05,100000000.0
2002-06-06,100000000.0
2002-06-07,100000000.0
2002-06-10,100000000.0
2002-06-11,100000000.0
2002-06-12,100000000.0
2002-06-13,100000000.0
2002-06-14,100000000.0
2002-06-17,100000000.0
2002-06-18,100000000.0
2002-06-19,100000000.0
2002-06-20,100000000.0
2002-06-21,100000000.0
2002-06-24,100000000.0
2002-06-25,100000000.0
2002-06-26,100000000.0
2002-06-27,100000000.0
2002-06-28,100000000.0
2002-07-01,100000000.0
2002-07-02,100000000.0
2002-07-03,100000000.0
2002-07-05,100000000.0
2002-07-08,100000000.0
2002-07-09,100000000.0
2002-07-10,100000000.0
2002-07-11,100000000.0
2002-07-12,100000000.0
2002-07-15,100000000.0
2002-07-16,100000000.0
2002-07-17,100000000.0
2002-07-18,100000000.0
2002-07-19,100000000.0
2002-07-22,100000000.0
2002-07-23,100000000.0
2002-07-24,100000000.0
2002-07-25,100000000.0
2002-07-26,100000000.0
2002-07-29,100000000.0
2002-07-30,100000000.0
2002-07-31,100000000.0
2002-08-01,100000000.0
2002-08-02,100000000.0
2002-08-05,100000000.0
2002-08-06,100000000.0
2002-08-07,100000000.0
2002-08-08,100000000.0
2002-08-09,100000000.0
2002-08-12,100000000.0
2002-08-13,100000000.0
2002-08-14,100000000.0
2002-08-15,100000000.0
2002-08-16,100000000.0
2002-08-19,100000000.0
2002-08-20,100000000.0
2002-08-21,100000000.0
2002-08-22,100000000.0
2002-08-23,100000000.0
2002-08-26,100000000.0
2002-08-27,100000000.0
2002-08-28,100000000.0
2002-08-29,100000000.0
2002-08-30,100000000.0
2002-09-03,100000000.0
2002-09-04,100000000.0
2002-09-05,100000000.0
2002-09-06,100000000.0
2002-09-09,100000000.0
2002-09-10,100000000.0
2002-09-11,100000000.0
2002-09-12,100000000.0
2002-09-13,100000000.0
2002-09-16,100000000.0
2002-09-17,100000000.0
2002-09-18,100000000.0
2002-09-19,100000000.0
2002-09-20,100000000.0
2002-09-23,100000000.0
2002-09-24,100000000.0
2002-09-25,100000000.0
2002-09-26,100000000.0
2002-09-27,100000000.0
2002-09-30,100000000.0
2002-10-01,100000000.0
2002-10-02,100000000.0
2002-10-03,100000000.0
2002-10-04,100000000.0
2002-10-07,100000000.0
2002-10-08,100000000.0
2002-10-09,100000000.0
2002-10-10,100000000.0
2002-10-11,100000000.0
2002-10-14,100000000.0
2002-10-15,100000000.0
2002-10-16,100000000.0
2002-10-17,100000000.0
2002-10-18,100000000.0
2002-10-21,100000000.0
2002-10-22,100000000.0
2002-10-23,100000000.0
2002-10-24,100000000.0
2002-10-25,100000000.0
2002-10-28,100000000.0
2002-10-29,100000000.0
2002-10-30,100000000.0
2002-10-31,100000000.0
2002-11-01,100000000.0
2002-11-04,100000000.0
2002-11-05,100000000.0
2002-11-06,100000000.0
2002-11-07,100000000.0
2002-11-08,100000000.0
2002-11-11,100000000.0
2002-11-12,100000000.0
2002-11-13,100000000.0
2002-11-14,100000000.0
2002-11-15,100000000.0
2002-11-18,100000000.0
2002-11-19,100000000.0
2002-11-20,100000000.0
2002-11-21,100000000.0
2002-11-22,100000000.0
2002-11-25,100000000.0
2002-11-26,100000000.0
2002-11-27,100000000.0
2002-11-29,100000000.0
2002-12-02,100000000.0
2002-12-03,100000000.0
2002-12-04,100000000.0
2002-12-05,100000000.0
2002-12-06,100000000.0
2002-12-09,100000000.0
2002-12-10,100000000.0
2002-12-11,100000000.0
2002-12-12,100000000.0
2002-12-13,100000000.0
2002-12-16,100000000.0
2002-12-17,100000000.0
2002-12-18,100000000.0
2002-12-19,100000000.0
2002-12-20,100000000.0
2002-12-23,100000000.0
2002-12-24,100000000.0
2002-12-26,100000000.0
2002-12-27,100000000.0
2002-12-30,100000000.0
2002-12-31,100000000.0
2003-01-02,100000000.0
2003-01-03,100000000.0
2003-01-06,100000000.0
2003-01-07,100000000.0
2003-01-08,100000000.0
2003-01-09,100000000.0
2003-01-10,100000000.0
2003-01-13,100000000.0
2003-01-14,100000000.0
2003-01-15,100000000.0
2003-01-16,100000000.0
2003-01-17,100000000.0
2003-01-21,100000000.0
2003-01-22,100000000.0
2003-01-23,100000000.0
2003-01-24,100000000.0
2003-01-27,100000000.0
2003-01-28,100000000.0
2003-01-29,100000000.0
2003-01-30,100000000.0
2003-01-31,100000000.0
2003-02-03,100000000.0
2003-02-04,100000000.0
2003-02-05,100000000.0
2003-02-06,100000000.0
2003-02-07,100000000.0
2003-02-10,100000000.0
2003-02-11,100000000.0
2003-02-12,100000000.0
2003-02-13,100000000.0
2003-02-14,100000000.0
2003-02-18,100000000.0
2003-02-19,100000000.0
2003-02-20,100000000.0
2003-02-21,100000000.0
2003-02-24,100000000.0
2003-02-25,100000000.0
2003-02-26,100000000.0
2003-02-27,100000000.0
2003-02-28,100000000.0
2003-03-03,100000000.0
2003-03-04,100000000.0
2003-03-05,100000000.0
2003-03-06,100000000.0
2003-03-07,100000000.0
2003-03-10,100000000.0
2003-03-11,100000000.0
2003-03-12,100000000.0
2003-03-13,100000000.0
2003-03-14,100000000.0
2003-03-17,100000000.0
2003-03-18,100000000.0
2003-03-19,100000000.0
2003-03-20,100000000.0
2003-03-21,100000000.0
2003-03-24,100000000.0
2003-03-25,100000000.0
2003-03-26,100000000.0
2003-03-27,100000000.0
2003-03-28,100000000.0
2003-03-31,100000000.0
2003-04-01,100000000.0
2003-04-02,100000000.0
2003-04-03,100000000.0
2003-04-04,100000000.0
2003-04-07,100000000.0
2003-04-08,100000000.0
2003-04-09,100000000.0
2003-04-10,100000000.0
2003-04-11,100000000.0
2003-04-14,100000000.0
2003-04-15,100000000.0
2003-04-16,100000000.0
2003-04-17,100000000.0
2003-04-21,100000000.0
2003-04-22,100000000.0
2003-04-23,100000000.0
2003-04-24,100000000.0
2003-04-25,100000000.0
2003-04-28,100000000.0
2003-04-29,100000000.0
2003-04-30,100000000.0
2003-05-01,100000000.0
2003-05-02,100000000.0
2003-05-05,100000000.0
2003-05-06,100000000.0
2003-05-07,100000000.0
2003-05-08,100000000.0
2003-05-09,100000000.0
2003-05-12,100000000.0
2003-05-13,100000000.0
2003-05-14,100000000.0
2003-05-15,100000000.0
2003-05-16,100000000.0
2003-05-19,100000000.0
2003-05-20,100000000.0
2003-05-21,100000000.0
2003-05-22,100000000.0
2003-05-23,100000000.0
2003-05-27,100000000.0
2003-05-28,100000000.0
2003-05-29,100000000.0
2003-05-30,100000000.0
2003-06-02,100000000.0
2003-06-03,100000000.0
2003-06-04,100000000.0
2003-06-05,100000000.0
2003-06-06,100000000.0
2003-06-09,100000000.0
2003-06-10,100000000.0
2003-06-11,100000000.0
2003-06-12,100000000.0
2003-06-13,100000000.0
2003-06-16,100000000.0
2003-06-17,100000000.0
2003-06-18,100000000.0
2003-06-19,100000000.0
2003-06-20,100000000.0
2003-06-23,100000000.0
2003-06-24,100000000.0
2003-06-25,100000000.0
2003-06-26,100000000.0
2003-06-27,100000000.0
2003-06-30,100000000.0
2003-07-01,100000000.0
2003-07-02,100000000.0
2003-07-03,100000000.0
2003-07-07,100000000.0
2003-07-08,100000000.0
2003-07-09,100000000.0
2003-07-10,100000000.0
2003-07-11,100000000.0
2003-07-14,100000000.0
2003-07-15,100000000.0
2003-07-16,100000000.0
2003-07-17,100000000.0
2003-07-18,100000000.0
2003-07-21,100000000.0
2003-07-22,100000000.0
2003-07-23,100000000.0
2003-07-24,100000000.0
2003-07-25,100000000.0
2003-07-28,100000000.0
2003-07-29,100000000.0
2003-07-30,100000000.0
2003-07-31,100000000.0
2003-08-01,100000000.0
2003-08-04,100000000.0
2003-08-05,100000000.0
2003-08-06,100000000.0
2003-08-07,100000000.0
2003-08-08,100000000.0
2003-08-11,100000000.0
2003-08-12,100000000.0
2003-08-13,100000000.0
2003-08-14,100000000.0
2003-08-15,100000000.0
2003-08-18,100000000.0
2003-08-19,100000000.0
2003-08-20,100000000.0
2003-08-21,100000000.0
2003-08-22,100000000.0
2003-08-25,100000000.0
2003-08-26,100000000.0
2003-08-27,100000000.0
2003-08-28,100000000.0
2003-08-29,100000000.0
2003-09-02,100000000.0
2003-09-03,100000000.0
2003-09-04,100000000.0
2003-09-05,100000000.0
2003-09-08,100000000.0
2003-09-09,100000000.0
2003-09-10,100000000.0
2003-09-11,100000000.0
2003-09-12,100000000.0
2003-09-15,100000000.0
2003-09-16,100000000.0
2003-09-17,100000000.0
2003-09-18,100000000.0
2003-09-19,100000000.0
2003-09-22,100000000.0
2003-09-23,100000000.0
2003-09-24,100000000.0
2003-09-25,100000000.0
2003-09-26,100000000.0
2003-09-29,100000000.0
2003-09-30,100000000.0
2003-10-01,100000000.0
2003-10-02,100000000.0
2003-10-03,100000000.0
2003-10-06,100000000.0
2003-10-07,100000000.0
2003-10-08,100000000.0
2003-10-09,100000000.0
2003-10-10,100000000.0
2003-10-13,100000000.0
2003-10-14,100000000.0
2003-10-15,100000000.0
2003-10-16,100000000.0
2003-10-17,100000000.0
2003-10-20,100000000.0
2003-10-21,100000000.0
2003-10-22,100000000.0
2003-10-23,100000000.0
2003-10-24,100000000.0
2003-10-27,100000000.0
2003-10-28,100000000.0
2003-10-29,100000000.0
2003-10-30,100000000.0
2003-10-31,100000000.0
2003-11-03,100000000.0
2003-11-04,100000000.0
2003-11-05,100000000.0
2003-11-06,100000000.0
2003-11-07,100000000.0
2003-11-10,100000000.0
2003-11-11,100000000.0
2003-11-12,100000000.0
2003-11-13,100000000.0
2003-11-14,100000000.0
2003-11-17,100000000.0
2003-11-18,100000000.0
2003-11-19,100000000.0
2003-11-20,100000000.0
2003-11-21,100000000.0
2003-11-24,100000000.0
2003-11-25,100000000.0
2003-11-26,100000000.0
2003-11-28,100000000.0
2003-12-01,100000000.0
2003-12-02,100000000.0
2003-12-03,100000000.0
2003-12-04,100000000.0
2003-12-05,100000000.0
2003-12-08,100000000.0
2003-12-09,100000000.0
2003-12-10,100000000.0
2003-12-11,100000000.0
2003-12-12,100000000.0
2003-12-15,100000000.0
2003-12-16,100000000.0
2003-12-17,100000000.0
2003-12-18,100000000.0
2003-12-19,100000000.0
2003-12-22,100000000.0
2003-12-23,100000000.0
2003-12-24,100000000.0
2003-12-26,100000000.0
2003-12-29,100000000.0
2003-12-30,100000000.0
2003-12-31,100000000.0
2004-01-02,100000000.0
2004-01-05,100000000.0
2004-01-06,100000000.0
2004-01-07,100000000.0
2004-01-08,100000000.0
2004-01-09,100000000.0
2004-01-12,100000000.0
2004-01-13,100000000.0
2004-01-14,100000000.0
2004-01-15,100000000.0
2004-01-16,100000000.0
2004-01-20,100000000.0
2004-01-21,100000000.0
2004-01-22,100000000.0
2004-01-23,100000000.0
2004-01-26,100000000.0
2004-01-27,100000000.0
2004-01-28,100000000.0
2004-01-29,100000000.0
2004-01-30,100000000.0
2004-02-02,100000000.0
2004-02-03,100000000.0
2004-02-04,100000000.0
2004-02-05,100000000.0
2004-02-06,100000000.0
2004-02-09,100000000.0
2004-02-10,100000000.0
2004-02-11,100000000.0
2004-02-12,100000000.0
2004-02-13,100000000.0
2004-02-17,100000000.0
2004-02-18,100000000.0
2004-02-19,100000000.0
2004-02-20,100000000.0
2004-02-23,100000000.0
2004-02-24,100000000.0
2004-02-25,100000000.0
2004-02-26,100000000.0
2004-02-27,100000000.0
2004-03-01,100000000.0
2004-03-02,100000000.0
2004-03-03,100000000.0
2004-03-04,100000000.0
2004-03-05,100000000.0
2004-03-08,100000000.0
2004-03-09,100000000.0
2004-03-10,100000000.0
2004-03-11,100000000.0
2004-03-12,100000000.0
2004-03-15,100000000.0
2004-03-16,100000000.0
2004-03-17,100000000.0
2004-03-18,100000000.0
2004-03-19,100000000.0
2004-03-22,100000000.0
2004-03-23,100000000.0
2004-03-24,100000000.0
2004-03-25,100000000.0
2004-03-26,100000000.0
2004-03-29,100000000.0
2004-03-30,100000000.0
2004-03-31,100000000.0
2004-04-01,100000000.0
2004-04-02,100000000.0
2004-04-05,100000000.0
2004-04-06,100000000.0
2004-04-07,100000000.0
2004-04-08,100000000.0
2004-04-12,100000000.0
2004-04-13,100000000.0
2004-04-14,100000000.0
2004-04-15,100000000.0
2004-04-16,100000000.0
2004-04-19,100000000.0
2004-04-20,100000000.0
2004-04-21,100000000.0
2004-04-22,100000000.0
2004-04-23,100000000.0
2004-04-26,100000000.0
2004-04-27,100000000.0
2004-04-28,100000000.0
2004-04-29,100000000.0
2004-04-30,100000000.0
2004-05-03,100000000.0
2004-05-04,100000000.0
2004-05-05,100000000.0
2004-05-06,100000000.0
2004-05-07,100000000.0
2004-05-10,100000000.0
2004-05-11,100000000.0
2004-05-12,100000000.0
2004-05-13,100000000.0
2004-05-14,100000000.0
2004-05-17,100000000.0
2004-05-18,100000000.0
2004-05-19,100000000.0
2004-05-20,100000000.0
2004-05-21,100000000.0
2004-05-24,100000000.0
2004-05-25,100000000.0
2004-05-26,100000000.0
2004-05-27,100000000.0
2004-05-28,100000000.0
2004-06-01,100000000.0
2004-06-02,100000000.0
2004-06-03,100000000.0
2004-06-04,100000000.0
2004-06-07,100000000.0
2004-06-08,100000000.0
2004-06-09,100000000.0
2004-06-10,100000000.0
2004-06-14,100000000.0
2004-06-15,100000000.0
2004-06-16,100000000.0
2004-06-17,100000000.0
2004-06-18,100000000.0
2004-06-21,100000000.0
2004-06-22,100000000.0
2004-06-23,100000000.0
2004-06-24,100000000.0
2004-06-25,100000000.0
2004-06-28,100000000.0
2004-06-29,100000000.0
2004-06-30,100000000.0
2004-07-01,100000000.0
2004-07-02,100000000.0
2004-07-06,100000000.0
2004-07-07,100000000.0
2004-07-08,100000000.0
2004-07-09,100000000.0
2004-07-12,100000000.0
2004-07-13,100000000.0
2004-07-14,100000000.0
2004-07-15,100000000.0
2004-07-16,100000000.0
2004-07-19,100000000.0
2004-07-20,100000000.0
2004-07-21,100000000.0
2004-07-22,100000000.0
2004-07-23,100000000.0
2004-07-26,100000000.0
2004-07-27,100000000.0
2004-07-28,100000000.0
2004-07-29,100000000.0
2004-07-30,100000000.0
2004-08-02,100000000.0
2004-08-03,100000000.0
2004-08-04,100000000.0
2004-08-05,100000000.0
2004-08-06,100000000.0
2004-08-09,100000000.0
2004-08-10,100000000.0
2004-08-11,100000000.0
2004-08-12,100000000.0
2004-08-13,100000000.0
2004-08-16,100000000.0
2004-08-17,100000000.0
2004-08-18,100000000.0
2004-08-19,100000000.0
2004-08-20,100000000.0
2004-08-23,100000000.0
2004-08-24,100000000.0
2004-08-25,100000000.0
2004-08-26,100000000.0
2004-08-27,100000000.0
2004-08-30,100000000.0
2004-08-31,100000000.0
2004-09-01,100000000.0
2004-09-02,100000000.0
2004-09-03,100000000.0
2004-09-07,100000000.0
2004-09-08,100000000.0
2004-09-09,100000000.0
2004-09-10,100000000.0
2004-09-13,100000000.0
2004-09-14,100000000.0
2004-09-15,100000000.0
2004-09-16,100000000.0
2004-09-17,100000000.0
2004-09-20,100000000.0
2004-09-21,100000000.0
2004-09-22,100000000.0
2004-09-23,100000000.0
2004-09-24,100000000.0
2004-09-27,100000000.0
2004-09-28,100000000.0
2004-09-29,100000000.0
2004-09-30,100000000.0
2004-10-01,100000000.0
2004-10-04,100000000.0
2004-10-05,100000000.0
2004-10-06,100000000.0
2004-10-07,100000000.0
2004-10-08,100000000.0
2004-10-11,100000000.0
2004-10-12,100000000.0
2004-10-13,100000000.0
2004-10-14,100000000.0
2004-10-15,100000000.0
2004-10-18,100000000.0
2004-10-19,100000000.0
2004-10-20,100000000.0
2004-10-21,100000000.0
2004-10-22,100000000.0
2004-10-25,100000000.0
2004-10-26,100000000.0
2004-10-27,100000000.0
2004-10-28,100000000.0
2004-10-29,100000000.0
2004-11-01,100000000.0
2004-11-02,100000000.0
2004-11-03,100000000.0
2004-11-04,100000000.0
2004-11-05,100000000.0
2004-11-08,100000000.0
2004-11-09,100000000.0
2004-11-10,100000000.0
2004-11-11,100000000.0
2004-11-12,100000000.0
2004-11-15,100000000.0
2004-11-16,100000000.0
2004-11-17,100000000.0
2004-11-18,100000000.0
2004-11-19,100000000.0
2004-11-22,100000000.0
2004-11-23,100000000.0
2004-11-24,100000000.0
2004-11-26,100000000.0
2004-11-29,100000000.0
2004-11-30,100000000.0
2004-12-01,100000000.0
2004-12-02,100000000.0
2004-12-03,100000000.0
2004-12-06,100000000.0
2004-12-07,100000000.0
2004-12-08,100000000.0
2004-12-09,100000000.0
2004-12-10,100000000.0
2004-12-13,100000000.0
2004-12-14,100000000.0
2004-12-15,100000000.0
2004-12-16,100000000.0
2004-12-17,100000000.0
2004-12-20,100000000.0
2004-12-21,100000000.0
2004-12-22,100000000.0
2004-12-23,100000000.0
2004-12-27,100000000.0
2004-12-28,100000000.0
2004-12-29,100000000.0
2004-12-30,100000000.0
2004-12-31,100000000.0
2005-01-03,100000000.0
2005-01-04,100000000.0
2005-01-05,100000000.0
2005-01-06,100000000.0
2005-01-07,100000000.0
2005-01-10,100000000.0
2005-01-11,100000000.0
2005-01-12,100000000.0
2005-01-13,100000000.0
2005-01-14,100000000.0
2005-01-18,100000000.0
2005-01-19,100000000.0
2005-01-20,100000000.0
2005-01-21,100000000.0
2005-01-24,100000000.0
2005-01-25,100000000.0
2005-01-26,100000000.0
2005-01-27,100000000.0
2005-01-28,100000000.0
2005-01-31,100000000.0
2005-02-01,100000000.0
2005-02-02,100000000.0
2005-02-03,100000000.0
2005-02-04,100000000.0
2005-02-07,100000000.0
2005-02-08,100000000.0
2005-02-09,100000000.0
2005-02-10,100000000.0
2005-02-11,100000000.0
2005-02-14,100000000.0
2005-02-15,100000000.0
2005-02-16,100000000.0
2005-02-17,100000000.0
2005-02-18,100000000.0
2005-02-22,100000000.0
2005-02-23,100000000.0
2005-02-24,100000000.0
2005-02-25,100000000.0
2005-02-28,100000000.0
2005-03-01,100000000.0
2005-03-02,100000000.0
2005-03-03,100000000.0
2005-03-04,100000000.0
2005-03-07,100000000.0
2005-03-08,100000000.0
2005-03-09,100000000.0
2005-03-10,100000000.0
2005-03-11,100000000.0
2005-03-14,100000000.0
2005-03-15,100000000.0
2005-03-16,100000000.0
2005-03-17,100000000.0
2005-03-18,100000000.0
2005-03-21,100000000.0
2005-03-22,100000000.0
2005-03-23,100000000.0
2005-03-24,100000000.0
2005-03-28,100000000.0
2005-03-29,100000000.0
2005-03-30,100000000.0
2005-03-31,100000000.0
2005-04-01,100000000.0
2005-04-04,100000000.0
2005-04-05,100000000.0
2005-04-06,100000000.0
2005-04-07,100000000.0
2005-04-08,100000000.0
2005-04-11,100000000.0
2005-04-12,100000000.0
2005-04-13,100000000.0
2005-04-14,100000000.0
2005-04-15,100000000.0
2005-04-18,100000000.0
2005-04-19,100000000.0
2005-04-20,100000000.0
2005-04-21,100000000.0
2005-04-22,100000000.0
2005-04-25,100000000.0
2005-04-26,100000000.0
2005-04-27,100000000.0
2005-04-28,100000000.0
2005-04-29,100000000.0
2005-05-02,100000000.0
2005-05-03,100000000.0
2005-05-04,100000000.0
2005-05-05,100000000.0
2005-05-06,100000000.0
2005-05-09,100000000.0
2005-05-10,100000000.0
2005-05-11,100000000.0
2005-05-12,100000000.0
2005-05-13,100000000.0
2005-05-16,100000000.0
2005-05-17,100000000.0
2005-05-18,100000000.0
2005-05-19,100000000.0
2005-05-20,100000000.0
2005-05-23,100000000.0
2005-05-24,100000000.0
2005-05-25,100000000.0
2005-05-26,100000000.0
2005-05-27,100000000.0
2005-05-31,100000000.0
2005-06-01,100000000.0
2005-06-02,100000000.0
2005-06-03,100000000.0
2005-06-06,100000000.0
2005-06-07,100000000.0
2005-06-08,100000000.0
2005-06-09,100000000.0
2005-06-10,100000000.0
2005-06-13,100000000.0
2005-06-14,100000000.0
2005-06-15,100000000.0
2005-06-16,100000000.0
2005-06-17,100000000.0
2005-06-20,100000000.0
2005-06-21,100000000.0
2005-06-22,100000000.0
2005-06-23,100000000.0
2005-06-24,100000000.0
2005-06-27,100000000.0
2005-06-28,100000000.0
2005-06-29,100000000.0
2005-06-30,100000000.0
2005-07-01,100000000.0
2005-07-05,100000000.0
2005-07-06,100000000.0
2005-07-07,100000000.0
2005-07-08,100000000.0
2005-07-11,100000000.0
2005-07-12,100000000.0
2005-07-13,100000000.0
2005-07-14,100000000.0
2005-07-15,100000000.0
2005-07-18,100000000.0
2005-07-19,100000000.0
2005-07-20,100000000.0
2005-07-21,100000000.0
2005-07-22,100000000.0
2005-07-25,100000000.0
2005-07-26,100000000.0
2005-07-27,100000000.0
2005-07-28,100000000.0
2005-07-29,100000000.0
2005-08-01,100000000.0
2005-08-02,100000000.0
2005-08-03,100000000.0
2005-08-04,100000000.0
2005-08-05,100000000.0
2005-08-08,100000000.0
2005-08-09,100000000.0
2005-08-10,100000000.0
2005-08-11,100000000.0
2005-08-12,100000000.0
2005-08-15,100000000.0
2005-08-16,100000000.0
2005-08-17,100000000.0
2005-08-18,100000000.0
2005-08-19,100000000.0
2005-08-22,100000000.0
2005-08-23,100000000.0
2005-08-24,100000000.0
2005-08-25,100000000.0
2005-08-26,100000000.0
2005-08-29,100000000.0
2005-08-30,100000000.0
2005-08-31,100000000.0
2005-09-01,100000000.0
2005-09-02,100000000.0
2005-09-06,100000000.0
2005-09-07,100000000.0
2005-09-08,100000000.0
2005-09-09,100000000.0
2005-09-12,100000000.0
2005-09-13,100000000.0
2005-09-14,100000000.0
2005-09-15,100000000.0
2005-09-16,100000000.0
2005-09-19,100000000.0
2005-09-20,100000000.0
2005-09-21,100000000.0
2005-09-22,100000000.0
2005-09-23,100000000.0
2005-09-26,100000000.0
2005-09-27,100000000.0
2005-09-28,100000000.0
2005-09-29,100000000.0
2005-09-30,100000000.0
2005-10-03,100000000.0
2005-10-04,100000000.0
2005-10-05,100000000.0
2005-10-06,100000000.0
2005-10-07,100000000.0
2005-10-10,100000000.0
2005-10-11,100000000.0
2005-10-12,100000000.0
2005-10-13,100000000.0
2005-10-14,100000000.0
2005-10-17,100000000.0
2005-10-18,100000000.0
2005-10-19,100000000.0
2005-10-20,100000000.0
2005-10-21,100000000.0
2005-10-24,100000000.0
2005-10-25,100000000.0
2005-10-26,100000000.0
2005-10-27,100000000.0
2005-10-28,100000000.0
2005-10-31,100000000.0
2005-11-01,100000000.0
2005-11-02,100000000.0
2005-11-03,100000000.0
2005-11-04,100000000.0
2005-11-07,100000000.0
2005-11-08,100000000.0
2005-11-09,100000000.0
2005-11-10,100000000.0
2005-11-11,100000000.0
2005-11-14,100000000.0
2005-11-15,100000000.0
2005-11-16,100000000.0
2005-11-17,100000000.0
2005-11-18,100000000.0
2005-11-21,100000000.0
2005-11-22,100000000.0
2005-11-23,100000000.0
2005-11-25,100000000.0
2005-11-28,100000000.0
2005-11-29,100000000.0
2005-11-30,100000000.0
2005-12-01,100000000.0
2005-12-02,100000000.0
2005-12-05,100000000.0
2005-12-06,100000000.0
2005-12-07,100000000.0
2005-12-08,100000000.0
2005-12-09,100000000.0
2005-12-12,100000000.0
2005-12-13,100000000.0
2005-12-14,100000000.0
2005-12-15,100000000.0
2005-12-16,100000000.0
2005-12-19,100000000.0
2005-12-20,100000000.0
2005-12-21,100000000.0
2005-12-22,100000000.0
2005-12-23,100000000.0
2005-12-27,100000000.0
2005-12-28,100000000.0
2005-12-29,100000000.0
2005-12-30,100000000.0
2006-01-03,100000000.0
2006-01-04,100000000.0
2006-01-05,100000000.0
2006-01-06,100000000.0
2006-01-09,100000000.0
2006-01-10,100000000.0
2006-01-11,100000000.0
2006-01-12,100000000.0
2006-01-13,100000000.0
2006-01-17,100000000.0
2006-01-18,100000000.0
2006-01-19,100000000.0
2006-01-20,100000000.0
2006-01-23,100000000.0
2006-01-24,100000000.0
2006-01-25,100000000.0
2006-01-26,100000000.0
2006-01-27,100000000.0
2006-01-30,100000000.0
2006-01-31,100000000.0
2006-02-01,100000000.0
2006-02-02,100000000.0
2006-02-03,100000000.0
2006-02-06,100000000.0
2006-02-07,100000000.0
2006-02-08,100000000.0
2006-02-09,100000000.0
2006-02-10,100000000.0
2006-02-13,100000000.0
2006-02-14,100000000.0
2006-02-15,100000000.0
2006-02-16,100000000.0
2006-02-17,100000000.0
2006-02-21,100000000.0
2006-02-22,100000000.0
2006-02-23,100000000.0
2006-02-24,100000000.0
2006-02-27,100000000.0
2006-02-28,100000000.0
2006-03-01,100000000.0
2006-03-02,100000000.0
2006-03-03,100000000.0
2006-03-06,100000000.0
2006-03-07,100000000.0
2006-03-08,100000000.0
2006-03-09,100000000.0
2006-03-10,100000000.0
2006-03-13,100000000.0
2006-03-14,100000000.0
2006-03-15,100000000.0
2006-03-16,100000000.0
2006-03-17,100000000.0
2006-03-20,100000000.0
2006-03-21,100000000.0
2006-03-22,100000000.0
2006-03-23,100000000.0
2006-03-24,100000000.0
2006-03-27,100000000.0
2006-03-28,100000000.0
2006-03-29,100000000.0
2006-03-30,100000000.0
2006-03-31,100000000.0
2006-04-03,100000000.0
2006-04-04,100000000.0
2006-04-05,100000000.0
2006-04-06,100000000.0
2006-04-07,100000000.0
2006-04-10,100000000.0
2006-04-11,100000000.0
2006-04-12,100000000.0
2006-04-13,100000000.0
2006-04-17,100000000.0
2006-04-18,100000000.0
2006-04-19,100000000.0
2006-04-20,100000000.0
2006-04-21,100000000.0
2006-04-24,100000000.0
2006-04-25,100000000.0
2006-04-26,100000000.0
2006-04-27,100000000.0
2006-04-28,100000000.0
2006-05-01,100000000.0
2006-05-02,100000000.0
2006-05-03,100000000.0
2006-05-04,100000000.0
2006-05-05,100000000.0
2006-05-08,100000000.0
2006-05-09,100000000.0
2006-05-10,100000000.0
2006-05-11,100000000.0
2006-05-12,100000000.0
2006-05-15,100000000.0
2006-05-16,100000000.0
2006-05-17,100000000.0
2006-05-18,100000000.0
2006-05-19,100000000.0
2006-05-22,100000000.0
2006-05-23,100000000.0
2006-05-24,100000000.0
2006-05-25,100000000.0
2006-05-26,100000000.0
2006-05-30,100000000.0
2006-05-31,100000000.0
2006-06-01,100000000.0
2006-06-02,100000000.0
2006-06-05,100000000.0
2006-06-06,100000000.0
2006-06-07,100000000.0
2006-06-08,100000000.0
2006-06-09,100000000.0
2006-06-12,100000000.0
2006-06-13,100000000.0
2006-06-14,100000000.0
2006-06-15,100000000.0
2006-06-16,100000000.0
2006-06-19,100000000.0
2006-06-20,100000000.0
2006-06-21,100000000.0
2006-06-22,100000000.0
2006-06-23,100000000.0
2006-06-26,100000000.0
2006-06-27,100000000.0
2006-06-28,100000000.0
2006-06-29,100000000.0
2006-06-30,100000000.0
2006-07-03,100000000.0
2006-07-05,100000000.0
2006-07-06,100000000.0
2006-07-07,100000000.0
2006-07-10,100000000.0
2006-07-11,100000000.0
2006-07-12,100000000.0
2006-07-13,100000000.0
2006-07-14,100000000.0
2006-07-17,100000000.0
2006-07-18,100000000.0
2006-07-19,100000000.0
2006-07-20,100000000.0
2006-07-21,100000000.0
2006-07-24,100000000.0
2006-07-25,100000000.0
2006-07-26,100000000.0
2006-07-27,100000000.0
2006-07-28,100000000.0
2006-07-31,100000000.0
2006-08-01,100000000.0
2006-08-02,100000000.0
2006-08-03,100000000.0
2006-08-04,100000000.0
2006-08-07,100000000.0
2006-08-08,100000000.0
2006-08-09,100000000.0
2006-08-10,100000000.0
2006-08-11,100000000.0
2006-08-14,100000000.0
2006-08-15,100000000.0
2006-08-16,100000000.0
2006-08-17,100000000.0
2006-08-18,100000000.0
2006-08-21,100000000.0
2006-08-22,100000000.0
2006-08-23,100000000.0
2006-08-24,100000000.0
2006-08-25,100000000.0
2006-08-28,100000000.0
2006-08-29,100000000.0
2006-08-30,100000000.0
2006-08-31,100000000.0
2006-09-01,100000000.0
2006-09-05,100000000.0
2006-09-06,100000000.0
2006-09-07,100000000.0
2006-09-08,100000000.0
2006-09-11,100000000.0
2006-09-12,100000000.0
2006-09-13,100000000.0
2006-09-14,100000000.0
2006-09-15,100000000.0
2006-09-18,100000000.0
2006-09-19,100000000.0
2006-09-20,100000000.0
2006-09-21,100000000.0
2006-09-22,100000000.0
2006-09-25,100000000.0
2006-09-26,100000000.0
2006-09-27,100000000.0
2006-09-28,100000000.0
2006-09-29,100000000.0
2006-10-02,100000000.0
2006-10-03,100000000.0
2006-10-04,100000000.0
2006-10-05,100000000.0
2006-10-06,100000000.0
2006-10-09,100000000.0
2006-10-10,100000000.0
2006-10-11,100000000.0
2006-10-12,100000000.0
2006-10-13,100000000.0
2006-10-16,100000000.0
2006-10-17,100000000.0
2006-10-18,100000000.0
2006-10-19,100000000.0
2006-10-20,100000000.0
2006-10-23,100000000.0
2006-10-24,100000000.0
2006-10-25,100000000.0
2006-10-26,100000000.0
2006-10-27,100000000.0
2006-10-30,100000000.0
2006-10-31,100000000.0
2006-11-01,100000000.0
2006-11-02,100000000.0
2006-11-03,100000000.0
2006-11-06,100000000.0
2006-11-07,100000000.0
2006-11-08,100000000.0
2006-11-09,100000000.0
2006-11-10,100000000.0
2006-11-13,100000000.0
2006-11-14,100000000.0
2006-11-15,100000000.0
2006-11-16,100000000.0
2006-11-17,100000000.0
2006-11-20,100000000.0
2006-11-21,100000000.0
2006-11-22,100000000.0
2006-11-24,100000000.0
2006-11-27,100000000.0
2006-11-28,100000000.0
2006-11-29,100000000.0
2006-11-30,100000000.0
2006-12-01,100000000.0
2006-12-04,100000000.0
2006-12-05,100000000.0
2006-12-06,100000000.0
2006-12-07,100000000.0
2006-12-08,100000000.0
2006-12-11,100000000.0
2006-12-12,100000000.0
2006-12-13,100000000.0
2006-12-14,100000000.0
2006-12-15,100000000.0
2006-12-18,100000000.0
2006-12-19,100000000.0
2006-12-20,100000000.0
2006-12-21,100000000.0
2006-12-22,100000000.0
2006-12-26,100000000.0
2006-12-27,100000000.0
2006-12-28,100000000.0
2006-12-29,100000000.0
2007-01-03,100000000.0
2007-01-04,100000000.0
2007-01-05,100000000.0
2007-01-08,100000000.0
2007-01-09,100000000.0
2007-01-10,100000000.0
2007-01-11,100000000.0
2007-01-12,100000000.0
2007-01-16,100000000.0
2007-01-17,100000000.0
2007-01-18,100000000.0
2007-01-19,100000000.0
2007-01-22,100000000.0
2007-01-23,100000000.0
2007-01-24,100000000.0
2007-01-25,100000000.0
2007-01-26,100000000.0
2007-01-29,100000000.0
2007-01-30,100000000.0
2007-01-31,100000000.0
2007-02-01,100000000.0
2007-02-02,99368768.409
2007-02-05,99034034.4713
2007-02-06,98868868.5233
2007-02-07,98890915.0942
2007-02-08,98995705.4697
2007-02-09,98976007.8671
2007-02-12,98678003.2684
2007-02-13,100331345.9828
2007-02-14,99965546.4812
2007-02-15,99663238.1367
2007-02-16,99149815.4185
2007-02-20,99304643.0922
2007-02-21,99396446.891
2007-02-22,100410479.0501
2007-02-23,99449852.1245
2007-02-26,98383045.054
2007-02-27,89279461.3501
2007-02-28,91372797.2505
2007-03-01,89566305.1287
2007-03-02,87607592.5047
2007-03-05,84839888.4705
2007-03-06,88320000.7924
2007-03-07,88327960.9767
2007-03-08,89430268.1504
2007-03-09,89709517.1202
2007-03-12,90615397.4807
2007-03-13,87665585.9379
2007-03-14,88248283.1111
2007-03-15,88728814.4748
2007-03-16,88697220.5465
2007-03-19,90201200.6003
2007-03-20,91586668.2417
2007-03-21,93922670.6864
2007-03-22,93763671.5041
2007-03-23,93731012.986
2007-03-26,93985638.572
2007-03-27,93444360.7863
2007-03-28,92362712.5877
2007-03-29,93293035.6052
2007-03-30,93262517.2893
2007-04-02,93753406.6093
2007-04-03,93974958.9945
2007-04-04,94513155.4098
2007-04-05,94811073.5072
2007-04-09,93813180.4611
2007-04-10,94946264.4456
2007-04-11,94467490.5333
2007-04-12,95650527.6868
2007-04-13,96102845.8932
2007-04-16,97484055.5317
2007-04-17,98028016.7297
2007-04-18,98387481.7892
2007-04-19,97678904.491
2007-04-20,98682845.0062
2007-04-23,98717690.7648
2007-04-24,98690786.0137
2007-04-25,99599904.8149
2007-04-26,98328125.5917
2007-04-27,98575671.3908
2007-04-30,99061987.098
2007-05-01,99001972.3761
2007-05-02,100063453.2313
2007-05-03,99934119.7245
2007-05-04,101182534.3451
2007-05-07,101635022.8813
2007-05-08,100825718.4536
2007-05-09,100959945.3681
2007-05-10,99704697.4293
2007-05-11,100713809.7828
2007-05-14,100074267.2753
2007-05-15,99818589.7149
2007-05-16,100362905.0156
2007-05-17,99591436.0658
2007-05-18,100016978.2729
2007-05-21,100196258.7721
2007-05-22,99495361.9035
2007-05-23,99353411.2193
2007-05-24,98340737.1063
2007-05-25,99039460.3859
2007-05-29,99257272.6035
2007-05-30,100060575.8706
2007-05-31,100039289.2008
2007-06-01,99837141.9427
2007-06-04,100112831.4525
2007-06-05,99546053.7911
2007-06-06,97643256.7758
2007-06-07,93934905.1678
2007-06-08,95276424.9696
2007-06-11,94956813.1669
2007-06-12,92611534.0005
2007-06-13,94600195.3022
2007-06-14,95293419.8282
2007-06-15,97086510.7585
2007-06-18,97327934.1588
2007-06-19,98078586.0445
2007-06-20,96387110.581
2007-06-21,96584071.5229
2007-06-22,96025983.0507
2007-06-25,95894777.9079
2007-06-26,95131687.5688
2007-06-27,96240586.3659
2007-06-28,96551040.5673
2007-06-29,97244818.1853
2007-07-02,98533865.028
2007-07-03,98907854.9171
2007-07-05,98337850.2507
2007-07-06,98575305.1392
2007-07-09,99111400.0097
2007-07-10,98565379.3772
2007-07-11,98928237.0706
2007-07-12,100572229.3861
2007-07-13,101180866.1616
2007-07-16,101417988.1154
2007-07-17,101346593.9992
2007-07-18,101124393.6985
2007-07-19,101583797.3931
2007-07-20,100912998.0854
2007-07-23,101835639.2437
2007-07-24,100090964.7066
2007-07-25,99495833.2073
2007-07-26,96187621.4829
2007-07-27,92723136.2447
2007-07-30,94847187.2297
2007-07-31,94085282.2257
2007-08-01,94285880.286
2007-08-02,95252070.4721
2007-08-03,93737868.8884
2007-08-06,95101569.3415
2007-08-07,95290523.921
2007-08-08,96756770.8847
2007-08-09,94231517.6358
2007-08-10,93064627.7976
2007-08-13,93257612.9238
2007-08-14,91460728.241
2007-08-15,89060683.1241
2007-08-16,88832987.5775
2007-08-17,90351846.2547
2007-08-20,90859955.2799
2007-08-21,91308522.1827
2007-08-22,93120020.6308
2007-08-23,93971115.8979
2007-08-24,95036277.7436
2007-08-27,94647389.8858
2007-08-28,92509660.6835
2007-08-29,94903682.0162
2007-08-30,94294337.3734
2007-08-31,96039110.8049
2007-09-04,96856574.7766
2007-09-05,96783030.9631
2007-09-06,97071814.5117
2007-09-07,96824040.2158
2007-09-10,96730968.6834
2007-09-11,98176735.3459
2007-09-12,98408526.2455
2007-09-13,98361778.6698
2007-09-14,98000020.4272
2007-09-17,97089279.0689
2007-09-18,99742670.2182
2007-09-19,100098779.568
2007-09-20,99422759.7217
2007-09-21,100424818.9091
2007-09-24,100661243.3732
2007-09-25,100918660.157
2007-09-26,101063440.7339
2007-09-27,102030377.6058
2007-09-28,102502839.5872
2007-10-01,103843697.4107
2007-10-02,102274428.151
2007-10-03,101285326.053
2007-10-04,102216172.2129
2007-10-05,104314624.8071
2007-10-08,102316883.3115
2007-10-09,103819240.4248
2007-10-10,104112415.5667
2007-10-11,104357644.2753
2007-10-12,105635268.3294
2007-10-15,105256435.1739
2007-10-16,103853035.1887
2007-10-17,104246398.1366
2007-10-18,106024143.4703
2007-10-19,103023979.1038
2007-10-22,102125243.9678
2007-10-23,104183136.7425
2007-10-24,104123324.8258
2007-10-25,105463480.338
2007-10-26,108170344.1188
2007-10-29,109583979.0049
2007-10-30,108345060.0634
2007-10-31,111374312.8619
2007-11-01,108056850.1486
2007-11-02,111014304.6569
2007-11-05,109526564.6041
2007-11-06,112502069.6021
2007-11-07,111781174.9284
2007-11-08,112531122.508
2007-11-09,111345305.4514
2007-11-12,106513727.2925
2007-11-13,108734374.2401
2007-11-14,109219582.5922
2007-11-15,107246800.4276
2007-11-16,108176938.2537
2007-11-19,107125931.3416
2007-11-20,109930586.9349
2007-11-21,108932566.5241
2007-11-23,110195687.2218
2007-11-26,109524772.4117
2007-11-27,108880440.56
2007-11-28,110689631.7563
2007-11-29,109730786.2706
2007-11-30,108885343.2541
2007-12-03,109550181.2383
2007-12-04,109323171.4113
2007-12-05,108292393.784
2007-12-06,108710303.6617
2007-12-07,108018833.6011
2007-12-10,108541911.5942
2007-12-11,108261420.0914
2007-12-12,109503281.4696
2007-12-13,107737748.8063
2007-12-14,105885185.9754
2007-12-17,105364600.457
2007-12-18,105579749.7269
2007-12-19,106144207.5583
2007-12-20,105967733.5651
2007-12-21,106475752.9419
2007-12-24,106818028.7515
2007-12-26,107128573.7097
2007-12-27,108555982.3214
2007-12-28,110113938.7916
2007-12-31,109575442.1536
2008-01-02,111223620.2826
2008-01-03,112075924.4631
2008-01-04,110717504.0084
2008-01-07,110083879.0456
2008-01-08,110746634.9612
2008-01-09,110543307.2431
2008-01-10,111289104.4033
2008-01-11,111091694.3877
2008-01-14,112914711.7514
2008-01-15,111374783.9663
2008-01-16,109141480.8805
2008-01-17,108957984.1096
2008-01-18,109000853.8147
2008-01-22,108846137.7715
2008-01-23,108160908.6161
2008-01-24,109971500.4327
2008-01-25,110052930.8424
2008-01-28,111365197.4229
2008-01-29,111171710.2222
2008-01-30,111568544.0438
2008-01-31,112505418.9095
2008-02-01,112368112.9325
2008-02-04,112666217.2129
2008-02-05,112604354.8505
2008-02-06,112906178.9827
2008-02-07,111073300.879
2008-02-08,113583871.8146
2008-02-11,114406662.397
2008-02-12,113410489.157
2008-02-13,112327080.7518
2008-02-14,112868413.2707
2008-02-15,113164310.8194
2008-02-19,113421656.6665
2008-02-20,113882237.055
2008-02-21,115567497.7196
2008-02-22,115539331.2362
2008-02-25,114841466.5696
2008-02-26,116969884.4331
2008-02-27,118119371.0494
2008-02-28,120953969.2254
2008-02-29,121769770.661
2008-03-03,122691340.9862
2008-03-04,121388622.9643
2008-03-05,122395324.6077
2008-03-06,123866400.7202
2008-03-07,123676673.4212
2008-03-10,125009097.2684
2008-03-11,123385094.0821
2008-03-12,126299321.374
2008-03-13,126724441.1724
2008-03-14,128666515.9104
2008-03-17,127647255.7365
2008-03-18,125265665.5157
2008-03-19,124446984.2983
2008-03-20,121385389.7081
2008-03-24,119257850.3837
2008-03-25,121162218.1636
2008-03-26,123447125.6978
2008-03-27,123751649.2278
2008-03-28,123473020.01
2008-03-31,122228800.2691
2008-04-01,118126013.7066
2008-04-02,119509476.6211
2008-04-03,119575133.5153
2008-04-04,120667700.2969
2008-04-07,120269822.9667
2008-04-08,120245808.7693
2008-04-09,122578081.3128
2008-04-10,121910964.803
2008-04-11,122948716.0081
2008-04-14,123065235.2024
2008-04-15,122377198.3831
2008-04-16,122234799.5035
2008-04-17,121728787.9128
2008-04-18,120500911.3873
2008-04-21,120597941.1589
2008-04-22,121911666.7507
2008-04-23,120516202.0863
2008-04-24,118040132.2193
2008-04-25,117858416.9004
2008-04-28,118232151.5169
2008-04-29,117128360.9947
2008-04-30,118369381.1606
2008-05-01,115905913.4026
2008-05-02,115843403.9227
2008-05-05,117182506.255
2008-05-06,117445679.4229
2008-05-07,117495646.8254
2008-05-08,118717273.1073
2008-05-09,119773787.9226
2008-05-12,119254994.6771
2008-05-13,117724539.2233
2008-05-14,117314178.9656
2008-05-15,118160941.0021
2008-05-16,119311197.4842
2008-05-19,119128388.2329
2008-05-20,121189724.066
2008-05-21,122653211.6945
2008-05-22,120639583.5473
2008-05-23,122018076.3879
2008-05-27,119939251.7321
2008-05-28,119230705.9432
2008-05-29,116951575.9163
2008-05-30,117882060.5599
2008-06-02,118950136.3988
2008-06-03,118094261.332
2008-06-04,117543442.905
2008-06-05,117901023.3795
2008-06-06,121406596.3814
2008-06-09,119482919.0201
2008-06-10,117976576.7323
2008-06-11,120206425.8591
2008-06-12,118096506.0928
2008-06-13,117667888.2608
2008-06-16,118617000.5883
2008-06-17,119207480.4478
2008-06-18,120475675.1432
2008-06-19,119555521.1042
2008-06-20,121149942.8263
2008-06-23,120476207.5772
2008-06-24,121436868.9439
2008-06-25,121651895.2797
2008-06-26,124564743.5675
2008-06-27,125817669.2649
2008-06-30,125058606.178
2008-07-01,125562183.9889
2008-07-02,127617303.9262
2008-07-03,126671030.3908
2008-07-07,126301240.6573
2008-07-08,124947324.7061
2008-07-09,126928980.5025
2008-07-10,127429661.6385
2008-07-11,128759571.0784
2008-07-14,129850031.5343
2008-07-15,130795932.9798
2008-07-16,128231078.0736
2008-07-17,126101834.2992
2008-07-18,124860984.5264
2008-07-21,125344531.0431
2008-07-22,122840476.7378
2008-07-23,121244365.6336
2008-07-24,122733112.353
2008-07-25,121947956.1367
2008-07-28,123916611.5631
2008-07-29,121972262.6843
2008-07-30,121759348.6824
2008-07-31,122624472.2013
2008-08-01,122795658.6073
2008-08-04,122271214.2936
2008-08-05,119456937.3986
2008-08-06,118491005.263
2008-08-07,120531453.6943
2008-08-08,117795112.5064
2008-08-11,115992926.7914
2008-08-12,117499231.7372
2008-08-13,119089480.1044
2008-08-14,118446610.058
2008-08-15,117759007.3017
2008-08-18,119045628.4935
2008-08-19,120414786.6429
2008-08-20,120442521.1268
2008-08-21,121992111.877
2008-08-22,119671196.3795
2008-08-25,121474823.5984
2008-08-26,120979672.2488
2008-08-27,120963570.9301
2008-08-28,119893221.788
2008-08-29,120127751.3071
2008-09-02,120251654.2854
2008-09-03,120312712.0009
2008-09-04,122361671.702
2008-09-05,121668867.1858
2008-09-08,120324836.4204
2008-09-09,121417908.9873
2008-09-10,120322458.9606
2008-09-11,119954290.1347
2008-09-12,119691417.3516
2008-09-15,125479164.6841
2008-09-16,125209286.3427
2008-09-17,132972131.6275
2008-09-18,126968405.5073
2008-09-19,123216358.7657
2008-09-22,127495066.3748
2008-09-23,127699131.0284
2008-09-24,126714877.6877
2008-09-25,125839890.8136
2008-09-26,126716642.1195
2008-09-29,136034123.3022
2008-09-30,127774748.1318
2008-10-01,127412168.6849
2008-10-02,130773168.9822
2008-10-03,131689280.0379
2008-10-06,136137969.8375
2008-10-07,137674975.6687
2008-10-08,137954668.6937
2008-10-09,139942662.7868
2008-10-10,139256405.6792
2008-10-13,131767389.8523
2008-10-14,133554765.96
2008-10-15,139770468.3641
2008-10-16,136756694.4834
2008-10-17,137899051.6077
2008-10-20,136287940.5699
2008-10-21,139798890.8361
2008-10-22,143984713.1216
2008-10-23,143036926.9111
2008-10-24,145791399.5276
2008-10-27,147855598.0719
2008-10-28,141702270.4728
2008-10-29,141554193.3801
2008-10-30,138389450.5768
2008-10-31,138650645.511
2008-11-03,138182500.7001
2008-11-04,134187074.5405
2008-11-05,137144459.4131
2008-11-06,140522675.798
2008-11-07,138888381.6032
2008-11-10,139435682.9381
2008-11-11,141823428.5551
2008-11-12,145419717.0349
2008-11-13,141140261.1453
2008-11-14,143834045.434
2008-11-17,144796955.059
2008-11-18,145569377.3259
2008-11-19,148788510.4949
2008-11-20,153405931.9767
2008-11-21,150242056.1115
2008-11-24,145787683.8622
2008-11-25,145517227.2259
2008-11-26,145260997.4149
2008-11-28,146241348.7629
2008-12-01,150937420.7541
2008-12-02,149426426.5626
2008-12-03,149014140.5912
2008-12-04,150923478.176
2008-12-05,150361069.3989
2008-12-08,147083748.6391
2008-12-09,148716655.8032
2008-12-10,147315225.89
2008-12-11,146592466.3535
2008-12-12,146109912.7427
2008-12-15,145745467.6566
2008-12-16,141765526.3972
2008-12-17,141088870.9938
2008-12-18,142815461.296
2008-12-19,144391507.6053
2008-12-22,144075727.7324
2008-12-23,144105678.8409
2008-12-24,143846363.4217
2008-12-26,143147525.1337
2008-12-29,143303899.0676
2008-12-30,142509943.1581
2008-12-31,140503451.6166
2009-01-02,139225479.7927
2009-01-05,138688226.5837
2009-01-06,137384265.8274
2009-01-07,139044896.1201
2009-01-08,138689753.1652
2009-01-09,140037591.0251
2009-01-12,142485600.6457
2009-01-13,143133529.8341
2009-01-14,144797930.1545
2009-01-15,144247674.2303
2009-01-16,143381012.6308
2009-01-20,146818474.2196
2009-01-21,144300809.5381
2009-01-22,145094391.7307
2009-01-23,144640570.3918
2009-01-26,143692504.2805
2009-01-27,143838660.9094
2009-01-28,141907005.202
2009-01-29,142898128.6381
2009-01-30,143604907.1618
2009-02-02,144404034.0008
2009-02-03,142490238.1395
2009-02-04,142876463.1652
2009-02-05,141692032.0855
2009-02-06,139525419.426
2009-02-09,139196343.3256
2009-02-10,142558879.7092
2009-02-11,142524993.2074
2009-02-12,142763059.9439
2009-02-13,142370246.3857
2009-02-17,146065277.174
2009-02-18,146005740.3887
2009-02-19,145488933.8515
2009-02-20,145421331.6912
2009-02-23,147299991.7608
2009-02-24,145562762.7645
2009-02-25,146320291.4385
2009-02-26,146322481.0847
2009-02-27,147334746.4516
2009-03-02,150958612.4623
2009-03-03,150586413.0892
2009-03-04,147809216.0078
2009-03-05,150594706.9999
2009-03-06,149738574.7384
2009-03-09,151282326.9545
2009-03-10,148304003.2838
2009-03-11,148121014.3899
2009-03-12,145826722.086
2009-03-13,145451310.186
2009-03-16,144471379.391
2009-03-17,142768970.9773
2009-03-18,140536616.5049
2009-03-19,139284891.3761
2009-03-20,140222652.5993
2009-03-23,135904578.6046
2009-03-24,137771778.4344
2009-03-25,136771111.5336
2009-03-26,135594850.6467
2009-03-27,138379640.7532
2009-03-30,141816557.2225
2009-03-31,140317833.1337
2009-04-01,139497273.2812
2009-04-02,136351681.5766
2009-04-03,135285088.7062
2009-04-06,136757122.107
2009-04-07,138215953.2704
2009-04-08,137758617.745
2009-04-09,135738062.3182
2009-04-13,134806462.4569
2009-04-14,135742414.6179
2009-04-15,135359347.9138
2009-04-16,135100079.5561
2009-04-17,135332138.869
2009-04-20,138651156.8674
2009-04-21,137262138.3112
2009-04-22,137221205.7052
2009-04-23,135385467.5287
2009-04-24,133723527.6647
2009-04-27,135399883.4567
2009-04-28,135429979.3571
2009-04-29,133243137.4404
2009-04-30,133450509.3274
2009-05-01,132226053.2536
2009-05-04,129939700.6611
2009-05-05,130233672.6719
2009-05-06,128799111.2373
2009-05-07,129045017.9816
2009-05-08,126310496.567
2009-05-11,128003442.8696
2009-05-12,127442423.9246
2009-05-13,129845564.4109
2009-05-14,128929896.1228
2009-05-15,130283733.3695
2009-05-18,127549555.5493
2009-05-19,126668046.373
2009-05-20,125770165.6284
2009-05-21,125687945.0294
2009-05-22,124529353.4309
2009-05-26,123143602.2379
2009-05-27,123444893.6175
2009-05-28,122489579.9587
2009-05-29,120779359.2453
2009-06-01,117906325.4494
2009-06-02,117307351.5367
2009-06-03,119771782.1563
2009-06-04,118498452.0183
2009-06-05,118567954.7398
2009-06-08,118660891.4829
2009-06-09,117728217.0228
2009-06-10,117425847.1372
2009-06-11,116526903.2965
2009-06-12,117498522.9966
2009-06-15,120239882.7132
2009-06-16,120888516.573
2009-06-17,120864517.3478
2009-06-18,120457204.8561
2009-06-19,120119611.8908
2009-06-22,122500101.6812
2009-06-23,121595851.3467
2009-06-24,121587025.4079
2009-06-25,121002288.2565
2009-06-26,120885162.1506
2009-06-29,120376108.4998
2009-06-30,120896185.1661
2009-07-01,120327732.2596
2009-07-02,122949942.1238
2009-07-06,123936965.9166
2009-07-07,125821416.5355
2009-07-08,127259681.8298
2009-07-09,125967455.092
2009-07-10,127095955.5562
2009-07-13,125817828.5741
2009-07-14,125019173.23
2009-07-15,121389128.8896
2009-07-16,121517750.7614
2009-07-17,121070187.8271
2009-07-20,119330364.597
2009-07-21,120241237.083
2009-07-22,119704563.9196
2009-07-23,117798284.8333
2009-07-24,117798535.2344
2009-07-27,117015886.4488
2009-07-28,117915067.5451
2009-07-29,119278816.3907
2009-07-30,117880420.6128
2009-07-31,116857736.2172
2009-08-03,114089834.6898
2009-08-04,113876241.5277
2009-08-05,113774522.0573
2009-08-06,114724477.9896
2009-08-07,114263965.2868
2009-08-10,115224441.2405
2009-08-11,116360001.2538
2009-08-12,115258080.0038
2009-08-13,114905447.9834
2009-08-14,116431560.8818
2009-08-17,119046407.6596
2009-08-18,117544971.7115
2009-08-19,117090590.0108
2009-08-20,116770785.0917
2009-08-21,115106174.6683
2009-08-24,115439889.5292
2009-08-25,115624069.6724
2009-08-26,116182884.5125
2009-08-27,115527321.9192
2009-08-28,115643195.2413
2009-08-31,116518202.9287
2009-09-01,118248740.1613
2009-09-02,119274253.16
2009-09-03,118827913.8217
2009-09-04,118030907.0536
2009-09-08,116973116.536
2009-09-09,116554152.1545
2009-09-10,116265954.7822
2009-09-11,116934813.3325
2009-09-14,116415648.9913
2009-09-15,115929409.1954
2009-09-16,114947134.8999
2009-09-17,115569557.3215
2009-09-18,115311505.6673
2009-09-21,115881472.0241
2009-09-22,115439277.2716
2009-09-23,116219423.925
2009-09-24,117216710.4426
2009-09-25,117913680.887
2009-09-28,117049579.2714
2009-09-29,117049433.1823
2009-09-30,117094022.5532
2009-10-01,118853139.0543
2009-10-02,119098722.6135
2009-10-05,119595139.1028
2009-10-06,120013769.4825
2009-10-07,120612048.7607
2009-10-08,120630963.0696
2009-10-09,119211307.469
2009-10-12,119390550.2702
2009-10-13,119791547.0134
2009-10-14,119422613.9193
2009-10-15,118289994.1911
2009-10-16,118483802.1048
2009-10-19,119062127.5788
2009-10-20,119415189.6299
2009-10-21,118985482.8807
2009-10-22,118790876.8516
2009-10-23,118687244.8235
2009-10-26,117853528.9719
2009-10-27,118452929.9206
2009-10-28,118479612.5763
2009-10-29,118215565.4892
2009-10-30,119245994.4806
2009-11-02,119241702.5154
2009-11-03,119370480.0894
2009-11-04,120208979.4478
2009-11-05,121130806.0287
2009-11-06,121973981.4427
2009-11-09,124697682.7102
2009-11-10,124414809.0877
2009-11-11,125073733.1614
2009-11-12,123370666.978
2009-11-13,125349174.1466
2009-11-16,127785321.1831
2009-11-17,127446650.1729
2009-11-18,127147636.5219
2009-11-19,126026751.2858
2009-11-20,125371955.5402
2009-11-23,127121781.4536
2009-11-24,127327399.4257
2009-11-25,129535387.0826
2009-11-27,127097324.0476
2009-11-30,127964950.8869
2009-12-01,129745536.0443
2009-12-02,129591204.4817
2009-12-03,128742574.203
2009-12-04,126125467.9502
2009-12-07,126105977.6346
2009-12-08,124831733.998
2009-12-09,124857555.7061
2009-12-10,125064435.315
2009-12-11,124031378.9983
2009-12-14,125434859.7314
2009-12-15,123767384.8231
2009-12-16,124876623.7834
2009-12-17,122604360.2629
2009-12-18,122889439.5757
2009-12-21,121732245.3583
2009-12-22,121393393.2478
2009-12-23,122477380.8815
2009-12-24,122969325.278
2009-12-28,122936715.7553
2009-12-29,122690305.1777
2009-12-30,122563857.1703
2009-12-31,121928794.3696
2010-01-04,125112403.3776
2010-01-05,125481732.2805
2010-01-06,126701194.4927
2010-01-07,126056964.6934
2010-01-08,127433226.3565
2010-01-11,128168555.962
2010-01-12,126306851.1942
2010-01-13,127320004.1431
2010-01-14,127788714.8469
2010-01-15,125860639.2031
2010-01-19,127009238.3549
2010-01-20,123709804.7766
2010-01-21,121469783.9826
2010-01-22,119502985.7869
2010-01-25,120409429.3956
2010-01-26,119108313.8817
2010-01-27,118486252.4122
2010-01-28,117147823.5306
2010-01-29,115497028.3339
2010-02-01,117551654.138
2010-02-02,119173163.008
2010-02-03,118153784.4588
2010-02-04,113141634.4994
2010-02-05,112367442.9897
2010-02-08,111549733.6611
2010-02-09,114017182.4441
2010-02-10,113249712.656
2010-02-11,114956750.0273
2010-02-12,114173961.8574
2010-02-16,117756075.5538
2010-02-17,117328555.9765
2010-02-18,118170620.3809
2010-02-19,117857260.3921
2010-02-22,117860676.8528
2010-02-23,115444250.1379
2010-02-24,116460259.8241
2010-02-25,115688209.1966
2010-02-26,116985337.1747
2010-03-01,117404871.2444
2010-03-02,118782603.2484
2010-03-03,120190686.5492
2010-03-04,119299412.7456
2010-03-05,120763578.9595
2010-03-08,120591996.2716
2010-03-09,120636754.8033
2010-03-10,120832459.7276
2010-03-11,121218519.8722
2010-03-12,121982936.6552
2010-03-15,121062593.904
2010-03-16,123479311.5558
2010-03-17,124334440.2648
2010-03-18,123310855.1315
2010-03-19,121251521.2016
2010-03-22,122194323.8074
2010-03-23,122505242.0434
2010-03-24,118942933.2325
2010-03-25,118295248.3888
2010-03-26,119612644.233
2010-03-29,121428623.6404
2010-03-30,121420546.0813
2010-03-31,121843134.1936
2010-04-01,123666067.8413
2010-04-05,123395039.763
2010-04-06,123783102.0621
2010-04-07,123657954.8966
2010-04-08,123714780.5192
2010-04-09,125331427.4294
2010-04-12,125579138.1838
2010-04-13,125779025.8017
2010-04-14,127759468.2129
2010-04-15,127974632.5858
2010-04-16,125376958.0125
2010-04-19,124414921.2765
2010-04-20,125515892.5412
2010-04-21,125501407.2502
2010-04-22,124604944.0274
2010-04-23,125832036.7346
2010-04-26,125787210.3939
2010-04-27,122230649.3292
2010-04-28,122604438.1733
2010-04-29,124825053.3505
2010-04-30,124203553.3254
2010-05-03,124347120.4025
2010-05-04,119578271.7613
2010-05-05,116965200.5029
2010-05-06,113384823.0315
2010-05-07,112558422.9017
2010-05-10,117304370.8954
2010-05-11,117457469.7561
2010-05-12,118693294.3664
2010-05-13,117221766.335
2010-05-14,114591264.6031
2010-05-17,113658719.3991
2010-05-18,111599042.1455
2010-05-19,110459114.0322
2010-05-20,106532081.1102
2010-05-21,108683818.7799
2010-05-24,107176327.0922
2010-05-25,106544249.9008
2010-05-26,105629848.7739
2010-05-27,110481388.2195
2010-05-28,109523134.8168
2010-06-01,108027877.8204
2010-06-02,108913022.2441
2010-06-03,108665889.2982
2010-06-04,108737257.5523
2010-06-07,108659736.8228
2010-06-08,108829183.9167
2010-06-09,108350620.3438
2010-06-10,108591265.4953
2010-06-11,109847246.3023
2010-06-14,109423162.9592
2010-06-15,110224465.3185
2010-06-16,110484457.9746
2010-06-17,111153717.6014
2010-06-18,111284341.9058
2010-06-21,111479615.4018
2010-06-22,111237066.9358
2010-06-23,111575150.455
2010-06-24,110232937.0695
2010-06-25,110543849.0094
2010-06-28,110914639.2794
2010-06-29,109488828.8672
2010-06-30,108998059.1729
2010-07-01,107632736.8785
2010-07-02,107184669.5464
2010-07-06,108016197.3445
2010-07-07,108793219.5126
2010-07-08,108895069.5504
2010-07-09,109303324.0106
2010-07-12,109421288.7681
2010-07-13,109545523.8759
2010-07-14,110055746.7927
2010-07-15,110136258.8241
2010-07-16,109101458.8968
2010-07-19,108976671.4322
2010-07-20,109932514.3153
2010-07-21,110551912.8629
2010-07-22,111358366.3409
2010-07-23,111036670.1079
2010-07-26,111548398.4242
2010-07-27,110706385.0294
2010-07-28,110537235.5005
2010-07-29,110702431.4942
2010-07-30,111396788.6872
2010-08-02,111740714.9061
2010-08-03,111946223.2515
2010-08-04,111884913.4854
2010-08-05,112314600.4329
2010-08-06,112784906.7073
2010-08-09,112844087.1228
2010-08-10,113175344.9707
2010-08-11,112252269.1119
2010-08-12,112267792.3363
2010-08-13,112798604.3212
2010-08-16,114487480.0087
2010-08-17,114731345.3056
2010-08-18,114789219.1976
2010-08-19,114755597.5099
2010-08-20,114578172.5841
2010-08-23,114762851.4036
2010-08-24,115169981.2681
2010-08-25,114968812.8721
2010-08-26,115192361.4136
2010-08-27,114419781.5951
2010-08-30,115381043.8838
2010-08-31,116712676.5559
2010-09-01,116895209.4544
2010-09-02,116984340.0595
2010-09-03,116403077.515
2010-09-07,117958329.6027
2010-09-08,117673680.8793
2010-09-09,116733315.0953
2010-09-10,116645268.15
2010-09-13,117709468.5919
2010-09-14,118444668.9039
2010-09-15,117714306.1098
2010-09-16,117190067.4508
2010-09-17,117586918.6217
2010-09-20,118675932.9969
2010-09-21,119939638.2439
2010-09-22,119895365.0954
2010-09-23,119998222.8137
2010-09-24,119505948.8881
2010-09-27,120160477.4676
2010-09-28,121235982.7353
2010-09-29,120992440.4849
2010-09-30,120996126.2534
2010-10-01,121362830.0464
2010-10-04,120675917.1764
2010-10-05,123435113.2489
2010-10-06,124618023.9948
2010-10-07,124383623.206
2010-10-08,126595824.1865
2010-10-11,126774939.6786
2010-10-12,126664025.7148
2010-10-13,127886693.7553
2010-10-14,127463047.409
2010-10-15,126605853.1228
2010-10-18,127732453.2193
2010-10-19,125811217.0802
2010-10-20,127489786.04
2010-10-21,126392974.3053
2010-10-22,126795510.952
2010-10-25,128196410.1648
2010-10-26,126933222.951
2010-10-27,125471346.5525
2010-10-28,126682422.7943
2010-10-29,127720011.054
2010-11-01,127391257.0387
2010-11-02,129546728.7152
2010-11-03,129679752.5361
2010-11-04,134219803.0565
2010-11-05,133554687.5339
2010-11-08,133829803.5707
2010-11-09,130892403.4778
2010-11-10,131357733.4474
2010-11-11,129958875.3239
2010-11-12,126232098.0827
2010-11-15,124110452.7704
2010-11-16,122305331.1986
2010-11-17,122943108.1555
2010-11-18,125909274.8612
2010-11-19,126267227.4865
2010-11-22,127121124.3518
2010-11-23,125092433.1651
2010-11-24,125473672.2812
2010-11-26,124265454.2007
2010-11-29,124605759.1472
2010-11-30,124458529.5298
2010-12-01,125720082.512
2010-12-02,126559786.9398
2010-12-03,127406606.9471
2010-12-06,128843028.2206
2010-12-07,126406179.6396
2010-12-08,124829068.3652
2010-12-09,125365782.7434
2010-12-10,125026960.1111
2010-12-13,125919619.7894
2010-12-14,124890687.4017
2010-12-15,123784554.4965
2010-12-16,124739837.963
2010-12-17,126456395.5516
2010-12-20,126869877.62
2010-12-21,128014968.0394
2010-12-22,128084811.7266
2010-12-23,127801097.7354
2010-12-27,128296313.5302
2010-12-28,127652750.2439
2010-12-29,129756254.1497
2010-12-30,128947163.0279
2010-12-31,130027406.8486
2011-01-03,130646379.284
2011-01-04,129368755.6448
2011-01-05,127595562.2961
2011-01-06,127383993.9117
2011-01-07,127700724.0402
2011-01-10,128224323.2469
2011-01-11,128456991.87
2011-01-12,130039803.2693
2011-01-13,130309947.3665
2011-01-14,130019511.2718
2011-01-18,130628746.083
2011-01-19,130147520.4666
2011-01-20,127388252.2802
2011-01-21,128105259.7075
2011-01-24,129098086.1365
2011-01-25,129866102.1182
2011-01-26,130480218.1621
2011-01-27,130355099.0385
2011-01-28,129220337.0139
2011-01-31,129689336.8621
2011-02-01,132092478.4272
2011-02-02,131743307.2713
2011-02-03,131470543.2602
2011-02-04,130481851.7695
2011-02-07,130846345.324
2011-02-08,130945660.4378
2011-02-09,131024334.0742
2011-02-10,129614555.0392
2011-02-11,130548200.677
2011-02-14,131362187.6736
2011-02-15,130714037.657
2011-02-16,132105316.9946
2011-02-17,134034686.1196
2011-02-18,134702164.0361
2011-02-22,133115069.8568
2011-02-23,133660364.646
2011-02-24,133858790.8804
2011-02-25,137020039.7703
2011-02-28,138067859.0003
2011-03-01,137389355.7702
2011-03-02,138019841.7552
2011-03-03,138518114.8035
2011-03-04,139622792.7036
2011-03-07,137829639.4092
2011-03-08,137444180.9441
2011-03-09,137905842.4003
2011-03-10,134425114.1875
2011-03-11,135434471.723
2011-03-14,134611054.238
2011-03-15,131244621.0889
2011-03-16,129800868.5933
2011-03-17,133946158.7751
2011-03-18,135641035.5499
2011-03-21,138080054.0811
2011-03-22,138337865.5347
2011-03-23,138227275.155
2011-03-24,138968128.0008
2011-03-25,137618208.5563
2011-03-28,136773269.9821
2011-03-29,136981682.1647
2011-03-30,139005002.6914
2011-03-31,139320445.9401
2011-04-01,140704932.1786
2011-04-04,141765481.0245
2011-04-05,141430362.2487
2011-04-06,141872959.6652
2011-04-07,141957903.264
2011-04-08,143562534.2395
2011-04-11,142284348.302
2011-04-12,141606346.4464
2011-04-13,142982034.5542
2011-04-14,143752737.9027
2011-04-15,145336759.5114
2011-04-18,143374378.4138
2011-04-19,145068572.6033
2011-04-20,148825576.9595
2011-04-21,150716577.9667
2011-04-25,150907499.9784
2011-04-26,152522020.5035
2011-04-27,154503898.5604
2011-04-28,155623685.945
2011-04-29,157065186.9035
2011-05-02,155825831.3451
2011-05-03,153807938.2633
2011-05-04,151891112.108
2011-05-05,146256869.4363
2011-05-06,146820420.1246
2011-05-09,149886030.0973
2011-05-10,150339855.5231
2011-05-11,146201264.1614
2011-05-12,145944429.9219
2011-05-13,143786160.564
2011-05-16,143546185.5653
2011-05-17,144513334.6809
2011-05-18,145771421.4036
2011-05-19,146139830.6312
2011-05-20,145054671.9909
2011-05-23,141303116.1131
2011-05-24,143117399.1232
2011-05-25,144592349.3425
2011-05-26,147200222.1188
2011-05-27,149725804.1316
2011-05-31,151839259.8034
2011-06-01,149400642.9354
2011-06-02,148900974.746
2011-06-03,149667419.8828
2011-06-06,147310233.3786
2011-06-07,149153431.0258
2011-06-08,148033392.5651
2011-06-09,148365137.3117
2011-06-10,144625087.544
2011-06-13,144545511.9038
2011-06-14,145970935.6262
2011-06-15,142357244.3188
2011-06-16,141325305.787
2011-06-17,142931630.5364
2011-06-20,143196697.7332
2011-06-21,146689809.416
2011-06-22,144840020.8761
2011-06-23,144378891.1204
2011-06-24,142532862.0164
2011-06-27,142392620.2439
2011-06-28,143702083.2733
2011-06-29,146094812.7742
2011-06-30,147396903.4136
2011-07-01,148732725.7023
2011-07-05,150108592.2725
2011-07-06,150014988.0304
2011-07-07,151402825.8029
2011-07-08,151926919.4841
2011-07-11,148525214.945
2011-07-12,148808788.7262
2011-07-13,153049670.4134
2011-07-14,151032185.4584
2011-07-15,152592705.1035
2011-07-18,150867073.2918
2011-07-19,153188113.2869
2011-07-20,154145003.1415
2011-07-21,156135865.2532
2011-07-22,157392026.9448
2011-07-25,156685955.4538
2011-07-26,158740853.4072
2011-07-27,154845850.4462
2011-07-28,154863840.8313
2011-07-29,156971433.3951
2011-08-01,156102598.3544
2011-08-02,155318851.945
2011-08-03,155569142.8236
2011-08-04,146544640.3134
2011-08-05,145185893.6827
2011-08-08,136978451.5348
2011-08-09,147383837.7572
2011-08-10,144469078.1537
2011-08-11,145517792.0452
2011-08-12,147373376.763
2011-08-15,151300365.4112
2011-08-16,150664805.3537
2011-08-17,153286274.0044
2011-08-18,147039399.8711
2011-08-19,146682033.6589
2011-08-22,147159805.9324
2011-08-23,149328659.9753
2011-08-24,145397729.9048
2011-08-25,144156128.8787
2011-08-26,148291809.9057
2011-08-29,150554619.8626
2011-08-30,152492364.4903
2011-08-31,153387890.994
2011-09-01,153361075.9101
2011-09-02,152903583.7634
2011-09-06,148931664.1607
2011-09-07,150954917.0837
2011-09-08,149663911.5717
2011-09-09,146467646.2014
2011-09-12,145408502.7971
2011-09-13,146103965.0771
2011-09-14,146853943.852
2011-09-15,147758123.4916
2011-09-16,147813231.484
2011-09-19,146017906.1139
2011-09-20,146288261.8965
2011-09-21,142902552.841
2011-09-22,138403153.5071
2011-09-23,136985117.7209
2011-09-26,137906642.9795
2011-09-27,139925865.9052
2011-09-28,136635102.4897
2011-09-29,138118239.8564
2011-09-30,134674760.3871
2011-10-03,132919140.6616
2011-10-04,131461246.0184
2011-10-05,130856629.8288
2011-10-06,129585154.2126
2011-10-07,128955716.4806
2011-10-10,127331339.1998
2011-10-11,128291723.5049
2011-10-12,126949506.0577
2011-10-13,127675436.0974
2011-10-14,127115519.6701
2011-10-17,128388715.5508
2011-10-18,127848767.1949
2011-10-19,128242552.0218
2011-10-20,128105669.8537
2011-10-21,127371638.6182
2011-10-24,126505511.5213
2011-10-25,128638319.38
2011-10-26,127391369.1954
2011-10-27,125077549.42
2011-10-28,126042147.4047
2011-10-31,127797264.2617
2011-11-01,129880699.6769
2011-11-02,130426689.4061
2011-11-03,130961602.3502
2011-11-04,131086212.5877
2011-11-07,131522509.0319
2011-11-08,131493781.7133
2011-11-09,130240851.1904
2011-11-10,130018162.9543
2011-11-11,130762996.668
2011-11-14,130438623.5573
2011-11-15,130455873.1581
2011-11-16,129907276.8324
2011-11-17,128586432.7721
2011-11-18,128392454.2801
2011-11-21,127492904.2554
2011-11-22,127749461.9428
2011-11-23,126789790.3352
2011-11-25,125711757.1091
2011-11-28,126827507.9605
2011-11-29,127304639.5884
2011-11-30,128217392.0993
2011-12-01,128165694.1493
2011-12-02,128731376.2359
2011-12-05,129141341.561
2011-12-06,128945957.8393
2011-12-07,129536986.5753
2011-12-08,128853400.2225
2011-12-09,128962699.5046
2011-12-12,128087733.5936
2011-12-13,127626193.4926
2011-12-14,126841106.0701
2011-12-15,126937483.7451
2011-12-16,128164932.2451
2011-12-19,127942453.7394
2011-12-20,128840998.1992
2011-12-21,128272953.1186
2011-12-22,128460681.7686
2011-12-23,128229568.4994
2011-12-27,128721215.1378
2011-12-28,127838428.6701
2011-12-29,128264671.1567
2011-12-30,128697978.864
2012-01-03,129588473.7224
2012-01-04,129768509.7917
2012-01-05,130675380.2719
2012-01-06,131650601.4354
2012-01-09,131224674.4671
2012-01-10,130465974.35
2012-01-11,131481239.6058
2012-01-12,131599365.9558
2012-01-13,132557972.6766
2012-01-17,132431965.6706
2012-01-18,131425086.3705
2012-01-19,130351198.2846
2012-01-20,129876568.259
2012-01-23,129128513.7309
2012-01-24,129078951.818
2012-01-25,129239002.2252
2012-01-26,130008468.9803
2012-01-27,130327363.3966
2012-01-30,131469143.7084
2012-01-31,131910534.5208
2012-02-01,131019754.2789
2012-02-02,131336050.2273
2012-02-03,129859356.9849
2012-02-06,130243678.409
2012-02-07,129722056.3417
2012-02-08,129559319.3246
2012-02-09,128777213.5082
2012-02-10,129831746.1111
2012-02-13,129500049.4751
2012-02-14,129714168.9158
2012-02-15,129335678.9192
2012-02-16,128486392.4653
2012-02-17,127693417.9736
2012-02-21,127177175.1969
2012-02-22,127903250.9365
2012-02-23,128236935.7672
2012-02-24,127430172.9819
2012-02-27,128636183.2172
2012-02-28,128708141.3033
2012-02-29,127566861.1514
2012-03-01,126738722.0017
2012-03-02,127228369.7708
2012-03-05,127047378.7211
2012-03-06,128483763.9321
2012-03-07,128240613.5411
2012-03-08,127191206.6006
2012-03-09,127124533.0966
2012-03-12,127247810.8345
2012-03-13,125359345.0534
2012-03-14,123346494.4852
2012-03-15,123306895.1456
2012-03-16,123333656.9031
2012-03-19,122757883.3799
2012-03-20,123023489.6015
2012-03-21,123965057.7799
2012-03-22,124609940.2812
2012-03-23,125016797.9694
2012-03-26,124659975.1349
2012-03-27,125369597.5046
2012-03-28,125505556.8948
2012-03-29,126401480.0425
2012-03-30,125133468.0573
2012-04-02,125450417.9651
2012-04-03,124732900.8008
2012-04-04,126277686.6884
2012-04-05,127080966.4808
2012-04-09,128664059.8159
2012-04-10,130273912.7671
2012-04-11,129539519.1683
2012-04-12,128433555.0465
2012-04-13,130285624.9511
2012-04-16,130183090.332
2012-04-17,129648204.5271
2012-04-18,129937052.2866
2012-04-19,129583752.8318
2012-04-20,129100803.0244
2012-04-23,130156943.1578
2012-04-24,129449668.7312
2012-04-25,129347592.8101
2012-04-26,129827996.8453
2012-04-27,129549517.0951
2012-04-30,129806734.1228
2012-05-01,129065582.9953
2012-05-02,130604060.36
2012-05-03,131505015.3387
2012-05-04,133667084.3484
2012-05-07,133580776.3571
2012-05-08,135108684.2571
2012-05-09,136001421.615
2012-05-10,135355951.3856
2012-05-11,136689751.3775
2012-05-14,138529674.9287
2012-05-15,139438969.6073
2012-05-16,139946619.068
2012-05-17,140489081.8821
2012-05-18,140670356.9672
2012-05-21,139514459.2045
2012-05-22,140339109.729
2012-05-23,142022781.8716
2012-05-24,142125121.2148
2012-05-25,142787210.7559
2012-05-29,142168724.234
2012-05-30,145839482.1979
2012-05-31,146744897.4956
2012-06-01,149275980.8501
2012-06-04,147267232.3247
2012-06-05,146438066.3148
2012-06-06,141241149.8451
2012-06-07,141540192.4609
2012-06-08,142416828.0951
2012-06-11,144309032.3404
2012-06-12,141649058.0135
2012-06-13,143089763.3624
2012-06-14,141714580.6093
2012-06-15,141249978.3099
2012-06-18,141333847.5319
2012-06-19,138272737.1752
2012-06-20,138554118.6856
2012-06-21,142587155.605
2012-06-22,141134168.085
2012-06-25,143681559.0653
2012-06-26,142204781.1041
2012-06-27,141640145.5979
2012-06-28,142657261.9152
2012-06-29,136408931.8481
2012-07-02,137054678.3392
2012-07-03,135070531.635
2012-07-05,137577906.8516
2012-07-06,140156445.1955
2012-07-09,139826750.2524
2012-07-10,141153320.69
2012-07-11,140608084.702
2012-07-12,142369259.8457
2012-07-13,140960427.3486
2012-07-16,140721154.0839
2012-07-17,140002176.3886
2012-07-18,140080630.2262
2012-07-19,139140040.5077
2012-07-20,141504100.9877
2012-07-23,143796014.4396
2012-07-24,145126613.8041
2012-07-25,144176718.4772
2012-07-26,141891454.6335
2012-07-27,139032279.9834
2012-07-30,139789561.7382
2012-07-31,140867520.0006
2012-08-01,141366951.6929
2012-08-02,142672140.1968
2012-08-03,138397921.9523
2012-08-06,137983004.8138
2012-08-07,136404783.2262
2012-08-08,135732411.3017
2012-08-09,135595050.4697
2012-08-10,135898027.9214
2012-08-13,136600204.5643
2012-08-14,135788644.8075
2012-08-15,134453656.6101
2012-08-16,132833596.1218
2012-08-17,133393183.1141
2012-08-20,132959022.1392
2012-08-21,131781516.0707
2012-08-22,132447908.2825
2012-08-23,133070024.3309
2012-08-24,133784043.5607
2012-08-27,134535560.7873
2012-08-28,134209382.769
2012-08-29,134262821.763
2012-08-30,135626253.9005
2012-08-31,135072497.1254
2012-09-04,135307145.6666
2012-09-05,135498912.8592
2012-09-06,134895571.4731
2012-09-07,133609658.062
2012-09-10,133606690.6979
2012-09-11,133046716.033
2012-09-12,132134114.8716
2012-09-13,132338477.3839
2012-09-14,130618755.525
2012-09-17,131917071.5675
2012-09-18,132224165.6086
2012-09-19,132319560.2535
2012-09-20,132483568.3992
2012-09-21,132465667.0183
2012-09-24,133174672.3692
2012-09-25,133014174.9333
2012-09-26,133782902.426
2012-09-27,133532936.5052
2012-09-28,133995782.2519
2012-10-01,134053542.908
2012-10-02,134020372.6554
2012-10-03,133558715.8083
2012-10-04,134867371.7889
2012-10-05,133498115.5518
2012-10-08,133217484.8591
2012-10-09,132359855.6556
2012-10-10,132272143.97
2012-10-11,133306003.697
2012-10-12,133017163.191
2012-10-15,133629947.3254
2012-10-16,134026516.8206
2012-10-17,133943994.4819
2012-10-18,132903207.5876
2012-10-19,131440254.0933
2012-10-22,131013285.4226
2012-10-23,129945078.4969
2012-10-24,129571832.498
2012-10-25,130048931.6587
2012-10-26,130781023.663
2012-10-31,132066229.5404
2012-11-01,132379627.9668
2012-11-02,132648562.0332
2012-11-05,133084735.762
2012-11-06,132119376.0235
2012-11-07,132196051.8931
2012-11-08,131299710.7966
2012-11-09,130924425.2954
2012-11-12,131561212.9181
2012-11-13,131198860.2099
2012-11-14,129854972.7777
2012-11-15,129690486.5942
2012-11-16,130112067.7514
2012-11-19,130978045.3802
2012-11-20,130633769.2845
2012-11-21,130679764.3364
2012-11-23,131288452.1582
2012-11-26,131471463.4848
2012-11-27,131712668.277
2012-11-28,132817496.4251
2012-11-29,133152511.6176
2012-11-30,133553266.3125
2012-12-03,133638964.6221
2012-12-04,134102020.105
2012-12-05,134665347.5468
2012-12-06,135393666.9967
2012-12-07,135104052.5155
2012-12-10,135780065.9638
2012-12-11,136137655.8968
2012-12-12,135877569.9797
2012-12-13,134692270.9801
2012-12-14,135067025.232
2012-12-17,135097442.0511
2012-12-18,135459752.955
2012-12-19,135894306.3154
2012-12-20,136706048.0272
2012-12-21,135850950.3182
2012-12-24,135257353.282
2012-12-26,135506482.1786
2012-12-27,136360592.5904
2012-12-28,135938338.9839
2012-12-31,137351527.7548
2013-01-02,139990581.0257
2013-01-03,136119367.178
2013-01-04,137147822.7101
2013-01-07,136957644.7338
2013-01-08,136466914.6817
2013-01-09,137294502.1221
2013-01-10,140193445.0754
2013-01-11,140736690.0074
2013-01-14,140984802.508
2013-01-15,140457320.4302
2013-01-16,139762136.858
2013-01-17,140684762.7711
2013-01-18,140662479.2519
2013-01-22,141128204.699
2013-01-23,141105043.8193
2013-01-24,140910873.6503
2013-01-25,140644117.244
2013-01-28,138942693.6404
2013-01-29,140201901.3332
2013-01-30,140693172.0638
2013-01-31,141058093.7623
2013-02-01,141711981.8451
2013-02-04,140340207.0058
2013-02-05,140796028.8257
2013-02-06,141098470.2219
2013-02-07,140146736.0757
2013-02-08,141365529.9378
2013-02-11,141044875.6702
2013-02-12,141484878.9896
2013-02-13,141542171.3947
2013-02-14,141293373.4624
2013-02-15,141442898.9191
2013-02-19,142679524.4159
2013-02-20,140467341.6603
2013-02-21,138812224.1463
2013-02-22,140738946.7548
2013-02-25,137958045.8875
2013-02-26,138407428.6113
2013-02-27,140563747.8814
2013-02-28,140330357.0493
2013-03-01,140738322.339
2013-03-04,140733802.4483
2013-03-05,140978955.2647
2013-03-06,141387692.2747
2013-03-07,139849538.9533
2013-03-08,140228579.7741
2013-03-11,140140190.4727
2013-03-12,140020323.5143
2013-03-13,140872114.0574
2013-03-14,140646531.6192
2013-03-15,140794220.7708
2013-03-18,141730976.0865
2013-03-19,142391499.0018
2013-03-20,141784354.2137
2013-03-21,141183940.2426
2013-03-22,141114021.9054
2013-03-25,141082373.6912
2013-03-26,141444582.8413
2013-03-27,142445083.8354
2013-03-28,142777846.053
2013-04-01,141727523.4811
2013-04-02,143482018.5679
2013-04-03,143044909.1718
2013-04-04,145502420.6511
2013-04-05,145247693.4781
2013-04-08,145833783.5925
2013-04-09,145701127.0136
2013-04-10,147750820.1565
2013-04-11,148445241.0242
2013-04-12,150349781.99
2013-04-15,150051102.0464
2013-04-16,150640668.7973
2013-04-17,149870087.2827
2013-04-18,148126977.9177
2013-04-19,149860269.0957
2013-04-22,150351019.2969
2013-04-23,153279783.3816
2013-04-24,153899467.8575
2013-04-25,152913308.177
2013-04-26,153381360.7567
2013-04-29,153667002.048
2013-04-30,154117589.4499
2013-05-01,153843125.2524
2013-05-02,154865367.6832
2013-05-03,154209770.5183
2013-05-06,154231693.1892
2013-05-07,154509784.4757
2013-05-08,155183605.6865
2013-05-09,154986719.2866
2013-05-10,154755961.7455
2013-05-13,153942817.5343
2013-05-14,154502206.7627
2013-05-15,156181789.7192
2013-05-16,156556748.9048
2013-05-17,157145054.18
2013-05-20,156400096.0308
2013-05-21,158045288.2024
2013-05-22,155046935.7558
2013-05-23,152764294.7158
2013-05-24,151185730.3628
2013-05-28,149278226.9449
2013-05-29,147460373.0386
2013-05-30,147040054.6183
2013-05-31,144064070.7916
2013-06-03,143852832.7669
2013-06-04,143354096.9856
2013-06-05,139568298.5725
2013-06-06,141209981.826
2013-06-07,142901686.5053
2013-06-10,142892733.4165
2013-06-11,140376523.7822
2013-06-12,140195558.8659
2013-06-13,143870697.3053
2013-06-14,142623143.1281
2013-06-17,144472719.7689
2013-06-18,145588644.7612
2013-06-19,141209800.5527
2013-06-20,136573359.5296
2013-06-21,136090480.2478
2013-06-24,133027850.8563
2013-06-25,135349076.2011
2013-06-26,137380084.7252
2013-06-27,139568855.0231
2013-06-28,138242806.9018
2013-07-01,140157257.9437
2013-07-02,140096736.3788
2013-07-03,139917957.852
2013-07-05,143494147.9585
2013-07-08,143171529.7977
2013-07-09,143446514.1117
2013-07-10,144401622.7985
2013-07-11,145394112.3193
2013-07-12,145779053.2959
2013-07-15,146070881.6725
2013-07-16,145259141.7949
2013-07-17,145991366.5454
2013-07-18,147274319.1897
2013-07-19,146344007.9804
2013-07-22,145739011.8043
2013-07-23,145911711.0747
2013-07-24,146757183.3535
2013-07-25,147055580.222
2013-07-26,146584005.249
2013-07-29,146193504.943
2013-07-30,146581014.3237
2013-07-31,146640475.5137
2013-08-01,149734920.9791
2013-08-02,149899488.7847
2013-08-05,149626874.4478
2013-08-06,148988594.9442
2013-08-07,147388343.9004
2013-08-08,147733961.8387
2013-08-09,147326505.8798
2013-08-12,146832829.3136
2013-08-13,148717636.4256
2013-08-14,147951916.7932
2013-08-15,146786247.6541
2013-08-16,147159304.8413
2013-08-19,146596758.8222
2013-08-20,146931396.1166
2013-08-21,146222935.2493
2013-08-22,147517358.483
2013-08-23,147188406.337
2013-08-26,145715334.3799
2013-08-27,142915196.8
2013-08-28,143246140.3412
2013-08-29,143456775.1378
2013-08-30,143132813.2685
2013-09-03,144186247.9965
2013-09-04,146205433.5975
2013-09-05,147569641.2275
2013-09-06,146783066.6132
2013-09-09,148124113.6732
2013-09-10,149979359.1526
2013-09-11,149403835.2344
2013-09-12,149383805.603
2013-09-13,149539357.9486
2013-09-16,150255388.4226
2013-09-17,150499874.7811
2013-09-18,149551592.5359
2013-09-19,150159223.7842
2013-09-20,150065396.83
2013-09-23,149049314.86
2013-09-24,148372955.0442
2013-09-25,147807366.3053
2013-09-26,148772967.1831
2013-09-27,148245920.2446
2013-09-30,147698834.3337
2013-10-01,148944178.3321
2013-10-02,148512896.3743
2013-10-03,147525655.5053
2013-10-04,148047536.8828
2013-10-07,146003650.9021
2013-10-08,144248151.0975
2013-10-09,144891438.881
2013-10-10,147856333.1607
2013-10-11,149211185.8336
2013-10-14,150262575.3513
2013-10-15,149046925.3229
2013-10-16,149968247.6269
2013-10-17,150646705.6994
2013-10-18,151492249.1125
2013-10-21,151640164.0242
2013-10-22,152122159.0874
2013-10-23,151192518.4646
2013-10-24,152046515.6894
2013-10-25,152275267.1636
2013-10-28,152614775.7611
2013-10-29,153082033.1472
2013-10-30,152548084.72
2013-10-31,151915486.5668
2013-11-01,152135556.841
2013-11-04,152937264.7168
2013-11-05,152322080.0732
2013-11-06,153145723.8936
2013-11-07,150453846.7631
2013-11-08,153142335.3574
2013-11-11,153695120.1876
2013-11-12,153828836.135
2013-11-13,154196345.4288
2013-11-14,154245832.9327
2013-11-15,155369868.983
2013-11-18,154970488.9071
2013-11-19,155184263.3118
2013-11-20,155326348.8472
2013-11-21,156588120.2322
2013-11-22,157140817.4811
2013-11-25,156464310.9264
2013-11-26,156704988.9091
2013-11-27,157252774.4386
2013-11-29,157594533.244
2013-12-02,157573667.2003
2013-12-03,156780618.9373
2013-12-04,156834598.585
2013-12-05,157305110.5544
2013-12-06,158935936.0394
2013-12-09,159160723.3199
2013-12-10,158102984.7905
2013-12-11,156480166.5246
2013-12-12,156655594.3361
2013-12-13,156124345.7573
2013-12-16,157570641.4594
2013-12-17,156885128.2306
2013-12-18,159809898.1921
2013-12-19,160086188.0935
2013-12-20,159764623.6057
2013-12-23,161779844.1262
2013-12-24,162528998.3024
2013-12-26,163520906.6652
2013-12-27,164409985.4594
2013-12-30,165468366.9538
2013-12-31,166496071.1953
2014-01-02,162426422.1565
2014-01-03,161051922.5827
2014-01-06,160127820.9206
2014-01-07,160899320.7924
2014-01-08,161364403.9336
2014-01-09,161487136.0785
2014-01-10,160891029.766
2014-01-13,158428811.0933
2014-01-14,160765403.1101
2014-01-15,161670829.9698
2014-01-16,161490075.3181
2014-01-17,160367447.605
2014-01-21,162061738.682
2014-01-22,162369640.2438
2014-01-23,161676565.2672
2014-01-24,157096143.4729
2014-01-27,156726261.331
2014-01-28,157429125.1019
2014-01-29,155091278.0775
2014-01-30,156064573.4697
2014-01-31,153072443.4658
2014-02-03,148111572.5388
2014-02-04,147949246.6152
2014-02-05,147376552.6649
2014-02-06,148254215.0827
2014-02-07,148777739.3163
2014-02-10,148744936.4657
2014-02-11,149390642.449
2014-02-12,149385309.0493
2014-02-13,149309890.4111
2014-02-14,148550019.1082
2014-02-18,147829371.2505
2014-02-19,146990301.5501
2014-02-20,147199683.9918
2014-02-21,147543902.3412
2014-02-24,147363758.5699
2014-02-25,147250463.4633
2014-02-26,148210104.1033
2014-02-27,148256262.0146
2014-02-28,147584843.5293
2014-03-03,144465292.0291
2014-03-04,146941429.3599
2014-03-05,146874309.504
2014-03-06,147742498.7722
2014-03-07,147904746.228
2014-03-10,147535861.8089
2014-03-11,146932329.6412
2014-03-12,146427966.3688
2014-03-13,143952281.7872
2014-03-14,143543545.3445
2014-03-17,144868211.1158
2014-03-18,145711643.329
2014-03-19,144941946.3812
2014-03-20,144685856.4106
2014-03-21,143645674.5755
2014-03-24,143335554.3696
2014-03-25,143930272.2557
2014-03-26,143174423.8301
2014-03-27,142855472.0354
2014-03-28,144112123.4685
2014-03-31,145296317.9702
2014-04-01,146428086.8391
2014-04-02,146508745.0605
2014-04-03,145595663.3045
2014-04-04,144083559.5851
2014-04-07,143188705.8655
2014-04-08,143996171.927
2014-04-09,146661839.562
2014-04-10,143320887.1974
2014-04-11,141585291.0291
2014-04-14,142176687.2823
2014-04-15,142391173.9014
2014-04-16,143777417.1864
2014-04-17,144884280.2305
2014-04-21,145254791.8984
2014-04-22,146063646.7942
2014-04-23,145856471.8174
2014-04-24,145722465.5623
2014-04-25,144516373.0502
2014-04-28,145462263.9016
2014-04-29,146260566.0268
2014-04-30,147099777.1127
2014-05-01,147026318.8786
2014-05-02,146375874.2382
2014-05-05,146462345.6363
2014-05-06,146044399.5865
2014-05-07,146936929.6489
2014-05-08,145999886.7321
2014-05-09,144920780.89
2014-05-12,146024527.3854
2014-05-13,145540680.2688
2014-05-14,144241462.3859
2014-05-15,143420741.7634
2014-05-16,143783310.8722
2014-05-19,144785471.3528
2014-05-20,144380388.0056
2014-05-21,145445328.6716
2014-05-22,145207677.8873
2014-05-23,144938842.4457
2014-05-27,145610908.1992
2014-05-28,144078011.6283
2014-05-29,144499274.1212
2014-05-30,145057093.2131
2014-06-02,144727871.2907
2014-06-03,143466844.8889
2014-06-04,143163058.0855
2014-06-05,145095494.7452
2014-06-06,146299356.1069
2014-06-09,145763500.2045
2014-06-10,144466754.4314
2014-06-11,144222204.9795
2014-06-12,145248056.7739
2014-06-13,145594462.148
2014-06-16,146115439.5766
2014-06-17,144774962.4529
2014-06-18,147888231.8139
2014-06-19,147604927.7762
2014-06-20,148435367.2991
2014-06-23,147909222.2475
2014-06-24,147753595.156
2014-06-25,148835644.4085
2014-06-26,149443000.6239
2014-06-27,150105650.6885
2014-06-30,150175093.6474
2014-07-01,150401964.4248
2014-07-02,149199113.3889
2014-07-03,148637996.4257
2014-07-07,147234226.7053
2014-07-08,146807703.4583
2014-07-09,147763288.3427
2014-07-10,145957838.3727
2014-07-11,146083785.7429
2014-07-14,146531370.3457
2014-07-15,144193158.5361
2014-07-16,145164955.912
2014-07-17,144739514.9448
2014-07-18,145731507.5498
2014-07-21,145704072.1836
2014-07-22,146271597.3967
2014-07-23,147599466.9579
2014-07-24,145888606.7432
2014-07-25,146059201.9791
2014-07-28,145696357.6297
2014-07-29,144740315.4334
2014-07-30,142263086.5989
2014-07-31,137613013.8488
2014-08-01,137939749.2577
2014-08-04,139181283.908
2014-08-05,136906290.4235
2014-08-06,137127609.2396
2014-08-07,136068478.9307
2014-08-08,137068958.7088
2014-08-11,138420945.9401
2014-08-12,137845620.1064
2014-08-13,139458121.9101
2014-08-14,141593528.6762
2014-08-15,142784242.881
2014-08-18,143696614.5072
2014-08-19,143092123.1462
2014-08-20,141628485.6313
2014-08-21,142804944.9466
2014-08-22,142070598.7258
2014-08-25,142835008.9571
2014-08-26,143008513.657
2014-08-27,144371079.9041
2014-08-28,144153780.8895
2014-08-29,144052341.1776
2014-09-02,143216192.9362
2014-09-03,143743317.8132
2014-09-04,141570270.1955
2014-09-05,141945594.2472
2014-09-08,139251433.8049
2014-09-09,137490038.1508
2014-09-10,138014753.7322
2014-09-11,137181651.4131
2014-09-12,135611637.3013
2014-09-15,134879563.6406
2014-09-16,136127841.0903
2014-09-17,134304197.3885
2014-09-18,136638599.5698
2014-09-19,136533946.6021
2014-09-22,135512814.3788
2014-09-23,134645062.7854
2014-09-24,134914493.2311
2014-09-25,131976738.8454
2014-09-26,131858996.8403
2014-09-29,130995368.4032
2014-09-30,131605752.5379
2014-10-01,131469742.8014
2014-10-02,129853112.6782
2014-10-03,133912840.3402
2014-10-06,132347231.6088
2014-10-07,131217410.6566
2014-10-08,133720506.0226
2014-10-09,130839404.1768
2014-10-10,130099952.7605
2014-10-13,128650769.8078
2014-10-14,131273598.6819
2014-10-15,129197756.8562
2014-10-16,128286171.5584
2014-10-17,130019487.5782
2014-10-20,130968520.8214
2014-10-21,133415556.5608
2014-10-22,133142790.9115
2014-10-23,133918686.8146
2014-10-24,134444278.6524
2014-10-27,133617434.1856
2014-10-28,134513623.9921
2014-10-29,134950741.8319
2014-10-30,136779784.5489
2014-10-31,141269399.8284
2014-11-03,142294195.835
2014-11-04,141255006.8291
2014-11-05,142893397.5695
2014-11-06,143262895.2254
2014-11-07,143194311.5757
2014-11-10,143591805.7198
2014-11-11,142878775.5682
2014-11-12,144011146.0781
2014-11-13,144720520.6041
2014-11-14,143744142.9685
2014-11-17,143754017.9504
2014-11-18,143843311.9864
2014-11-19,143661568.8663
2014-11-20,143810327.4504
2014-11-21,145626413.5375
2014-11-24,146026553.2929
2014-11-25,147070826.8839
2014-11-26,147179798.2683
2014-11-28,151146629.4192
2014-12-01,147190696.6781
2014-12-02,147983979.6728
2014-12-03,148790976.845
2014-12-04,149239506.8519
2014-12-05,149382111.1677
2014-12-08,150070541.0981
2014-12-09,150202957.112
2014-12-10,149901253.3359
2014-12-11,150997489.6253
2014-12-12,152475316.9618
2014-12-15,154244773.3516
2014-12-16,153474416.5828
2014-12-17,155665305.2279
2014-12-18,155073588.6154
2014-12-19,155904785.9337
2014-12-22,157216234.2688
2014-12-23,156175573.0049
2014-12-24,156509235.1889
2014-12-26,156338341.539
2014-12-29,158662825.4354
2014-12-30,158054667.2823
2014-12-31,159096921.8325
2015-01-02,162515509.866
2015-01-05,164814370.6864
2015-01-06,166270763.911
2015-01-07,166886221.8505
2015-01-08,166297405.8151
2015-01-09,166109048.2569
2015-01-12,166822017.2762
2015-01-13,166416798.9468
2015-01-14,166782503.8041
2015-01-15,162895374.8224
2015-01-16,159773790.1082
2015-01-20,161617778.7099
2015-01-21,159144922.622
2015-01-22,161473499.5078
2015-01-23,164668974.9818
2015-01-26,164484142.3883
2015-01-27,162765047.4738
2015-01-28,165761229.0857
2015-01-29,166856459.2871
2015-01-30,168150702.0308
2015-02-02,167158054.2635
2015-02-03,162533299.9252
2015-02-04,164772238.5657
2015-02-05,162214950.7845
2015-02-06,160885367.64
2015-02-09,159852043.6127
2015-02-10,160733541.471
2015-02-11,161998942.7872
2015-02-12,159874724.3729
2015-02-13,158651546.576
2015-02-17,157075853.6463
2015-02-18,158898836.9009
2015-02-19,159314408.1167
2015-02-20,159703937.3417
2015-02-23,161153231.635
2015-02-24,162423122.5142
2015-02-25,161627966.1556
2015-02-26,162767309.6554
2015-02-27,162831798.7453
2015-03-02,162013645.1992
2015-03-03,161607226.2283
2015-03-04,162060724.9603
2015-03-05,163266716.6978
2015-03-06,163385294.691
2015-03-09,163916058.2663
2015-03-10,166440881.8068
2015-03-11,168641334.0441
2015-03-12,168251765.6898
2015-03-13,169831643.4174
2015-03-16,169467300.1636
2015-03-17,170619642.8538
2015-03-18,169463660.4037
2015-03-19,171280388.8174
2015-03-20,168622123.9417
2015-03-23,166788631.7316
2015-03-24,168063975.6343
2015-03-25,166353070.677
2015-03-26,165229930.7048
2015-03-27,167354639.0289
2015-03-30,169598891.6356
2015-03-31,170907023.4946
2015-04-01,170737541.8706
2015-04-02,169637810.3974
2015-04-06,168902550.5203
2015-04-07,169834894.0064
2015-04-08,170797255.5114
2015-04-09,171478552.93
2015-04-10,171258423.8081
2015-04-13,172334599.0019
2015-04-14,171624940.2009
2015-04-15,170727848.8595
2015-04-16,169384546.9887
2015-04-17,169481531.1804
2015-04-20,170689738.1731
2015-04-21,170803362.1767
2015-04-22,170184549.1571
2015-04-23,169245077.8988
2015-04-24,169344761.5151
2015-04-27,167936948.7999
2015-04-28,165359036.6147
2015-04-29,163463590.5983
2015-04-30,163283794.9422
2015-05-01,163965940.9386
2015-05-04,163524979.7927
2015-05-05,161361958.5421
2015-05-06,158858354.6416
2015-05-07,161208404.2869
2015-05-08,162393223.7526
2015-05-11,160044140.208
2015-05-12,158570048.4262
2015-05-13,156753728.4945
2015-05-14,157232859.9883
2015-05-15,158962964.0463
2015-05-18,159182464.3675
2015-05-19,160861807.7029
2015-05-20,161570205.2361
2015-05-21,161837419.3345
2015-05-22,163430646.319
2015-05-26,166132630.5938
2015-05-27,167476575.9447
2015-05-28,167202294.6485
2015-05-29,166844873.2046
2015-06-01,166851496.1514
2015-06-02,163047504.681
2015-06-03,162441193.6823
2015-06-04,164338656.3445
2015-06-05,165029167.2319
2015-06-08,163470632.8166
2015-06-09,162383620.5038
2015-06-10,159929398.7534
2015-06-11,162201257.4077
2015-06-12,162362654.9012
2015-06-15,162520111.4632
2015-06-16,163221296.405
2015-06-17,161924840.9485
2015-06-18,161252304.9735
2015-06-19,162839760.8108
2015-06-22,161402942.6041
2015-06-23,161783096.041
2015-06-24,162260582.3781
2015-06-25,161553387.0658
2015-06-26,161204530.8428
2015-06-29,162643023.006
2015-06-30,162410232.6598
2015-07-01,163453365.422
2015-07-02,163426930.7727
2015-07-06,166911064.6078
2015-07-07,169015613.9458
2015-07-08,169977763.2246
2015-07-09,168098352.7721
2015-07-10,165201960.7701
2015-07-13,166462388.7613
2015-07-14,166269301.1154
2015-07-15,168339709.8035
2015-07-16,168980717.4659
2015-07-17,170339951.4669
2015-07-20,171709736.7806
2015-07-21,171405104.5073
2015-07-22,173201028.8989
2015-07-23,174301089.0005
2015-07-24,175310271.2906
2015-07-27,176360070.8394
2015-07-28,174804716.9524
2015-07-29,174362127.2707
2015-07-30,174928459.9413
2015-07-31,175611234.1523
2015-08-03,177471145.8749
2015-08-04,175912374.0602
2015-08-05,175844366.1484
2015-08-06,176045915.0689
2015-08-07,176126408.5386
2015-08-10,173714425.9241
2015-08-11,176177210.3345
2015-08-12,175212769.2882
2015-08-13,175573767.2806
2015-08-14,175976511.6904
2015-08-17,177610615.3437
2015-08-18,177840119.9181
2015-08-19,178124866.3105
2015-08-20,176852332.0911
2015-08-21,176830525.9087
2015-08-24,176683833.7389
2015-08-25,175599735.7398
2015-08-26,178351749.0571
2015-08-27,177646741.6795
2015-08-28,177142633.0778
2015-08-31,175724789.2383
2015-09-01,177629885.3033
2015-09-02,177831400.1114
2015-09-03,178148575.6182
2015-09-04,179709761.908
2015-09-08,177209767.4299
2015-09-09,177973794.8613
2015-09-10,176531357.2082
2015-09-11,176931085.4777
2015-09-14,177312915.3197
2015-09-15,177379480.521
2015-09-16,174671179.75
2015-09-17,174427833.1016
2015-09-18,176503980.73
2015-09-21,176892593.4076
2015-09-22,179976268.277
2015-09-23,181279739.8481
2015-09-24,180437307.797
2015-09-25,180437624.7128
2015-09-28,182922954.7876
2015-09-29,182630702.0628
2015-09-30,182218544.6558
2015-10-01,182624372.5423
2015-10-02,180645425.9741
2015-10-05,177448067.5665
2015-10-06,174916168.1479
2015-10-07,173106041.136
2015-10-08,171279178.8839
2015-10-09,170289456.3379
2015-10-12,171204040.5699
2015-10-13,172544325.9427
2015-10-14,171187316.1223
2015-10-15,170306436.2895
2015-10-16,170939846.2184
2015-10-19,172535637.6753
2015-10-20,171613609.672
2015-10-21,173571853.6864
2015-10-22,173818382.6239
2015-10-23,173672581.0725
2015-10-26,174126365.0046
2015-10-27,175624844.4751
2015-10-28,175296285.4998
2015-10-29,175163624.4404
2015-10-30,174706723.3405
2015-11-02,173734606.4851
2015-11-03,173019511.482
2015-11-04,174664023.0803
2015-11-05,176336243.4018
2015-11-06,178401012.5527
2015-11-09,178706858.7401
2015-11-10,180053979.0575
2015-11-11,179315217.6911
2015-11-12,179400639.9679
2015-11-13,180896826.8313
2015-11-16,181075494.3223
2015-11-17,181638080.2628
2015-11-18,181754454.8189
2015-11-19,180212889.9254
2015-11-20,180986398.2389
2015-11-23,181716075.4626
2015-11-24,180873355.1962
2015-11-25,181436654.9256
2015-11-27,183180678.8456
2015-11-30,183092174.167
2015-12-01,182336968.8387
2015-12-02,184378513.6284
2015-12-03,179915836.1864
2015-12-04,180647684.9691
2015-12-07,184155506.8291
2015-12-08,185687096.5978
2015-12-09,183605699.2362
2015-12-10,184650884.0976
2015-12-11,186997097.8707
2015-12-14,187749433.0381
2015-12-15,187573282.2183
2015-12-16,186406760.2125
2015-12-17,189904609.4138
2015-12-18,188289443.8928
2015-12-21,187919588.9356
2015-12-22,187067080.6714
2015-12-23,184936767.2357
2015-12-24,184004952.5579
2015-12-28,185596319.8137
2015-12-29,184715005.7468
2015-12-30,185318122.1995
2015-12-31,186059045.4881
2016-01-04,187484327.4153
2016-01-05,188755236.9753
2016-01-06,190431425.677
2016-01-07,191025790.0608
2016-01-08,192663772.4204
2016-01-11,194918347.3143
2016-01-12,194990412.7129
2016-01-13,195907535.9817
2016-01-14,196341282.1881
2016-01-15,199603138.8281
2016-01-19,199846495.2837
2016-01-20,200804879.1718
2016-01-21,199081716.493
2016-01-22,197367526.0909
2016-01-25,198684296.1174
2016-01-26,195691377.0091
2016-01-27,195782193.844
2016-01-28,194388473.529
2016-01-29,195112670.5758
2016-02-01,194748898.2755
2016-02-02,197357003.3942
2016-02-03,191513955.0517
2016-02-04,189826801.3601
2016-02-05,192310871.1341
2016-02-08,192989915.7817
2016-02-09,193744704.7126
2016-02-10,192169281.8118
2016-02-11,191530709.0695
2016-02-12,190173956.7821
2016-02-16,192296893.9854
2016-02-17,189638985.6429
2016-02-18,188610956.5222
2016-02-19,188444748.8536
2016-02-22,187911674.3698
2016-02-23,188928688.8729
2016-02-24,189028437.3856
2016-02-25,187550657.7523
2016-02-26,189507385.3156
2016-02-29,188073112.5038
2016-03-01,186126996.0891
2016-03-02,184336799.3512
2016-03-03,181981329.781
2016-03-04,179065419.3625
2016-03-07,178052324.5036
2016-03-08,181185986.3489
2016-03-09,179071157.8097
2016-03-10,177971350.4714
2016-03-11,172868041.9545
2016-03-14,173979774.4175
2016-03-15,176472679.4813
2016-03-16,173306947.0364
2016-03-17,169885739.2472
2016-03-18,170284959.2708
2016-03-21,170107618.9852
2016-03-22,170351493.8282
2016-03-23,174139128.5916
2016-03-24,174878954.6093
2016-03-28,173937981.4959
2016-03-29,171926362.3792
2016-03-30,170882127.7691
2016-03-31,171713090.1134
2016-04-01,172913634.2528
2016-04-04,174199270.5876
2016-04-05,176710537.5127
2016-04-06,175189922.2118
2016-04-07,177728038.9096
2016-04-08,174906106.047
2016-04-11,174280882.9735
2016-04-12,171188681.3802
2016-04-13,169524719.7711
2016-04-14,168975941.9105
2016-04-15,170418168.4818
2016-04-18,169373192.1335
2016-04-19,166759433.3239
2016-04-20,164562601.1866
2016-04-21,164978619.617
2016-04-22,164056536.7881
2016-04-25,164111932.8997
2016-04-26,162557311.891
2016-04-27,163211178.1248
2016-04-28,165776147.1154
2016-04-29,166282508.5151
2016-05-02,165900758.0942
2016-05-03,169619940.124
2016-05-04,170762358.9915
2016-05-05,171812341.7991
2016-05-06,171292825.6612
2016-05-09,171581555.4826
2016-05-10,169492879.6632
2016-05-11,170229060.1486
2016-05-12,169150383.0783
2016-05-13,171279188.6749
2016-05-16,168810975.3331
2016-05-17,168908595.2465
2016-05-18,166213072.5844
2016-05-19,167338479.9216
2016-05-20,166750850.943
2016-05-23,167501495.9282
2016-05-24,164892251.5097
2016-05-25,163571005.2076
2016-05-26,164127096.86
2016-05-27,163209777.0472
2016-05-31,163940002.447
2016-06-01,163846296.8735
2016-06-02,164549926.2938
2016-06-03,166122303.7452
2016-06-06,164141087.4683
2016-06-07,163030575.068
2016-06-08,162288648.1533
2016-06-09,163902946.9495
2016-06-10,167264847.3188
2016-06-13,169082935.5801
2016-06-14,169808420.4353
2016-06-15,170599794.0038
2016-06-16,171708319.9778
2016-06-17,169398284.7804
2016-06-20,165919310.4896
2016-06-21,164643430.5272
2016-06-22,165345723.1774
2016-06-23,161579168.8148
2016-06-24,173620206.9334
2016-06-27,178234668.4669
2016-06-28,176207185.1849
2016-06-29,173251614.8276
2016-06-30,172918055.1508
2016-07-01,173647261.1177
2016-07-05,177235031.0147
2016-07-06,177890631.9097
2016-07-07,178948368.0949
2016-07-08,179243416.2355
2016-07-11,176628773.1084
2016-07-12,172915999.2459
2016-07-13,174347518.4381
2016-07-14,172143856.0927
2016-07-15,171739637.0581
2016-07-18,171602377.3211
2016-07-19,173556811.3091
2016-07-20,172476136.9659
2016-07-21,173930696.822
2016-07-22,173853902.6546
2016-07-25,173519695.2963
2016-07-26,173694215.066
2016-07-27,175443524.4664
2016-07-28,175269579.0412
2016-07-29,175777936.0897
2016-08-01,175476951.8847
2016-08-02,175344418.5424
2016-08-03,175127347.7116
2016-08-04,176126460.8087
2016-08-05,173622630.426
2016-08-08,173522610.282
2016-08-09,174937873.8758
2016-08-10,176338511.4824
2016-08-11,174239087.2359
2016-08-12,174898827.4164
2016-08-15,173694467.2369
2016-08-16,173364130.2858
2016-08-17,173921151.0949
2016-08-18,174241299.4543
2016-08-19,172967512.4824
2016-08-22,173684788.8493
2016-08-23,173744990.3513
2016-08-24,173371235.113
2016-08-25,173163739.5932
2016-08-26,172067015.5264
2016-08-29,173708107.1725
2016-08-30,172866817.8598
2016-08-31,173159572.0076
2016-09-01,173993802.1003
2016-09-02,174509916.9938
2016-09-06,177524880.9139
2016-09-07,177072536.9603
2016-09-08,174180156.4104
2016-09-09,169060063.2635
2016-09-12,170640103.1252
2016-09-13,167277034.0544
2016-09-14,168128347.0827
2016-09-15,169796592.9175
2016-09-16,169597629.7559
2016-09-19,169894292.7247
2016-09-20,170253069.1835
2016-09-21,174117311.9334
2016-09-22,176052400.0732
2016-09-23,175562334.4418
2016-09-26,174727831.9246
2016-09-27,176420757.2798
2016-09-28,176847967.4138
2016-09-29,175079167.8451
2016-09-30,175640851.6951
2016-10-03,174708637.0124
2016-10-04,171190727.0198
2016-10-05,170724999.4966
2016-10-06,170014969.5909
2016-10-07,170161038.1066
2016-10-10,170718468.9441
2016-10-11,168349205.7935
2016-10-12,168633688.5829
2016-10-13,168424835.2646
2016-10-14,167720610.6373
2016-10-17,168363332.7545
2016-10-18,170516651.8701
2016-10-19,171545010.8876
2016-10-20,171017304.91
2016-10-21,171082152.889
2016-10-24,170589261.4859
2016-10-25,170932618.1045
2016-10-26,169058524.1042
2016-10-27,166922620.7852
2016-10-28,166706315.0479
2016-10-31,168082523.0782
2016-11-01,167326838.6396
2016-11-02,167256726.8893
2016-11-03,166520431.2949
2016-11-04,167059599.9347
2016-11-07,168851952.8213
2016-11-08,168684274.0571
2016-11-09,164596330.7262
2016-11-10,162560133.7533
2016-11-11,161068788.5656
2016-11-14,160325464.3283
2016-11-15,161799292.905
2016-11-16,162438169.0204
2016-11-17,161530577.8371
2016-11-18,160012319.5302
2016-11-21,160053969.6343
2016-11-22,161562487.0001
2016-11-23,160303070.5124
2016-11-25,160259454.248
2016-11-28,161931856.2796
2016-11-29,162493279.5361
2016-11-30,159467619.8802
2016-12-01,156812286.2453
2016-12-02,158143066.6222
2016-12-05,157872460.3893
2016-12-06,158331238.7868
2016-12-07,159924069.9146
2016-12-08,160892653.7552
2016-12-09,159968245.0004
2016-12-12,158794915.9834
2016-12-13,159388690.4646
2016-12-14,156389766.2877
2016-12-15,156332681.1776
2016-12-16,155436510.4484
2016-12-19,157030949.4112
2016-12-20,157530334.1777
2016-12-21,157522673.1191
2016-12-22,157551311.5562
2016-12-23,157783914.7984
2016-12-27,157647179.1459
2016-12-28,158639335.2912
2016-12-29,159396595.8636
2016-12-30,158596381.347
2017-01-03,160744753.0731
2017-01-04,161836535.6865
2017-01-05,163144618.2289
2017-01-06,162497626.6306
2017-01-09,162929058.7782
2017-01-10,162851712.1104
2017-01-11,164284268.7535
2017-01-12,164098703.8074
2017-01-13,163660419.0229
2017-01-17,163613098.6588
2017-01-18,161980309.8596
2017-01-19,160408816.327
2017-01-20,161322302.5242
2017-01-23,162154413.3633
2017-01-24,162530181.8979
2017-01-25,162268022.7601
2017-01-26,162830806.4095
2017-01-27,162932057.7467
2017-01-30,162083421.495
2017-01-31,162496043.5161
2017-02-01,162340248.5135
2017-02-02,163118525.0746
2017-02-03,164101546.3614
2017-02-06,163983934.9444
2017-02-07,163006012.7958
2017-02-08,163991924.7146
2017-02-09,164334410.6033
2017-02-10,165971392.3001
2017-02-13,165806891.0598
2017-02-14,165865009.8951
2017-02-15,167235446.9764
2017-02-16,167657963.3889
2017-02-17,167628050.6848
2017-02-21,168608668.6582
2017-02-22,168767451.7848
2017-02-23,169316789.9965
2017-02-24,168697981.3634
2017-02-27,167967564.0328
2017-02-28,167231231.5063
2017-03-01,169084110.7863
2017-03-02,166373024.6083
2017-03-03,166537919.8039
2017-03-06,165741715.1766
2017-03-07,164334936.1302
2017-03-08,162090302.774
2017-03-09,160829513.0146
2017-03-10,161382029.5933
2017-03-13,162301135.6945
2017-03-14,160926053.9618
2017-03-15,164623756.3061
2017-03-16,164523018.831
2017-03-17,164820858.9883
2017-03-20,164869014.5721
2017-03-21,161150468.3241
2017-03-22,161561384.8115
2017-03-23,161535752.0541
2017-03-24,162190724.3796
2017-03-27,161789791.0697
2017-03-28,164198955.7388
2017-03-29,165669063.3377
2017-03-30,166194864.672
2017-03-31,165925119.792
2017-04-03,165243924.7039
2017-04-04,166048805.8616
2017-04-05,164881957.143
2017-04-06,165407413.0589
2017-04-07,165869119.471
2017-04-10,165889999.6426
2017-04-11,166099561.8005
2017-04-12,165311933.362
2017-04-13,164326586.7857
2017-04-17,165703282.043
2017-04-18,162696378.6765
2017-04-19,161549979.4506
2017-04-20,163501671.6923
2017-04-21,163068933.5871
2017-04-24,166039454.2642
2017-04-25,166621385.4004
2017-04-26,165752031.49
2017-04-27,165167316.3051
2017-04-28,164182963.8107
2017-05-01,164876518.5628
2017-05-02,164997774.1591
2017-05-03,165249919.2479
2017-05-04,164798214.7753
2017-05-05,166424656.9405
2017-05-08,166786908.8207
2017-05-09,168098763.5433
2017-05-10,168889130.1528
2017-05-11,168387243.3785
2017-05-12,167559430.7671
2017-05-15,168283638.173
2017-05-16,167787790.4228
2017-05-17,162606991.8123
2017-05-18,164035090.5715
2017-05-19,164740625.8025
2017-05-22,165226222.3926
2017-05-23,166166471.5069
2017-05-24,166155201.6419
2017-05-25,166696085.5436
2017-05-26,166669311.0345
2017-05-30,165967452.5256
2017-05-31,165428422.1332
2017-06-01,167509475.5532
2017-06-02,170327634.0995
2017-06-05,169704529.0975
2017-06-06,169287341.6915
2017-06-07,169369740.5527
2017-06-08,169461992.5774
2017-06-09,168177492.3012
2017-06-12,167932010.8877
2017-06-13,169420943.4225
2017-06-14,169854044.8019
2017-06-15,167915113.8719
2017-06-16,168503681.9436
2017-06-19,170316596.2892
2017-06-20,168654248.3577
2017-06-21,168844011.19
2017-06-22,169962916.7632
2017-06-23,170861275.9713
2017-06-26,171026513.4736
2017-06-27,168801482.2769
2017-06-28,171377422.6909
2017-06-29,168149955.5471
2017-06-30,167121280.4806
2017-07-03,165891930.9039
2017-07-05,166070237.111
2017-07-06,165250286.7768
2017-07-07,167418852.8968
2017-07-10,167456871.8653
2017-07-11,167538997.466
2017-07-12,168945639.6287
2017-07-13,170150964.7162
2017-07-14,171234595.2765
2017-07-17,170611485.62
2017-07-18,171088803.5357
2017-07-19,171743244.5944
2017-07-20,173193608.0219
2017-07-21,172307876.4505
2017-07-24,172451424.2639
2017-07-25,173844195.2185
2017-07-26,173696700.5935
2017-07-27,172040536.7754
2017-07-28,171092572.0026
2017-07-31,171276864.9666
2017-08-01,172233871.0509
2017-08-02,172734767.9925
2017-08-03,171117245.0247
2017-08-04,172583167.0677
2017-08-07,172808999.6658
2017-08-08,171375529.106
2017-08-09,169159140.3698
2017-08-10,163832877.757
2017-08-11,163871294.0024
2017-08-14,167024164.5135
2017-08-15,167986409.5558
2017-08-16,168476347.6665
2017-08-17,164058331.0088
2017-08-18,165709046.5808
2017-08-21,165189986.9089
2017-08-22,167806658.4605
2017-08-23,167268746.3168
2017-08-24,167546420.9818
2017-08-25,168347183.236
2017-08-28,167510526.5055
2017-08-29,166828885.8548
2017-08-30,166943448.3745
2017-08-31,168673998.4186
2017-09-01,170018402.3866
2017-09-05,167370718.67
2017-09-06,168777674.9188
2017-09-07,170217597.0294
2017-09-08,169483022.6021
2017-09-11,171950304.518
2017-09-12,172917489.4728
2017-09-13,171809965.6012
2017-09-14,171790039.2146
2017-09-15,172121558.1068
2017-09-18,173034204.3054
2017-09-19,174500331.5377
2017-09-20,173907089.4253
2017-09-21,173182666.7442
2017-09-22,173701500.836
2017-09-25,172301650.2199
2017-09-26,171846242.7842
2017-09-27,172375741.2545
2017-09-28,173223976.781
2017-09-29,174735885.4968
2017-10-02,174814522.6394
2017-10-03,175961248.6075
2017-10-04,175437037.5365
2017-10-05,175862833.9905
2017-10-06,175472428.242
2017-10-09,175196136.8197
2017-10-10,176781754.6371
2017-10-11,177350303.0926
2017-10-12,177016201.1382
2017-10-13,177504051.6259
2017-10-16,178249189.1718
2017-10-17,178245952.5395
2017-10-18,179844495.2733
2017-10-19,178468397.7391
2017-10-20,180087166.3377
2017-10-23,178678634.6644
2017-10-24,179895777.1997
2017-10-25,178833580.2835
2017-10-26,178299428.7798
2017-10-27,179033775.5342
2017-10-30,178294017.9335
2017-10-31,179678945.7182
2017-11-01,179714515.8124
2017-11-02,179826650.7379
2017-11-03,180325976.8715
2017-11-06,181253604.1558
2017-11-07,180093659.6835
2017-11-08,180716446.8664
2017-11-09,179106967.6255
2017-11-10,179408401.5848
2017-11-13,178039037.4458
2017-11-14,176667246.0635
2017-11-15,174790050.8988
2017-11-16,178682141.2723
2017-11-17,177800962.6347
2017-11-20,179194908.7966
2017-11-21,182074208.9721
2017-11-22,182343294.3646
2017-11-24,184598962.5282
2017-11-27,182295124.5917
2017-11-28,184287528.6768
2017-11-29,183286435.3083
2017-11-30,185355346.4333
2017-12-01,184152565.3713
2017-12-04,182122929.1531
2017-12-05,182010860.211
2017-12-06,180702136.1254
2017-12-07,180714067.5812
2017-12-08,181816775.6402
2017-12-11,182939931.4439
2017-12-12,182781017.5136
2017-12-13,186242451.4986
2017-12-14,185456582.4736
2017-12-15,185671791.4429
2017-12-18,188386821.7325
2017-12-19,186069499.5889
2017-12-20,184883917.0005
2017-12-21,187035167.1807
2017-12-22,188005520.5809
2017-12-26,188918558.2886
2017-12-27,191338305.976
2017-12-28,192773374.5748
2017-12-29,193983195.156
2018-01-02,196445608.7401
2018-01-03,198574513.9189
2018-01-04,201837293.8388
2018-01-05,203215056.3429
2018-01-08,202464635.5707
2018-01-09,200410815.0124
2018-01-10,200307117.616
2018-01-11,204356798.513
2018-01-12,209947604.5182
2018-01-16,210859547.295
2018-01-17,211652774.4
2018-01-18,210359226.8947
2018-01-19,210980028.8135
2018-01-22,213697878.3302
2018-01-23,217277845.1456
2018-01-24,220805379.7404
2018-01-25,219948419.1239
2018-01-26,223889419.1783
2018-01-29,218547447.4116
2018-01-30,214050788.8301
2018-01-31,215734843.9478
2018-02-01,214493161.1252
2018-02-02,203787649.7857
2018-02-05,189115166.2106
2018-02-06,194124154.686
2018-02-07,187565736.9172
2018-02-08,176781973.6191
2018-02-09,177299729.3643
2018-02-12,183302029.3377
2018-02-13,184590667.6205
2018-02-14,192907531.9194
2018-02-15,198671718.0534
2018-02-16,198749900.657
2018-02-20,194054218.0504
2018-02-21,189900687.0734
2018-02-22,192389437.406
2018-02-23,197555757.1638
2018-02-26,200934723.2102
2018-02-27,193805014.0488
2018-02-28,189090794.9937
2018-03-01,184097637.7573
2018-03-02,186824780.3052
2018-03-05,188137729.4582
2018-03-06,190063676.4769
2018-03-07,189925771.8202
2018-03-08,188178865.3097
2018-03-09,191810564.553
2018-03-12,191949952.1279
2018-03-13,189961024.634
2018-03-14,189770925.6147
2018-03-15,188632940.1589
2018-03-16,189144206.0971
2018-03-19,188234270.6039
2018-03-20,188471566.4112
2018-03-21,191176117.5461
2018-03-22,185605156.621
2018-03-23,183803090.7851
2018-03-26,189054623.7429
2018-03-27,184565558.4484
2018-03-28,182656231.8097
2018-03-29,184670622.5337
2018-04-02,180948780.8762
2018-04-03,182429328.7388
2018-04-04,184117277.5641
2018-04-05,183987180.3111
2018-04-06,182234532.8838
2018-04-09,184218461.2524
2018-04-10,188232055.5215
2018-04-11,188268392.4892
2018-04-12,188586988.1786
2018-04-13,188541117.6328
2018-04-16,189870832.9117
2018-04-17,190660182.1583
2018-04-18,191092069.6268
2018-04-19,188497594.3184
2018-04-20,186250577.9885
2018-04-23,185023826.9913
2018-04-24,183462028.7803
2018-04-25,182048352.5469
2018-04-26,183148837.9644
2018-04-27,183139917.9895
2018-04-30,181623753.2616
2018-05-01,179827096.654
2018-05-02,179236878.4533
2018-05-03,179348743.0543
2018-05-04,180975070.4666
2018-05-07,181612757.2492
2018-05-08,181226162.8854
2018-05-09,183356120.2995
2018-05-10,184729310.6104
2018-05-11,184770353.2125
2018-05-14,185900113.9534
2018-05-15,185298709.4525
2018-05-16,186741965.35
2018-05-17,187364749.1598
2018-05-18,184640656.6821
2018-05-21,186106866.6647
2018-05-22,185471885.6327
2018-05-23,182697151.9613
2018-05-24,181237379.1497
2018-05-25,177647056.9536
2018-05-29,170455299.9729
2018-05-30,175996768.462
2018-05-31,175085749.2328
2018-06-01,176819803.0224
2018-06-04,178890614.2219
2018-06-05,178944039.649
2018-06-06,181874417.1072
2018-06-07,179969569.5032
2018-06-08,180491939.5438
2018-06-11,181544144.2125
2018-06-12,180520321.356
2018-06-13,181165161.7823
2018-06-14,178878823.2462
2018-06-15,177017201.688
2018-06-18,176709043.452
2018-06-19,174384769.7615
2018-06-20,176032592.905
2018-06-21,174405541.3315
2018-06-22,176617374.7833
2018-06-25,173523942.4788
2018-06-26,173611579.3967
2018-06-27,170407729.0158
2018-06-28,171430587.6149
2018-06-29,173243372.8893
2018-07-02,171706570.1541
2018-07-03,170568412.5334
2018-07-05,171400338.5182
2018-07-06,172258552.8383
2018-07-09,174367778.7138
2018-07-10,174738903.8715
2018-07-11,172211014.6372
2018-07-12,173379802.9738
2018-07-13,173703957.7727
2018-07-16,172877403.0711
2018-07-17,174304233.035
2018-07-18,174760869.1551
2018-07-19,174147475.2479
2018-07-20,174402297.4739
2018-07-23,175484976.0133
2018-07-24,175612049.2922
2018-07-25,176599484.5305
2018-07-26,176726734.9796
2018-07-27,175871393.1325
2018-07-30,175735835.3051
2018-07-31,175705189.4334
2018-08-01,175435608.8909
2018-08-02,176133399.8695
2018-08-03,175188769.2917
2018-08-06,175512536.0536
2018-08-07,176812986.4003
2018-08-08,175968620.8097
2018-08-09,175672379.0631
2018-08-10,173327816.7207
2018-08-13,173335056.817
2018-08-14,174940734.8436
2018-08-15,171811726.1378
2018-08-16,172870155.5786
2018-08-17,172489355.4069
2018-08-20,171592112.7321
2018-08-21,171857940.2398
2018-08-22,172214656.6895
2018-08-23,173041210.0498
2018-08-24,172508718.1709
2018-08-27,174373842.0241
2018-08-28,175690406.361
2018-08-29,176401199.4059
2018-08-30,174790647.6386
2018-08-31,174924524.4077
2018-09-04,175011027.9919
2018-09-05,173744443.5317
2018-09-06,171740807.5374
2018-09-07,173567912.137
2018-09-10,173442107.3863
2018-09-11,175885172.8554
2018-09-12,174847671.4915
2018-09-13,174527054.7075
2018-09-14,176601421.8328
2018-09-17,175276202.2809
2018-09-18,178572680.7068
2018-09-19,179111626.3285
2018-09-20,177807692.5341
2018-09-21,178605867.5429
2018-09-24,179750441.133
2018-09-25,179901054.9843
2018-09-26,178836207.4633
2018-09-27,181118365.5891
2018-09-28,181659002.1579
2018-10-01,183867674.4392
2018-10-02,181655600.5997
2018-10-03,185927570.7599
2018-10-04,185115464.7027
2018-10-05,184444393.1957
2018-10-08,184515752.1983
2018-10-09,183010938.5515
2018-10-10,178050779.8919
2018-10-11,171603395.4555
2018-10-12,173737109.2746
2018-10-15,172329063.606
2018-10-16,175333353.1243
2018-10-17,176762091.6719
2018-10-18,174628225.3441
2018-10-19,175437859.8164
2018-10-22,175903664.7473
2018-10-23,172482025.0
2018-10-24,166990092.8
2018-10-25,170788231.2223
2018-10-26,166378473.7389
2018-10-29,166721114.6039
2018-10-30,170841503.4746
2018-10-31,173157262.42
2018-11-01,170879777.6126
2018-11-02,172654387.7267
2018-11-05,171934102.879
2018-11-06,171474382.2334
2018-11-07,169780021.2499
2018-11-08,172660264.7855
2018-11-09,173275613.2591
2018-11-12,175027277.2052
2018-11-13,172979515.6966
2018-11-14,171685905.1742
2018-11-15,171785555.2373
2018-11-16,169070684.2666
2018-11-19,168803192.7793
2018-11-20,170819570.7839
2018-11-21,168859280.4402
2018-11-23,169803395.3105
2018-11-26,169562486.7848
2018-11-27,170784249.2174
2018-11-28,167229012.3728
2018-11-29,167104996.6683
2018-11-30,168342873.2588
2018-12-03,166379209.9272
2018-12-04,167073021.8509
2018-12-06,167592995.7417
2018-12-07,166453391.6084
2018-12-10,169098231.2385
2018-12-11,169756909.0252
2018-12-12,167802215.3314
2018-12-13,167155481.4377
2018-12-14,169634836.7293
2018-12-17,169131947.2006
2018-12-18,168421695.7069
2018-12-19,169283251.7232
2018-12-20,168958567.461
2018-12-21,172329030.6466
2018-12-24,171385746.8049
2018-12-26,170373625.0277
2018-12-27,169026367.8411
2018-12-28,165490107.1989
2018-12-31,163783917.0747
2019-01-02,164025513.7851
2019-01-03,162713135.8608
2019-01-04,158837581.773
2019-01-07,157113773.3732
2019-01-08,156146505.2435
2019-01-09,152180430.5866
2019-01-10,153347523.6631
2019-01-11,152934616.8835
2019-01-14,154444345.5491
2019-01-15,153660739.3854
2019-01-16,153092435.8728
2019-01-17,152109964.7802
2019-01-18,151725218.2574
2019-01-22,153792124.838
2019-01-23,152604118.8989
2019-01-24,151838185.3732
2019-01-25,148641341.0204
2019-01-28,149953960.7161
2019-01-29,148873695.7347
2019-01-30,144351334.291
2019-01-31,142248306.0523
2019-02-01,143560401.5497
2019-02-04,143500690.0135
2019-02-05,143249485.6908
2019-02-06,145040563.7201
2019-02-07,146927904.69
2019-02-08,147561590.6818
2019-02-11,148715538.4472
2019-02-12,146712416.8476
2019-02-13,147231149.2872
2019-02-14,147323483.7332
2019-02-15,144793869.7841
2019-02-19,143307810.2586
2019-02-20,142981263.0753
2019-02-21,143639418.7971
2019-02-22,142826751.723
2019-02-25,142868549.5266
2019-02-26,142184455.3182
2019-02-27,142466213.1044
2019-02-28,143352833.9297
2019-03-01,144018613.1363
2019-03-04,144777801.9882
2019-03-05,144717866.9452
2019-03-06,145401949.0443
2019-03-07,147991620.6221
2019-03-08,147278619.4421
2019-03-11,147040920.9907
2019-03-12,147106208.1367
2019-03-13,145436743.1869
2019-03-14,146063604.4423
2019-03-15,145234785.2433
2019-03-18,144564938.0919
2019-03-19,144165819.7241
2019-03-20,143987974.0183
2019-03-21,145257266.5613
2019-03-22,147486356.5136
2019-03-25,147433595.714
2019-03-26,147994649.3648
2019-03-27,149510476.2321
2019-03-28,151131097.6255
2019-03-29,150793127.6494
2019-04-01,148818318.0895
2019-04-02,149097354.4366
2019-04-03,147325505.7078
2019-04-04,147741975.5723
2019-04-05,148310715.5379
2019-04-08,147300712.9547
2019-04-09,147710443.4393
2019-04-10,148495519.4946
2019-04-11,149350834.3851
2019-04-12,147997370.1873
2019-04-15,148134951.8486
2019-04-16,148042790.1711
2019-04-17,148102496.4582
2019-04-18,149312437.5222
2019-04-22,148821861.2794
2019-04-23,150754496.3797
2019-04-24,153266194.834
2019-04-25,153356709.919
2019-04-26,154244210.0242
2019-04-29,153217086.9143
2019-04-30,152958151.8263
2019-05-01,153343115.6048
2019-05-02,153071108.5057
2019-05-03,152602355.5492
2019-05-06,154039995.0922
2019-05-07,155162568.8845
2019-05-08,154859627.1085
2019-05-09,155365812.9068
2019-05-10,155294735.6076
2019-05-13,156008926.2919
2019-05-14,155687823.1814
2019-05-15,156789773.7898
2019-05-16,156981228.4805
2019-05-17,158289768.2561
2019-05-20,157311795.2039
2019-05-21,157948959.7479
2019-05-22,159274377.2504
2019-05-23,160168462.5995
2019-05-24,158685261.686
2019-05-28,160141254.3947
2019-05-29,160614625.5471
2019-05-30,161569984.6268
2019-05-31,162802392.3615
2019-06-03,161994944.1534
2019-06-04,160404071.272
2019-06-05,162294137.486
2019-06-06,160975560.8349
2019-06-07,160928808.6307
2019-06-10,160346485.4618
2019-06-11,159903282.1677
2019-06-12,161903546.73
2019-06-13,162074654.8188
2019-06-14,163706624.0444
2019-06-17,163500444.7077
2019-06-18,163385864.2944
2019-06-19,163764592.2633
2019-06-20,161044246.6695
2019-06-21,159097244.8679
2019-06-24,159021014.6421
2019-06-25,159380770.7016
2019-06-26,158482506.2826
2019-06-27,159572464.2291
2019-06-28,159391362.322
2019-07-01,161115783.6033
2019-07-02,162847946.4584
2019-07-03,163224338.4343
2019-07-05,162936161.5555
2019-07-08,163023148.5125
2019-07-09,163415507.8955
2019-07-10,162710760.5129
2019-07-11,160984638.8898
2019-07-12,160396456.9262
2019-07-15,161626499.2128
2019-07-16,162251061.9964
2019-07-17,163647797.1368
2019-07-18,163222225.5243
2019-07-19,162885752.3708
2019-07-22,163631043.7971
2019-07-23,163654556.5556
2019-07-24,164304171.0111
2019-07-25,165043940.0306
2019-07-26,165783262.5673
2019-07-29,165945188.3964
2019-07-30,166679339.7369
2019-07-31,168551774.7226
2019-08-01,172414879.0575
2019-08-02,172651758.0195
2019-08-05,175463268.5012
2019-08-06,177344997.0179
2019-08-07,177947127.8804
2019-08-08,177558200.3397
2019-08-09,177013423.2313
2019-08-12,180396815.633
2019-08-13,179559779.3466
2019-08-14,184048222.1334
2019-08-15,186463335.2536
2019-08-16,185100201.675
2019-08-19,183333884.307
2019-08-20,184746115.7806
2019-08-21,184094070.395
2019-08-22,183139435.0132
2019-08-23,185916703.1551
2019-08-26,186231686.29
2019-08-27,188386355.5087
2019-08-28,189026878.2278
2019-08-29,188328098.068
2019-08-30,188953174.3284
2019-09-03,190685589.8803
2019-09-04,187569594.4321
2019-09-05,182474138.5297
2019-09-06,182240755.0195
2019-09-09,178836150.8257
2019-09-10,175482828.7368
2019-09-11,175034006.1434
2019-09-12,173096082.8791
2019-09-13,168207466.5417
2019-09-16,170048561.8252
2019-09-17,170491871.8825
2019-09-18,171615272.9413
2019-09-19,171415893.9663
2019-09-20,174959774.259
2019-09-23,176211716.0276
2019-09-24,178107931.8332
2019-09-25,176561334.1516
2019-09-26,177387832.137
2019-09-27,177876945.6896
2019-09-30,178220302.3701
2019-10-01,180614102.5906
2019-10-02,182161985.7609
2019-10-03,183192231.2251
2019-10-04,183510458.0645
2019-10-07,182816836.5369
2019-10-08,183780361.2174
2019-10-09,182971820.9901
2019-10-10,179635825.4295
2019-10-11,175366601.1388
2019-10-14,177246581.4945
2019-10-15,174588948.662
2019-10-16,174424382.5682
2019-10-17,173093861.7027
2019-10-18,172484573.3479
2019-10-21,171363588.2672
2019-10-22,172484938.0919
2019-10-23,171868315.1773
2019-10-24,173105150.6475
2019-10-25,173131850.2072
2019-10-28,171265040.1571
2019-10-29,170770726.6902
2019-10-30,171033917.5518
2019-10-31,173018556.2778
2019-11-01,171765083.5377
2019-11-04,172209442.6244
2019-11-05,170551844.5407
2019-11-06,171832159.9758
2019-11-07,170366520.9588
2019-11-08,170097591.4544
2019-11-11,169831788.6495
2019-11-12,170156905.2409
2019-11-13,170264539.6598
2019-11-14,171603172.0873
2019-11-15,171963251.0648
2019-11-18,172604209.2988
2019-11-19,173514198.9518
2019-11-20,172881998.6098
2019-11-21,171907439.416
2019-11-22,173169006.1067
2019-11-25,174796532.5718
2019-11-26,175530463.6519
2019-11-27,176007267.9534
2019-11-29,175035663.6594
2019-12-02,172057050.9005
2019-12-03,172896698.0057
2019-12-04,173433918.9697
2019-12-05,172551403.5652
2019-12-06,173809591.0187
2019-12-09,173045801.0123
2019-12-10,172484697.5044
2019-12-11,174227370.3538
2019-12-12,173619402.3334
2019-12-13,176075022.2412
2019-12-16,176466747.2764
2019-12-17,177030844.0588
2019-12-18,176906346.4337
2019-12-19,177502318.4096
2019-12-20,178126248.894
2019-12-23,178551475.9745
2019-12-24,179006566.6447
2019-12-26,180152869.4028
2019-12-27,179102353.5464
2019-12-30,177665628.5339
2019-12-31,177036939.351
2020-01-02,181535201.9819
2020-01-03,181674251.5191
2020-01-06,182163797.583
2020-01-07,182220395.3121
2020-01-08,182324793.7986
2020-01-09,183641796.2539
2020-01-10,183580379.1679
2020-01-13,184213059.2998
2020-01-14,184604456.4007
2020-01-15,185022991.1818
2020-01-16,186906102.1562
2020-01-17,187543012.4274
2020-01-21,186917461.0637
2020-01-22,187329436.3726
2020-01-23,187469386.4669
2020-01-24,187142899.57
2020-01-27,183843653.7292
2020-01-28,185467673.6397
2020-01-29,186726094.544
2020-01-30,186685846.9189
2020-01-31,183142700.6869
2020-02-03,183254423.8305
2020-02-04,185000252.9778
2020-02-05,186523812.8809
2020-02-06,188220852.2552
2020-02-07,188647835.8697
2020-02-10,190680338.7153
2020-02-11,190162191.9799
2020-02-12,190642676.5244
2020-02-13,190521515.3417
2020-02-14,191140358.4274
2020-02-18,191896214.9843
2020-02-19,193749602.3864
2020-02-20,195394283.6592
2020-02-21,193912606.553
2020-02-24,189561370.3646
2020-02-25,184345744.0103
2020-02-26,184517702.2324
2020-02-27,176886184.1824
2020-02-28,176535942.4499
2020-03-02,179151031.6116
2020-03-03,183892133.9931
2020-03-04,182151624.3659
2020-03-05,187292263.4704
2020-03-06,192700174.4783
2020-03-09,203738516.13
2020-03-10,192462846.4371
2020-03-11,192155673.5434
2020-03-12,196952916.5897
2020-03-13,196403922.1759
2020-03-16,207530996.6878
2020-03-17,198705970.1817
2020-03-18,197716691.483
2020-03-19,196475783.1779
2020-03-20,203260138.1976
2020-03-23,213241726.3281
2020-03-24,206824310.4703
2020-03-25,207285710.9454
2020-03-26,206090443.2911
2020-03-27,210602481.6803
2020-03-30,209612653.9744
2020-03-31,207814454.3084
2020-04-01,212875581.5507
2020-04-02,211519960.0985
2020-04-03,213000053.0181
2020-04-06,209508497.8042
2020-04-07,208336401.9362
2020-04-08,206908535.4493
2020-04-09,205704515.0771
2020-04-13,206331931.1784
2020-04-14,205353744.2632
2020-04-15,209280098.1765
2020-04-16,209786906.8539
2020-04-17,207262437.6978
2020-04-20,209283953.5843
2020-04-21,212925931.3909
2020-04-22,211947278.1735
2020-04-23,211700416.0297
2020-04-24,211756491.6559
2020-04-27,210169820.3242
2020-04-28,209912061.0718
2020-04-29,207264304.3424
2020-04-30,207318111.5368
2020-05-01,209799108.3091
2020-05-04,209970497.9933
2020-05-05,208919152.0753
2020-05-06,209675575.4379
2020-05-07,208980436.818
2020-05-08,206613691.1014
2020-05-11,206740990.5151
2020-05-12,208324114.9507
2020-05-13,209895643.8787
2020-05-14,210054524.5507
2020-05-15,209893341.534
2020-05-18,205080417.1577
2020-05-19,205689511.5888
2020-05-20,204258121.7769
2020-05-21,204774839.6606
2020-05-22,205736768.9302
2020-05-26,202305553.836
2020-05-27,201837247.5209
2020-05-28,201409186.8407
2020-05-29,201287035.2955
2020-06-01,198740140.0303
2020-06-02,197739617.7455
2020-06-03,195267413.7832
2020-06-04,194595106.5597
2020-06-05,192922214.5802
2020-06-08,192706990.1496
2020-06-09,193676470.2126
2020-06-10,194813209.4021
2020-06-11,197847606.031
2020-06-12,197323327.3707
2020-06-15,196807739.8079
2020-06-16,196563741.4532
2020-06-17,196953424.919
2020-06-18,197750657.5259
2020-06-19,198213173.5296
2020-06-22,197193922.8458
2020-06-23,196900838.7205
2020-06-24,198441027.678
2020-06-25,198295725.9392
2020-06-26,199763335.0784
2020-06-29,198931696.7925
2020-06-30,198797322.8128
2020-07-01,197925991.384
2020-07-02,197768387.2767
2020-07-06,197010343.3536
2020-07-07,198260252.4441
2020-07-08,197204656.1887
2020-07-09,198550996.8218
2020-07-10,197906749.2885
2020-07-13,198761657.9427
2020-07-14,198350708.5747
2020-07-15,196793503.39
2020-07-16,197316644.564
2020-07-17,197106525.4927
2020-07-20,197422568.8501
2020-07-21,196889323.552
2020-07-22,197588253.3466
2020-07-23,198073549.2353
2020-07-24,197900482.0336
2020-07-27,197285264.4379
2020-07-28,198044229.8476
2020-07-29,197165885.067
2020-07-30,197046339.3698
2020-07-31,198584984.1507
2020-08-03,198208871.0193
2020-08-04,200115657.7539
2020-08-05,200424506.4822
2020-08-06,201885670.4179
2020-08-07,200037874.6894
2020-08-10,199394907.0435
2020-08-11,196315511.5076
2020-08-12,196173070.6911
2020-08-13,196474250.5435
2020-08-14,196564826.4067
2020-08-17,197966924.2577
2020-08-18,199852819.3981
2020-08-19,196803390.5696
2020-08-20,198535878.045
2020-08-21,198001601.6764
2020-08-24,197658925.5133
2020-08-25,197714139.4682
2020-08-26,198794582.4883
2020-08-27,197187365.2116
2020-08-28,199580438.2449
2020-08-31,200410197.6411
2020-09-01,200776078.7998
2020-09-02,201203080.7148
2020-09-03,199120896.4008
2020-09-04,197825584.6445
2020-09-08,195813752.7801
2020-09-09,197723905.33
2020-09-10,196732163.8014
2020-09-11,197138660.3334
2020-09-14,198458012.1012
2020-09-15,198501265.7939
2020-09-16,197540174.042
2020-09-17,197218108.1689
2020-09-18,196063898.7705
2020-09-21,194048489.8524
2020-09-22,193791765.8831
2020-09-23,191192072.2697
2020-09-24,191262394.5248
2020-09-25,191285679.1904
2020-09-28,193584898.5982
2020-09-29,194964502.8484
2020-09-30,194039481.8028
2020-10-01,195656596.8194
2020-10-02,194995840.9944
2020-10-05,194124563.8799
2020-10-06,193315846.0862
2020-10-07,192678916.471
2020-10-08,192958342.4918
2020-10-09,194993314.6385
2020-10-12,196426641.2981
2020-10-13,195011027.0509
2020-10-14,195301437.129
2020-10-15,194022640.846
2020-10-16,194001679.4631
2020-10-19,194019174.0789
2020-10-20,194023698.7249
2020-10-21,195823515.3613
2020-10-22,193900138.4629
2020-10-23,194816873.4677
2020-10-26,194642331.4647
2020-10-27,195830303.5847
2020-10-28,194893207.3949
2020-10-29,194006621.6301
2020-10-30,192944420.4625
2020-11-02,193091744.0091
2020-11-03,192743054.7409
2020-11-04,195179821.6763
2020-11-05,196962283.2481
2020-11-06,196822424.2176
2020-11-09,190456728.1515
2020-11-10,187895718.6217
2020-11-11,187894688.5611
2020-11-12,190161789.2082
2020-11-13,190689180.9913
2020-11-16,190365875.9732
2020-11-17,190388509.607
2020-11-18,190135133.4098
2020-11-19,190779622.3667
2020-11-20,190990994.0395
2020-11-23,189289398.0433
2020-11-24,188280449.9232
2020-11-25,188453025.5589
2020-11-27,189648318.9854
2020-11-30,189633035.9213
2020-12-01,190417951.9884
2020-12-02,190519999.3183
2020-12-03,192657550.2981
2020-12-04,192392351.5139
2020-12-07,192957640.7072
2020-12-08,193382093.0216
2020-12-09,192045666.1883
2020-12-10,193512430.3634
2020-12-11,193202319.0678
2020-12-14,193417685.7668
2020-12-15,195549990.581
2020-12-16,196060590.2185
2020-12-17,197777813.5628
2020-12-18,196719999.0051
2020-12-21,195757010.3123
2020-12-22,194842140.4284
2020-12-23,195957715.829
2020-12-24,196051415.0246
2020-12-28,196896291.86
2020-12-29,197669560.2052
2020-12-30,199266383.7994
2020-12-31,198725228.4477
2021-01-04,198845964.2562
2021-01-05,200032068.4778
2021-01-06,198569468.4731
2021-01-07,197710194.8134
2021-01-08,196433729.2311
2021-01-11,193546549.8011
2021-01-12,195154278.8137
2021-01-13,195433081.6361
2021-01-14,195652733.6272
2021-01-15,193229091.5454
2021-01-19,195579566.021
2021-01-20,197804556.0144
2021-01-21,198494658.3985
2021-01-22,198088949.5032
2021-01-25,198622967.0314
2021-01-26,198659688.232
2021-01-27,194499991.9356
2021-01-28,196131280.8838
2021-01-29,192982655.8272
2021-02-01,193957752.4472
2021-02-02,193972087.3384
2021-02-03,193985185.3226
2021-02-04,193368227.0444
2021-02-05,195589119.9924
2021-02-08,197918167.14
2021-02-09,199532339.9857
2021-02-10,199773738.028
2021-02-11,200064684.9096
2021-02-12,199495770.4796
2021-02-16,197543332.7628
2021-02-17,196416726.7075
2021-02-18,196160752.2402
2021-02-19,196581368.8908
2021-02-22,196323607.8063
2021-02-23,195839471.0674
2021-02-24,196727164.9385
2021-02-25,188292492.8272
2021-02-26,187901829.8749
2021-03-01,189947467.0525
2021-03-02,190654381.1324
2021-03-03,187712691.3294
2021-03-04,183299712.7999
2021-03-05,184183332.818
2021-03-08,180838715.4401
2021-03-09,185331826.3849
2021-03-10,186840968.837
2021-03-11,189934222.6529
2021-03-12,188416994.185
2021-03-15,188791846.8532
2021-03-16,189031974.9597
2021-03-17,191287964.3796
2021-03-18,186772523.7517
2021-03-19,187223179.0542
2021-03-22,187984793.5758
2021-03-23,184085833.8007
2021-03-24,182645604.7936
2021-03-25,182856968.4474
2021-03-26,185697526.4795
2021-03-29,184125693.9123
2021-03-30,182051551.6027
2021-03-31,183589030.2826
2021-04-01,186467276.1636
2021-04-05,187923285.9812
2021-04-06,188250355.9841
2021-04-07,187858218.5165
2021-04-08,189934892.354
2021-04-09,189634700.3245
2021-04-12,188790461.3392
2021-04-13,190804942.7509
2021-04-14,191971234.0597
2021-04-15,194180423.1332
2021-04-16,194775995.3469
2021-04-19,194730600.6454
2021-04-20,192449781.8107
2021-04-21,194700009.3235
2021-04-22,193386645.4955
2021-04-23,196159653.4687
2021-04-26,197452546.4139
2021-04-27,197373079.171
2021-04-28,198737017.9626
2021-04-29,198955807.5864
2021-04-30,195863986.4393
2021-05-03,198418867.8957
2021-05-04,196059362.4173
2021-05-05,198187955.2015
2021-05-06,200916164.6272
2021-05-07,204589941.4019
2021-05-10,203419853.852
2021-05-11,202613770.6301
2021-05-12,198269101.0285
2021-05-13,198077483.2216
2021-05-14,201849354.2122
2021-05-17,202835306.2636
2021-05-18,203582246.0845
2021-05-19,200350454.7186
2021-05-20,202644062.8288
2021-05-21,202320646.0024
2021-05-24,204271091.6045
2021-05-25,203972146.7217
2021-05-26,203832177.1013
2021-05-27,205827880.1635
2021-05-28,205879041.779
2021-06-01,208119330.6087
2021-06-02,209044324.4583
2021-06-03,205618704.7426
2021-06-04,208694214.4572
2021-06-07,209352465.6484
2021-06-08,209206966.5292
2021-06-09,207672224.7683
2021-06-10,209206979.6037
2021-06-11,208226764.9072
2021-06-14,208412324.9742
2021-06-15,207923025.5925
2021-06-16,203928720.6388
2021-06-17,198621620.3211
2021-06-18,193677310.2719
2021-06-21,198487159.0111
2021-06-22,199514832.5315
2021-06-23,198978072.8046
2021-06-24,200434192.2345
2021-06-25,201410083.2678
2021-06-28,200443998.3064
2021-06-29,199569265.6067
2021-06-30,199335270.4492
2021-07-01,199609727.5103
2021-07-02,200796238.7098
2021-07-06,196475563.2713
2021-07-07,195679974.3929
2021-07-08,192938189.6131
2021-07-09,198249249.4204
2021-07-12,199154490.1424
2021-07-13,198195144.7347
2021-07-14,197794731.8634
2021-07-15,195123661.3248
2021-07-16,193286519.526
2021-07-19,185976238.9337
2021-07-20,188598114.8295
2021-07-21,193764787.9017
2021-07-22,193840774.2497
2021-07-23,195508954.6853
2021-07-26,196992522.8898
2021-07-27,194809740.6063
2021-07-28,196624344.4081
2021-07-29,199157946.4118
2021-07-30,196520954.0336
2021-08-02,195643270.1711
2021-08-03,196881598.3871
2021-08-04,195872620.2023
2021-08-05,198178378.8498
2021-08-06,198823662.9983
2021-08-09,198331825.6855
2021-08-10,199912995.9269
2021-08-11,200941833.1848
2021-08-12,200527080.1655
2021-08-13,199965030.1698
2021-08-16,198240608.074
2021-08-17,195364476.0118
2021-08-18,193919942.9932
2021-08-19,190824376.9314
2021-08-20,190750848.2803
2021-08-23,194684566.6092
2021-08-24,197215145.9382
2021-08-25,198698361.4399
2021-08-26,196713739.4409
2021-08-27,199178292.3153
2021-08-30,199579261.7166
2021-08-31,199289722.9009
2021-09-01,200816438.19
2021-09-02,202057515.4571
2021-09-03,202353537.3118
2021-09-07,203037341.6043
2021-09-08,202032866.9478
2021-09-09,200815607.5082
2021-09-10,201085377.0536
2021-09-13,202409646.1482
2021-09-14,200214081.6088
2021-09-15,202579198.2991
2021-09-16,203644739.5738
2021-09-17,201859264.0394
2021-09-20,195914218.0637
2021-09-21,196673728.4127
2021-09-22,199136629.146
2021-09-23,203628750.2288
2021-09-24,203452353.909
2021-09-27,204754213.3615
2021-09-28,200686406.4346
2021-09-29,200975900.795
2021-09-30,199178191.7337
2021-10-01,200239742.1298
2021-10-04,198751204.0972
2021-10-05,201457032.6292
2021-10-06,199742083.355
2021-10-07,203486196.5223
2021-10-08,203982433.182
2021-10-11,204605164.7609
2021-10-12,204157579.2215
2021-10-13,205110755.5571
2021-10-14,208119163.075
2021-10-15,211195020.8252
2021-10-18,211104567.7996
2021-10-19,212893281.6938
2021-10-20,213503479.222
2021-10-21,212794868.4841
2021-10-22,212332749.0929
2021-10-25,213399633.5255
2021-10-26,214371555.6363
2021-10-27,212113294.7434
2021-10-28,213742122.6122
2021-10-29,212415130.5979
2021-11-01,213942740.4969
2021-11-02,212655632.4889
2021-11-03,214544038.7738
2021-11-04,212596115.9471
2021-11-05,213025254.879
2021-11-08,215047168.8144
2021-11-09,213570382.2086
2021-11-10,212371877.6415
2021-11-11,213896232.9235
2021-11-12,215247962.4263
2021-11-15,215936639.4265
2021-11-16,216421092.8551
2021-11-17,214487737.9939
2021-11-18,214569136.0042
2021-11-19,212237104.9335
2021-11-22,212489234.0611
2021-11-23,213891194.7197
2021-11-24,212765393.4234
2021-11-26,199293436.6078
2021-11-29,201097753.1872
2021-11-30,196048251.0685
2021-12-01,192881359.0613
2021-12-02,197640480.6683
2021-12-03,195031532.9691
2021-12-06,199574454.4062
2021-12-07,204927732.7424
2021-12-08,205316251.4606
2021-12-09,202804248.6216
2021-12-10,203223868.5775
2021-12-13,200773047.2931
2021-12-14,200332233.2174
2021-12-15,202471088.8326
2021-12-16,200409896.9561
2021-12-17,199297849.8879
2021-12-20,197455946.139
2021-12-21,202145529.5844
2021-12-22,203526089.1902
2021-12-23,205217021.3698
2021-12-27,207792779.5592
2021-12-28,207537892.0709
2021-12-29,207909240.756
2021-12-30,207221739.1434
2021-12-31,205948259.4718
2022-01-03,210797351.1118
2022-01-04,210766482.7107
2022-01-05,208993751.5907
2022-01-06,210219217.0244
2022-01-07,209428252.9588
2022-01-10,209268432.2881
2022-01-11,210224536.1624
2022-01-12,208895486.8093
2022-01-13,206155099.5118
2022-01-14,209464636.4823
2022-01-18,210213732.5856
2022-01-19,207644702.9471
2022-01-20,206079719.5999
2022-01-21,201894059.1274
2022-01-24,202681776.6041
2022-01-25,202411697.8481
2022-01-26,205448493.5704
2022-01-27,206539343.684
2022-01-28,208588433.0903
2022-01-31,209636625.5828
2022-02-01,209885391.3808
2022-02-02,209637497.8574
2022-02-03,208430891.4517
2022-02-04,211004390.3247
2022-02-07,210254964.4907
2022-02-08,211544347.5359
2022-02-09,213141151.3622
2022-02-10,214591242.8728
2022-02-11,211368530.993
2022-02-14,212953793.5167
2022-02-15,213924998.0212
2022-02-16,212627806.1868
2022-02-17,210020083.8788
2022-02-18,209672828.2289
2022-02-22,209905367.9623
2022-02-23,210439197.9588
2022-02-24,212127326.7101
2022-02-25,212598800.9003
2022-02-28,209818854.1742
2022-03-01,208474358.6814
2022-03-02,213986809.7052
2022-03-03,213823097.5026
2022-03-04,215083224.2664
2022-03-07,219521675.9617
2022-03-08,221497031.395
2022-03-09,217150251.27
2022-03-10,219146136.8447
2022-03-11,221289762.6565
2022-03-14,222251840.647
2022-03-15,220874362.9333
2022-03-16,219269110.1939
2022-03-17,222072734.8633
2022-03-18,222112952.9282
2022-03-21,227031523.3182
2022-03-22,227980941.0455
2022-03-23,228545865.0004
2022-03-24,229349375.9293
2022-03-25,231609704.5993
2022-03-28,230723559.2928
2022-03-29,228712229.2714
2022-03-30,228264687.0254
2022-03-31,227388148.8958
2022-04-01,228013834.687
2022-04-04,228913982.8065
2022-04-05,231972219.5867
2022-04-06,232570916.5713
2022-04-07,233903513.9994
2022-04-08,236427688.2652
2022-04-11,238041834.1225
2022-04-12,238357565.9563
2022-04-13,237793165.1822
2022-04-14,239917609.5474
2022-04-18,242590047.6224
2022-04-19,243167008.2418
2022-04-20,240804812.9327
2022-04-21,241893994.0045
2022-04-22,241062496.6095
2022-04-25,238691048.2879
2022-04-26,238408609.0317
2022-04-27,240475566.9639
2022-04-28,243429578.9208
2022-04-29,242001831.4871
2022-05-02,242951769.8731
2022-05-03,241519465.4698
2022-05-04,237062824.2536
2022-05-05,245260747.7923
2022-05-06,247687228.6036
2022-05-09,247431164.8374
2022-05-10,246644949.1769
2022-05-11,248381258.3854
2022-05-12,249762077.7898
2022-05-13,249034391.2263
2022-05-16,249276582.5151
2022-05-17,247078853.6674
2022-05-18,247511508.1307
2022-05-19,242715099.5037
2022-05-20,242218432.3946
2022-05-23,240654637.1973
2022-05-24,238195720.9908
2022-05-25,236973784.1412
2022-05-26,235743571.7677
2022-05-27,233773841.9684
2022-05-31,236519114.4367
2022-06-01,239337253.2039
2022-06-02,235532155.4217
2022-06-03,239120802.0593
2022-06-06,241775361.3565
2022-06-07,240415729.6714
2022-06-08,244102707.6924
2022-06-09,248049558.917
2022-06-10,253464428.4087
2022-06-13,264826901.7986
2022-06-14,267391102.3092
2022-06-15,259424967.2936
2022-06-16,258060052.599
2022-06-17,259693319.0888
2022-06-21,259532504.0595
2022-06-22,256454961.3077
2022-06-23,253781595.1254
2022-06-24,251992317.3195
2022-06-27,253839049.7541
2022-06-28,256901681.8861
2022-06-29,256820279.6483
2022-06-30,255091200.831
2022-07-01,253101178.2281
2022-07-05,254723522.9853
2022-07-06,256936008.2702
2022-07-07,255500999.3749
2022-07-08,257012154.1835
2022-07-11,261148538.0676
2022-07-12,259076478.904
2022-07-13,258481779.199
2022-07-14,262236033.7148
2022-07-15,257754563.8112
2022-07-18,258548328.9476
2022-07-19,253659031.7322
2022-07-20,253919673.82
2022-07-21,248778023.8179
2022-07-22,246636783.2653
2022-07-25,247315728.4672
2022-07-26,250358646.0818
2022-07-27,244611139.9244
2022-07-28,240716385.1052
2022-07-29,238044819.7542
2022-08-01,235228124.1582
2022-08-02,241153877.0092
2022-08-03,238586874.8755
2022-08-04,236064714.2101
2022-08-05,241644868.5807
2022-08-08,239257575.8533
2022-08-09,241092620.0252
2022-08-10,235127853.6381
2022-08-11,237376242.1182
2022-08-12,234275874.9775
2022-08-15,236236686.2481
2022-08-16,236046033.0016
2022-08-17,239961669.8404
2022-08-18,241001904.1119
2022-08-19,246575410.3758
2022-08-22,251551228.4361
2022-08-23,250892643.6939
2022-08-24,251852586.5198
2022-08-25,247346174.4769
2022-08-26,253539526.0577
2022-08-29,255936928.7114
2022-08-30,257602315.8875
2022-08-31,259832789.5838
2022-09-01,263363012.5563
2022-09-02,263012592.6745
2022-09-06,268363513.2393
2022-09-07,261862392.3841
2022-09-08,262487273.6832
2022-09-09,257470587.8677
2022-09-12,254178005.7157
2022-09-13,266080148.1245
2022-09-14,264549973.9746
2022-09-15,267609613.9032
2022-09-16,268659232.9606
2022-09-19,267918172.5689
2022-09-20,272818818.9588
2022-09-21,275590036.9856
2022-09-22,279771136.6764
2022-09-23,288632633.1331
2022-09-26,296479988.9488
2022-09-27,299156329.7023
2022-09-28,288019515.3955
2022-09-29,291214773.5378
2022-09-30,293573904.2063
2022-10-03,284589877.5126
2022-10-04,275162975.7422
2022-10-05,280864455.0447
2022-10-06,286523276.2636
2022-10-07,293647231.7862
2022-10-10,298154551.8403
2022-10-11,299611157.1925
2022-10-12,299091742.3852
2022-10-13,296119453.3088
2022-10-14,302392089.5715
2022-10-17,295038329.2318
2022-10-18,292686673.6579
2022-10-19,299121744.4632
2022-10-20,301103320.1733
2022-10-21,293839989.8869
2022-10-24,295488304.7035
2022-10-25,287393017.7984
2022-10-26,283077717.6593
2022-10-27,283746770.2252
2022-10-28,283026008.4203
2022-10-31,287526436.9366
2022-11-01,285859221.5712
2022-11-02,291027297.5409
2022-11-03,295539189.1961
2022-11-04,285915390.3335
2022-11-07,285046833.837
2022-11-08,280008717.868
2022-11-09,284175666.4024
2022-11-10,262428989.6387
2022-11-11,256350769.2381
2022-11-14,259227174.5937
2022-11-15,255016160.8726
2022-11-16,254229883.9966
2022-11-17,256915742.7804
2022-11-18,257737383.207
2022-11-21,260908488.7508
2022-11-22,255802867.4492
2022-11-23,248743211.0752
2022-11-25,248253618.1059
2022-11-28,253081879.0912
2022-11-29,253551996.9729
2022-11-30,244736967.0349
2022-12-01,237267598.568
2022-12-02,235863475.1098
2022-12-05,241018854.4647
2022-12-06,240630990.3972
2022-12-07,237681053.4697
2022-12-08,236787696.6433
2022-12-09,238298561.4255
2022-12-12,238964007.0505
2022-12-13,234965825.8833
2022-12-14,234791971.8611
2022-12-15,238955344.0447
2022-12-16,239565418.7577
2022-12-19,241766416.8685
2022-12-20,240558996.3487
2022-12-21,239985927.2347
2022-12-22,241970917.2921
2022-12-23,242904461.5874
2022-12-27,244367012.3358
2022-12-28,246607555.8452
2022-12-29,242376849.7797
2022-12-30,243440271.5768
2023-01-03,242264706.1505
2023-01-04,236919403.9656
2023-01-05,239972977.8902
2023-01-06,231257738.8985
2023-01-09,229209120.0906
2023-01-10,229464608.713
2023-01-11,227316335.3514
2023-01-12,222036767.5761
2023-01-13,222358538.6802
2023-01-17,222941807.6423
2023-01-18,221247865.3864
2023-01-19,221295937.2476
2023-01-20,220896796.4912
2023-01-23,220312226.8233
2023-01-24,219151384.35
2023-01-25,217498701.2799
2023-01-26,217856398.8274
2023-01-27,217942374.3205
2023-01-30,220904119.6714
2023-01-31,218687655.1961
2023-02-01,212974407.7555
2023-02-02,212069294.2145
2023-02-03,216302149.6203
2023-02-06,219905887.2207
2023-02-07,218620150.7774
2023-02-08,219342551.4036
2023-02-09,220133341.7743
2023-02-10,221887738.6598
2023-02-13,219545259.7124
2023-02-14,219896440.3121
2023-02-15,221073542.4253
2023-02-16,222790439.5723
2023-02-17,221786493.3439
2023-02-21,225587216.8868
2023-02-22,225595950.7521
2023-02-23,224242885.4747
2023-02-24,228352665.361
2023-02-27,226075277.0477
2023-02-28,227342332.2127
2023-03-01,227949676.0558
2023-03-02,228726614.829
2023-03-03,222426181.7075
2023-03-06,223869130.7777
2023-03-07,230964345.3713
2023-03-08,230991050.7531
2023-03-09,231684990.6273
2023-03-10,228017803.3774
2023-03-13,223942017.6858
2023-03-14,224542582.9255
2023-03-15,227783529.7549
2023-03-16,226267127.0927
2023-03-17,224481994.6093
2023-03-20,222444095.9928
2023-03-21,221782917.6088
2023-03-22,218577373.3698
2023-03-23,217421994.4084
2023-03-24,218008254.384
2023-03-27,218620742.0069
2023-03-28,217142236.3719
2023-03-29,216156308.2946
2023-03-30,212432853.6168
2023-03-31,209832754.1003
2023-04-03,205920028.4752
2023-04-04,204627550.3891
2023-04-05,205109127.3605
2023-04-06,204808714.0679
2023-04-10,207193962.7072
2023-04-11,205465320.6754
2023-04-12,203967001.7662
2023-04-13,200883538.6326
2023-04-14,203989952.5313
2023-04-17,205330520.033
2023-04-18,204077370.918
2023-04-19,205916143.8299
2023-04-20,205321498.0569
2023-04-21,205991826.5497
2023-04-24,204225418.3411
2023-04-25,206127924.0009
2023-04-26,207447478.3171
2023-04-27,206288009.1742
2023-04-28,204770894.1785
2023-05-01,208374929.327
2023-05-02,208310011.7826
2023-05-03,208676668.2622
2023-05-04,208565967.9543
2023-05-05,206790158.8963
2023-05-08,207696583.4451
2023-05-09,207920092.8126
2023-05-10,206301840.8298
2023-05-11,206097946.5252
2023-05-12,207492722.4078
2023-05-15,207077791.4098
2023-05-16,208540673.0827
2023-05-17,208202351.9566
2023-05-18,208959400.8343
2023-05-19,209993789.8841
2023-05-22,209875376.2152
2023-05-23,209250222.1503
2023-05-24,209863687.3215
2023-05-25,211689080.0929
2023-05-26,210767329.5397
2023-05-30,210212223.4326
2023-05-31,209787422.8521
2023-06-01,208978097.7499
2023-06-02,208642232.8586
2023-06-05,209152478.6382
2023-06-06,208334052.116
2023-06-07,208453492.6773
2023-06-08,206712390.5332
2023-06-09,207698550.1111
2023-06-12,208045985.0058
2023-06-13,207694770.5066
2023-06-14,207185779.7334
2023-06-15,203241446.0166
2023-06-16,203344257.3749
2023-06-20,203255123.5259
2023-06-21,202374576.2488
2023-06-22,205037198.7508
2023-06-23,206249855.5611
2023-06-26,205642418.7218
2023-06-27,206168923.8272
2023-06-28,206907969.0748
2023-06-29,208318598.3211
2023-06-30,206440821.0457
2023-07-03,206436511.7163
2023-07-05,205337527.87
2023-07-06,204574642.6396
2023-07-07,205837515.8383
2023-07-10,205981527.7983
2023-07-11,207106256.0562
2023-07-12,208664221.9713
2023-07-13,210524341.9893
2023-07-14,211260033.3129
2023-07-17,211523945.4089
2023-07-18,212978271.4274
2023-07-19,212587244.0262
2023-07-20,211292620.4182
2023-07-21,211375685.6787
2023-07-24,210535267.9079
2023-07-25,211316256.8169
2023-07-26,211960999.0808
2023-07-27,210333967.9315
2023-07-28,211514292.0371
2023-07-31,211393875.7051
2023-08-01,211030521.2727
2023-08-02,207991855.1673
2023-08-03,208467714.9826
2023-08-04,206865966.9446
2023-08-07,207945609.4859
2023-08-08,205173648.8501
2023-08-09,204294548.716
2023-08-10,206235912.9345
2023-08-11,206052963.6923
2023-08-14,205679570.4943
2023-08-15,204257575.2302
2023-08-16,203904192.015
2023-08-17,203169562.1801
2023-08-18,202370405.4835
2023-08-21,204778822.7013
2023-08-22,203497547.0456
2023-08-23,203781380.6766
2023-08-24,201872344.8104
2023-08-25,202489411.2908
2023-08-28,204028089.6708
2023-08-29,205581822.258
2023-08-30,206449776.406
2023-08-31,204341720.5396
2023-09-01,204974264.0738
2023-09-05,204036639.9819
2023-09-06,202981097.6958
2023-09-07,201380097.038
2023-09-08,200944003.4011
2023-09-11,203030879.2998
2023-09-12,201979448.6186
2023-09-13,201435723.5068
2023-09-14,202698778.0941
2023-09-15,202865389.3883
2023-09-18,202338216.95
2023-09-19,202660244.6185
2023-09-20,202006645.1717
2023-09-21,199857094.7142
2023-09-22,198648792.3003
2023-09-25,199457928.1323
2023-09-26,196818353.0686
2023-09-27,196100725.1319
2023-09-28,197589561.009
2023-09-29,196453462.9008
2023-10-02,194982159.8284
2023-10-03,193445382.0963
2023-10-04,191852252.4024
2023-10-05,192809892.369
2023-10-06,197146980.9713
2023-10-09,196709711.8531
2023-10-10,199160036.5243
2023-10-11,199002060.0318
2023-10-12,197942808.3178
2023-10-13,197894982.3837
2023-10-16,201023213.233
2023-10-17,203021253.1058
2023-10-18,201177757.6381
2023-10-19,201910174.7917
2023-10-20,199064104.0181
2023-10-23,198236687.7041
2023-10-24,197454412.1885
2023-10-25,196917816.2584
2023-10-26,193640460.5868
2023-10-27,193909793.29
2023-10-30,195664321.4657
2023-10-31,196002457.5443
2023-11-01,195502131.4262
2023-11-02,196401972.6449
2023-11-03,197681159.9378
2023-11-06,198574838.9141
2023-11-07,197015212.8631
2023-11-08,196369008.2326
2023-11-09,197341343.8665
2023-11-10,197885573.5811
2023-11-13,198486996.4592
2023-11-14,199895011.319
2023-11-15,200952770.4408
2023-11-16,200369075.7778
2023-11-17,201198374.1593
2023-11-20,201115911.8905
2023-11-21,201259477.8729
2023-11-22,201044695.6532
2023-11-24,202892746.5482
2023-11-27,201766484.2796
2023-11-28,202242819.9969
2023-11-29,201645989.7827
2023-11-30,201675456.4996
2023-12-01,200464772.5813
2023-12-04,199512600.3294
2023-12-05,198285274.762
2023-12-06,197880180.5554
2023-12-07,197950441.6083
2023-12-08,198030951.3795
2023-12-11,198239580.0483
2023-12-12,199296770.5111
2023-12-13,197397665.9362
2023-12-14,196036523.5466
2023-12-15,194591479.8324
2023-12-18,195540231.5488
2023-12-19,196091168.436
2023-12-20,194402140.5544
2023-12-21,195573269.1452
2023-12-22,196183276.4163
2023-12-26,196139274.7344
2023-12-27,196444199.4695
2023-12-28,196339152.7171
2023-12-29,196539129.4292
2024-01-02,195704683.6404
2024-01-03,193682534.4013
2024-01-04,194397869.6104
2024-01-05,194405682.0228
2024-01-08,197114648.3368
2024-01-09,195853550.3256
2024-01-10,197157555.0219
2024-01-11,196749274.0548
2024-01-12,196583734.7453
2024-01-16,194578420.2066
2024-01-17,192976938.8513
2024-01-18,194528056.807
2024-01-19,196324003.7185
2024-01-22,196913012.3482
2024-01-23,197203132.2379
2024-01-24,198046546.7427
2024-01-25,197943737.2809
2024-01-26,198228623.7999
2024-01-29,199291441.0324
2024-01-30,199083792.9655
2024-01-31,196915635.0854
2024-02-01,199581808.2341
2024-02-02,203852267.875
2024-02-05,206033649.862
2024-02-06,203702283.6728
2024-02-07,204696178.2571
2024-02-08,205234929.7928
2024-02-09,205503741.9553
2024-02-12,204895209.6762
2024-02-13,208636312.5455
2024-02-14,207288032.5727
2024-02-15,205412609.8804
2024-02-16,205018528.135
2024-02-20,205218637.4267
2024-02-21,206102060.3431
2024-02-22,207348266.0277
2024-02-23,206789595.7495
2024-02-26,207391313.4878
2024-02-27,207666966.7503
2024-02-28,207599063.3622
2024-02-29,206840034.0704
2024-03-01,205175433.9101
2024-03-04,205980660.4081
2024-03-05,204007745.5287
2024-03-06,205870387.4331
2024-03-07,207552209.0545
2024-03-08,206734062.1419
2024-03-11,206478432.0302
2024-03-12,208547134.6989
2024-03-13,209124027.9604
2024-03-14,208797596.0205
2024-03-15,209387711.5578
2024-03-18,210153781.8629
2024-03-19,210777256.2274
2024-03-20,213134362.7743
2024-03-21,212954261.8907
2024-03-22,212135122.9065
2024-03-25,212620874.771
2024-03-26,212148496.0539
2024-03-27,213983524.7766
2024-03-28,215010808.7873
2024-04-01,216273904.9758
2024-04-02,214440656.4075
2024-04-03,213875517.4763
2024-04-04,211081307.2317
2024-04-05,214021281.7057
2024-04-08,215046483.6519
2024-04-09,214576519.5519
2024-04-10,216313852.6665
2024-04-11,217221968.9384
2024-04-12,214067287.4182
2024-04-15,214365653.2475
2024-04-16,213241407.0327
2024-04-17,211370876.5719
2024-04-18,212513880.2859
2024-04-19,211781015.2048
2024-04-22,213765111.866
2024-04-23,215325511.2133
2024-04-24,216424053.8965
2024-04-25,215985082.814
2024-04-26,218221598.9694
2024-04-29,216861789.5719
2024-04-30,215540261.0818
2024-05-01,213443219.0665
2024-05-02,212301461.8894
2024-05-03,212255784.3364
2024-05-06,213325513.6756
2024-05-07,214090097.5496
2024-05-08,214811752.274
2024-05-09,214655710.9033
2024-05-10,215819782.8384
2024-05-13,214486726.5821
2024-05-14,214671029.1639
2024-05-15,213223924.0231
2024-05-16,212810147.9183
2024-05-17,213387546.9371
2024-05-20,214365102.0279
2024-05-21,213580416.8873
2024-05-22,213923060.4551
2024-05-23,213741142.3477
2024-05-24,214423537.1863
2024-05-28,214876072.1301
2024-05-29,214288781.6532
2024-05-30,212971068.7508
2024-05-31,213234336.4687
2024-06-03,210729703.8746
2024-06-04,207324105.9925
2024-06-05,209849248.389
2024-06-06,211049173.3919
2024-06-07,211073189.997
2024-06-10,213172858.3376
2024-06-11,211184233.8204
2024-06-12,212539966.2539
2024-06-13,209328102.8198
2024-06-14,207988181.2602
2024-06-17,209887006.8298
2024-06-18,209515869.3489
2024-06-20,211228939.7451
2024-06-21,209808609.9421
2024-06-24,210344799.6678
2024-06-25,210171045.1274
2024-06-26,210947732.6999
2024-06-27,211622792.0985
2024-06-28,212560171.0924
2024-07-01,215012742.4258
2024-07-02,215157275.5125
2024-07-03,215556304.8374
2024-07-05,214800989.8688
2024-07-08,213851851.1518
2024-07-09,214084554.7644
2024-07-10,216369064.6328
2024-07-11,215052258.4249
2024-07-12,214696768.9467
2024-07-15,215028781.81
2024-07-16,216027919.1392
2024-07-17,211898589.5107
2024-07-18,211021015.5788
2024-07-19,209487095.1672
2024-07-22,212507236.952
2024-07-23,211722903.9074
2024-07-24,207837380.3953
2024-07-25,205820542.9712
2024-07-26,207251147.3125
2024-07-29,206055617.9278
2024-07-30,205853853.5914
2024-07-31,207894469.3162
2024-08-01,200742354.6531
2024-08-02,191554377.9708
2024-08-05,185151030.6757
2024-08-06,188534353.4945
2024-08-07,190445027.298
2024-08-08,194212713.5724
2024-08-09,194280797.3462
2024-08-12,194188767.7457
2024-08-13,195145666.2256
2024-08-14,195880787.6993
2024-08-15,200668841.2442
2024-08-16,199981759.3719
2024-08-19,200500029.8476
2024-08-20,197799685.5724
2024-08-21,198154929.3556
2024-08-22,198704709.3643
2024-08-23,198979721.2536
2024-08-26,199662556.6347
2024-08-27,198907069.0036
2024-08-28,198938288.6393
2024-08-29,200617262.4808
2024-08-30,202387870.1359
2024-09-03,197896906.7134
2024-09-04,198736196.7262
2024-09-05,199818618.3046
2024-09-06,196121247.7704
2024-09-09,198790661.4125
2024-09-10,199320800.6548
2024-09-11,200973419.5535
2024-09-12,202972218.73
2024-09-13,204828425.9215
2024-09-16,206643520.3298
2024-09-17,205866682.2201
2024-09-18,205052284.1859
2024-09-19,209605469.3969
2024-09-20,209125541.1242
2024-09-23,210241349.4155
2024-09-24,212736004.4975
2024-09-25,210835941.8358
2024-09-26,214870964.4542
2024-09-27,214161232.2038
2024-09-30,213366420.3014
2024-10-01,211888641.2668
2024-10-02,211303214.0885
2024-10-03,206616469.3379
2024-10-04,204492105.6079
2024-10-07,200698487.561
2024-10-08,201689195.6925
2024-10-09,200849996.0347
2024-10-10,200602328.6015
2024-10-11,202563251.9141
2024-10-14,202739329.7614
2024-10-15,202803664.8882
2024-10-16,203714504.175
2024-10-17,202039681.1274
2024-10-18,204674764.5199
2024-10-21,199650757.328
2024-10-22,198924095.9634
2024-10-23,195336540.501
2024-10-24,197368400.786
2024-10-25,195274424.0726
2024-10-28,197710548.7619
2024-10-29,198368520.67
2024-10-30,197068719.435
2024-10-31,193380173.6599
2024-11-01,192137279.7305
2024-11-04,192940816.8404
2024-11-05,195536473.8784
2024-11-06,194215565.5538
2024-11-07,199126649.5013
2024-11-08,198488784.1447
2024-11-11,198121151.8641
2024-11-12,194022692.2463
2024-11-13,193203553.989
2024-11-14,193007844.0854
2024-11-15,191518128.648
2024-11-18,193129145.4809
2024-11-19,194187351.0328
2024-11-20,193779466.4781
2024-11-21,194337074.925
2024-11-22,195898185.7817
2024-11-25,198820389.9225
2024-11-26,197822657.1791
2024-11-27,199322601.2256
2024-11-29,202508119.0539
2024-12-02,203031258.2558
2024-12-03,202430513.3399
2024-12-04,204421695.8924
2024-12-05,204060933.0984
2024-12-06,204924422.3251
2024-12-09,204441012.1316
2024-12-10,203793573.8238
2024-12-11,204711989.5844
2024-12-12,202224621.0048
2024-12-13,200661421.7336
2024-12-16,200831859.1576
2024-12-17,200074171.629
2024-12-18,194673097.1094
2024-12-19,192993218.244
2024-12-20,193939625.6522
2024-12-23,194757277.8353
2024-12-24,196932593.4612
2024-12-26,197504141.9453
2024-12-27,194562999.1059
2024-12-30,194067292.3444
2024-12-31,194247151.8293
2025-01-02,195750577.1841
2025-01-03,196417217.9703
2025-01-06,196232471.4297
2025-01-07,197192230.0107
2025-01-08,197371203.8512
2025-01-10,198452429.9006
2025-01-13,198470627.3152
2025-01-14,197957529.0782
2025-01-15,197701482.8464
2025-01-16,196774327.8804
2025-01-17,198520227.2409
2025-01-21,197464345.1069
2025-01-22,198649325.5207
2025-01-23,199395002.8138
2025-01-24,197976491.9213
2025-01-27,194520135.4925
2025-01-28,196685104.8881
2025-01-29,197568499.7873
2025-01-30,198558410.7185
2025-01-31,198575262.1962
2025-02-03,197463660.8603
2025-02-04,197862023.1541
2025-02-05,197441570.2573
2025-02-06,198296837.385
2025-02-07,198117499.8675
2025-02-10,200619792.2212
2025-02-11,200811589.6283
2025-02-12,203055271.9871
2025-02-13,202181425.6329
2025-02-14,199950497.2712
2025-02-18,203154131.9923
2025-02-19,201286176.9523
2025-02-20,199035908.9965
2025-02-21,195214830.3651
2025-02-24,193980172.029
2025-02-25,191422367.9558
2025-02-26,192014974.8577
2025-02-27,190603319.4893
2025-02-28,190390562.849
2025-03-03,187360709.8338
2025-03-04,185645092.1631
2025-03-05,186342649.1951
2025-03-06,184008695.9427
2025-03-07,184666152.655
2025-03-10,182059049.3854
2025-03-11,181154177.5041
2025-03-12,181714206.1635
2025-03-13,181482693.833
2025-03-14,183734877.6562
2025-03-17,184665836.3387
2025-03-18,184448258.8728
2025-03-19,186605253.6393
2025-03-20,186302779.0837
2025-03-21,185757153.2945
2025-03-24,186870704.0622
2025-03-25,187358604.4699
2025-03-26,185993941.1155
2025-03-27,186076735.982
2025-03-28,184833331.7735
2025-03-31,185612256.2979
2025-04-01,186503473.9171
2025-04-02,186459528.0028
2025-04-03,182905846.1277
2025-04-04,178415859.2923
2025-04-07,177811752.0616
2025-04-08,177591434.1644
2025-04-09,183663401.7454
2025-04-10,179764893.569
2025-04-11,180756392.3257
2025-04-14,180926743.6016
2025-04-15,182018343.5719
2025-04-16,180403091.5282
2025-04-17,181524737.8491
2025-04-21,180785142.5004
2025-04-22,183374937.0357
2025-04-23,185464582.0756
2025-04-24,186022262.7019
2025-04-25,185928915.7761
2025-04-28,185641107.0524
2025-04-29,186393755.7977
2025-04-30,187109867.4016
2025-05-01,187379453.664
2025-05-02,187785941.286
2025-05-05,188578854.0372
2025-05-06,189972472.6475
2025-05-07,189354650.0082
2025-05-08,186023556.9233
2025-05-09,187047892.8031
2025-05-12,184324722.7443
2025-05-13,185336723.3891
2025-05-14,183944332.6542
2025-05-15,187412413.4859
2025-05-16,187066824.9384
2025-05-19,188715453.5301
2025-05-20,189381418.8084
2025-05-21,188106771.304
2025-05-22,188363415.5783
2025-05-23,189957966.188
2025-05-27,191492628.968
2025-05-28,189560838.6985
2025-05-29,191596224.9985
2025-05-30,192425815.3457
2025-06-02,193490456.3264
2025-06-03,192036024.4578
2025-06-04,194372169.3728
2025-06-05,193842420.8092
2025-06-06,192262056.5358
2025-06-09,193014626.4491
2025-06-10,193072363.6332
2025-06-11,193637792.6588
2025-06-12,195902028.9904
2025-06-13,193117698.0167
2025-06-16,193446799.3323
2025-06-17,191443412.2233
2025-06-18,191087273.6568
2025-06-20,190487120.5181
2025-06-23,194033812.7138
2025-06-24,196973531.3283
2025-06-25,196973360.306
2025-06-26,199372533.2723
2025-06-27,199061344.7256
2025-06-30,200781872.5691
2025-07-01,199815062.0952
2025-07-02,200090062.9266
2025-07-03,199726479.3668
2025-07-07,197009664.6956
2025-07-08,196903394.8147
2025-07-09,198749631.5125
2025-07-10,198860007.8526
2025-07-11,197028911.3163
2025-07-14,197343843.601
2025-07-15,194555659.7519
2025-07-16,196828560.4324
2025-07-17,197010766.8884
2025-07-18,197530038.9098
2025-07-21,199892807.9803
2025-07-22,201928104.6595
2025-07-23,203493461.1559
2025-07-24,201841916.6681
2025-07-25,201565849.5821
2025-07-28,198389717.5257
2025-07-29,198575103.3396
2025-07-30,195256654.819
2025-07-31,194295849.9473
2025-08-01,197856877.5356
2025-08-04,199235086.3602
2025-08-05,199768875.3601
2025-08-06,201739003.7928
2025-08-07,203082356.1005
2025-08-08,204123044.9072
2025-08-11,203258487.0166
2025-08-12,205324986.2572
2025-08-13,205184082.5851
2025-08-14,205047805.0573
2025-08-15,206529334.2748
2025-08-18,206619875.5107
2025-08-19,205124852.7076
2025-08-20,205550055.0277
2025-08-21,205442636.736
2025-08-22,206935652.8936
2025-08-25,205274807.3689
2025-08-26,205344487.5228
2025-08-27,204982079.7794
2025-08-28,205409771.6255
2025-08-29,205855599.8599
2025-09-02,205425010.3949
2025-09-03,205382326.4051
2025-09-04,205376163.267
2025-09-05,205607702.3408
2025-09-08,206757674.3772
2025-09-09,206134282.7975
2025-09-10,205900761.5094
2025-09-11,207852054.6073
2025-09-12,207889942.2067
2025-09-15,209803535.8526
2025-09-16,209988763.1083
2025-09-17,208863482.3336
2025-09-18,209737263.106
2025-09-19,209562437.9151
2025-09-22,211579280.3552
2025-09-23,210810997.7291
2025-09-24,209607158.8462
2025-09-25,208653046.369
2025-09-26,210439180.2173
2025-09-29,211296048.4819
2025-09-30,211754838.2411
2025-10-01,212424680.7894
2025-10-02,211841256.2416
2025-10-03,213741644.9929
2025-10-06,216515298.9354
2025-10-07,214518576.1727
2025-10-08,215988882.6301
2025-10-09,214156602.419
2025-10-10,208209736.1501
2025-10-13,211118879.5042
2025-10-14,211222850.2289
2025-10-15,213572377.9204
2025-10-16,212565937.165
2025-10-17,211934849.6745
2025-10-20,214475682.2775
2025-10-21,210198059.3762
2025-10-22,210517291.4677
2025-10-23,213439870.2952
2025-10-24,213992625.6519
2025-10-27,213690499.0569
2025-10-28,213120424.1945
2025-10-29,214661776.015
2025-10-30,215063574.4087
2025-10-31,215158036.3047
2025-11-03,215943626.2222
2025-11-04,212021154.1718
2025-11-05,213308699.9545
2025-11-06,213375081.7065
2025-11-07,214440224.0572
2025-11-10,218486637.1052
2025-11-11,220389678.4591
2025-11-12,221283379.4726
2025-11-13,217210225.0167
2025-11-14,215827601.9447
2025-11-17,213337494.2756
2025-11-18,212133562.8423
2025-11-19,210990378.4941
2025-11-20,208463910.1476
2025-11-21,211721120.5691
2025-11-24,214098690.4713
2025-11-25,217531900.9972
2025-11-26,221236074.3795
2025-11-28,222852208.8476
2025-12-01,220520077.1199
2025-12-02,221414349.4493
2025-12-03,223178665.8317
2025-12-04,222026177.9864
2025-12-05,222169071.7456
2025-12-08,220934463.5655
2025-12-09,220752257.673
2025-12-10,224315953.9219
2025-12-11,225859995.6007
2025-12-12,223856451.8579
2025-12-15,225295553.1297
2025-12-16,225482979.7737
2025-12-17,225249273.5158
2025-12-18,226956297.9025
2025-12-19,228055109.7095
2025-12-22,229229767.9698
2025-12-23,230763381.5779
2025-12-24,231508984.1112
2025-12-26,233879549.9921
2025-12-29,232125416.2056
2025-12-30,232648759.3027
2025-12-31,230475762.7423
2026-01-02,231381008.0245
2026-01-05,236008179.827
2026-01-06,237307336.5133
2026-01-07,235169573.0977
2026-01-08,234042221.6124
2026-01-09,236281063.5841
2026-01-12,239898396.1001
2026-01-13,239013454.822
2026-01-14,240918490.5137
2026-01-15,239552113.332
2026-01-16,238433956.476
2026-01-20,238032500.8791
2026-01-21,241630166.9701
2026-01-22,245249237.1967
2026-01-23,249175616.5622
2026-01-26,252359759.1041
2026-01-27,259066121.5121
2026-01-28,258695444.6927
2026-01-29,259658027.1411
2026-01-30,248151512.1532
2026-02-02,246839238.8303
2026-02-03,249728609.2685
2026-02-04,249199760.9509
2026-02-05,244074775.0982
2026-02-06,252456809.2804
2026-02-09,258934488.9449
2026-02-10,258412161.6326
2026-02-11,259229844.6882
2026-02-12,255651213.3973
2026-02-13,259338814.9156
2026-02-17,257076762.0683
2026-02-18,257367440.8007
2026-02-19,256988678.9906
2026-02-20,260589649.2675
2026-02-23,260286782.9101
2026-02-24,261286756.6806
2026-02-25,265227462.6877
2026-02-26,265448765.2464
2026-02-27,266434544.8056
2026-03-02,260108678.4672
2026-03-03,251666439.7056
2026-03-04,255150539.5292
2026-03-05,248800294.255
2026-03-06,248590737.989
2026-03-09,252752268.0577
2026-03-10,252629578.5094
2026-03-11,250664815.4028
2026-03-12,244241650.6952
2026-03-13,239050884.3286
2026-03-16,246349351.3006
2026-03-17,250082438.3655
2026-03-18,241455129.5609
2026-03-19,241743751.4355
2026-03-20,230360335.7709
2026-03-23,235643195.5979
2026-03-24,232336898.1031
2026-03-25,236593124.0721
2026-03-26,226825229.9014
2026-03-27,226366277.4668
2026-03-30,228259908.2246
2026-03-31,238389042.9143
2026-04-01,242402509.7504
2026-04-02,241723576.8819
2026-04-06,243647726.4925
2026-04-07,244052248.878
2026-04-08,251244691.8419
2026-04-09,252396644.2537
2026-04-10,252521037.1102
2026-04-13,255397350.3414
2026-04-14,258255518.3525
2026-04-15,259354935.8194
2026-04-16,259199643.4494
2026-04-17,260351375.273
2026-04-20,260843207.346
2026-04-21,257418425.6326
2026-04-22,259184102.251
2026-04-23,257797632.453
2026-04-24,259427096.352
2026-04-27,259899942.0489
2026-04-28,259009020.8917
2026-04-29,258219884.0076
2026-04-30,263417473.1745
2026-05-01,262947351.0822
2026-05-04,261277351.808
2026-05-05,263738398.7193
2026-05-06,268042908.3652
2026-05-07,264819297.1668
2026-05-08,267951348.5099
2026-05-11,269927656.9591
2026-05-12,268944414.4747
2026-05-13,269619943.6889
2026-05-14,267881689.337
2026-05-15,262237356.6728
2026-05-18,265014245.9472
2026-05-19,262679759.8751
2026-05-20,265682516.5386
2026-05-21,266036932.4427
2026-05-22,265518949.3872
2026-05-26,267683934.6847
2026-05-27,265949174.5559
2026-05-28,267073574.3977
2026-05-29,267454713.3491
2026-06-01,267248014.7483
2026-06-02,268886753.3027
2026-06-03,266014627.0454
2026-06-04,266688324.3948
2026-06-05,257505554.2504
2026-06-08,258599450.074
2026-06-09,257376222.4066
2026-06-10,253973596.3574
2026-06-11,260435230.3419
2026-06-12,261173848.8497
2026-06-15,264285827.0151
2026-06-16,263653945.6325
2026-06-17,261266047.5013
2026-06-18,264128146.9962
2026-06-22,263341123.3104
2026-06-23,258526471.5445
2026-06-24,257624810.769
2026-06-25,260272524.9963
2026-06-26,258875959.1161
2026-06-29,259843303.1178
2026-06-30,260786651.9884
