date,portfolio_value
1993-01-29,100000000.0
1993-02-01,100000000.0
1993-02-02,100000000.0
1993-02-03,100000000.0
1993-02-04,100000000.0
1993-02-05,100000000.0
1993-02-08,100000000.0
1993-02-09,100000000.0
1993-02-10,100000000.0
1993-02-11,100000000.0
1993-02-12,100000000.0
1993-02-15,100000000.0
1993-02-16,100000000.0
1993-02-17,100000000.0
1993-02-18,100000000.0
1993-02-19,100000000.0
1993-02-22,100000000.0
1993-02-23,100000000.0
1993-02-24,100000000.0
1993-02-25,100000000.0
1993-02-26,100000000.0
1993-03-01,100000000.0
1993-03-02,100000000.0
1993-03-03,100000000.0
1993-03-04,100000000.0
1993-03-05,100000000.0
1993-03-08,100000000.0
1993-03-09,100000000.0
1993-03-10,100000000.0
1993-03-11,100000000.0
1993-03-12,100000000.0
1993-03-15,100000000.0
1993-03-16,100000000.0
1993-03-17,100000000.0
1993-03-18,100000000.0
1993-03-19,100000000.0
1993-03-22,100000000.0
1993-03-23,100000000.0
1993-03-24,100000000.0
1993-03-25,100000000.0
1993-03-26,100000000.0
1993-03-29,100000000.0
1993-03-30,100000000.0
1993-03-31,100000000.0
1993-04-01,100000000.0
1993-04-02,100000000.0
1993-04-05,100000000.0
1993-04-06,100000000.0
1993-04-07,100000000.0
1993-04-08,100000000.0
1993-04-09,100000000.0
1993-04-12,100000000.0
1993-04-13,100000000.0
1993-04-14,100000000.0
1993-04-15,100000000.0
1993-04-16,100000000.0
1993-04-19,100000000.0
1993-04-20,100000000.0
1993-04-21,100000000.0
1993-04-22,100000000.0
1993-04-23,100000000.0
1993-04-26,100000000.0
1993-04-27,100000000.0
1993-04-28,100000000.0
1993-04-29,100000000.0
1993-04-30,100000000.0
1993-05-03,100000000.0
1993-05-04,100000000.0
1993-05-05,100000000.0
1993-05-06,100000000.0
1993-05-07,100000000.0
1993-05-10,100000000.0
1993-05-11,100000000.0
1993-05-12,100000000.0
1993-05-13,100000000.0
1993-05-14,100000000.0
1993-05-17,100000000.0
1993-05-18,100000000.0
1993-05-19,100000000.0
1993-05-20,100000000.0
1993-05-21,100000000.0
1993-05-24,100000000.0
1993-05-25,100000000.0
1993-05-26,100000000.0
1993-05-27,100000000.0
1993-05-28,100000000.0
1993-05-31,100000000.0
1993-06-01,100000000.0
1993-06-02,100000000.0
1993-06-03,100000000.0
1993-06-04,100000000.0
1993-06-07,100000000.0
1993-06-08,100000000.0
1993-06-09,100000000.0
1993-06-10,100000000.0
1993-06-11,100000000.0
1993-06-14,100000000.0
1993-06-15,100000000.0
1993-06-16,100000000.0
1993-06-17,100000000.0
1993-06-18,100000000.0
1993-06-21,100000000.0
1993-06-22,100000000.0
1993-06-23,100000000.0
1993-06-24,100000000.0
1993-06-25,100000000.0
1993-06-28,100000000.0
1993-06-29,100000000.0
1993-06-30,100000000.0
1993-07-01,100000000.0
1993-07-02,100000000.0
1993-07-05,100000000.0
1993-07-06,100000000.0
1993-07-07,100000000.0
1993-07-08,100000000.0
1993-07-09,100000000.0
1993-07-12,100000000.0
1993-07-13,100000000.0
1993-07-14,100000000.0
1993-07-15,100000000.0
1993-07-16,100000000.0
1993-07-19,100000000.0
1993-07-20,100000000.0
1993-07-21,100000000.0
1993-07-22,100000000.0
1993-07-23,100000000.0
1993-07-26,100000000.0
1993-07-27,100000000.0
1993-07-28,100000000.0
1993-07-29,100000000.0
1993-07-30,100000000.0
1993-08-02,100000000.0
1993-08-03,100000000.0
1993-08-04,100000000.0
1993-08-05,100000000.0
1993-08-06,100000000.0
1993-08-09,100000000.0
1993-08-10,100000000.0
1993-08-11,100000000.0
1993-08-12,100000000.0
1993-08-13,100000000.0
1993-08-16,100000000.0
1993-08-17,100000000.0
1993-08-18,100000000.0
1993-08-19,100000000.0
1993-08-20,100000000.0
1993-08-23,100000000.0
1993-08-24,100000000.0
1993-08-25,100000000.0
1993-08-26,100000000.0
1993-08-27,100000000.0
1993-08-30,100000000.0
1993-08-31,100000000.0
1993-09-01,100000000.0
1993-09-02,100000000.0
1993-09-03,100000000.0
1993-09-06,100000000.0
1993-09-07,100000000.0
1993-09-08,100000000.0
1993-09-09,100000000.0
1993-09-10,100000000.0
1993-09-13,100000000.0
1993-09-14,100000000.0
1993-09-15,100000000.0
1993-09-16,100000000.0
1993-09-17,100000000.0
1993-09-20,100000000.0
1993-09-21,100000000.0
1993-09-22,100000000.0
1993-09-23,100000000.0
1993-09-24,100000000.0
1993-09-27,100000000.0
1993-09-28,100000000.0
1993-09-29,100000000.0
1993-09-30,100000000.0
1993-10-01,100000000.0
1993-10-04,100000000.0
1993-10-05,100000000.0
1993-10-06,100000000.0
1993-10-07,100000000.0
1993-10-08,100000000.0
1993-10-11,100000000.0
1993-10-12,100000000.0
1993-10-13,100000000.0
1993-10-14,100000000.0
1993-10-15,100000000.0
1993-10-18,100000000.0
1993-10-19,100000000.0
1993-10-20,100000000.0
1993-10-21,100000000.0
1993-10-22,100000000.0
1993-10-25,100000000.0
1993-10-26,100000000.0
1993-10-27,100000000.0
1993-10-28,100000000.0
1993-10-29,100000000.0
1993-11-01,100000000.0
1993-11-02,100000000.0
1993-11-03,100000000.0
1993-11-04,100000000.0
1993-11-05,100000000.0
1993-11-08,100000000.0
1993-11-09,100000000.0
1993-11-10,100000000.0
1993-11-11,100000000.0
1993-11-12,100000000.0
1993-11-15,100000000.0
1993-11-16,100000000.0
1993-11-17,100000000.0
1993-11-18,100000000.0
1993-11-19,100000000.0
1993-11-22,100000000.0
1993-11-23,100000000.0
1993-11-24,100000000.0
1993-11-25,100000000.0
1993-11-26,100000000.0
1993-11-29,100000000.0
1993-11-30,100000000.0
1993-12-01,100000000.0
1993-12-02,100000000.0
1993-12-03,100000000.0
1993-12-06,100000000.0
1993-12-07,100000000.0
1993-12-08,100000000.0
1993-12-09,100000000.0
1993-12-10,100000000.0
1993-12-13,100000000.0
1993-12-14,100000000.0
1993-12-15,100000000.0
1993-12-16,100000000.0
1993-12-17,100000000.0
1993-12-20,100000000.0
1993-12-21,100000000.0
1993-12-22,100000000.0
1993-12-23,100000000.0
1993-12-24,100000000.0
1993-12-27,100000000.0
1993-12-28,100000000.0
1993-12-29,100000000.0
1993-12-30,100000000.0
1993-12-31,100000000.0
1994-01-03,100000000.0
1994-01-04,100000000.0
1994-01-05,100000000.0
1994-01-06,100000000.0
1994-01-07,100000000.0
1994-01-10,100000000.0
1994-01-11,100000000.0
1994-01-12,100000000.0
1994-01-13,100000000.0
1994-01-14,100000000.0
1994-01-17,100000000.0
1994-01-18,100000000.0
1994-01-19,100000000.0
1994-01-20,100000000.0
1994-01-21,100000000.0
1994-01-24,100000000.0
1994-01-25,100000000.0
1994-01-26,100000000.0
1994-01-27,100000000.0
1994-01-28,100000000.0
1994-01-31,100000000.0
1994-02-01,100000000.0
1994-02-02,100000000.0
1994-02-03,100000000.0
1994-02-04,100000000.0
1994-02-07,100000000.0
1994-02-08,100000000.0
1994-02-09,100000000.0
1994-02-10,100000000.0
1994-02-11,100000000.0
1994-02-14,100000000.0
1994-02-15,100000000.0
1994-02-16,100000000.0
1994-02-17,100000000.0
1994-02-18,100000000.0
1994-02-21,100000000.0
1994-02-22,100000000.0
1994-02-23,100000000.0
1994-02-24,100000000.0
1994-02-25,100000000.0
1994-02-28,100000000.0
1994-03-01,100000000.0
1994-03-02,100000000.0
1994-03-03,100000000.0
1994-03-04,100000000.0
1994-03-07,100000000.0
1994-03-08,100000000.0
1994-03-09,100000000.0
1994-03-10,100000000.0
1994-03-11,100000000.0
1994-03-14,100000000.0
1994-03-15,100000000.0
1994-03-16,100000000.0
1994-03-17,100000000.0
1994-03-18,100000000.0
1994-03-21,100000000.0
1994-03-22,100000000.0
1994-03-23,100000000.0
1994-03-24,100000000.0
1994-03-25,100000000.0
1994-03-28,100000000.0
1994-03-29,100000000.0
1994-03-30,100000000.0
1994-03-31,100000000.0
1994-04-01,100000000.0
1994-04-04,100000000.0
1994-04-05,100000000.0
1994-04-06,100000000.0
1994-04-07,100000000.0
1994-04-08,100000000.0
1994-04-11,100000000.0
1994-04-12,100000000.0
1994-04-13,100000000.0
1994-04-14,100000000.0
1994-04-15,100000000.0
1994-04-18,100000000.0
1994-04-19,100000000.0
1994-04-20,100000000.0
1994-04-21,100000000.0
1994-04-22,100000000.0
1994-04-25,100000000.0
1994-04-26,100000000.0
1994-04-27,100000000.0
1994-04-28,100000000.0
1994-04-29,100000000.0
1994-05-02,100000000.0
1994-05-03,100000000.0
1994-05-04,100000000.0
1994-05-05,100000000.0
1994-05-06,100000000.0
1994-05-09,100000000.0
1994-05-10,100000000.0
1994-05-11,100000000.0
1994-05-12,100000000.0
1994-05-13,100000000.0
1994-05-16,100000000.0
1994-05-17,100000000.0
1994-05-18,100000000.0
1994-05-19,100000000.0
1994-05-20,100000000.0
1994-05-23,100000000.0
1994-05-24,100000000.0
1994-05-25,100000000.0
1994-05-26,100000000.0
1994-05-27,100000000.0
1994-05-30,100000000.0
1994-05-31,100000000.0
1994-06-01,100000000.0
1994-06-02,100000000.0
1994-06-03,100000000.0
1994-06-06,100000000.0
1994-06-07,100000000.0
1994-06-08,100000000.0
1994-06-09,100000000.0
1994-06-10,100000000.0
1994-06-13,100000000.0
1994-06-14,100000000.0
1994-06-15,100000000.0
1994-06-16,100000000.0
1994-06-17,100000000.0
1994-06-20,100000000.0
1994-06-21,100000000.0
1994-06-22,100000000.0
1994-06-23,100000000.0
1994-06-24,100000000.0
1994-06-27,100000000.0
1994-06-28,100000000.0
1994-06-29,100000000.0
1994-06-30,100000000.0
1994-07-01,100000000.0
1994-07-04,100000000.0
1994-07-05,100000000.0
1994-07-06,100000000.0
1994-07-07,100000000.0
1994-07-08,100000000.0
1994-07-11,100000000.0
1994-07-12,100000000.0
1994-07-13,100000000.0
1994-07-14,100000000.0
1994-07-15,100000000.0
1994-07-18,100000000.0
1994-07-19,100000000.0
1994-07-20,100000000.0
1994-07-21,100000000.0
1994-07-22,100000000.0
1994-07-25,100000000.0
1994-07-26,100000000.0
1994-07-27,100000000.0
1994-07-28,100000000.0
1994-07-29,100000000.0
1994-08-01,100000000.0
1994-08-02,100000000.0
1994-08-03,100000000.0
1994-08-04,100000000.0
1994-08-05,100000000.0
1994-08-08,100000000.0
1994-08-09,100000000.0
1994-08-10,100000000.0
1994-08-11,100000000.0
1994-08-12,100000000.0
1994-08-15,100000000.0
1994-08-16,100000000.0
1994-08-17,100000000.0
1994-08-18,100000000.0
1994-08-19,100000000.0
1994-08-22,100000000.0
1994-08-23,100000000.0
1994-08-24,100000000.0
1994-08-25,100000000.0
1994-08-26,100000000.0
1994-08-29,100000000.0
1994-08-30,100000000.0
1994-08-31,100000000.0
1994-09-01,100000000.0
1994-09-02,100000000.0
1994-09-05,100000000.0
1994-09-06,100000000.0
1994-09-07,100000000.0
1994-09-08,100000000.0
1994-09-09,100000000.0
1994-09-12,100000000.0
1994-09-13,100000000.0
1994-09-14,100000000.0
1994-09-15,100000000.0
1994-09-16,100000000.0
1994-09-19,100000000.0
1994-09-20,100000000.0
1994-09-21,100000000.0
1994-09-22,100000000.0
1994-09-23,100000000.0
1994-09-26,100000000.0
1994-09-27,100000000.0
1994-09-28,100000000.0
1994-09-29,100000000.0
1994-09-30,100000000.0
1994-10-03,100000000.0
1994-10-04,100000000.0
1994-10-05,100000000.0
1994-10-06,100000000.0
1994-10-07,100000000.0
1994-10-10,100000000.0
1994-10-11,100000000.0
1994-10-12,100000000.0
1994-10-13,100000000.0
1994-10-14,100000000.0
1994-10-17,100000000.0
1994-10-18,100000000.0
1994-10-19,100000000.0
1994-10-20,100000000.0
1994-10-21,100000000.0
1994-10-24,100000000.0
1994-10-25,100000000.0
1994-10-26,100000000.0
1994-10-27,100000000.0
1994-10-28,100000000.0
1994-10-31,100000000.0
1994-11-01,100000000.0
1994-11-02,100000000.0
1994-11-03,100000000.0
1994-11-04,100000000.0
1994-11-07,100000000.0
1994-11-08,100000000.0
1994-11-09,100000000.0
1994-11-10,100000000.0
1994-11-11,100000000.0
1994-11-14,100000000.0
1994-11-15,100000000.0
1994-11-16,100000000.0
1994-11-17,100000000.0
1994-11-18,100000000.0
1994-11-21,100000000.0
1994-11-22,100000000.0
1994-11-23,100000000.0
1994-11-24,100000000.0
1994-11-25,100000000.0
1994-11-28,100000000.0
1994-11-29,100000000.0
1994-11-30,100000000.0
1994-12-01,100000000.0
1994-12-02,100000000.0
1994-12-05,100000000.0
1994-12-06,100000000.0
1994-12-07,100000000.0
1994-12-08,100000000.0
1994-12-09,100000000.0
1994-12-12,100000000.0
1994-12-13,100000000.0
1994-12-14,100000000.0
1994-12-15,100000000.0
1994-12-16,100000000.0
1994-12-19,100000000.0
1994-12-20,100000000.0
1994-12-21,100000000.0
1994-12-22,100000000.0
1994-12-23,100000000.0
1994-12-26,100000000.0
1994-12-27,100000000.0
1994-12-28,100000000.0
1994-12-29,100000000.0
1994-12-30,100000000.0
1995-01-02,100000000.0
1995-01-03,100000000.0
1995-01-04,100000000.0
1995-01-05,100000000.0
1995-01-06,100000000.0
1995-01-09,100000000.0
1995-01-10,100000000.0
1995-01-11,100000000.0
1995-01-12,100000000.0
1995-01-13,100000000.0
1995-01-16,100000000.0
1995-01-17,100000000.0
1995-01-18,100000000.0
1995-01-19,100000000.0
1995-01-20,100000000.0
1995-01-23,100000000.0
1995-01-24,100000000.0
1995-01-25,100000000.0
1995-01-26,100000000.0
1995-01-27,100000000.0
1995-01-30,100000000.0
1995-01-31,100000000.0
1995-02-01,100000000.0
1995-02-02,100000000.0
1995-02-03,100000000.0
1995-02-06,100000000.0
1995-02-07,100000000.0
1995-02-08,100000000.0
1995-02-09,100000000.0
1995-02-10,100000000.0
1995-02-13,100000000.0
1995-02-14,100000000.0
1995-02-15,100000000.0
1995-02-16,100000000.0
1995-02-17,100000000.0
1995-02-20,100000000.0
1995-02-21,100000000.0
1995-02-22,100000000.0
1995-02-23,100000000.0
1995-02-24,100000000.0
1995-02-27,100000000.0
1995-02-28,100000000.0
1995-03-01,100000000.0
1995-03-02,100000000.0
1995-03-03,100000000.0
1995-03-06,100000000.0
1995-03-07,100000000.0
1995-03-08,100000000.0
1995-03-09,100000000.0
1995-03-10,100000000.0
1995-03-13,100000000.0
1995-03-14,100000000.0
1995-03-15,100000000.0
1995-03-16,100000000.0
1995-03-17,100000000.0
1995-03-20,100000000.0
1995-03-21,100000000.0
1995-03-22,100000000.0
1995-03-23,100000000.0
1995-03-24,100000000.0
1995-03-27,100000000.0
1995-03-28,100000000.0
1995-03-29,100000000.0
1995-03-30,100000000.0
1995-03-31,100000000.0
1995-04-03,100000000.0
1995-04-04,100000000.0
1995-04-05,100000000.0
1995-04-06,100000000.0
1995-04-07,100000000.0
1995-04-10,100000000.0
1995-04-11,100000000.0
1995-04-12,100000000.0
1995-04-13,100000000.0
1995-04-14,100000000.0
1995-04-17,100000000.0
1995-04-18,100000000.0
1995-04-19,100000000.0
1995-04-20,100000000.0
1995-04-21,100000000.0
1995-04-24,100000000.0
1995-04-25,100000000.0
1995-04-26,100000000.0
1995-04-27,100000000.0
1995-04-28,100000000.0
1995-05-01,100000000.0
1995-05-02,100000000.0
1995-05-03,100000000.0
1995-05-04,100000000.0
1995-05-05,100000000.0
1995-05-08,100000000.0
1995-05-09,100000000.0
1995-05-10,100000000.0
1995-05-11,100000000.0
1995-05-12,100000000.0
1995-05-15,100000000.0
1995-05-16,100000000.0
1995-05-17,100000000.0
1995-05-18,100000000.0
1995-05-19,100000000.0
1995-05-22,100000000.0
1995-05-23,100000000.0
1995-05-24,100000000.0
1995-05-25,100000000.0
1995-05-26,100000000.0
1995-05-29,100000000.0
1995-05-30,100000000.0
1995-05-31,100000000.0
1995-06-01,100000000.0
1995-06-02,100000000.0
1995-06-05,100000000.0
1995-06-06,100000000.0
1995-06-07,100000000.0
1995-06-08,100000000.0
1995-06-09,100000000.0
1995-06-12,100000000.0
1995-06-13,100000000.0
1995-06-14,100000000.0
1995-06-15,100000000.0
1995-06-16,100000000.0
1995-06-19,100000000.0
1995-06-20,100000000.0
1995-06-21,100000000.0
1995-06-22,100000000.0
1995-06-23,100000000.0
1995-06-26,100000000.0
1995-06-27,100000000.0
1995-06-28,100000000.0
1995-06-29,100000000.0
1995-06-30,100000000.0
1995-07-03,100000000.0
1995-07-04,100000000.0
1995-07-05,100000000.0
1995-07-06,100000000.0
1995-07-07,100000000.0
1995-07-10,100000000.0
1995-07-11,100000000.0
1995-07-12,100000000.0
1995-07-13,100000000.0
1995-07-14,100000000.0
1995-07-17,100000000.0
1995-07-18,100000000.0
1995-07-19,100000000.0
1995-07-20,100000000.0
1995-07-21,100000000.0
1995-07-24,100000000.0
1995-07-25,100000000.0
1995-07-26,100000000.0
1995-07-27,100000000.0
1995-07-28,100000000.0
1995-07-31,100000000.0
1995-08-01,100000000.0
1995-08-02,100000000.0
1995-08-03,100000000.0
1995-08-04,100000000.0
1995-08-07,100000000.0
1995-08-08,100000000.0
1995-08-09,100000000.0
1995-08-10,100000000.0
1995-08-11,100000000.0
1995-08-14,100000000.0
1995-08-15,100000000.0
1995-08-16,100000000.0
1995-08-17,100000000.0
1995-08-18,100000000.0
1995-08-21,100000000.0
1995-08-22,100000000.0
1995-08-23,100000000.0
1995-08-24,100000000.0
1995-08-25,100000000.0
1995-08-28,100000000.0
1995-08-29,100000000.0
1995-08-30,100000000.0
1995-08-31,100000000.0
1995-09-01,100000000.0
1995-09-04,100000000.0
1995-09-05,100000000.0
1995-09-06,100000000.0
1995-09-07,100000000.0
1995-09-08,100000000.0
1995-09-11,100000000.0
1995-09-12,100000000.0
1995-09-13,100000000.0
1995-09-14,100000000.0
1995-09-15,100000000.0
1995-09-18,100000000.0
1995-09-19,100000000.0
1995-09-20,100000000.0
1995-09-21,100000000.0
1995-09-22,100000000.0
1995-09-25,100000000.0
1995-09-26,100000000.0
1995-09-27,100000000.0
1995-09-28,100000000.0
1995-09-29,100000000.0
1995-10-02,100000000.0
1995-10-03,100000000.0
1995-10-04,100000000.0
1995-10-05,100000000.0
1995-10-06,100000000.0
1995-10-09,100000000.0
1995-10-10,100000000.0
1995-10-11,100000000.0
1995-10-12,100000000.0
1995-10-13,100000000.0
1995-10-16,100000000.0
1995-10-17,100000000.0
1995-10-18,100000000.0
1995-10-19,100000000.0
1995-10-20,100000000.0
1995-10-23,100000000.0
1995-10-24,100000000.0
1995-10-25,100000000.0
1995-10-26,100000000.0
1995-10-27,100000000.0
1995-10-30,100000000.0
1995-10-31,100000000.0
1995-11-01,100000000.0
1995-11-02,100000000.0
1995-11-03,100000000.0
1995-11-06,100000000.0
1995-11-07,100000000.0
1995-11-08,100000000.0
1995-11-09,100000000.0
1995-11-10,100000000.0
1995-11-13,100000000.0
1995-11-14,100000000.0
1995-11-15,100000000.0
1995-11-16,100000000.0
1995-11-17,100000000.0
1995-11-20,100000000.0
1995-11-21,100000000.0
1995-11-22,100000000.0
1995-11-23,100000000.0
1995-11-24,100000000.0
1995-11-27,100000000.0
1995-11-28,100000000.0
1995-11-29,100000000.0
1995-11-30,100000000.0
1995-12-01,100000000.0
1995-12-04,100000000.0
1995-12-05,100000000.0
1995-12-06,100000000.0
1995-12-07,100000000.0
1995-12-08,100000000.0
1995-12-11,100000000.0
1995-12-12,100000000.0
1995-12-13,100000000.0
1995-12-14,100000000.0
1995-12-15,100000000.0
1995-12-18,100000000.0
1995-12-19,100000000.0
1995-12-20,100000000.0
1995-12-21,100000000.0
1995-12-22,100000000.0
1995-12-25,100000000.0
1995-12-26,100000000.0
1995-12-27,100000000.0
1995-12-28,100000000.0
1995-12-29,100000000.0
1996-01-01,100000000.0
1996-01-02,100000000.0
1996-01-03,100000000.0
1996-01-04,100000000.0
1996-01-05,100000000.0
1996-01-08,100000000.0
1996-01-09,100000000.0
1996-01-10,100000000.0
1996-01-11,100000000.0
1996-01-12,100000000.0
1996-01-15,100000000.0
1996-01-16,100000000.0
1996-01-17,100000000.0
1996-01-18,100000000.0
1996-01-19,100000000.0
1996-01-22,100000000.0
1996-01-23,100000000.0
1996-01-24,100000000.0
1996-01-25,100000000.0
1996-01-26,100000000.0
1996-01-29,100000000.0
1996-01-30,100000000.0
1996-01-31,100000000.0
1996-02-01,100000000.0
1996-02-02,100000000.0
1996-02-05,100000000.0
1996-02-06,100000000.0
1996-02-07,100000000.0
1996-02-08,100000000.0
1996-02-09,100000000.0
1996-02-12,100000000.0
1996-02-13,100000000.0
1996-02-14,100000000.0
1996-02-15,100000000.0
1996-02-16,100000000.0
1996-02-19,100000000.0
1996-02-20,100000000.0
1996-02-21,100000000.0
1996-02-22,100000000.0
1996-02-23,100000000.0
1996-02-26,100000000.0
1996-02-27,100000000.0
1996-02-28,100000000.0
1996-02-29,100000000.0
1996-03-01,100000000.0
1996-03-04,100000000.0
1996-03-05,100000000.0
1996-03-06,100000000.0
1996-03-07,100000000.0
1996-03-08,100000000.0
1996-03-11,100000000.0
1996-03-12,100000000.0
1996-03-13,100000000.0
1996-03-14,100000000.0
1996-03-15,100000000.0
1996-03-18,100000000.0
1996-03-19,100000000.0
1996-03-20,100000000.0
1996-03-21,100000000.0
1996-03-22,100000000.0
1996-03-25,100000000.0
1996-03-26,100000000.0
1996-03-27,100000000.0
1996-03-28,100000000.0
1996-03-29,100000000.0
1996-04-01,100000000.0
1996-04-02,100000000.0
1996-04-03,100000000.0
1996-04-04,100000000.0
1996-04-05,100000000.0
1996-04-08,100000000.0
1996-04-09,100000000.0
1996-04-10,100000000.0
1996-04-11,100000000.0
1996-04-12,100000000.0
1996-04-15,100000000.0
1996-04-16,100000000.0
1996-04-17,100000000.0
1996-04-18,100000000.0
1996-04-19,100000000.0
1996-04-22,100000000.0
1996-04-23,100000000.0
1996-04-24,100000000.0
1996-04-25,100000000.0
1996-04-26,100000000.0
1996-04-29,100000000.0
1996-04-30,100000000.0
1996-05-01,100000000.0
1996-05-02,100000000.0
1996-05-03,100000000.0
1996-05-06,100000000.0
1996-05-07,100000000.0
1996-05-08,100000000.0
1996-05-09,100000000.0
1996-05-10,100000000.0
1996-05-13,100000000.0
1996-05-14,100000000.0
1996-05-15,100000000.0
1996-05-16,100000000.0
1996-05-17,100000000.0
1996-05-20,100000000.0
1996-05-21,100000000.0
1996-05-22,100000000.0
1996-05-23,100000000.0
1996-05-24,100000000.0
1996-05-27,100000000.0
1996-05-28,100000000.0
1996-05-29,100000000.0
1996-05-30,100000000.0
1996-05-31,100000000.0
1996-06-03,100000000.0
1996-06-04,100000000.0
1996-06-05,100000000.0
1996-06-06,100000000.0
1996-06-07,100000000.0
1996-06-10,100000000.0
1996-06-11,100000000.0
1996-06-12,100000000.0
1996-06-13,100000000.0
1996-06-14,100000000.0
1996-06-17,100000000.0
1996-06-18,100000000.0
1996-06-19,100000000.0
1996-06-20,100000000.0
1996-06-21,100000000.0
1996-06-24,100000000.0
1996-06-25,100000000.0
1996-06-26,100000000.0
1996-06-27,100000000.0
1996-06-28,100000000.0
1996-07-01,100000000.0
1996-07-02,100000000.0
1996-07-03,100000000.0
1996-07-04,100000000.0
1996-07-05,100000000.0
1996-07-08,100000000.0
1996-07-09,100000000.0
1996-07-10,100000000.0
1996-07-11,100000000.0
1996-07-12,100000000.0
1996-07-15,100000000.0
1996-07-16,100000000.0
1996-07-17,100000000.0
1996-07-18,100000000.0
1996-07-19,100000000.0
1996-07-22,100000000.0
1996-07-23,100000000.0
1996-07-24,100000000.0
1996-07-25,100000000.0
1996-07-26,100000000.0
1996-07-29,100000000.0
1996-07-30,100000000.0
1996-07-31,100000000.0
1996-08-01,100000000.0
1996-08-02,100000000.0
1996-08-05,100000000.0
1996-08-06,100000000.0
1996-08-07,100000000.0
1996-08-08,100000000.0
1996-08-09,100000000.0
1996-08-12,100000000.0
1996-08-13,100000000.0
1996-08-14,100000000.0
1996-08-15,100000000.0
1996-08-16,100000000.0
1996-08-19,100000000.0
1996-08-20,100000000.0
1996-08-21,100000000.0
1996-08-22,100000000.0
1996-08-23,100000000.0
1996-08-26,100000000.0
1996-08-27,100000000.0
1996-08-28,100000000.0
1996-08-29,100000000.0
1996-08-30,100000000.0
1996-09-02,100000000.0
1996-09-03,100000000.0
1996-09-04,100000000.0
1996-09-05,100000000.0
1996-09-06,100000000.0
1996-09-09,100000000.0
1996-09-10,100000000.0
1996-09-11,100000000.0
1996-09-12,100000000.0
1996-09-13,100000000.0
1996-09-16,100000000.0
1996-09-17,100000000.0
1996-09-18,100000000.0
1996-09-19,100000000.0
1996-09-20,100000000.0
1996-09-23,100000000.0
1996-09-24,100000000.0
1996-09-25,100000000.0
1996-09-26,100000000.0
1996-09-27,100000000.0
1996-09-30,100000000.0
1996-10-01,100000000.0
1996-10-02,100000000.0
1996-10-03,100000000.0
1996-10-04,100000000.0
1996-10-07,100000000.0
1996-10-08,100000000.0
1996-10-09,100000000.0
1996-10-10,100000000.0
1996-10-11,100000000.0
1996-10-14,100000000.0
1996-10-15,100000000.0
1996-10-16,100000000.0
1996-10-17,100000000.0
1996-10-18,100000000.0
1996-10-21,100000000.0
1996-10-22,100000000.0
1996-10-23,100000000.0
1996-10-24,100000000.0
1996-10-25,100000000.0
1996-10-28,100000000.0
1996-10-29,100000000.0
1996-10-30,100000000.0
1996-10-31,100000000.0
1996-11-01,100000000.0
1996-11-04,100000000.0
1996-11-05,100000000.0
1996-11-06,100000000.0
1996-11-07,100000000.0
1996-11-08,100000000.0
1996-11-11,100000000.0
1996-11-12,100000000.0
1996-11-13,100000000.0
1996-11-14,100000000.0
1996-11-15,100000000.0
1996-11-18,100000000.0
1996-11-19,100000000.0
1996-11-20,100000000.0
1996-11-21,100000000.0
1996-11-22,100000000.0
1996-11-25,100000000.0
1996-11-26,100000000.0
1996-11-27,100000000.0
1996-11-28,100000000.0
1996-11-29,100000000.0
1996-12-02,100000000.0
1996-12-03,100000000.0
1996-12-04,100000000.0
1996-12-05,100000000.0
1996-12-06,100000000.0
1996-12-09,100000000.0
1996-12-10,100000000.0
1996-12-11,100000000.0
1996-12-12,100000000.0
1996-12-13,100000000.0
1996-12-16,100000000.0
1996-12-17,100000000.0
1996-12-18,100000000.0
1996-12-19,100000000.0
1996-12-20,100000000.0
1996-12-23,100000000.0
1996-12-24,100000000.0
1996-12-25,100000000.0
1996-12-26,100000000.0
1996-12-27,100000000.0
1996-12-30,100000000.0
1996-12-31,100000000.0
1997-01-01,100000000.0
1997-01-02,100000000.0
1997-01-03,100000000.0
1997-01-06,100000000.0
1997-01-07,100000000.0
1997-01-08,100000000.0
1997-01-09,100000000.0
1997-01-10,100000000.0
1997-01-13,100000000.0
1997-01-14,100000000.0
1997-01-15,100000000.0
1997-01-16,100000000.0
1997-01-17,100000000.0
1997-01-20,100000000.0
1997-01-21,100000000.0
1997-01-22,100000000.0
1997-01-23,100000000.0
1997-01-24,100000000.0
1997-01-27,100000000.0
1997-01-28,100000000.0
1997-01-29,100000000.0
1997-01-30,100000000.0
1997-01-31,100000000.0
1997-02-03,100000000.0
1997-02-04,100000000.0
1997-02-05,100000000.0
1997-02-06,100000000.0
1997-02-07,100000000.0
1997-02-10,100000000.0
1997-02-11,100000000.0
1997-02-12,100000000.0
1997-02-13,100000000.0
1997-02-14,100000000.0
1997-02-17,100000000.0
1997-02-18,100000000.0
1997-02-19,100000000.0
1997-02-20,100000000.0
1997-02-21,100000000.0
1997-02-24,100000000.0
1997-02-25,100000000.0
1997-02-26,100000000.0
1997-02-27,100000000.0
1997-02-28,100000000.0
1997-03-03,100000000.0
1997-03-04,100000000.0
1997-03-05,100000000.0
1997-03-06,100000000.0
1997-03-07,100000000.0
1997-03-10,100000000.0
1997-03-11,100000000.0
1997-03-12,100000000.0
1997-03-13,100000000.0
1997-03-14,100000000.0
1997-03-17,100000000.0
1997-03-18,100000000.0
1997-03-19,100000000.0
1997-03-20,100000000.0
1997-03-21,100000000.0
1997-03-24,100000000.0
1997-03-25,100000000.0
1997-03-26,100000000.0
1997-03-27,100000000.0
1997-03-28,100000000.0
1997-03-31,100000000.0
1997-04-01,100000000.0
1997-04-02,100000000.0
1997-04-03,100000000.0
1997-04-04,100000000.0
1997-04-07,100000000.0
1997-04-08,100000000.0
1997-04-09,100000000.0
1997-04-10,100000000.0
1997-04-11,100000000.0
1997-04-14,100000000.0
1997-04-15,100000000.0
1997-04-16,100000000.0
1997-04-17,100000000.0
1997-04-18,100000000.0
1997-04-21,100000000.0
1997-04-22,100000000.0
1997-04-23,100000000.0
1997-04-24,100000000.0
1997-04-25,100000000.0
1997-04-28,100000000.0
1997-04-29,100000000.0
1997-04-30,100000000.0
1997-05-01,100000000.0
1997-05-02,100000000.0
1997-05-05,100000000.0
1997-05-06,100000000.0
1997-05-07,100000000.0
1997-05-08,100000000.0
1997-05-09,100000000.0
1997-05-12,100000000.0
1997-05-13,100000000.0
1997-05-14,100000000.0
1997-05-15,100000000.0
1997-05-16,100000000.0
1997-05-19,100000000.0
1997-05-20,100000000.0
1997-05-21,100000000.0
1997-05-22,100000000.0
1997-05-23,100000000.0
1997-05-26,100000000.0
1997-05-27,100000000.0
1997-05-28,100000000.0
1997-05-29,100000000.0
1997-05-30,100000000.0
1997-06-02,100000000.0
1997-06-03,100000000.0
1997-06-04,100000000.0
1997-06-05,100000000.0
1997-06-06,100000000.0
1997-06-09,100000000.0
1997-06-10,100000000.0
1997-06-11,100000000.0
1997-06-12,100000000.0
1997-06-13,100000000.0
1997-06-16,100000000.0
1997-06-17,100000000.0
1997-06-18,100000000.0
1997-06-19,100000000.0
1997-06-20,100000000.0
1997-06-23,100000000.0
1997-06-24,100000000.0
1997-06-25,100000000.0
1997-06-26,100000000.0
1997-06-27,100000000.0
1997-06-30,100000000.0
1997-07-01,100000000.0
1997-07-02,100000000.0
1997-07-03,100000000.0
1997-07-04,100000000.0
1997-07-07,100000000.0
1997-07-08,100000000.0
1997-07-09,100000000.0
1997-07-10,100000000.0
1997-07-11,100000000.0
1997-07-14,100000000.0
1997-07-15,100000000.0
1997-07-16,100000000.0
1997-07-17,100000000.0
1997-07-18,100000000.0
1997-07-21,100000000.0
1997-07-22,100000000.0
1997-07-23,100000000.0
1997-07-24,100000000.0
1997-07-25,100000000.0
1997-07-28,100000000.0
1997-07-29,100000000.0
1997-07-30,100000000.0
1997-07-31,100000000.0
1997-08-01,100000000.0
1997-08-04,100000000.0
1997-08-05,100000000.0
1997-08-06,100000000.0
1997-08-07,100000000.0
1997-08-08,100000000.0
1997-08-11,100000000.0
1997-08-12,100000000.0
1997-08-13,100000000.0
1997-08-14,100000000.0
1997-08-15,100000000.0
1997-08-18,100000000.0
1997-08-19,100000000.0
1997-08-20,100000000.0
1997-08-21,100000000.0
1997-08-22,100000000.0
1997-08-25,100000000.0
1997-08-26,100000000.0
1997-08-27,100000000.0
1997-08-28,100000000.0
1997-08-29,100000000.0
1997-09-01,100000000.0
1997-09-02,100000000.0
1997-09-03,100000000.0
1997-09-04,100000000.0
1997-09-05,100000000.0
1997-09-08,100000000.0
1997-09-09,100000000.0
1997-09-10,100000000.0
1997-09-11,100000000.0
1997-09-12,100000000.0
1997-09-15,100000000.0
1997-09-16,100000000.0
1997-09-17,100000000.0
1997-09-18,100000000.0
1997-09-19,100000000.0
1997-09-22,100000000.0
1997-09-23,100000000.0
1997-09-24,100000000.0
1997-09-25,100000000.0
1997-09-26,100000000.0
1997-09-29,100000000.0
1997-09-30,100000000.0
1997-10-01,100000000.0
1997-10-02,100000000.0
1997-10-03,100000000.0
1997-10-06,100000000.0
1997-10-07,100000000.0
1997-10-08,100000000.0
1997-10-09,100000000.0
1997-10-10,100000000.0
1997-10-13,100000000.0
1997-10-14,100000000.0
1997-10-15,100000000.0
1997-10-16,100000000.0
1997-10-17,100000000.0
1997-10-20,100000000.0
1997-10-21,100000000.0
1997-10-22,100000000.0
1997-10-23,100000000.0
1997-10-24,100000000.0
1997-10-27,100000000.0
1997-10-28,100000000.0
1997-10-29,100000000.0
1997-10-30,100000000.0
1997-10-31,100000000.0
1997-11-03,100000000.0
1997-11-04,100000000.0
1997-11-05,100000000.0
1997-11-06,100000000.0
1997-11-07,100000000.0
1997-11-10,100000000.0
1997-11-11,100000000.0
1997-11-12,100000000.0
1997-11-13,100000000.0
1997-11-14,100000000.0
1997-11-17,100000000.0
1997-11-18,100000000.0
1997-11-19,100000000.0
1997-11-20,100000000.0
1997-11-21,100000000.0
1997-11-24,100000000.0
1997-11-25,100000000.0
1997-11-26,100000000.0
1997-11-27,100000000.0
1997-11-28,100000000.0
1997-12-01,100000000.0
1997-12-02,100000000.0
1997-12-03,100000000.0
1997-12-04,100000000.0
1997-12-05,100000000.0
1997-12-08,100000000.0
1997-12-09,100000000.0
1997-12-10,100000000.0
1997-12-11,100000000.0
1997-12-12,100000000.0
1997-12-15,100000000.0
1997-12-16,100000000.0
1997-12-17,100000000.0
1997-12-18,100000000.0
1997-12-19,100000000.0
1997-12-22,100000000.0
1997-12-23,100000000.0
1997-12-24,100000000.0
1997-12-25,100000000.0
1997-12-26,100000000.0
1997-12-29,100000000.0
1997-12-30,100000000.0
1997-12-31,100000000.0
1998-01-02,100000000.0
1998-01-05,100000000.0
1998-01-06,100000000.0
1998-01-07,100000000.0
1998-01-08,100000000.0
1998-01-09,100000000.0
1998-01-12,100000000.0
1998-01-13,100000000.0
1998-01-14,100000000.0
1998-01-15,100000000.0
1998-01-16,100000000.0
1998-01-20,100000000.0
1998-01-21,100000000.0
1998-01-22,100000000.0
1998-01-23,100000000.0
1998-01-26,100000000.0
1998-01-27,100000000.0
1998-01-28,100000000.0
1998-01-29,100000000.0
1998-01-30,100000000.0
1998-02-02,100000000.0
1998-02-03,100000000.0
1998-02-04,100000000.0
1998-02-05,100000000.0
1998-02-06,100000000.0
1998-02-09,100000000.0
1998-02-10,100000000.0
1998-02-11,100000000.0
1998-02-12,100000000.0
1998-02-13,100000000.0
1998-02-17,100000000.0
1998-02-18,100000000.0
1998-02-19,100000000.0
1998-02-20,100000000.0
1998-02-23,100000000.0
1998-02-24,100000000.0
1998-02-25,100000000.0
1998-02-26,100000000.0
1998-02-27,100000000.0
1998-03-02,100000000.0
1998-03-03,100000000.0
1998-03-04,100000000.0
1998-03-05,100000000.0
1998-03-06,100000000.0
1998-03-09,100000000.0
1998-03-10,100000000.0
1998-03-11,100000000.0
1998-03-12,100000000.0
1998-03-13,100000000.0
1998-03-16,100000000.0
1998-03-17,100000000.0
1998-03-18,100000000.0
1998-03-19,100000000.0
1998-03-20,100000000.0
1998-03-23,100000000.0
1998-03-24,100000000.0
1998-03-25,100000000.0
1998-03-26,100000000.0
1998-03-27,100000000.0
1998-03-30,100000000.0
1998-03-31,100000000.0
1998-04-01,100000000.0
1998-04-02,100000000.0
1998-04-03,100000000.0
1998-04-06,100000000.0
1998-04-07,100000000.0
1998-04-08,100000000.0
1998-04-09,100000000.0
1998-04-13,100000000.0
1998-04-14,100000000.0
1998-04-15,100000000.0
1998-04-16,100000000.0
1998-04-17,100000000.0
1998-04-20,100000000.0
1998-04-21,100000000.0
1998-04-22,100000000.0
1998-04-23,100000000.0
1998-04-24,100000000.0
1998-04-27,100000000.0
1998-04-28,100000000.0
1998-04-29,100000000.0
1998-04-30,100000000.0
1998-05-01,100000000.0
1998-05-04,100000000.0
1998-05-05,100000000.0
1998-05-06,100000000.0
1998-05-07,100000000.0
1998-05-08,100000000.0
1998-05-11,100000000.0
1998-05-12,100000000.0
1998-05-13,100000000.0
1998-05-14,100000000.0
1998-05-15,100000000.0
1998-05-18,100000000.0
1998-05-19,100000000.0
1998-05-20,100000000.0
1998-05-21,100000000.0
1998-05-22,100000000.0
1998-05-26,100000000.0
1998-05-27,100000000.0
1998-05-28,100000000.0
1998-05-29,100000000.0
1998-06-01,100000000.0
1998-06-02,100000000.0
1998-06-03,100000000.0
1998-06-04,100000000.0
1998-06-05,100000000.0
1998-06-08,100000000.0
1998-06-09,100000000.0
1998-06-10,100000000.0
1998-06-11,100000000.0
1998-06-12,100000000.0
1998-06-15,100000000.0
1998-06-16,100000000.0
1998-06-17,100000000.0
1998-06-18,100000000.0
1998-06-19,100000000.0
1998-06-22,100000000.0
1998-06-23,100000000.0
1998-06-24,100000000.0
1998-06-25,100000000.0
1998-06-26,100000000.0
1998-06-29,100000000.0
1998-06-30,100000000.0
1998-07-01,100000000.0
1998-07-02,100000000.0
1998-07-06,100000000.0
1998-07-07,100000000.0
1998-07-08,100000000.0
1998-07-09,100000000.0
1998-07-10,100000000.0
1998-07-13,100000000.0
1998-07-14,100000000.0
1998-07-15,100000000.0
1998-07-16,100000000.0
1998-07-17,100000000.0
1998-07-20,100000000.0
1998-07-21,100000000.0
1998-07-22,100000000.0
1998-07-23,100000000.0
1998-07-24,100000000.0
1998-07-27,100000000.0
1998-07-28,100000000.0
1998-07-29,100000000.0
1998-07-30,100000000.0
1998-07-31,100000000.0
1998-08-03,100000000.0
1998-08-04,100000000.0
1998-08-05,100000000.0
1998-08-06,100000000.0
1998-08-07,100000000.0
1998-08-10,100000000.0
1998-08-11,100000000.0
1998-08-12,100000000.0
1998-08-13,100000000.0
1998-08-14,100000000.0
1998-08-17,100000000.0
1998-08-18,100000000.0
1998-08-19,100000000.0
1998-08-20,100000000.0
1998-08-21,100000000.0
1998-08-24,100000000.0
1998-08-25,100000000.0
1998-08-26,100000000.0
1998-08-27,100000000.0
1998-08-28,100000000.0
1998-08-31,100000000.0
1998-09-01,100000000.0
1998-09-02,100000000.0
1998-09-03,100000000.0
1998-09-04,100000000.0
1998-09-08,100000000.0
1998-09-09,100000000.0
1998-09-10,100000000.0
1998-09-11,100000000.0
1998-09-14,100000000.0
1998-09-15,100000000.0
1998-09-16,100000000.0
1998-09-17,100000000.0
1998-09-18,100000000.0
1998-09-21,100000000.0
1998-09-22,100000000.0
1998-09-23,100000000.0
1998-09-24,100000000.0
1998-09-25,100000000.0
1998-09-28,100000000.0
1998-09-29,100000000.0
1998-09-30,100000000.0
1998-10-01,100000000.0
1998-10-02,100000000.0
1998-10-05,100000000.0
1998-10-06,100000000.0
1998-10-07,100000000.0
1998-10-08,100000000.0
1998-10-09,100000000.0
1998-10-12,100000000.0
1998-10-13,100000000.0
1998-10-14,100000000.0
1998-10-15,100000000.0
1998-10-16,100000000.0
1998-10-19,100000000.0
1998-10-20,100000000.0
1998-10-21,100000000.0
1998-10-22,100000000.0
1998-10-23,100000000.0
1998-10-26,100000000.0
1998-10-27,100000000.0
1998-10-28,100000000.0
1998-10-29,100000000.0
1998-10-30,100000000.0
1998-11-02,100000000.0
1998-11-03,100000000.0
1998-11-04,100000000.0
1998-11-05,100000000.0
1998-11-06,100000000.0
1998-11-09,100000000.0
1998-11-10,100000000.0
1998-11-11,100000000.0
1998-11-12,100000000.0
1998-11-13,100000000.0
1998-11-16,100000000.0
1998-11-17,100000000.0
1998-11-18,100000000.0
1998-11-19,100000000.0
1998-11-20,100000000.0
1998-11-23,100000000.0
1998-11-24,100000000.0
1998-11-25,100000000.0
1998-11-27,100000000.0
1998-11-30,100000000.0
1998-12-01,100000000.0
1998-12-02,100000000.0
1998-12-03,100000000.0
1998-12-04,100000000.0
1998-12-07,100000000.0
1998-12-08,100000000.0
1998-12-09,100000000.0
1998-12-10,100000000.0
1998-12-11,100000000.0
1998-12-14,100000000.0
1998-12-15,100000000.0
1998-12-16,100000000.0
1998-12-17,100000000.0
1998-12-18,100000000.0
1998-12-21,100000000.0
1998-12-22,100000000.0
1998-12-23,100000000.0
1998-12-24,100000000.0
1998-12-28,100000000.0
1998-12-29,100000000.0
1998-12-30,100000000.0
1998-12-31,100000000.0
1999-01-04,100000000.0
1999-01-05,100000000.0
1999-01-06,100000000.0
1999-01-07,100000000.0
1999-01-08,100000000.0
1999-01-11,100000000.0
1999-01-12,100000000.0
1999-01-13,100000000.0
1999-01-14,100000000.0
1999-01-15,100000000.0
1999-01-19,100000000.0
1999-01-20,100000000.0
1999-01-21,100000000.0
1999-01-22,100000000.0
1999-01-25,100000000.0
1999-01-26,100000000.0
1999-01-27,100000000.0
1999-01-28,100000000.0
1999-01-29,100000000.0
1999-02-01,100000000.0
1999-02-02,100000000.0
1999-02-03,100000000.0
1999-02-04,100000000.0
1999-02-05,100000000.0
1999-02-08,100000000.0
1999-02-09,100000000.0
1999-02-10,100000000.0
1999-02-11,100000000.0
1999-02-12,100000000.0
1999-02-16,100000000.0
1999-02-17,100000000.0
1999-02-18,100000000.0
1999-02-19,100000000.0
1999-02-22,100000000.0
1999-02-23,100000000.0
1999-02-24,100000000.0
1999-02-25,100000000.0
1999-02-26,100000000.0
1999-03-01,100000000.0
1999-03-02,100000000.0
1999-03-03,100000000.0
1999-03-04,100000000.0
1999-03-05,100000000.0
1999-03-08,100000000.0
1999-03-09,100000000.0
1999-03-10,100000000.0
1999-03-11,100000000.0
1999-03-12,100000000.0
1999-03-15,100000000.0
1999-03-16,100000000.0
1999-03-17,100000000.0
1999-03-18,100000000.0
1999-03-19,100000000.0
1999-03-22,100000000.0
1999-03-23,100000000.0
1999-03-24,100000000.0
1999-03-25,100000000.0
1999-03-26,100000000.0
1999-03-29,100000000.0
1999-03-30,100000000.0
1999-03-31,100000000.0
1999-04-01,100000000.0
1999-04-05,100000000.0
1999-04-06,100000000.0
1999-04-07,100000000.0
1999-04-08,100000000.0
1999-04-09,100000000.0
1999-04-12,100000000.0
1999-04-13,100000000.0
1999-04-14,100000000.0
1999-04-15,100000000.0
1999-04-16,100000000.0
1999-04-19,100000000.0
1999-04-20,100000000.0
1999-04-21,100000000.0
1999-04-22,100000000.0
1999-04-23,100000000.0
1999-04-26,100000000.0
1999-04-27,100000000.0
1999-04-28,100000000.0
1999-04-29,100000000.0
1999-04-30,100000000.0
1999-05-03,100000000.0
1999-05-04,100000000.0
1999-05-05,100000000.0
1999-05-06,100000000.0
1999-05-07,100000000.0
1999-05-10,100000000.0
1999-05-11,100000000.0
1999-05-12,100000000.0
1999-05-13,100000000.0
1999-05-14,100000000.0
1999-05-17,100000000.0
1999-05-18,100000000.0
1999-05-19,100000000.0
1999-05-20,100000000.0
1999-05-21,100000000.0
1999-05-24,100000000.0
1999-05-25,100000000.0
1999-05-26,100000000.0
1999-05-27,100000000.0
1999-05-28,100000000.0
1999-06-01,100000000.0
1999-06-02,100000000.0
1999-06-03,100000000.0
1999-06-04,100000000.0
1999-06-07,100000000.0
1999-06-08,100000000.0
1999-06-09,100000000.0
1999-06-10,100000000.0
1999-06-11,100000000.0
1999-06-14,100000000.0
1999-06-15,100000000.0
1999-06-16,100000000.0
1999-06-17,100000000.0
1999-06-18,100000000.0
1999-06-21,100000000.0
1999-06-22,100000000.0
1999-06-23,100000000.0
1999-06-24,100000000.0
1999-06-25,100000000.0
1999-06-28,100000000.0
1999-06-29,100000000.0
1999-06-30,100000000.0
1999-07-01,100000000.0
1999-07-02,100000000.0
1999-07-06,100000000.0
1999-07-07,100000000.0
1999-07-08,100000000.0
1999-07-09,100000000.0
1999-07-12,100000000.0
1999-07-13,100000000.0
1999-07-14,100000000.0
1999-07-15,100000000.0
1999-07-16,100000000.0
1999-07-19,100000000.0
1999-07-20,100000000.0
1999-07-21,100000000.0
1999-07-22,100000000.0
1999-07-23,100000000.0
1999-07-26,100000000.0
1999-07-27,100000000.0
1999-07-28,100000000.0
1999-07-29,100000000.0
1999-07-30,100000000.0
1999-08-02,100000000.0
1999-08-03,100000000.0
1999-08-04,100000000.0
1999-08-05,100000000.0
1999-08-06,100000000.0
1999-08-09,100000000.0
1999-08-10,100000000.0
1999-08-11,100000000.0
1999-08-12,100000000.0
1999-08-13,100000000.0
1999-08-16,100000000.0
1999-08-17,100000000.0
1999-08-18,100000000.0
1999-08-19,100000000.0
1999-08-20,100000000.0
1999-08-23,100000000.0
1999-08-24,100000000.0
1999-08-25,100000000.0
1999-08-26,100000000.0
1999-08-27,100000000.0
1999-08-30,100000000.0
1999-08-31,100000000.0
1999-09-01,100000000.0
1999-09-02,100000000.0
1999-09-03,100000000.0
1999-09-07,100000000.0
1999-09-08,100000000.0
1999-09-09,100000000.0
1999-09-10,100000000.0
1999-09-13,100000000.0
1999-09-14,100000000.0
1999-09-15,100000000.0
1999-09-16,100000000.0
1999-09-17,100000000.0
1999-09-20,100000000.0
1999-09-21,100000000.0
1999-09-22,100000000.0
1999-09-23,100000000.0
1999-09-24,100000000.0
1999-09-27,100000000.0
1999-09-28,100000000.0
1999-09-29,100000000.0
1999-09-30,100000000.0
1999-10-01,100000000.0
1999-10-04,100000000.0
1999-10-05,100000000.0
1999-10-06,100000000.0
1999-10-07,100000000.0
1999-10-08,100000000.0
1999-10-11,100000000.0
1999-10-12,100000000.0
1999-10-13,100000000.0
1999-10-14,100000000.0
1999-10-15,100000000.0
1999-10-18,100000000.0
1999-10-19,100000000.0
1999-10-20,100000000.0
1999-10-21,100000000.0
1999-10-22,100000000.0
1999-10-25,100000000.0
1999-10-26,100000000.0
1999-10-27,100000000.0
1999-10-28,100000000.0
1999-10-29,100000000.0
1999-11-01,100000000.0
1999-11-02,100000000.0
1999-11-03,100000000.0
1999-11-04,100000000.0
1999-11-05,100000000.0
1999-11-08,100000000.0
1999-11-09,100000000.0
1999-11-10,100000000.0
1999-11-11,100000000.0
1999-11-12,100000000.0
1999-11-15,100000000.0
1999-11-16,100000000.0
1999-11-17,100000000.0
1999-11-18,100000000.0
1999-11-19,100000000.0
1999-11-22,100000000.0
1999-11-23,100000000.0
1999-11-24,100000000.0
1999-11-26,100000000.0
1999-11-29,100000000.0
1999-11-30,100000000.0
1999-12-01,100000000.0
1999-12-02,100000000.0
1999-12-03,100000000.0
1999-12-06,100000000.0
1999-12-07,100000000.0
1999-12-08,100000000.0
1999-12-09,100000000.0
1999-12-10,100000000.0
1999-12-13,100000000.0
1999-12-14,100000000.0
1999-12-15,100000000.0
1999-12-16,100000000.0
1999-12-17,100000000.0
1999-12-20,100000000.0
1999-12-21,100000000.0
1999-12-22,100000000.0
1999-12-23,100000000.0
1999-12-27,100000000.0
1999-12-28,100000000.0
1999-12-29,100000000.0
1999-12-30,100000000.0
1999-12-31,100000000.0
2000-01-03,100000000.0
2000-01-04,100000000.0
2000-01-05,100000000.0
2000-01-06,100000000.0
2000-01-07,100000000.0
2000-01-10,100000000.0
2000-01-11,100000000.0
2000-01-12,100000000.0
2000-01-13,100000000.0
2000-01-14,100000000.0
2000-01-18,100000000.0
2000-01-19,100000000.0
2000-01-20,100000000.0
2000-01-21,100000000.0
2000-01-24,100000000.0
2000-01-25,100000000.0
2000-01-26,100000000.0
2000-01-27,100000000.0
2000-01-28,100000000.0
2000-01-31,100000000.0
2000-02-01,100000000.0
2000-02-02,100000000.0
2000-02-03,100000000.0
2000-02-04,100000000.0
2000-02-07,100000000.0
2000-02-08,100000000.0
2000-02-09,100000000.0
2000-02-10,100000000.0
2000-02-11,100000000.0
2000-02-14,100000000.0
2000-02-15,100000000.0
2000-02-16,100000000.0
2000-02-17,100000000.0
2000-02-18,100000000.0
2000-02-22,100000000.0
2000-02-23,100000000.0
2000-02-24,100000000.0
2000-02-25,100000000.0
2000-02-28,100000000.0
2000-02-29,100000000.0
2000-03-01,100000000.0
2000-03-02,100000000.0
2000-03-03,100000000.0
2000-03-06,100000000.0
2000-03-07,100000000.0
2000-03-08,100000000.0
2000-03-09,100000000.0
2000-03-10,100000000.0
2000-03-13,100000000.0
2000-03-14,100000000.0
2000-03-15,100000000.0
2000-03-16,100000000.0
2000-03-17,100000000.0
2000-03-20,100000000.0
2000-03-21,100000000.0
2000-03-22,100000000.0
2000-03-23,100000000.0
2000-03-24,100000000.0
2000-03-27,100000000.0
2000-03-28,100000000.0
2000-03-29,100000000.0
2000-03-30,100000000.0
2000-03-31,100000000.0
2000-04-03,100000000.0
2000-04-04,100000000.0
2000-04-05,100000000.0
2000-04-06,100000000.0
2000-04-07,100000000.0
2000-04-10,100000000.0
2000-04-11,100000000.0
2000-04-12,100000000.0
2000-04-13,100000000.0
2000-04-14,100000000.0
2000-04-17,100000000.0
2000-04-18,100000000.0
2000-04-19,100000000.0
2000-04-20,100000000.0
2000-04-24,100000000.0
2000-04-25,100000000.0
2000-04-26,100000000.0
2000-04-27,100000000.0
2000-04-28,100000000.0
2000-05-01,100000000.0
2000-05-02,100000000.0
2000-05-03,100000000.0
2000-05-04,100000000.0
2000-05-05,100000000.0
2000-05-08,100000000.0
2000-05-09,100000000.0
2000-05-10,100000000.0
2000-05-11,100000000.0
2000-05-12,100000000.0
2000-05-15,100000000.0
2000-05-16,100000000.0
2000-05-17,100000000.0
2000-05-18,100000000.0
2000-05-19,100000000.0
2000-05-22,100000000.0
2000-05-23,100000000.0
2000-05-24,100000000.0
2000-05-25,100000000.0
2000-05-26,100000000.0
2000-05-30,100000000.0
2000-05-31,100000000.0
2000-06-01,100000000.0
2000-06-02,100000000.0
2000-06-05,100000000.0
2000-06-06,100000000.0
2000-06-07,100000000.0
2000-06-08,100000000.0
2000-06-09,100000000.0
2000-06-12,100000000.0
2000-06-13,100000000.0
2000-06-14,100000000.0
2000-06-15,100000000.0
2000-06-16,100000000.0
2000-06-19,100000000.0
2000-06-20,100000000.0
2000-06-21,100000000.0
2000-06-22,100000000.0
2000-06-23,100000000.0
2000-06-26,100000000.0
2000-06-27,100000000.0
2000-06-28,100000000.0
2000-06-29,100000000.0
2000-06-30,100000000.0
2000-07-03,100000000.0
2000-07-05,100000000.0
2000-07-06,100000000.0
2000-07-07,100000000.0
2000-07-10,100000000.0
2000-07-11,100000000.0
2000-07-12,100000000.0
2000-07-13,100000000.0
2000-07-14,100000000.0
2000-07-17,100000000.0
2000-07-18,100000000.0
2000-07-19,100000000.0
2000-07-20,100000000.0
2000-07-21,100000000.0
2000-07-24,100000000.0
2000-07-25,100000000.0
2000-07-26,100000000.0
2000-07-27,100000000.0
2000-07-28,100000000.0
2000-07-31,100000000.0
2000-08-01,100000000.0
2000-08-02,100000000.0
2000-08-03,100000000.0
2000-08-04,100000000.0
2000-08-07,100000000.0
2000-08-08,100000000.0
2000-08-09,100000000.0
2000-08-10,100000000.0
2000-08-11,100000000.0
2000-08-14,100000000.0
2000-08-15,100000000.0
2000-08-16,100000000.0
2000-08-17,100000000.0
2000-08-18,100000000.0
2000-08-21,100000000.0
2000-08-22,100000000.0
2000-08-23,100000000.0
2000-08-24,100000000.0
2000-08-25,100000000.0
2000-08-28,100000000.0
2000-08-29,100000000.0
2000-08-30,100000000.0
2000-08-31,100000000.0
2000-09-01,100000000.0
2000-09-05,100000000.0
2000-09-06,100000000.0
2000-09-07,100000000.0
2000-09-08,100000000.0
2000-09-11,100000000.0
2000-09-12,100000000.0
2000-09-13,100000000.0
2000-09-14,100000000.0
2000-09-15,100000000.0
2000-09-18,100000000.0
2000-09-19,100000000.0
2000-09-20,100000000.0
2000-09-21,100000000.0
2000-09-22,100000000.0
2000-09-25,100000000.0
2000-09-26,100000000.0
2000-09-27,100000000.0
2000-09-28,100000000.0
2000-09-29,100000000.0
2000-10-02,100000000.0
2000-10-03,100000000.0
2000-10-04,100000000.0
2000-10-05,100000000.0
2000-10-06,100000000.0
2000-10-09,100000000.0
2000-10-10,100000000.0
2000-10-11,100000000.0
2000-10-12,100000000.0
2000-10-13,100000000.0
2000-10-16,100000000.0
2000-10-17,100000000.0
2000-10-18,100000000.0
2000-10-19,100000000.0
2000-10-20,100000000.0
2000-10-23,100000000.0
2000-10-24,100000000.0
2000-10-25,100000000.0
2000-10-26,100000000.0
2000-10-27,100000000.0
2000-10-30,100000000.0
2000-10-31,100000000.0
2000-11-01,100000000.0
2000-11-02,100000000.0
2000-11-03,100000000.0
2000-11-06,100000000.0
2000-11-07,100000000.0
2000-11-08,100000000.0
2000-11-09,100000000.0
2000-11-10,100000000.0
2000-11-13,100000000.0
2000-11-14,100000000.0
2000-11-15,100000000.0
2000-11-16,100000000.0
2000-11-17,100000000.0
2000-11-20,100000000.0
2000-11-21,100000000.0
2000-11-22,100000000.0
2000-11-24,100000000.0
2000-11-27,100000000.0
2000-11-28,100000000.0
2000-11-29,100000000.0
2000-11-30,100000000.0
2000-12-01,100000000.0
2000-12-04,100000000.0
2000-12-05,100000000.0
2000-12-06,100000000.0
2000-12-07,100000000.0
2000-12-08,100000000.0
2000-12-11,100000000.0
2000-12-12,100000000.0
2000-12-13,100000000.0
2000-12-14,100000000.0
2000-12-15,100000000.0
2000-12-18,100000000.0
2000-12-19,100000000.0
2000-12-20,100000000.0
2000-12-21,100000000.0
2000-12-22,100000000.0
2000-12-26,100000000.0
2000-12-27,100000000.0
2000-12-28,100000000.0
2000-12-29,100000000.0
2001-01-02,100000000.0
2001-01-03,100000000.0
2001-01-04,100000000.0
2001-01-05,100000000.0
2001-01-08,100000000.0
2001-01-09,100000000.0
2001-01-10,100000000.0
2001-01-11,100000000.0
2001-01-12,100000000.0
2001-01-16,100000000.0
2001-01-17,100000000.0
2001-01-18,100000000.0
2001-01-19,100000000.0
2001-01-22,100000000.0
2001-01-23,100000000.0
2001-01-24,100000000.0
2001-01-25,100000000.0
2001-01-26,100000000.0
2001-01-29,100000000.0
2001-01-30,100000000.0
2001-01-31,100000000.0
2001-02-01,100000000.0
2001-02-02,100000000.0
2001-02-05,100000000.0
2001-02-06,100000000.0
2001-02-07,100000000.0
2001-02-08,100000000.0
2001-02-09,100000000.0
2001-02-12,100000000.0
2001-02-13,100000000.0
2001-02-14,100000000.0
2001-02-15,100000000.0
2001-02-16,100000000.0
2001-02-20,100000000.0
2001-02-21,100000000.0
2001-02-22,100000000.0
2001-02-23,100000000.0
2001-02-26,100000000.0
2001-02-27,100000000.0
2001-02-28,100000000.0
2001-03-01,100000000.0
2001-03-02,100000000.0
2001-03-05,100000000.0
2001-03-06,100000000.0
2001-03-07,100000000.0
2001-03-08,100000000.0
2001-03-09,100000000.0
2001-03-12,100000000.0
2001-03-13,100000000.0
2001-03-14,100000000.0
2001-03-15,100000000.0
2001-03-16,100000000.0
2001-03-19,100000000.0
2001-03-20,100000000.0
2001-03-21,100000000.0
2001-03-22,100000000.0
2001-03-23,100000000.0
2001-03-26,100000000.0
2001-03-27,100000000.0
2001-03-28,100000000.0
2001-03-29,100000000.0
2001-03-30,100000000.0
2001-04-02,100000000.0
2001-04-03,100000000.0
2001-04-04,100000000.0
2001-04-05,100000000.0
2001-04-06,100000000.0
2001-04-09,100000000.0
2001-04-10,100000000.0
2001-04-11,100000000.0
2001-04-12,100000000.0
2001-04-16,100000000.0
2001-04-17,100000000.0
2001-04-18,100000000.0
2001-04-19,100000000.0
2001-04-20,100000000.0
2001-04-23,100000000.0
2001-04-24,100000000.0
2001-04-25,100000000.0
2001-04-26,100000000.0
2001-04-27,100000000.0
2001-04-30,100000000.0
2001-05-01,100000000.0
2001-05-02,100000000.0
2001-05-03,100000000.0
2001-05-04,100000000.0
2001-05-07,100000000.0
2001-05-08,100000000.0
2001-05-09,100000000.0
2001-05-10,100000000.0
2001-05-11,100000000.0
2001-05-14,100000000.0
2001-05-15,100000000.0
2001-05-16,100000000.0
2001-05-17,100000000.0
2001-05-18,100000000.0
2001-05-21,100000000.0
2001-05-22,100000000.0
2001-05-23,100000000.0
2001-05-24,100000000.0
2001-05-25,100000000.0
2001-05-29,100000000.0
2001-05-30,100000000.0
2001-05-31,100000000.0
2001-06-01,100000000.0
2001-06-04,100000000.0
2001-06-05,100000000.0
2001-06-06,100000000.0
2001-06-07,100000000.0
2001-06-08,100000000.0
2001-06-11,100000000.0
2001-06-12,100000000.0
2001-06-13,100000000.0
2001-06-14,100000000.0
2001-06-15,100000000.0
2001-06-18,100000000.0
2001-06-19,100000000.0
2001-06-20,100000000.0
2001-06-21,100000000.0
2001-06-22,100000000.0
2001-06-25,100000000.0
2001-06-26,100000000.0
2001-06-27,100000000.0
2001-06-28,100000000.0
2001-06-29,100000000.0
2001-07-02,100000000.0
2001-07-03,100000000.0
2001-07-05,100000000.0
2001-07-06,100000000.0
2001-07-09,100000000.0
2001-07-10,100000000.0
2001-07-11,100000000.0
2001-07-12,100000000.0
2001-07-13,100000000.0
2001-07-16,100000000.0
2001-07-17,100000000.0
2001-07-18,100000000.0
2001-07-19,100000000.0
2001-07-20,100000000.0
2001-07-23,100000000.0
2001-07-24,100000000.0
2001-07-25,100000000.0
2001-07-26,100000000.0
2001-07-27,100000000.0
2001-07-30,100000000.0
2001-07-31,100000000.0
2001-08-01,100000000.0
2001-08-02,100000000.0
2001-08-03,100000000.0
2001-08-06,100000000.0
2001-08-07,100000000.0
2001-08-08,100000000.0
2001-08-09,100000000.0
2001-08-10,100000000.0
2001-08-13,100000000.0
2001-08-14,100000000.0
2001-08-15,100000000.0
2001-08-16,100000000.0
2001-08-17,100000000.0
2001-08-20,100000000.0
2001-08-21,100000000.0
2001-08-22,100000000.0
2001-08-23,100000000.0
2001-08-24,100000000.0
2001-08-27,100000000.0
2001-08-28,100000000.0
2001-08-29,100000000.0
2001-08-30,100000000.0
2001-08-31,100000000.0
2001-09-04,100000000.0
2001-09-05,100000000.0
2001-09-06,100000000.0
2001-09-07,100000000.0
2001-09-10,100000000.0
2001-09-17,100000000.0
2001-09-18,100000000.0
2001-09-19,100000000.0
2001-09-20,100000000.0
2001-09-21,100000000.0
2001-09-24,100000000.0
2001-09-25,100000000.0
2001-09-26,100000000.0
2001-09-27,100000000.0
2001-09-28,100000000.0
2001-10-01,100000000.0
2001-10-02,100000000.0
2001-10-03,100000000.0
2001-10-04,100000000.0
2001-10-05,100000000.0
2001-10-08,100000000.0
2001-10-09,100000000.0
2001-10-10,100000000.0
2001-10-11,100000000.0
2001-10-12,100000000.0
2001-10-15,100000000.0
2001-10-16,100000000.0
2001-10-17,100000000.0
2001-10-18,100000000.0
2001-10-19,100000000.0
2001-10-22,100000000.0
2001-10-23,100000000.0
2001-10-24,100000000.0
2001-10-25,100000000.0
2001-10-26,100000000.0
2001-10-29,100000000.0
2001-10-30,100000000.0
2001-10-31,100000000.0
2001-11-01,100000000.0
2001-11-02,100000000.0
2001-11-05,100000000.0
2001-11-06,100000000.0
2001-11-07,100000000.0
2001-11-08,100000000.0
2001-11-09,100000000.0
2001-11-12,100000000.0
2001-11-13,100000000.0
2001-11-14,100000000.0
2001-11-15,100000000.0
2001-11-16,100000000.0
2001-11-19,100000000.0
2001-11-20,100000000.0
2001-11-21,100000000.0
2001-11-23,100000000.0
2001-11-26,100000000.0
2001-11-27,100000000.0
2001-11-28,100000000.0
2001-11-29,100000000.0
2001-11-30,100000000.0
2001-12-03,100000000.0
2001-12-04,100000000.0
2001-12-05,100000000.0
2001-12-06,100000000.0
2001-12-07,100000000.0
2001-12-10,100000000.0
2001-12-11,100000000.0
2001-12-12,100000000.0
2001-12-13,100000000.0
2001-12-14,100000000.0
2001-12-17,100000000.0
2001-12-18,100000000.0
2001-12-19,100000000.0
2001-12-20,100000000.0
2001-12-21,100000000.0
2001-12-24,100000000.0
2001-12-26,100000000.0
2001-12-27,100000000.0
2001-12-28,100000000.0
2001-12-31,100000000.0
2002-01-02,100000000.0
2002-01-03,100000000.0
2002-01-04,100000000.0
2002-01-07,100000000.0
2002-01-08,100000000.0
2002-01-09,100000000.0
2002-01-10,100000000.0
2002-01-11,100000000.0
2002-01-14,100000000.0
2002-01-15,100000000.0
2002-01-16,100000000.0
2002-01-17,100000000.0
2002-01-18,100000000.0
2002-01-22,100000000.0
2002-01-23,100000000.0
2002-01-24,100000000.0
2002-01-25,100000000.0
2002-01-28,100000000.0
2002-01-29,100000000.0
2002-01-30,100000000.0
2002-01-31,100000000.0
2002-02-01,100000000.0
2002-02-04,100000000.0
2002-02-05,100000000.0
2002-02-06,100000000.0
2002-02-07,100000000.0
2002-02-08,100000000.0
2002-02-11,100000000.0
2002-02-12,100000000.0
2002-02-13,100000000.0
2002-02-14,100000000.0
2002-02-15,100000000.0
2002-02-19,100000000.0
2002-02-20,100000000.0
2002-02-21,100000000.0
2002-02-22,100000000.0
2002-02-25,100000000.0
2002-02-26,100000000.0
2002-02-27,100000000.0
2002-02-28,100000000.0
2002-03-01,100000000.0
2002-03-04,100000000.0
2002-03-05,100000000.0
2002-03-06,100000000.0
2002-03-07,100000000.0
2002-03-08,100000000.0
2002-03-11,100000000.0
2002-03-12,100000000.0
2002-03-13,100000000.0
2002-03-14,100000000.0
2002-03-15,100000000.0
2002-03-18,100000000.0
2002-03-19,100000000.0
2002-03-20,100000000.0
2002-03-21,100000000.0
2002-03-22,100000000.0
2002-03-25,100000000.0
2002-03-26,100000000.0
2002-03-27,100000000.0
2002-03-28,100000000.0
2002-04-01,100000000.0
2002-04-02,100000000.0
2002-04-03,100000000.0
2002-04-04,100000000.0
2002-04-05,100000000.0
2002-04-08,100000000.0
2002-04-09,100000000.0
2002-04-10,100000000.0
2002-04-11,100000000.0
2002-04-12,100000000.0
2002-04-15,100000000.0
2002-04-16,100000000.0
2002-04-17,100000000.0
2002-04-18,100000000.0
2002-04-19,100000000.0
2002-04-22,100000000.0
2002-04-23,100000000.0
2002-04-24,100000000.0
2002-04-25,100000000.0
2002-04-26,100000000.0
2002-04-29,100000000.0
2002-04-30,100000000.0
2002-05-01,100000000.0
2002-05-02,100000000.0
2002-05-03,100000000.0
2002-05-06,100000000.0
2002-05-07,100000000.0
2002-05-08,100000000.0
2002-05-09,100000000.0
2002-05-10,100000000.0
2002-05-13,100000000.0
2002-05-14,100000000.0
2002-05-15,100000000.0
2002-05-16,100000000.0
2002-05-17,100000000.0
2002-05-20,100000000.0
2002-05-21,100000000.0
2002-05-22,100000000.0
2002-05-23,100000000.0
2002-05-24,100000000.0
2002-05-28,100000000.0
2002-05-29,100000000.0
2002-05-30,100000000.0
2002-05-31,100000000.0
2002-06-03,100000000.0
2002-06-04,100000000.0
2002-06-05,100000000.0
2002-06-06,100000000.0
2002-06-07,100000000.0
2002-06-10,100000000.0
2002-06-11,100000000.0
2002-06-12,100000000.0
2002-06-13,100000000.0
2002-06-14,100000000.0
2002-06-17,100000000.0
2002-06-18,100000000.0
2002-06-19,100000000.0
2002-06-20,100000000.0
2002-06-21,100000000.0
2002-06-24,100000000.0
2002-06-25,100000000.0
2002-06-26,100000000.0
2002-06-27,100000000.0
2002-06-28,100000000.0
2002-07-01,100000000.0
2002-07-02,100000000.0
2002-07-03,100000000.0
2002-07-05,100000000.0
2002-07-08,100000000.0
2002-07-09,100000000.0
2002-07-10,100000000.0
2002-07-11,100000000.0
2002-07-12,100000000.0
2002-07-15,100000000.0
2002-07-16,100000000.0
2002-07-17,100000000.0
2002-07-18,100000000.0
2002-07-19,100000000.0
2002-07-22,100000000.0
2002-07-23,100000000.0
2002-07-24,100000000.0
2002-07-25,100000000.0
2002-07-26,100000000.0
2002-07-29,100000000.0
2002-07-30,100000000.0
2002-07-31,100000000.0
2002-08-01,100000000.0
2002-08-02,100000000.0
2002-08-05,100000000.0
2002-08-06,100000000.0
2002-08-07,100000000.0
2002-08-08,100000000.0
2002-08-09,100000000.0
2002-08-12,100000000.0
2002-08-13,100000000.0
2002-08-14,100000000.0
2002-08-15,100000000.0
2002-08-16,100000000.0
2002-08-19,100000000.0
2002-08-20,100000000.0
2002-08-21,100000000.0
2002-08-22,100000000.0
2002-08-23,100000000.0
2002-08-26,100000000.0
2002-08-27,100000000.0
2002-08-28,100000000.0
2002-08-29,100000000.0
2002-08-30,100000000.0
2002-09-03,100000000.0
2002-09-04,100000000.0
2002-09-05,100000000.0
2002-09-06,100000000.0
2002-09-09,100000000.0
2002-09-10,100000000.0
2002-09-11,100000000.0
2002-09-12,100000000.0
2002-09-13,100000000.0
2002-09-16,100000000.0
2002-09-17,100000000.0
2002-09-18,100000000.0
2002-09-19,100000000.0
2002-09-20,100000000.0
2002-09-23,100000000.0
2002-09-24,100000000.0
2002-09-25,100000000.0
2002-09-26,100000000.0
2002-09-27,100000000.0
2002-09-30,100000000.0
2002-10-01,100000000.0
2002-10-02,100000000.0
2002-10-03,100000000.0
2002-10-04,100000000.0
2002-10-07,100000000.0
2002-10-08,100000000.0
2002-10-09,100000000.0
2002-10-10,100000000.0
2002-10-11,100000000.0
2002-10-14,100000000.0
2002-10-15,100000000.0
2002-10-16,100000000.0
2002-10-17,100000000.0
2002-10-18,100000000.0
2002-10-21,100000000.0
2002-10-22,100000000.0
2002-10-23,100000000.0
2002-10-24,100000000.0
2002-10-25,100000000.0
2002-10-28,100000000.0
2002-10-29,100000000.0
2002-10-30,100000000.0
2002-10-31,100000000.0
2002-11-01,100000000.0
2002-11-04,100000000.0
2002-11-05,100000000.0
2002-11-06,100000000.0
2002-11-07,100000000.0
2002-11-08,100000000.0
2002-11-11,100000000.0
2002-11-12,100000000.0
2002-11-13,100000000.0
2002-11-14,100000000.0
2002-11-15,100000000.0
2002-11-18,100000000.0
2002-11-19,100000000.0
2002-11-20,100000000.0
2002-11-21,100000000.0
2002-11-22,100000000.0
2002-11-25,100000000.0
2002-11-26,100000000.0
2002-11-27,100000000.0
2002-11-29,100000000.0
2002-12-02,100000000.0
2002-12-03,100000000.0
2002-12-04,100000000.0
2002-12-05,100000000.0
2002-12-06,100000000.0
2002-12-09,100000000.0
2002-12-10,100000000.0
2002-12-11,100000000.0
2002-12-12,100000000.0
2002-12-13,100000000.0
2002-12-16,100000000.0
2002-12-17,100000000.0
2002-12-18,100000000.0
2002-12-19,100000000.0
2002-12-20,100000000.0
2002-12-23,100000000.0
2002-12-24,100000000.0
2002-12-26,100000000.0
2002-12-27,100000000.0
2002-12-30,100000000.0
2002-12-31,100000000.0
2003-01-02,100000000.0
2003-01-03,100000000.0
2003-01-06,100000000.0
2003-01-07,100000000.0
2003-01-08,100000000.0
2003-01-09,100000000.0
2003-01-10,100000000.0
2003-01-13,100000000.0
2003-01-14,100000000.0
2003-01-15,100000000.0
2003-01-16,100000000.0
2003-01-17,100000000.0
2003-01-21,100000000.0
2003-01-22,100000000.0
2003-01-23,100000000.0
2003-01-24,100000000.0
2003-01-27,100000000.0
2003-01-28,100000000.0
2003-01-29,100000000.0
2003-01-30,100000000.0
2003-01-31,100000000.0
2003-02-03,100000000.0
2003-02-04,100000000.0
2003-02-05,100000000.0
2003-02-06,100000000.0
2003-02-07,100000000.0
2003-02-10,100000000.0
2003-02-11,100000000.0
2003-02-12,100000000.0
2003-02-13,100000000.0
2003-02-14,100000000.0
2003-02-18,100000000.0
2003-02-19,100000000.0
2003-02-20,100000000.0
2003-02-21,100000000.0
2003-02-24,100000000.0
2003-02-25,100000000.0
2003-02-26,100000000.0
2003-02-27,100000000.0
2003-02-28,100000000.0
2003-03-03,100000000.0
2003-03-04,100000000.0
2003-03-05,100000000.0
2003-03-06,100000000.0
2003-03-07,100000000.0
2003-03-10,100000000.0
2003-03-11,100000000.0
2003-03-12,100000000.0
2003-03-13,100000000.0
2003-03-14,100000000.0
2003-03-17,100000000.0
2003-03-18,100000000.0
2003-03-19,100000000.0
2003-03-20,100000000.0
2003-03-21,100000000.0
2003-03-24,100000000.0
2003-03-25,100000000.0
2003-03-26,100000000.0
2003-03-27,100000000.0
2003-03-28,100000000.0
2003-03-31,100000000.0
2003-04-01,100000000.0
2003-04-02,100000000.0
2003-04-03,100000000.0
2003-04-04,100000000.0
2003-04-07,100000000.0
2003-04-08,100000000.0
2003-04-09,100000000.0
2003-04-10,100000000.0
2003-04-11,100000000.0
2003-04-14,100000000.0
2003-04-15,100000000.0
2003-04-16,100000000.0
2003-04-17,100000000.0
2003-04-21,100000000.0
2003-04-22,100000000.0
2003-04-23,100000000.0
2003-04-24,100000000.0
2003-04-25,100000000.0
2003-04-28,100000000.0
2003-04-29,100000000.0
2003-04-30,100000000.0
2003-05-01,100000000.0
2003-05-02,100000000.0
2003-05-05,100000000.0
2003-05-06,100000000.0
2003-05-07,100000000.0
2003-05-08,100000000.0
2003-05-09,100000000.0
2003-05-12,100000000.0
2003-05-13,100000000.0
2003-05-14,100000000.0
2003-05-15,100000000.0
2003-05-16,100000000.0
2003-05-19,100000000.0
2003-05-20,100000000.0
2003-05-21,100000000.0
2003-05-22,100000000.0
2003-05-23,100000000.0
2003-05-27,100000000.0
2003-05-28,100000000.0
2003-05-29,100000000.0
2003-05-30,100000000.0
2003-06-02,100000000.0
2003-06-03,100000000.0
2003-06-04,100000000.0
2003-06-05,100000000.0
2003-06-06,100000000.0
2003-06-09,100000000.0
2003-06-10,100000000.0
2003-06-11,100000000.0
2003-06-12,100000000.0
2003-06-13,100000000.0
2003-06-16,100000000.0
2003-06-17,100000000.0
2003-06-18,100000000.0
2003-06-19,100000000.0
2003-06-20,100000000.0
2003-06-23,100000000.0
2003-06-24,100000000.0
2003-06-25,100000000.0
2003-06-26,100000000.0
2003-06-27,100000000.0
2003-06-30,100000000.0
2003-07-01,100000000.0
2003-07-02,100000000.0
2003-07-03,100000000.0
2003-07-07,100000000.0
2003-07-08,100000000.0
2003-07-09,100000000.0
2003-07-10,100000000.0
2003-07-11,100000000.0
2003-07-14,100000000.0
2003-07-15,100000000.0
2003-07-16,100000000.0
2003-07-17,100000000.0
2003-07-18,100000000.0
2003-07-21,100000000.0
2003-07-22,100000000.0
2003-07-23,100000000.0
2003-07-24,100000000.0
2003-07-25,100000000.0
2003-07-28,100000000.0
2003-07-29,100000000.0
2003-07-30,100000000.0
2003-07-31,100000000.0
2003-08-01,100000000.0
2003-08-04,100000000.0
2003-08-05,100000000.0
2003-08-06,100000000.0
2003-08-07,100000000.0
2003-08-08,100000000.0
2003-08-11,100000000.0
2003-08-12,100000000.0
2003-08-13,100000000.0
2003-08-14,100000000.0
2003-08-15,100000000.0
2003-08-18,100000000.0
2003-08-19,100000000.0
2003-08-20,100000000.0
2003-08-21,100000000.0
2003-08-22,100000000.0
2003-08-25,100000000.0
2003-08-26,100000000.0
2003-08-27,100000000.0
2003-08-28,100000000.0
2003-08-29,100000000.0
2003-09-02,100000000.0
2003-09-03,100000000.0
2003-09-04,100000000.0
2003-09-05,100000000.0
2003-09-08,100000000.0
2003-09-09,100000000.0
2003-09-10,100000000.0
2003-09-11,100000000.0
2003-09-12,100000000.0
2003-09-15,100000000.0
2003-09-16,100000000.0
2003-09-17,100000000.0
2003-09-18,100000000.0
2003-09-19,100000000.0
2003-09-22,100000000.0
2003-09-23,100000000.0
2003-09-24,100000000.0
2003-09-25,100000000.0
2003-09-26,100000000.0
2003-09-29,100000000.0
2003-09-30,100000000.0
2003-10-01,100000000.0
2003-10-02,100000000.0
2003-10-03,100000000.0
2003-10-06,100000000.0
2003-10-07,100000000.0
2003-10-08,100000000.0
2003-10-09,100000000.0
2003-10-10,100000000.0
2003-10-13,100000000.0
2003-10-14,100000000.0
2003-10-15,100000000.0
2003-10-16,100000000.0
2003-10-17,100000000.0
2003-10-20,100000000.0
2003-10-21,100000000.0
2003-10-22,100000000.0
2003-10-23,100000000.0
2003-10-24,100000000.0
2003-10-27,100000000.0
2003-10-28,100000000.0
2003-10-29,100000000.0
2003-10-30,100000000.0
2003-10-31,100000000.0
2003-11-03,100000000.0
2003-11-04,100000000.0
2003-11-05,100000000.0
2003-11-06,100000000.0
2003-11-07,100000000.0
2003-11-10,100000000.0
2003-11-11,100000000.0
2003-11-12,100000000.0
2003-11-13,100000000.0
2003-11-14,100000000.0
2003-11-17,100000000.0
2003-11-18,100000000.0
2003-11-19,100000000.0
2003-11-20,100000000.0
2003-11-21,100000000.0
2003-11-24,100000000.0
2003-11-25,100000000.0
2003-11-26,100000000.0
2003-11-28,100000000.0
2003-12-01,100000000.0
2003-12-02,100000000.0
2003-12-03,100000000.0
2003-12-04,100000000.0
2003-12-05,100000000.0
2003-12-08,100000000.0
2003-12-09,100000000.0
2003-12-10,100000000.0
2003-12-11,100000000.0
2003-12-12,100000000.0
2003-12-15,100000000.0
2003-12-16,100000000.0
2003-12-17,100000000.0
2003-12-18,100000000.0
2003-12-19,100000000.0
2003-12-22,100000000.0
2003-12-23,100000000.0
2003-12-24,100000000.0
2003-12-26,100000000.0
2003-12-29,100000000.0
2003-12-30,100000000.0
2003-12-31,100000000.0
2004-01-02,100000000.0
2004-01-05,100000000.0
2004-01-06,100000000.0
2004-01-07,100000000.0
2004-01-08,100000000.0
2004-01-09,100000000.0
2004-01-12,100000000.0
2004-01-13,100000000.0
2004-01-14,100000000.0
2004-01-15,100000000.0
2004-01-16,100000000.0
2004-01-20,100000000.0
2004-01-21,100000000.0
2004-01-22,100000000.0
2004-01-23,100000000.0
2004-01-26,100000000.0
2004-01-27,100000000.0
2004-01-28,100000000.0
2004-01-29,100000000.0
2004-01-30,100000000.0
2004-02-02,100000000.0
2004-02-03,100000000.0
2004-02-04,100000000.0
2004-02-05,100000000.0
2004-02-06,100000000.0
2004-02-09,100000000.0
2004-02-10,100000000.0
2004-02-11,100000000.0
2004-02-12,100000000.0
2004-02-13,100000000.0
2004-02-17,100000000.0
2004-02-18,100000000.0
2004-02-19,100000000.0
2004-02-20,100000000.0
2004-02-23,100000000.0
2004-02-24,100000000.0
2004-02-25,100000000.0
2004-02-26,100000000.0
2004-02-27,100000000.0
2004-03-01,100000000.0
2004-03-02,100000000.0
2004-03-03,100000000.0
2004-03-04,100000000.0
2004-03-05,100000000.0
2004-03-08,100000000.0
2004-03-09,100000000.0
2004-03-10,100000000.0
2004-03-11,100000000.0
2004-03-12,100000000.0
2004-03-15,100000000.0
2004-03-16,100000000.0
2004-03-17,100000000.0
2004-03-18,100000000.0
2004-03-19,100000000.0
2004-03-22,100000000.0
2004-03-23,100000000.0
2004-03-24,100000000.0
2004-03-25,100000000.0
2004-03-26,100000000.0
2004-03-29,100000000.0
2004-03-30,100000000.0
2004-03-31,100000000.0
2004-04-01,100000000.0
2004-04-02,100000000.0
2004-04-05,100000000.0
2004-04-06,100000000.0
2004-04-07,100000000.0
2004-04-08,100000000.0
2004-04-12,100000000.0
2004-04-13,100000000.0
2004-04-14,100000000.0
2004-04-15,100000000.0
2004-04-16,100000000.0
2004-04-19,100000000.0
2004-04-20,100000000.0
2004-04-21,100000000.0
2004-04-22,100000000.0
2004-04-23,100000000.0
2004-04-26,100000000.0
2004-04-27,100000000.0
2004-04-28,100000000.0
2004-04-29,100000000.0
2004-04-30,100000000.0
2004-05-03,100000000.0
2004-05-04,100000000.0
2004-05-05,100000000.0
2004-05-06,100000000.0
2004-05-07,100000000.0
2004-05-10,100000000.0
2004-05-11,100000000.0
2004-05-12,100000000.0
2004-05-13,100000000.0
2004-05-14,100000000.0
2004-05-17,100000000.0
2004-05-18,100000000.0
2004-05-19,100000000.0
2004-05-20,100000000.0
2004-05-21,100000000.0
2004-05-24,100000000.0
2004-05-25,100000000.0
2004-05-26,100000000.0
2004-05-27,100000000.0
2004-05-28,100000000.0
2004-06-01,100000000.0
2004-06-02,100000000.0
2004-06-03,100000000.0
2004-06-04,100000000.0
2004-06-07,100000000.0
2004-06-08,100000000.0
2004-06-09,100000000.0
2004-06-10,100000000.0
2004-06-14,100000000.0
2004-06-15,100000000.0
2004-06-16,100000000.0
2004-06-17,100000000.0
2004-06-18,100000000.0
2004-06-21,100000000.0
2004-06-22,100000000.0
2004-06-23,100000000.0
2004-06-24,100000000.0
2004-06-25,100000000.0
2004-06-28,100000000.0
2004-06-29,100000000.0
2004-06-30,100000000.0
2004-07-01,100000000.0
2004-07-02,100000000.0
2004-07-06,100000000.0
2004-07-07,100000000.0
2004-07-08,100000000.0
2004-07-09,100000000.0
2004-07-12,100000000.0
2004-07-13,100000000.0
2004-07-14,100000000.0
2004-07-15,100000000.0
2004-07-16,100000000.0
2004-07-19,100000000.0
2004-07-20,100000000.0
2004-07-21,100000000.0
2004-07-22,100000000.0
2004-07-23,100000000.0
2004-07-26,100000000.0
2004-07-27,100000000.0
2004-07-28,100000000.0
2004-07-29,100000000.0
2004-07-30,100000000.0
2004-08-02,100000000.0
2004-08-03,100000000.0
2004-08-04,100000000.0
2004-08-05,100000000.0
2004-08-06,100000000.0
2004-08-09,100000000.0
2004-08-10,100000000.0
2004-08-11,100000000.0
2004-08-12,100000000.0
2004-08-13,100000000.0
2004-08-16,100000000.0
2004-08-17,100000000.0
2004-08-18,100000000.0
2004-08-19,100000000.0
2004-08-20,100000000.0
2004-08-23,100000000.0
2004-08-24,100000000.0
2004-08-25,100000000.0
2004-08-26,100000000.0
2004-08-27,100000000.0
2004-08-30,100000000.0
2004-08-31,100000000.0
2004-09-01,100000000.0
2004-09-02,100000000.0
2004-09-03,100000000.0
2004-09-07,100000000.0
2004-09-08,100000000.0
2004-09-09,100000000.0
2004-09-10,100000000.0
2004-09-13,100000000.0
2004-09-14,100000000.0
2004-09-15,100000000.0
2004-09-16,100000000.0
2004-09-17,100000000.0
2004-09-20,100000000.0
2004-09-21,100000000.0
2004-09-22,100000000.0
2004-09-23,100000000.0
2004-09-24,100000000.0
2004-09-27,100000000.0
2004-09-28,100000000.0
2004-09-29,100000000.0
2004-09-30,100000000.0
2004-10-01,100000000.0
2004-10-04,100000000.0
2004-10-05,100000000.0
2004-10-06,100000000.0
2004-10-07,100000000.0
2004-10-08,100000000.0
2004-10-11,100000000.0
2004-10-12,100000000.0
2004-10-13,100000000.0
2004-10-14,100000000.0
2004-10-15,100000000.0
2004-10-18,100000000.0
2004-10-19,100000000.0
2004-10-20,100000000.0
2004-10-21,100000000.0
2004-10-22,100000000.0
2004-10-25,100000000.0
2004-10-26,100000000.0
2004-10-27,100000000.0
2004-10-28,100000000.0
2004-10-29,100000000.0
2004-11-01,100000000.0
2004-11-02,100000000.0
2004-11-03,100000000.0
2004-11-04,100000000.0
2004-11-05,100000000.0
2004-11-08,100000000.0
2004-11-09,100000000.0
2004-11-10,100000000.0
2004-11-11,100000000.0
2004-11-12,100000000.0
2004-11-15,100000000.0
2004-11-16,100000000.0
2004-11-17,100000000.0
2004-11-18,100000000.0
2004-11-19,100000000.0
2004-11-22,100000000.0
2004-11-23,100000000.0
2004-11-24,100000000.0
2004-11-26,100000000.0
2004-11-29,100000000.0
2004-11-30,100000000.0
2004-12-01,100000000.0
2004-12-02,100000000.0
2004-12-03,100000000.0
2004-12-06,100000000.0
2004-12-07,100000000.0
2004-12-08,100000000.0
2004-12-09,100000000.0
2004-12-10,100000000.0
2004-12-13,100000000.0
2004-12-14,100000000.0
2004-12-15,100000000.0
2004-12-16,100000000.0
2004-12-17,100000000.0
2004-12-20,100000000.0
2004-12-21,100000000.0
2004-12-22,100000000.0
2004-12-23,100000000.0
2004-12-27,100000000.0
2004-12-28,100000000.0
2004-12-29,100000000.0
2004-12-30,100000000.0
2004-12-31,100000000.0
2005-01-03,100000000.0
2005-01-04,100000000.0
2005-01-05,100000000.0
2005-01-06,100000000.0
2005-01-07,100000000.0
2005-01-10,100000000.0
2005-01-11,100000000.0
2005-01-12,100000000.0
2005-01-13,100000000.0
2005-01-14,100000000.0
2005-01-18,100000000.0
2005-01-19,100000000.0
2005-01-20,100000000.0
2005-01-21,100000000.0
2005-01-24,100000000.0
2005-01-25,100000000.0
2005-01-26,100000000.0
2005-01-27,100000000.0
2005-01-28,100000000.0
2005-01-31,100000000.0
2005-02-01,100000000.0
2005-02-02,100000000.0
2005-02-03,100000000.0
2005-02-04,100000000.0
2005-02-07,100000000.0
2005-02-08,100000000.0
2005-02-09,100000000.0
2005-02-10,100000000.0
2005-02-11,100000000.0
2005-02-14,100000000.0
2005-02-15,100000000.0
2005-02-16,100000000.0
2005-02-17,100000000.0
2005-02-18,100000000.0
2005-02-22,100000000.0
2005-02-23,100000000.0
2005-02-24,100000000.0
2005-02-25,100000000.0
2005-02-28,100000000.0
2005-03-01,100000000.0
2005-03-02,100000000.0
2005-03-03,100000000.0
2005-03-04,100000000.0
2005-03-07,100000000.0
2005-03-08,100000000.0
2005-03-09,100000000.0
2005-03-10,100000000.0
2005-03-11,100000000.0
2005-03-14,100000000.0
2005-03-15,100000000.0
2005-03-16,100000000.0
2005-03-17,100000000.0
2005-03-18,100000000.0
2005-03-21,100000000.0
2005-03-22,100000000.0
2005-03-23,100000000.0
2005-03-24,100000000.0
2005-03-28,100000000.0
2005-03-29,100000000.0
2005-03-30,100000000.0
2005-03-31,100000000.0
2005-04-01,100000000.0
2005-04-04,100000000.0
2005-04-05,100000000.0
2005-04-06,100000000.0
2005-04-07,100000000.0
2005-04-08,100000000.0
2005-04-11,100000000.0
2005-04-12,100000000.0
2005-04-13,100000000.0
2005-04-14,100000000.0
2005-04-15,100000000.0
2005-04-18,100000000.0
2005-04-19,100000000.0
2005-04-20,100000000.0
2005-04-21,100000000.0
2005-04-22,100000000.0
2005-04-25,100000000.0
2005-04-26,100000000.0
2005-04-27,100000000.0
2005-04-28,100000000.0
2005-04-29,100000000.0
2005-05-02,100000000.0
2005-05-03,100000000.0
2005-05-04,100000000.0
2005-05-05,100000000.0
2005-05-06,100000000.0
2005-05-09,100000000.0
2005-05-10,100000000.0
2005-05-11,100000000.0
2005-05-12,100000000.0
2005-05-13,100000000.0
2005-05-16,100000000.0
2005-05-17,100000000.0
2005-05-18,100000000.0
2005-05-19,100000000.0
2005-05-20,100000000.0
2005-05-23,100000000.0
2005-05-24,100000000.0
2005-05-25,100000000.0
2005-05-26,100000000.0
2005-05-27,100000000.0
2005-05-31,100000000.0
2005-06-01,100000000.0
2005-06-02,100000000.0
2005-06-03,100000000.0
2005-06-06,100000000.0
2005-06-07,100000000.0
2005-06-08,100000000.0
2005-06-09,100000000.0
2005-06-10,100000000.0
2005-06-13,100000000.0
2005-06-14,100000000.0
2005-06-15,100000000.0
2005-06-16,100000000.0
2005-06-17,100000000.0
2005-06-20,100000000.0
2005-06-21,100000000.0
2005-06-22,100000000.0
2005-06-23,100000000.0
2005-06-24,100000000.0
2005-06-27,100000000.0
2005-06-28,100000000.0
2005-06-29,100000000.0
2005-06-30,100000000.0
2005-07-01,100000000.0
2005-07-05,100000000.0
2005-07-06,100000000.0
2005-07-07,100000000.0
2005-07-08,100000000.0
2005-07-11,100000000.0
2005-07-12,100000000.0
2005-07-13,100000000.0
2005-07-14,100000000.0
2005-07-15,100000000.0
2005-07-18,100000000.0
2005-07-19,100000000.0
2005-07-20,100000000.0
2005-07-21,100000000.0
2005-07-22,100000000.0
2005-07-25,100000000.0
2005-07-26,100000000.0
2005-07-27,100000000.0
2005-07-28,100000000.0
2005-07-29,100000000.0
2005-08-01,100000000.0
2005-08-02,100000000.0
2005-08-03,100000000.0
2005-08-04,100000000.0
2005-08-05,100000000.0
2005-08-08,100000000.0
2005-08-09,100000000.0
2005-08-10,100000000.0
2005-08-11,100000000.0
2005-08-12,100000000.0
2005-08-15,100000000.0
2005-08-16,100000000.0
2005-08-17,100000000.0
2005-08-18,100000000.0
2005-08-19,100000000.0
2005-08-22,100000000.0
2005-08-23,100000000.0
2005-08-24,100000000.0
2005-08-25,100000000.0
2005-08-26,100000000.0
2005-08-29,100000000.0
2005-08-30,100000000.0
2005-08-31,100000000.0
2005-09-01,100000000.0
2005-09-02,100000000.0
2005-09-06,100000000.0
2005-09-07,100000000.0
2005-09-08,100000000.0
2005-09-09,100000000.0
2005-09-12,100000000.0
2005-09-13,100000000.0
2005-09-14,100000000.0
2005-09-15,100000000.0
2005-09-16,100000000.0
2005-09-19,100000000.0
2005-09-20,100000000.0
2005-09-21,100000000.0
2005-09-22,100000000.0
2005-09-23,100000000.0
2005-09-26,100000000.0
2005-09-27,100000000.0
2005-09-28,100000000.0
2005-09-29,100000000.0
2005-09-30,100000000.0
2005-10-03,100000000.0
2005-10-04,100000000.0
2005-10-05,100000000.0
2005-10-06,100000000.0
2005-10-07,100000000.0
2005-10-10,100000000.0
2005-10-11,100000000.0
2005-10-12,100000000.0
2005-10-13,100000000.0
2005-10-14,100000000.0
2005-10-17,100000000.0
2005-10-18,100000000.0
2005-10-19,100000000.0
2005-10-20,100000000.0
2005-10-21,100000000.0
2005-10-24,100000000.0
2005-10-25,100000000.0
2005-10-26,100000000.0
2005-10-27,100000000.0
2005-10-28,100000000.0
2005-10-31,100000000.0
2005-11-01,100000000.0
2005-11-02,100000000.0
2005-11-03,100000000.0
2005-11-04,100000000.0
2005-11-07,100000000.0
2005-11-08,100000000.0
2005-11-09,100000000.0
2005-11-10,100000000.0
2005-11-11,100000000.0
2005-11-14,100000000.0
2005-11-15,100000000.0
2005-11-16,100000000.0
2005-11-17,100000000.0
2005-11-18,100000000.0
2005-11-21,100000000.0
2005-11-22,100000000.0
2005-11-23,100000000.0
2005-11-25,100000000.0
2005-11-28,100000000.0
2005-11-29,100000000.0
2005-11-30,100000000.0
2005-12-01,100000000.0
2005-12-02,100000000.0
2005-12-05,100000000.0
2005-12-06,100000000.0
2005-12-07,100000000.0
2005-12-08,100000000.0
2005-12-09,100000000.0
2005-12-12,100000000.0
2005-12-13,100000000.0
2005-12-14,100000000.0
2005-12-15,100000000.0
2005-12-16,100000000.0
2005-12-19,100000000.0
2005-12-20,100000000.0
2005-12-21,100000000.0
2005-12-22,100000000.0
2005-12-23,100000000.0
2005-12-27,100000000.0
2005-12-28,100000000.0
2005-12-29,100000000.0
2005-12-30,100000000.0
2006-01-03,100000000.0
2006-01-04,100000000.0
2006-01-05,100000000.0
2006-01-06,100000000.0
2006-01-09,100000000.0
2006-01-10,100000000.0
2006-01-11,100000000.0
2006-01-12,100000000.0
2006-01-13,100000000.0
2006-01-17,100000000.0
2006-01-18,100000000.0
2006-01-19,100000000.0
2006-01-20,100000000.0
2006-01-23,100000000.0
2006-01-24,100000000.0
2006-01-25,100000000.0
2006-01-26,100000000.0
2006-01-27,100000000.0
2006-01-30,100000000.0
2006-01-31,100000000.0
2006-02-01,100000000.0
2006-02-02,100000000.0
2006-02-03,100000000.0
2006-02-06,100000000.0
2006-02-07,100000000.0
2006-02-08,100000000.0
2006-02-09,100000000.0
2006-02-10,100000000.0
2006-02-13,100000000.0
2006-02-14,100000000.0
2006-02-15,100000000.0
2006-02-16,100000000.0
2006-02-17,100000000.0
2006-02-21,100000000.0
2006-02-22,100000000.0
2006-02-23,100000000.0
2006-02-24,100000000.0
2006-02-27,100000000.0
2006-02-28,100000000.0
2006-03-01,100000000.0
2006-03-02,100000000.0
2006-03-03,100000000.0
2006-03-06,100000000.0
2006-03-07,100000000.0
2006-03-08,100000000.0
2006-03-09,100000000.0
2006-03-10,100000000.0
2006-03-13,100000000.0
2006-03-14,100000000.0
2006-03-15,100000000.0
2006-03-16,100000000.0
2006-03-17,100000000.0
2006-03-20,100000000.0
2006-03-21,100000000.0
2006-03-22,100000000.0
2006-03-23,100000000.0
2006-03-24,100000000.0
2006-03-27,100000000.0
2006-03-28,100000000.0
2006-03-29,100000000.0
2006-03-30,100000000.0
2006-03-31,100000000.0
2006-04-03,100000000.0
2006-04-04,100000000.0
2006-04-05,100000000.0
2006-04-06,100000000.0
2006-04-07,100000000.0
2006-04-10,100000000.0
2006-04-11,100000000.0
2006-04-12,100000000.0
2006-04-13,100000000.0
2006-04-17,100000000.0
2006-04-18,100000000.0
2006-04-19,100000000.0
2006-04-20,100000000.0
2006-04-21,100000000.0
2006-04-24,100000000.0
2006-04-25,100000000.0
2006-04-26,100000000.0
2006-04-27,100000000.0
2006-04-28,100000000.0
2006-05-01,100000000.0
2006-05-02,100000000.0
2006-05-03,100000000.0
2006-05-04,100000000.0
2006-05-05,100000000.0
2006-05-08,100000000.0
2006-05-09,100000000.0
2006-05-10,100000000.0
2006-05-11,100000000.0
2006-05-12,100000000.0
2006-05-15,100000000.0
2006-05-16,100000000.0
2006-05-17,100000000.0
2006-05-18,100000000.0
2006-05-19,100000000.0
2006-05-22,100000000.0
2006-05-23,100000000.0
2006-05-24,100000000.0
2006-05-25,100000000.0
2006-05-26,100000000.0
2006-05-30,100000000.0
2006-05-31,100000000.0
2006-06-01,100000000.0
2006-06-02,100000000.0
2006-06-05,100000000.0
2006-06-06,100000000.0
2006-06-07,100000000.0
2006-06-08,100000000.0
2006-06-09,100000000.0
2006-06-12,100000000.0
2006-06-13,100000000.0
2006-06-14,100000000.0
2006-06-15,100000000.0
2006-06-16,100000000.0
2006-06-19,100000000.0
2006-06-20,100000000.0
2006-06-21,100000000.0
2006-06-22,100000000.0
2006-06-23,100000000.0
2006-06-26,100000000.0
2006-06-27,100000000.0
2006-06-28,100000000.0
2006-06-29,100000000.0
2006-06-30,100000000.0
2006-07-03,100000000.0
2006-07-05,100000000.0
2006-07-06,100000000.0
2006-07-07,100000000.0
2006-07-10,100000000.0
2006-07-11,100000000.0
2006-07-12,100000000.0
2006-07-13,100000000.0
2006-07-14,100000000.0
2006-07-17,100000000.0
2006-07-18,100000000.0
2006-07-19,100000000.0
2006-07-20,100000000.0
2006-07-21,100000000.0
2006-07-24,100000000.0
2006-07-25,100000000.0
2006-07-26,100000000.0
2006-07-27,100000000.0
2006-07-28,100000000.0
2006-07-31,100000000.0
2006-08-01,100000000.0
2006-08-02,100000000.0
2006-08-03,100000000.0
2006-08-04,100000000.0
2006-08-07,100000000.0
2006-08-08,100000000.0
2006-08-09,100000000.0
2006-08-10,100000000.0
2006-08-11,100000000.0
2006-08-14,100000000.0
2006-08-15,100000000.0
2006-08-16,100000000.0
2006-08-17,100000000.0
2006-08-18,100000000.0
2006-08-21,100000000.0
2006-08-22,100000000.0
2006-08-23,100000000.0
2006-08-24,100000000.0
2006-08-25,100000000.0
2006-08-28,100000000.0
2006-08-29,100000000.0
2006-08-30,100000000.0
2006-08-31,100000000.0
2006-09-01,100000000.0
2006-09-05,100000000.0
2006-09-06,100000000.0
2006-09-07,100000000.0
2006-09-08,100000000.0
2006-09-11,100000000.0
2006-09-12,100000000.0
2006-09-13,100000000.0
2006-09-14,100000000.0
2006-09-15,100000000.0
2006-09-18,100000000.0
2006-09-19,100000000.0
2006-09-20,100000000.0
2006-09-21,100000000.0
2006-09-22,100000000.0
2006-09-25,100000000.0
2006-09-26,100000000.0
2006-09-27,100000000.0
2006-09-28,100000000.0
2006-09-29,100000000.0
2006-10-02,100000000.0
2006-10-03,100000000.0
2006-10-04,100000000.0
2006-10-05,100000000.0
2006-10-06,100000000.0
2006-10-09,100000000.0
2006-10-10,100000000.0
2006-10-11,100000000.0
2006-10-12,100000000.0
2006-10-13,100000000.0
2006-10-16,100000000.0
2006-10-17,100000000.0
2006-10-18,100000000.0
2006-10-19,100000000.0
2006-10-20,100000000.0
2006-10-23,100000000.0
2006-10-24,100000000.0
2006-10-25,100000000.0
2006-10-26,100000000.0
2006-10-27,100000000.0
2006-10-30,100000000.0
2006-10-31,100000000.0
2006-11-01,100000000.0
2006-11-02,100000000.0
2006-11-03,100000000.0
2006-11-06,100000000.0
2006-11-07,100000000.0
2006-11-08,100000000.0
2006-11-09,100000000.0
2006-11-10,100000000.0
2006-11-13,100000000.0
2006-11-14,100000000.0
2006-11-15,100000000.0
2006-11-16,100000000.0
2006-11-17,100000000.0
2006-11-20,100000000.0
2006-11-21,100000000.0
2006-11-22,100000000.0
2006-11-24,100000000.0
2006-11-27,100000000.0
2006-11-28,100000000.0
2006-11-29,100000000.0
2006-11-30,100000000.0
2006-12-01,100000000.0
2006-12-04,100000000.0
2006-12-05,100000000.0
2006-12-06,100000000.0
2006-12-07,100000000.0
2006-12-08,100000000.0
2006-12-11,100000000.0
2006-12-12,100000000.0
2006-12-13,100000000.0
2006-12-14,100000000.0
2006-12-15,100000000.0
2006-12-18,100000000.0
2006-12-19,100000000.0
2006-12-20,100000000.0
2006-12-21,100000000.0
2006-12-22,100000000.0
2006-12-26,100000000.0
2006-12-27,100000000.0
2006-12-28,100000000.0
2006-12-29,100000000.0
2007-01-03,100000000.0
2007-01-04,100000000.0
2007-01-05,100000000.0
2007-01-08,100000000.0
2007-01-09,100000000.0
2007-01-10,100000000.0
2007-01-11,100000000.0
2007-01-12,100000000.0
2007-01-16,100000000.0
2007-01-17,100000000.0
2007-01-18,100000000.0
2007-01-19,100000000.0
2007-01-22,100000000.0
2007-01-23,100000000.0
2007-01-24,100000000.0
2007-01-25,100000000.0
2007-01-26,100000000.0
2007-01-29,100000000.0
2007-01-30,100000000.0
2007-01-31,100000000.0
2007-02-01,100000000.0
2007-02-02,99368887.7385
2007-02-05,99033503.5709
2007-02-06,98868806.1521
2007-02-07,98890706.8465
2007-02-08,98995499.8349
2007-02-09,98976015.0989
2007-02-12,98677685.2391
2007-02-13,100331311.4787
2007-02-14,99965434.129
2007-02-15,99663013.8916
2007-02-16,99149817.251
2007-02-20,99304471.4036
2007-02-21,99395907.9844
2007-02-22,100410369.1634
2007-02-23,99449715.325
2007-02-26,98382841.8393
2007-02-27,89279068.6999
2007-02-28,91372209.0661
2007-03-01,89565955.6799
2007-03-02,87607118.8462
2007-03-05,84839662.7602
2007-03-06,88319748.7067
2007-03-07,88327629.7574
2007-03-08,89429797.2782
2007-03-09,89709131.2748
2007-03-12,90615108.0382
2007-03-13,87665428.4661
2007-03-14,88247785.9795
2007-03-15,88728398.5336
2007-03-16,88696924.9525
2007-03-19,90200687.9264
2007-03-20,91586506.7508
2007-03-21,93922281.5136
2007-03-22,93763011.7199
2007-03-23,93730821.4229
2007-03-26,93985086.2501
2007-03-27,93443846.6492
2007-03-28,92362402.5982
2007-03-29,93292604.6767
2007-03-30,93261930.3777
2007-04-02,93752938.3137
2007-04-03,93974724.8528
2007-04-04,94512511.1772
2007-04-05,94811014.392
2007-04-09,93812638.5792
2007-04-10,94945812.6518
2007-04-11,94467241.0869
2007-04-12,95650103.9404
2007-04-13,96102357.5341
2007-04-16,97483622.0748
2007-04-17,98027688.7524
2007-04-18,98387103.9587
2007-04-19,97678349.5831
2007-04-20,98682190.8333
2007-04-23,98716879.5956
2007-04-24,98690229.2991
2007-04-25,99599247.9982
2007-04-26,98327550.2313
2007-04-27,98575086.7717
2007-04-30,99061330.8384
2007-05-01,99001378.4357
2007-05-02,100062940.4798
2007-05-03,99933875.1035
2007-05-04,101181646.111
2007-05-07,101634296.0388
2007-05-08,100825277.3106
2007-05-09,100959499.0993
2007-05-10,99703907.8159
2007-05-11,100713305.516
2007-05-14,100074160.0519
2007-05-15,99818000.6332
2007-05-16,100362308.4348
2007-05-17,99591036.9735
2007-05-18,100016457.5398
2007-05-21,100195354.2328
2007-05-22,99494558.1534
2007-05-23,99352669.7195
2007-05-24,98340489.78
2007-05-25,99038931.5576
2007-05-29,99256500.2748
2007-05-30,100060036.7378
2007-05-31,100039329.4707
2007-06-01,99836897.5561
2007-06-04,100112385.0212
2007-06-05,99545528.2437
2007-06-06,97643139.0903
2007-06-07,93934268.5024
2007-06-08,95275890.7427
2007-06-11,94956517.3964
2007-06-12,92610937.7137
2007-06-13,94599396.7375
2007-06-14,95293178.1714
2007-06-15,97086161.5829
2007-06-18,97327415.2015
2007-06-19,98078332.2037
2007-06-20,96386674.3208
2007-06-21,96583661.1337
2007-06-22,96025442.0156
2007-06-25,95894321.4523
2007-06-26,95131180.3186
2007-06-27,96240213.66
2007-06-28,96550759.7531
2007-06-29,97243833.6211
2007-07-02,98533385.9162
2007-07-03,98907302.3322
2007-07-05,98337470.8561
2007-07-06,98574875.1411
2007-07-09,99110760.2796
2007-07-10,98565032.5375
2007-07-11,98927577.5694
2007-07-12,100571561.6453
2007-07-13,101180209.0715
2007-07-16,101417217.4245
2007-07-17,101345722.5439
2007-07-18,101123647.0862
2007-07-19,101583122.5063
2007-07-20,100912316.57
2007-07-23,101834827.594
2007-07-24,100090421.4216
2007-07-25,99494912.4187
2007-07-26,96186749.7252
2007-07-27,92722224.3857
2007-07-30,94846504.4063
2007-07-31,94084379.9693
2007-08-01,94285116.2702
2007-08-02,95251115.3135
2007-08-03,93737281.926
2007-08-06,95100782.1743
2007-08-07,95289668.0343
2007-08-08,96755970.1698
2007-08-09,94230807.4692
2007-08-10,93063798.3615
2007-08-13,93257056.8357
2007-08-14,91460159.2711
2007-08-15,89060345.9108
2007-08-16,88832608.5619
2007-08-17,90351078.1478
2007-08-20,90859621.7309
2007-08-21,91308267.53
2007-08-22,93119753.0632
2007-08-23,93970643.2068
2007-08-24,95035728.0198
2007-08-27,94646910.707
2007-08-28,92509343.873
2007-08-29,94903168.8879
2007-08-30,94294065.2964
2007-08-31,96038748.3566
2007-09-04,96856186.936
2007-09-05,96782661.4907
2007-09-06,97071423.5812
2007-09-07,96823961.9855
2007-09-10,96730614.2996
2007-09-11,98176635.7393
2007-09-12,98408323.2097
2007-09-13,98361529.9677
2007-09-14,97999623.1497
2007-09-17,97088984.3722
2007-09-18,99742414.8809
2007-09-19,100098668.3376
2007-09-20,99422536.52
2007-09-21,100424331.6531
2007-09-24,100660951.4967
2007-09-25,100918239.6264
2007-09-26,101063335.4648
2007-09-27,102030224.2596
2007-09-28,102502567.9223
2007-10-01,103843290.4811
2007-10-02,102273819.6803
2007-10-03,101284974.1335
2007-10-04,102215613.0334
2007-10-05,104314128.233
2007-10-08,102316339.414
2007-10-09,103818676.1238
2007-10-10,104111736.1963
2007-10-11,104357058.3466
2007-10-12,105634676.1505
2007-10-15,105255773.5078
2007-10-16,103852496.7266
2007-10-17,104245887.8354
2007-10-18,106023605.9762
2007-10-19,103023347.8145
2007-10-22,102124841.9749
2007-10-23,104182655.046
2007-10-24,104122668.4446
2007-10-25,105462907.4561
2007-10-26,108169820.345
2007-10-29,109583457.0743
2007-10-30,108344595.7577
2007-10-31,111373773.6366
2007-11-01,108056244.4185
2007-11-02,111013955.5353
2007-11-05,109526241.4199
2007-11-06,112501749.6465
2007-11-07,111780665.488
2007-11-08,112530670.1926
2007-11-09,111345155.891
2007-11-12,106513546.9667
2007-11-13,108734084.1821
2007-11-14,109219433.7707
2007-11-15,107246559.6803
2007-11-16,108176771.7344
2007-11-19,107125966.8787
2007-11-20,109930415.6627
2007-11-21,108932540.6736
2007-11-23,110195723.6274
2007-11-26,109524791.8054
2007-11-27,108880302.8648
2007-11-28,110689532.5241
2007-11-29,109730786.4922
2007-11-30,108885328.3685
2007-12-03,109549945.3904
2007-12-04,109323277.45
2007-12-05,108292354.0869
2007-12-06,108710100.7959
2007-12-07,108018701.952
2007-12-10,108541923.0736
2007-12-11,108261281.241
2007-12-12,109503208.8534
2007-12-13,107737776.852
2007-12-14,105885283.9964
2007-12-17,105364499.7424
2007-12-18,105579707.6754
2007-12-19,106144148.8825
2007-12-20,105967542.5576
2007-12-21,106475750.8506
2007-12-24,106817970.6524
2007-12-26,107128548.271
2007-12-27,108555907.8633
2007-12-28,110113892.1841
2007-12-31,109575371.0855
2008-01-02,111223767.1001
2008-01-03,112075941.3254
2008-01-04,110717560.4482
2008-01-07,110084064.9276
2008-01-08,110746826.5567
2008-01-09,110543292.4213
2008-01-10,111289047.0678
2008-01-11,111091716.7998
2008-01-14,112914762.6255
2008-01-15,111374854.3571
2008-01-16,109141547.8797
2008-01-17,108957928.0315
2008-01-18,109000845.9211
2008-01-22,108846217.713
2008-01-23,108161086.8355
2008-01-24,109971543.4839
2008-01-25,110052948.2326
2008-01-28,111365383.2026
2008-01-29,111171925.8511
2008-01-30,111568644.7823
2008-01-31,112505460.6818
2008-02-01,112368205.2376
2008-02-04,112666318.2485
2008-02-05,112604594.9927
2008-02-06,112906411.4175
2008-02-07,111073552.6361
2008-02-08,113583998.5424
2008-02-11,114407090.3508
2008-02-12,113410651.0631
2008-02-13,112327276.8455
2008-02-14,112868691.6236
2008-02-15,113164576.2675
2008-02-19,113421898.6826
2008-02-20,113882404.1467
2008-02-21,115567809.9314
2008-02-22,115539569.0201
2008-02-25,114841640.4744
2008-02-26,116969989.9466
2008-02-27,118119603.6958
2008-02-28,120954133.8554
2008-02-29,121769996.3549
2008-03-03,122691680.4351
2008-03-04,121388826.8608
2008-03-05,122395781.1241
2008-03-06,123866665.3426
2008-03-07,123677045.3114
2008-03-10,125009475.132
2008-03-11,123385258.5558
2008-03-12,126299506.3162
2008-03-13,126724757.3321
2008-03-14,128666807.8926
2008-03-17,127647635.8513
2008-03-18,125265984.5008
2008-03-19,124447302.5586
2008-03-20,121385822.0228
2008-03-24,119258245.7622
2008-03-25,121162423.4797
2008-03-26,123447472.1632
2008-03-27,123752043.2523
2008-03-28,123473337.0369
2008-03-31,122229112.2128
2008-04-01,118126295.2892
2008-04-02,119509856.4302
2008-04-03,119575445.6381
2008-04-04,120668017.3457
2008-04-07,120270117.6944
2008-04-08,120246226.8745
2008-04-09,122578490.861
2008-04-10,121911157.4866
2008-04-11,122949011.3413
2008-04-14,123065672.7681
2008-04-15,122377462.1682
2008-04-16,122235027.4139
2008-04-17,121729055.7115
2008-04-18,120501211.4892
2008-04-21,120598329.2203
2008-04-22,121912029.3461
2008-04-23,120516518.2858
2008-04-24,118040408.9556
2008-04-25,117858581.5886
2008-04-28,118232387.3564
2008-04-29,117128640.5591
2008-04-30,118369747.5469
2008-05-01,115906135.5074
2008-05-02,115843696.6663
2008-05-05,117182651.2098
2008-05-06,117446009.8476
2008-05-07,117495886.1549
2008-05-08,118717636.6746
2008-05-09,119774077.2455
2008-05-12,119255301.2423
2008-05-13,117724774.6995
2008-05-14,117314455.5812
2008-05-15,118161130.8806
2008-05-16,119311425.8376
2008-05-19,119128818.8272
2008-05-20,121189995.0735
2008-05-21,122653485.6616
2008-05-22,120639928.7376
2008-05-23,122018381.464
2008-05-27,119939660.762
2008-05-28,119231122.5574
2008-05-29,116951901.8613
2008-05-30,117882344.1007
2008-06-02,118950423.8855
2008-06-03,118094616.7126
2008-06-04,117543817.8803
2008-06-05,117901342.3971
2008-06-06,121406947.9587
2008-06-09,119483365.945
2008-06-10,117976942.4905
2008-06-11,120206769.6875
2008-06-12,118096902.5973
2008-06-13,117668345.3614
2008-06-16,118617347.6798
2008-06-17,119207842.7105
2008-06-18,120476070.6972
2008-06-19,119555736.5798
2008-06-20,121150322.5588
2008-06-23,120476706.7635
2008-06-24,121437274.7103
2008-06-25,121652084.877
2008-06-26,124565144.0024
2008-06-27,125818088.9978
2008-06-30,125059023.7734
2008-07-01,125562595.2193
2008-07-02,127617759.3127
2008-07-03,126671428.573
2008-07-07,126301611.4041
2008-07-08,124947727.0224
2008-07-09,126929581.2649
2008-07-10,127430152.1202
2008-07-11,128760036.0792
2008-07-14,129850480.7477
2008-07-15,130796317.2788
2008-07-16,128231500.9302
2008-07-17,126102467.982
2008-07-18,124861254.281
2008-07-21,125344933.5677
2008-07-22,122840855.7726
2008-07-23,121244813.0273
2008-07-24,122733578.5182
2008-07-25,121948243.9935
2008-07-28,123917063.2601
2008-07-29,121972863.5848
2008-07-30,121759592.8145
2008-07-31,122624837.5203
2008-08-01,122796128.5597
2008-08-04,122271495.2239
2008-08-05,119457297.4178
2008-08-06,118491352.9853
2008-08-07,120531731.911
2008-08-08,117795411.2305
2008-08-11,115993231.3404
2008-08-12,117499491.6232
2008-08-13,119089779.6401
2008-08-14,118446966.4406
2008-08-15,117759256.4871
2008-08-18,119045892.7207
2008-08-19,120415088.8374
2008-08-20,120442751.7086
2008-08-21,121992320.1183
2008-08-22,119671533.1866
2008-08-25,121475095.8686
2008-08-26,120979929.4982
2008-08-27,120963739.5105
2008-08-28,119893641.5011
2008-08-29,120127852.0454
2008-09-02,120252064.12
2008-09-03,120313013.1848
2008-09-04,122361815.1782
2008-09-05,121669173.3647
2008-09-08,120325147.6034
2008-09-09,121418197.2384
2008-09-10,120322758.5545
2008-09-11,119954582.1369
2008-09-12,119691618.6008
2008-09-15,125479408.4874
2008-09-16,125209629.1687
2008-09-17,132972554.5946
2008-09-18,126968761.7712
2008-09-19,123216570.0109
2008-09-22,127495409.9495
2008-09-23,127699266.4522
2008-09-24,126715198.6677
2008-09-25,125840026.6329
2008-09-26,126716823.3884
2008-09-29,136034447.0315
2008-09-30,127775039.9401
2008-10-01,127412574.5856
2008-10-02,130773598.9518
2008-10-03,131689585.604
2008-10-06,136138145.9147
2008-10-07,137675255.9712
2008-10-08,137955036.1039
2008-10-09,139943057.1496
2008-10-10,139256760.3829
2008-10-13,131767792.0905
2008-10-14,133554994.8887
2008-10-15,139770723.709
2008-10-16,136757015.133
2008-10-17,137899428.346
2008-10-20,136288241.5155
2008-10-21,139799240.5409
2008-10-22,143985063.9004
2008-10-23,143037360.8079
2008-10-24,145791647.4875
2008-10-27,147855898.5767
2008-10-28,141702730.958
2008-10-29,141554539.9167
2008-10-30,138389783.985
2008-10-31,138650921.3888
2008-11-03,138182934.1149
2008-11-04,134187471.2138
2008-11-05,137144813.1642
2008-11-06,140523082.1863
2008-11-07,138888803.0425
2008-11-10,139435963.0041
2008-11-11,141823852.7891
2008-11-12,145419969.4927
2008-11-13,141140509.3714
2008-11-14,143834421.6089
2008-11-17,144797282.421
2008-11-18,145569698.2912
2008-11-19,148788754.5396
2008-11-20,153406287.0697
2008-11-21,150242385.6485
2008-11-24,145787960.5771
2008-11-25,145517584.4585
2008-11-26,145261194.9857
2008-11-28,146241615.3896
2008-12-01,150937751.5995
2008-12-02,149426684.542
2008-12-03,149014513.8409
2008-12-04,150923655.5629
2008-12-05,150361400.8564
2008-12-08,147084023.8937
2008-12-09,148716871.6458
2008-12-10,147315344.1893
2008-12-11,146592686.6787
2008-12-12,146110159.8061
2008-12-15,145745670.7275
2008-12-16,141765784.6143
2008-12-17,141089106.0371
2008-12-18,142815645.0023
2008-12-19,144391822.887
2008-12-22,144075903.1085
2008-12-23,144105772.4573
2008-12-24,143846513.8642
2008-12-26,143147729.5367
2008-12-29,143304093.7461
2008-12-30,142510215.7655
2008-12-31,140503699.1254
2009-01-02,139225872.2801
2009-01-05,138688493.7664
2009-01-06,137384579.0745
2009-01-07,139045178.5162
2009-01-08,138690002.8719
2009-01-09,140037855.9987
2009-01-12,142485853.5421
2009-01-13,143133812.133
2009-01-14,144798232.3928
2009-01-15,144247955.944
2009-01-16,143381254.7262
2009-01-20,146818800.5698
2009-01-21,144301112.5729
2009-01-22,145094740.9489
2009-01-23,144640760.7686
2009-01-26,143692800.9014
2009-01-27,143839002.7313
2009-01-28,141907325.2558
2009-01-29,142898405.0383
2009-01-30,143605245.8426
2009-02-02,144404327.2699
2009-02-03,142490513.827
2009-02-04,142876744.0545
2009-02-05,141692495.1629
2009-02-06,139525757.7108
2009-02-09,139196622.3273
2009-02-10,142559225.8162
2009-02-11,142525312.9978
2009-02-12,142763367.3282
2009-02-13,142370549.5507
2009-02-17,146065449.5768
2009-02-18,146006170.3547
2009-02-19,145489252.9263
2009-02-20,145421665.1997
2009-02-23,147300319.708
2009-02-24,145563074.443
2009-02-25,146320588.9686
2009-02-26,146322839.9589
2009-02-27,147335071.0994
2009-03-02,150958978.2719
2009-03-03,150586795.5818
2009-03-04,147809539.999
2009-03-05,150595028.771
2009-03-06,149738963.0868
2009-03-09,151282701.2723
2009-03-10,148304305.2285
2009-03-11,148121359.5019
2009-03-12,145826878.9178
2009-03-13,145451624.0621
2009-03-16,144471518.3276
2009-03-17,142769141.2688
2009-03-18,140536905.0983
2009-03-19,139285202.3956
2009-03-20,140222956.7506
2009-03-23,135904777.8247
2009-03-24,137771938.0894
2009-03-25,136771458.4148
2009-03-26,135595092.45
2009-03-27,138379791.717
2009-03-30,141816861.7558
2009-03-31,140318058.1982
2009-04-01,139497452.9051
2009-04-02,136352126.215
2009-04-03,135285433.8986
2009-04-06,136757326.526
2009-04-07,138216173.0691
2009-04-08,137758835.6568
2009-04-09,135738397.1156
2009-04-13,134806790.6581
2009-04-14,135742736.2304
2009-04-15,135359830.4743
2009-04-16,135100372.1743
2009-04-17,135332353.7541
2009-04-20,138651497.3842
2009-04-21,137262448.4152
2009-04-22,137221466.5919
2009-04-23,135385679.74
2009-04-24,133723687.8935
2009-04-27,135400140.935
2009-04-28,135430093.2839
2009-04-29,133243478.7038
2009-04-30,133450891.1398
2009-05-01,132226397.1136
2009-05-04,129939886.5718
2009-05-05,130233999.458
2009-05-06,128799269.5251
2009-05-07,129045359.3954
2009-05-08,126310796.1426
2009-05-11,128003763.6402
2009-05-12,127442744.7508
2009-05-13,129845892.9105
2009-05-14,128930221.942
2009-05-15,130284201.5498
2009-05-18,127549692.6698
2009-05-19,126668306.4684
2009-05-20,125770417.7225
2009-05-21,125688293.5775
2009-05-22,124529826.3849
2009-05-26,123143912.8678
2009-05-27,123445256.1743
2009-05-28,122489861.7497
2009-05-29,120779662.3518
2009-06-01,117906522.3726
2009-06-02,117307508.1057
2009-06-03,119772156.0371
2009-06-04,118498732.1507
2009-06-05,118568362.2723
2009-06-08,118661203.6206
2009-06-09,117728503.565
2009-06-10,117426175.4216
2009-06-11,116527279.0091
2009-06-12,117498811.7146
2009-06-15,120240275.4612
2009-06-16,120888697.8879
2009-06-17,120864879.0132
2009-06-18,120457355.735
2009-06-19,120119820.0168
2009-06-22,122500540.0447
2009-06-23,121596273.1097
2009-06-24,121587165.618
2009-06-25,121002559.5946
2009-06-26,120885299.5871
2009-06-29,120376271.2516
2009-06-30,120896430.8488
2009-07-01,120327999.1586
2009-07-02,122950221.408
2009-07-06,123937297.4557
2009-07-07,125821680.0138
2009-07-08,127259929.3159
2009-07-09,125967661.4578
2009-07-10,127096152.9329
2009-07-13,125818135.2193
2009-07-14,125019590.7097
2009-07-15,121389399.3788
2009-07-16,121518073.8735
2009-07-17,121070490.8092
2009-07-20,119330664.5075
2009-07-21,120241660.4526
2009-07-22,119704807.7908
2009-07-23,117798562.673
2009-07-24,117798945.5852
2009-07-27,117016061.1122
2009-07-28,117915270.498
2009-07-29,119279087.0934
2009-07-30,117880693.7173
2009-07-31,116858036.6437
2009-08-03,114090115.1619
2009-08-04,113876562.8253
2009-08-05,113775053.692
2009-08-06,114724977.1815
2009-08-07,114264339.689
2009-08-10,115224651.5673
2009-08-11,116360375.6195
2009-08-12,115258402.7425
2009-08-13,114905750.2164
2009-08-14,116431874.2296
2009-08-17,119046614.3838
2009-08-18,117545210.1789
2009-08-19,117090717.5524
2009-08-20,116770954.6493
2009-08-21,115106634.2188
2009-08-24,115439989.6434
2009-08-25,115624253.7351
2009-08-26,116183094.1308
2009-08-27,115527559.1254
2009-08-28,115643563.0862
2009-08-31,116518418.6621
2009-09-01,118248861.9584
2009-09-02,119274470.7509
2009-09-03,118828157.8206
2009-09-04,118031230.7728
2009-09-08,116973325.3113
2009-09-09,116554406.6504
2009-09-10,116266307.6963
2009-09-11,116934984.5021
2009-09-14,116415901.391
2009-09-15,115929554.3896
2009-09-16,114947379.6953
2009-09-17,115569735.107
2009-09-18,115311674.2395
2009-09-21,115881783.9048
2009-09-22,115439530.6201
2009-09-23,116219573.7817
2009-09-24,117216913.5244
2009-09-25,117913929.5491
2009-09-28,117049671.9916
2009-09-29,117049816.3598
2009-09-30,117094223.5927
2009-10-01,118853399.0368
2009-10-02,119098985.4465
2009-10-05,119595355.4603
2009-10-06,120014014.6718
2009-10-07,120612090.8477
2009-10-08,120631025.9235
2009-10-09,119211231.4776
2009-10-12,119390381.6031
2009-10-13,119791471.7686
2009-10-14,119422849.7587
2009-10-15,118289994.0961
2009-10-16,118483976.812
2009-10-19,119062361.0357
2009-10-20,119415331.7876
2009-10-21,118985712.141
2009-10-22,118790767.6732
2009-10-23,118687381.3966
2009-10-26,117853620.9831
2009-10-27,118453029.437
2009-10-28,118479963.7321
2009-10-29,118215744.1298
2009-10-30,119246272.6984
2009-11-02,119241647.2184
2009-11-03,119370703.7361
2009-11-04,120208905.0782
2009-11-05,121130848.6183
2009-11-06,121974040.605
2009-11-09,124697662.6799
2009-11-10,124414845.3875
2009-11-11,125073704.3774
2009-11-12,123370760.4983
2009-11-13,125348966.515
2009-11-16,127785237.1642
2009-11-17,127446633.9447
2009-11-18,127147561.7605
2009-11-19,126026708.188
2009-11-20,125371910.2834
2009-11-23,127121771.6489
2009-11-24,127327278.817
2009-11-25,129535352.7877
2009-11-27,127097337.0039
2009-11-30,127964868.6252
2009-12-01,129745496.5174
2009-12-02,129591218.2979
2009-12-03,128742425.8721
2009-12-04,126125475.7693
2009-12-07,126106071.8842
2009-12-08,124831805.3342
2009-12-09,124857580.3137
2009-12-10,125064531.7337
2009-12-11,124031422.2374
2009-12-14,125435022.1287
2009-12-15,123767411.3711
2009-12-16,124876580.1854
2009-12-17,122604472.3648
2009-12-18,122889483.6402
2009-12-21,121732179.2613
2009-12-22,121393378.1327
2009-12-23,122477368.7216
2009-12-24,122969251.3487
2009-12-28,122936754.8783
2009-12-29,122690301.8183
2009-12-30,122563867.9255
2009-12-31,121928768.0459
2010-01-04,125112463.9452
2010-01-05,125481826.7426
2010-01-06,126701356.2689
2010-01-07,126057101.2388
2010-01-08,127433479.0632
2010-01-11,128168449.1726
2010-01-12,126306955.5678
2010-01-13,127319928.1269
2010-01-14,127788559.6433
2010-01-15,125860840.8832
2010-01-19,127009583.6191
2010-01-20,123710097.5013
2010-01-21,121469956.0042
2010-01-22,119503125.4517
2010-01-25,120409595.8085
2010-01-26,119108415.3459
2010-01-27,118486431.4249
2010-01-28,117147959.1543
2010-01-29,115496879.0198
2010-02-01,117551783.5871
2010-02-02,119173353.9981
2010-02-03,118154053.8255
2010-02-04,113141783.0503
2010-02-05,112367525.3319
2010-02-08,111549868.0217
2010-02-09,114017144.9337
2010-02-10,113249646.5822
2010-02-11,114956880.4147
2010-02-12,114174077.5713
2010-02-16,117756196.6024
2010-02-17,117328727.5757
2010-02-18,118170887.4052
2010-02-19,117857347.762
2010-02-22,117860978.2472
2010-02-23,115444372.5416
2010-02-24,116460423.0144
2010-02-25,115688305.9951
2010-02-26,116985456.4141
2010-03-01,117404974.0083
2010-03-02,118782870.0079
2010-03-03,120190865.6557
2010-03-04,119299353.4345
2010-03-05,120763658.4233
2010-03-08,120592004.5452
2010-03-09,120636878.9191
2010-03-10,120832713.114
2010-03-11,121218587.2785
2010-03-12,121983067.1621
2010-03-15,121062793.1785
2010-03-16,123479324.6844
2010-03-17,124334593.4024
2010-03-18,123311215.7552
2010-03-19,121251653.6296
2010-03-22,122194321.7121
2010-03-23,122505400.0051
2010-03-24,118942885.1517
2010-03-25,118295270.5376
2010-03-26,119612794.6007
2010-03-29,121428627.6785
2010-03-30,121420713.3957
2010-03-31,121843077.9515
2010-04-01,123666040.2675
2010-04-05,123395339.056
2010-04-06,123783253.836
2010-04-07,123658049.6074
2010-04-08,123714974.3962
2010-04-09,125331499.5994
2010-04-12,125579096.2281
2010-04-13,125779148.1415
2010-04-14,127759494.3463
2010-04-15,127974591.041
2010-04-16,125377212.2804
2010-04-19,124415120.741
2010-04-20,125516170.3604
2010-04-21,125501370.9139
2010-04-22,124605090.2665
2010-04-23,125832237.0586
2010-04-26,125787565.6109
2010-04-27,122230755.949
2010-04-28,122604346.2422
2010-04-29,124824971.3006
2010-04-30,124203494.9316
2010-05-03,124347125.6726
2010-05-04,119578309.2192
2010-05-05,116965332.296
2010-05-06,113385097.8286
2010-05-07,112558609.736
2010-05-10,117304569.2856
2010-05-11,117457484.9872
2010-05-12,118693631.5685
2010-05-13,117222103.8279
2010-05-14,114591596.4296
2010-05-17,113659188.3864
2010-05-18,111599423.7259
2010-05-19,110459362.4192
2010-05-20,106532460.3152
2010-05-21,108684134.849
2010-05-24,107176539.872
2010-05-25,106544461.8886
2010-05-26,105630240.7305
2010-05-27,110481585.7295
2010-05-28,109523467.1941
2010-06-01,108028093.8991
2010-06-02,108913287.769
2010-06-03,108666077.3086
2010-06-04,108737596.0075
2010-06-07,108659899.9336
2010-06-08,108829421.9559
2010-06-09,108350783.6567
2010-06-10,108591394.4459
2010-06-11,109847451.4748
2010-06-14,109423186.5689
2010-06-15,110224678.4783
2010-06-16,110484813.9996
2010-06-17,111154036.9306
2010-06-18,111284610.0614
2010-06-21,111480042.6678
2010-06-22,111237070.6836
2010-06-23,111575340.2206
2010-06-24,110233103.7098
2010-06-25,110544187.8484
2010-06-28,110914868.0452
2010-06-29,109489061.6255
2010-06-30,108998223.6335
2010-07-01,107633000.4259
2010-07-02,107184859.1581
2010-07-06,108016479.725
2010-07-07,108793523.4738
2010-07-08,108895315.6489
2010-07-09,109303416.4107
2010-07-12,109421412.383
2010-07-13,109545731.001
2010-07-14,110055800.9766
2010-07-15,110136437.6885
2010-07-16,109101789.78
2010-07-19,108976934.0083
2010-07-20,109932782.9964
2010-07-21,110552144.7097
2010-07-22,111358573.7195
2010-07-23,111036937.8245
2010-07-26,111548764.5277
2010-07-27,110706728.8119
2010-07-28,110537531.7586
2010-07-29,110702635.553
2010-07-30,111396961.5572
2010-08-02,111740946.1844
2010-08-03,111946506.2056
2010-08-04,111885179.8751
2010-08-05,112314684.7386
2010-08-06,112785185.7004
2010-08-09,112844343.8985
2010-08-10,113175657.6898
2010-08-11,112252250.1519
2010-08-12,112267935.7548
2010-08-13,112798602.1437
2010-08-16,114487705.8847
2010-08-17,114731553.6346
2010-08-18,114789404.7797
2010-08-19,114755827.6728
2010-08-20,114578387.81
2010-08-23,114763020.8024
2010-08-24,115170314.2954
2010-08-25,114969065.9207
2010-08-26,115192488.903
2010-08-27,114419800.9906
2010-08-30,115381279.9553
2010-08-31,116713114.2206
2010-09-01,116895367.9279
2010-09-02,116984668.1756
2010-09-03,116403352.9601
2010-09-07,117958585.5062
2010-09-08,117673720.4215
2010-09-09,116733307.4986
2010-09-10,116645661.3273
2010-09-13,117709736.6222
2010-09-14,118444924.5248
2010-09-15,117714523.3764
2010-09-16,117190250.2296
2010-09-17,117587131.3157
2010-09-20,118676235.3494
2010-09-21,119939504.8537
2010-09-22,119895792.6522
2010-09-23,119998280.6267
2010-09-24,119506240.1335
2010-09-27,120160624.2552
2010-09-28,121236117.0288
2010-09-29,120992446.0028
2010-09-30,120996473.3607
2010-10-01,121362943.6968
2010-10-04,120676143.9794
2010-10-05,123435582.1167
2010-10-06,124617913.9479
2010-10-07,124383884.6848
2010-10-08,126595915.8588
2010-10-11,126775062.4571
2010-10-12,126664373.5373
2010-10-13,127887098.8593
2010-10-14,127463435.8888
2010-10-15,126606213.4098
2010-10-18,127732539.9651
2010-10-19,125811464.3327
2010-10-20,127489958.3037
2010-10-21,126393241.3867
2010-10-22,126795752.6968
2010-10-25,128196542.4104
2010-10-26,126933656.1228
2010-10-27,125471481.9132
2010-10-28,126682640.3867
2010-10-29,127720200.8709
2010-11-01,127391440.4413
2010-11-02,129547163.3334
2010-11-03,129679930.3186
2010-11-04,134219877.5198
2010-11-05,133554844.2149
2010-11-08,133829655.7178
2010-11-09,130892553.6954
2010-11-10,131357922.4384
2010-11-11,129958912.7086
2010-11-12,126232312.1143
2010-11-15,124110556.5115
2010-11-16,122305579.2803
2010-11-17,122943175.2024
2010-11-18,125909679.2943
2010-11-19,126267380.9958
2010-11-22,127121249.9108
2010-11-23,125092579.3242
2010-11-24,125473661.5062
2010-11-26,124265661.0224
2010-11-29,124606205.8523
2010-11-30,124458749.3086
2010-12-01,125719973.5636
2010-12-02,126559762.0841
2010-12-03,127406476.6336
2010-12-06,128843277.5584
2010-12-07,126406571.2847
2010-12-08,124829310.9879
2010-12-09,125365928.3624
2010-12-10,125027151.1251
2010-12-13,125919786.554
2010-12-14,124890870.8597
2010-12-15,123785033.868
2010-12-16,124740152.516
2010-12-17,126456270.6145
2010-12-20,126870133.8513
2010-12-21,128014980.7253
2010-12-22,128085004.101
2010-12-23,127801294.0726
2010-12-27,128296517.2049
2010-12-28,127652974.2193
2010-12-29,129756484.6303
2010-12-30,128947599.2251
2010-12-31,130027826.1841
2011-01-03,130646275.0474
2011-01-04,129368867.6914
2011-01-05,127595708.4857
2011-01-06,127384254.0118
2011-01-07,127700970.2859
2011-01-10,128224690.8703
2011-01-11,128457163.2442
2011-01-12,130040003.3529
2011-01-13,130310028.276
2011-01-14,130019615.5486
2011-01-18,130628907.9127
2011-01-19,130147896.465
2011-01-20,127388361.5009
2011-01-21,128105193.9898
2011-01-24,129097991.1756
2011-01-25,129866236.0318
2011-01-26,130480473.7832
2011-01-27,130355264.4579
2011-01-28,129220619.6033
2011-01-31,129689465.4034
2011-02-01,132092453.4921
2011-02-02,131743541.9198
2011-02-03,131470584.0623
2011-02-04,130482005.519
2011-02-07,130846875.7854
2011-02-08,130945767.9651
2011-02-09,131024387.5275
2011-02-10,129614862.6242
2011-02-11,130548510.6104
2011-02-14,131362397.2617
2011-02-15,130714149.6294
2011-02-16,132105560.1329
2011-02-17,134034941.7071
2011-02-18,134702457.0806
2011-02-22,133115189.6605
2011-02-23,133660680.1135
2011-02-24,133858903.8888
2011-02-25,137020187.025
2011-02-28,138068242.9825
2011-03-01,137389745.5714
2011-03-02,138019904.8131
2011-03-03,138518085.1591
2011-03-04,139622809.058
2011-03-07,137830036.8149
2011-03-08,137444247.9368
2011-03-09,137905889.4404
2011-03-10,134424922.5085
2011-03-11,135434320.3
2011-03-14,134611418.2924
2011-03-15,131244686.3067
2011-03-16,129800862.2754
2011-03-17,133946247.1883
2011-03-18,135641077.0187
2011-03-21,138079906.9958
2011-03-22,138337978.8056
2011-03-23,138227361.6633
2011-03-24,138968259.9127
2011-03-25,137618449.3376
2011-03-28,136773323.6106
2011-03-29,136981532.203
2011-03-30,139005197.9864
2011-03-31,139320431.581
2011-04-01,140705083.0394
2011-04-04,141765867.4037
2011-04-05,141430590.0157
2011-04-06,141873152.7094
2011-04-07,141958116.773
2011-04-08,143562715.9177
2011-04-11,142284825.2594
2011-04-12,141606464.0285
2011-04-13,142982421.1325
2011-04-14,143752844.8032
2011-04-15,145336888.6764
2011-04-18,143374298.2525
2011-04-19,145068761.5522
2011-04-20,148825629.0905
2011-04-21,150716521.1309
2011-04-25,150907469.3508
2011-04-26,152521923.9315
2011-04-27,154504047.4431
2011-04-28,155623885.9315
2011-04-29,157065067.7354
2011-05-02,155825768.9326
2011-05-03,153807976.9106
2011-05-04,151891329.8107
2011-05-05,146256750.2851
2011-05-06,146820139.2983
2011-05-09,149885904.0036
2011-05-10,150339748.5032
2011-05-11,146201124.6437
2011-05-12,145944291.1019
2011-05-13,143785949.898
2011-05-16,143545783.97
2011-05-17,144513123.6649
2011-05-18,145771179.4267
2011-05-19,146139646.0875
2011-05-20,145054580.6492
2011-05-23,141303033.5324
2011-05-24,143117219.4505
2011-05-25,144592281.5795
2011-05-26,147200072.2647
2011-05-27,149725414.6388
2011-05-31,151838979.6099
2011-06-01,149400252.6234
2011-06-02,148900640.8539
2011-06-03,149667066.8568
2011-06-06,147310079.737
2011-06-07,149152796.2974
2011-06-08,148032739.5063
2011-06-09,148364547.0486
2011-06-10,144624612.5197
2011-06-13,144545153.052
2011-06-14,145970693.7862
2011-06-15,142356588.2621
2011-06-16,141325004.3072
2011-06-17,142931495.3424
2011-06-20,143196573.9865
2011-06-21,146689453.1621
2011-06-22,144839931.012
2011-06-23,144378398.5523
2011-06-24,142532326.2531
2011-06-27,142392214.5131
2011-06-28,143701814.1385
2011-06-29,146094357.1684
2011-06-30,147396632.4624
2011-07-01,148732799.9251
2011-07-05,150107975.3209
2011-07-06,150014793.7676
2011-07-07,151402556.9623
2011-07-08,151926670.4793
2011-07-11,148524867.1199
2011-07-12,148808398.5227
2011-07-13,153049311.564
2011-07-14,151032042.3373
2011-07-15,152592442.3387
2011-07-18,150866768.9753
2011-07-19,153187804.1496
2011-07-20,154144710.4953
2011-07-21,156135602.4311
2011-07-22,157391537.2984
2011-07-25,156685783.3083
2011-07-26,158740590.1436
2011-07-27,154845567.8456
2011-07-28,154863595.5196
2011-07-29,156971223.8877
2011-08-01,156102367.8783
2011-08-02,155318579.5185
2011-08-03,155569294.5545
2011-08-04,146544275.7076
2011-08-05,145185871.0756
2011-08-08,136978111.4291
2011-08-09,147383618.6923
2011-08-10,144469088.1391
2011-08-11,145517782.3911
2011-08-12,147373371.4248
2011-08-15,151300133.7157
2011-08-16,150664531.9253
2011-08-17,153286035.3016
2011-08-18,147039537.5733
2011-08-19,146682100.7993
2011-08-22,147159608.2691
2011-08-23,149328388.6038
2011-08-24,145397418.4989
2011-08-25,144156131.5612
2011-08-26,148291414.2836
2011-08-29,150554416.8507
2011-08-30,152492042.5796
2011-08-31,153387667.3982
2011-09-01,153360798.6275
2011-09-02,152903274.8656
2011-09-06,148931571.7434
2011-09-07,150954832.9516
2011-09-08,149663667.1055
2011-09-09,146467771.5447
2011-09-12,145408341.5806
2011-09-13,146103805.4943
2011-09-14,146853744.234
2011-09-15,147757875.963
2011-09-16,147813103.5375
2011-09-19,146017557.5273
2011-09-20,146288131.6352
2011-09-21,142902384.5381
2011-09-22,138403023.742
2011-09-23,136984897.8991
2011-09-26,137906630.7573
2011-09-27,139925337.9552
2011-09-28,136634846.21
2011-09-29,138118025.8353
2011-09-30,134674569.54
2011-10-03,132918851.5324
2011-10-04,131461017.627
2011-10-05,130856320.6781
2011-10-06,129584646.9954
2011-10-07,128955448.9832
2011-10-10,127331122.5291
2011-10-11,128291602.8758
2011-10-12,126949383.562
2011-10-13,127675270.616
2011-10-14,127115070.3869
2011-10-17,128388552.0718
2011-10-18,127848570.9096
2011-10-19,128242422.9031
2011-10-20,128105573.1103
2011-10-21,127371540.8289
2011-10-24,126505444.4646
2011-10-25,128638245.7674
2011-10-26,127391274.1342
2011-10-27,125077408.7162
2011-10-28,126041753.9038
2011-10-31,127797408.1843
2011-11-01,129880583.921
2011-11-02,130426551.6269
2011-11-03,130961799.4755
2011-11-04,131086360.4053
2011-11-07,131522354.7968
2011-11-08,131493613.925
2011-11-09,130240686.8831
2011-11-10,130018306.8186
2011-11-11,130762794.1504
2011-11-14,130438835.052
2011-11-15,130455592.2326
2011-11-16,129907003.384
2011-11-17,128586197.4833
2011-11-18,128392313.2766
2011-11-21,127492645.7081
2011-11-22,127749264.0609
2011-11-23,126789507.7041
2011-11-25,125711572.5895
2011-11-28,126827345.7799
2011-11-29,127304655.603
2011-11-30,128217445.6939
2011-12-01,128165469.2724
2011-12-02,128731222.5454
2011-12-05,129141261.239
2011-12-06,128945710.8425
2011-12-07,129537116.9423
2011-12-08,128853102.7203
2011-12-09,128962423.0234
2011-12-12,128087600.2654
2011-12-13,127625923.0221
2011-12-14,126840711.8375
2011-12-15,126937235.1417
2011-12-16,128164717.6482
2011-12-19,127942261.9599
2011-12-20,128840728.1406
2011-12-21,128272724.3989
2011-12-22,128460380.3304
2011-12-23,128229417.5242
2011-12-27,128720808.4783
2011-12-28,127838165.4216
2011-12-29,128264850.8922
2011-12-30,128697709.5847
2012-01-03,129588617.3833
2012-01-04,129768214.3953
2012-01-05,130675100.6471
2012-01-06,131650277.5934
2012-01-09,131224419.0915
2012-01-10,130465224.1724
2012-01-11,131480885.485
2012-01-12,131599053.8919
2012-01-13,132557653.9323
2012-01-17,132432040.7067
2012-01-18,131424753.6085
2012-01-19,130350867.1316
2012-01-20,129876366.4747
2012-01-23,129128066.1977
2012-01-24,129078682.9412
2012-01-25,129238214.9924
2012-01-26,130008081.3348
2012-01-27,130326945.8373
2012-01-30,131468335.1342
2012-01-31,131909762.4851
2012-02-01,131019423.9531
2012-02-02,131335805.3247
2012-02-03,129859075.0676
2012-02-06,130243375.1683
2012-02-07,129721265.5351
2012-02-08,129558505.6294
2012-02-09,128777100.1382
2012-02-10,129831481.9037
2012-02-13,129499437.8138
2012-02-14,129713918.1025
2012-02-15,129335452.8975
2012-02-16,128485706.6127
2012-02-17,127693645.657
2012-02-21,127176997.7159
2012-02-22,127902446.3059
2012-02-23,128236699.6392
2012-02-24,127429958.399
2012-02-27,128635925.2087
2012-02-28,128707945.5163
2012-02-29,127566710.637
2012-03-01,126738027.536
2012-03-02,127228174.9836
2012-03-05,127047204.624
2012-03-06,128483654.5412
2012-03-07,128239975.4383
2012-03-08,127191008.6472
2012-03-09,127124430.2959
2012-03-12,127247585.013
2012-03-13,125359200.2231
2012-03-14,123346293.693
2012-03-15,123306701.6827
2012-03-16,123333448.2341
2012-03-19,122757603.5588
2012-03-20,123023804.2724
2012-03-21,123964850.1772
2012-03-22,124609715.2861
2012-03-23,125016475.0866
2012-03-26,124659829.622
2012-03-27,125369862.6998
2012-03-28,125505337.6733
2012-03-29,126401344.0882
2012-03-30,125133683.7005
2012-04-02,125450233.6108
2012-04-03,124732733.7786
2012-04-04,126277911.4364
2012-04-05,127080722.2126
2012-04-09,128663872.6609
2012-04-10,130273767.5776
2012-04-11,129539253.5201
2012-04-12,128433361.8718
2012-04-13,130285413.046
2012-04-16,130182774.9442
2012-04-17,129647940.8178
2012-04-18,129936836.4734
2012-04-19,129583521.1592
2012-04-20,129100455.094
2012-04-23,130156211.6156
2012-04-24,129449426.6652
2012-04-25,129347484.0304
2012-04-26,129827314.683
2012-04-27,129549335.3975
2012-04-30,129806066.8379
2012-05-01,129065261.5716
2012-05-02,130603765.2209
2012-05-03,131504827.8847
2012-05-04,133666377.0055
2012-05-07,133579938.4505
2012-05-08,135108406.6635
2012-05-09,136000777.8017
2012-05-10,135356208.4656
2012-05-11,136688952.2131
2012-05-14,138530087.244
2012-05-15,139438778.519
2012-05-16,139946296.7097
2012-05-17,140488614.4484
2012-05-18,140670037.8327
2012-05-21,139514164.7251
2012-05-22,140338264.0526
2012-05-23,142022555.8325
2012-05-24,142124883.3746
2012-05-25,142787081.6041
2012-05-29,142168468.7359
2012-05-30,145839653.8424
2012-05-31,146744591.6955
2012-06-01,149275665.5058
2012-06-04,147266876.9108
2012-06-05,146437779.2683
2012-06-06,141240918.6753
2012-06-07,141540017.3998
2012-06-08,142416720.0468
2012-06-11,144308629.7189
2012-06-12,141648810.2247
2012-06-13,143089538.6906
2012-06-14,141714424.5692
2012-06-15,141249723.6423
2012-06-18,141334108.6042
2012-06-19,138272546.6479
2012-06-20,138553961.755
2012-06-21,142586969.9847
2012-06-22,141133971.8233
2012-06-25,143681176.5135
2012-06-26,142204649.1785
2012-06-27,141639881.0333
2012-06-28,142657077.6491
2012-06-29,136408685.8757
2012-07-02,137054402.3213
2012-07-03,135070298.8312
2012-07-05,137577679.5896
2012-07-06,140156357.6211
2012-07-09,139826690.6902
2012-07-10,141153139.1128
2012-07-11,140607898.2397
2012-07-12,142369038.9939
2012-07-13,140960286.0347
2012-07-16,140721605.4192
2012-07-17,140001336.9703
2012-07-18,140080556.1469
2012-07-19,139139908.1692
2012-07-20,141503454.3731
2012-07-23,143795968.5731
2012-07-24,145126588.9745
2012-07-25,144176108.2466
2012-07-26,141890710.0403
2012-07-27,139032174.9522
2012-07-30,139789467.8713
2012-07-31,140866865.6008
2012-08-01,141366970.1681
2012-08-02,142671514.6769
2012-08-03,138397792.5127
2012-08-06,137982903.1453
2012-08-07,136404561.8653
2012-08-08,135732285.8392
2012-08-09,135595010.503
2012-08-10,135898450.2963
2012-08-13,136599921.2972
2012-08-14,135788487.0097
2012-08-15,134453459.7033
2012-08-16,132833389.1609
2012-08-17,133393005.3647
2012-08-20,132958636.6569
2012-08-21,131781159.8089
2012-08-22,132447762.0353
2012-08-23,133069892.992
2012-08-24,133783800.0521
2012-08-27,134535444.1721
2012-08-28,134209220.6392
2012-08-29,134262847.4375
2012-08-30,135626146.6676
2012-08-31,135072476.3021
2012-09-04,135306494.309
2012-09-05,135498281.4748
2012-09-06,134896127.953
2012-09-07,133609620.1526
2012-09-10,133607280.4885
2012-09-11,133046830.8084
2012-09-12,132134773.4239
2012-09-13,132337767.211
2012-09-14,130619369.644
2012-09-17,131917646.485
2012-09-18,132224712.042
2012-09-19,132320163.0379
2012-09-20,132483652.0899
2012-09-21,132466133.0949
2012-09-24,133175289.645
2012-09-25,133014165.6858
2012-09-26,133783531.8314
2012-09-27,133532818.9573
2012-09-28,133995679.9815
2012-10-01,134054205.4197
2012-10-02,134020294.065
2012-10-03,133558679.5228
2012-10-04,134867297.0086
2012-10-05,133497780.8616
2012-10-08,133217261.5121
2012-10-09,132359599.1053
2012-10-10,132271881.73
2012-10-11,133305726.8805
2012-10-12,133017694.8044
2012-10-15,133629745.4755
2012-10-16,134026387.8502
2012-10-17,133943588.2555
2012-10-18,132902055.0053
2012-10-19,131439239.7283
2012-10-22,131012134.8864
2012-10-23,129944771.7846
2012-10-24,129570737.4343
2012-10-25,130047710.851
2012-10-26,130780665.8074
2012-10-31,132065955.2104
2012-11-01,132379941.9925
2012-11-02,132648098.0043
2012-11-05,133084230.5275
2012-11-06,132118989.7984
2012-11-07,132195745.2619
2012-11-08,131299420.7475
2012-11-09,130923981.7255
2012-11-12,131560824.3033
2012-11-13,131199147.3515
2012-11-14,129854574.78
2012-11-15,129690275.1393
2012-11-16,130111688.9379
2012-11-19,130978293.8009
2012-11-20,130633317.6071
2012-11-21,130679431.6417
2012-11-23,131288164.3185
2012-11-26,131471157.1189
2012-11-27,131712323.6524
2012-11-28,132817080.2788
2012-11-29,133152167.9979
2012-11-30,133553495.9365
2012-12-03,133638620.4585
2012-12-04,134101692.4936
2012-12-05,134665051.8726
2012-12-06,135393273.1952
2012-12-07,135103551.7358
2012-12-10,135779642.6109
2012-12-11,136137245.1901
2012-12-12,135877996.2589
2012-12-13,134692503.9016
2012-12-14,135067363.758
2012-12-17,135097698.0219
2012-12-18,135459352.1926
2012-12-19,135894601.346
2012-12-20,136705699.8718
2012-12-21,135851242.2693
2012-12-24,135257682.9424
2012-12-26,135506695.4936
2012-12-27,136360913.9346
2012-12-28,135938767.2454
2012-12-31,137351915.4252
2013-01-02,139990957.117
2013-01-03,136119653.6072
2013-01-04,137147178.5881
2013-01-07,136957114.3136
2013-01-08,136467069.7699
2013-01-09,137294624.4083
2013-01-10,140192915.8728
2013-01-11,140736260.5889
2013-01-14,140984225.3978
2013-01-15,140456838.8314
2013-01-16,139761791.633
2013-01-17,140684220.0623
2013-01-18,140661948.6145
2013-01-22,141128394.5789
2013-01-23,141105244.3035
2013-01-24,140910941.0852
2013-01-25,140643563.6939
2013-01-28,138941469.8899
2013-01-29,140202142.0671
2013-01-30,140693447.1383
2013-01-31,141057696.9302
2013-02-01,141712307.7917
2013-02-04,140339487.6841
2013-02-05,140795360.7726
2013-02-06,141098276.6827
2013-02-07,140146733.3393
2013-02-08,141364729.1182
2013-02-11,141044310.2333
2013-02-12,141485067.292
2013-02-13,141542398.4852
2013-02-14,141293432.5446
2013-02-15,141443020.8391
2013-02-19,142679630.811
2013-02-20,140467516.8264
2013-02-21,138811336.2098
2013-02-22,140737954.0559
2013-02-25,137957228.7744
2013-02-26,138407110.2718
2013-02-27,140563610.1242
2013-02-28,140329490.6317
2013-03-01,140737255.046
2013-03-04,140733718.4837
2013-03-05,140978103.8929
2013-03-06,141386687.9109
2013-03-07,139849358.102
2013-03-08,140227709.6355
2013-03-11,140140137.1837
2013-03-12,140019363.6082
2013-03-13,140872202.9324
2013-03-14,140646628.1722
2013-03-15,140793338.541
2013-03-18,141729945.8428
2013-03-19,142391313.7081
2013-03-20,141783454.8584
2013-03-21,141183896.4991
2013-03-22,141113240.9298
2013-03-25,141081498.8155
2013-03-26,141443549.3269
2013-03-27,142443873.9506
2013-03-28,142776817.5335
2013-04-01,141726460.2144
2013-04-02,143480820.8065
2013-04-03,143043832.0953
2013-04-04,145501408.4921
2013-04-05,145246474.6368
2013-04-08,145832654.4508
2013-04-09,145700119.7183
2013-04-10,147749570.8769
2013-04-11,148444176.279
2013-04-12,150348888.9836
2013-04-15,150050074.8931
2013-04-16,150639563.712
2013-04-17,149869241.1169
2013-04-18,148126029.4942
2013-04-19,149859235.9297
2013-04-22,150350101.2261
2013-04-23,153278990.0067
2013-04-24,153898433.1987
2013-04-25,152912358.5293
2013-04-26,153380198.1857
2013-04-29,153666660.4153
2013-04-30,154116790.3552
2013-05-01,153842151.866
2013-05-02,154863349.0063
2013-05-03,154208748.7728
2013-05-06,154230732.2232
2013-05-07,154508490.3295
2013-05-08,155182909.0909
2013-05-09,154985682.5069
2013-05-10,154754874.1829
2013-05-13,153940707.2487
2013-05-14,154500339.2132
2013-05-15,156180885.0113
2013-05-16,156555676.8566
2013-05-17,157144137.9446
2013-05-20,156399112.8394
2013-05-21,158044217.229
2013-05-22,155045900.0302
2013-05-23,152763321.506
2013-05-24,151184833.6816
2013-05-28,149276291.5256
2013-05-29,147458403.6958
2013-05-30,147038304.6523
2013-05-31,144064227.9714
2013-06-03,143851931.8352
2013-06-04,143353161.2289
2013-06-05,139567485.2898
2013-06-06,141209241.7483
2013-06-07,142900137.0216
2013-06-10,142891130.1825
2013-06-11,140376746.2937
2013-06-12,140194829.1966
2013-06-13,143869766.3733
2013-06-14,142622159.032
2013-06-17,144471640.4256
2013-06-18,145587580.9122
2013-06-19,141209042.9908
2013-06-20,136572702.1615
2013-06-21,136089858.5482
2013-06-24,133027625.2504
2013-06-25,135348035.0213
2013-06-26,137379767.979
2013-06-27,139568386.2475
2013-06-28,138241337.5841
2013-07-01,140157603.8686
2013-07-02,140096422.5365
2013-07-03,139918252.1264
2013-07-05,143493944.3258
2013-07-08,143170980.2795
2013-07-09,143445616.285
2013-07-10,144400711.1552
2013-07-11,145393760.4
2013-07-12,145778863.0813
2013-07-15,146070472.5851
2013-07-16,145258868.7707
2013-07-17,145991037.0164
2013-07-18,147273347.5833
2013-07-19,146343582.5529
2013-07-22,145738612.9638
2013-07-23,145911263.7506
2013-07-24,146756869.329
2013-07-25,147055219.1854
2013-07-26,146583580.6807
2013-07-29,146193066.4924
2013-07-30,146580632.8461
2013-07-31,146640053.9386
2013-08-01,149734492.2142
2013-08-02,149898938.3067
2013-08-05,149626406.9502
2013-08-06,148988038.7995
2013-08-07,147387861.1651
2013-08-08,147733408.2878
2013-08-09,147325917.4759
2013-08-12,146832333.9658
2013-08-13,148717260.0554
2013-08-14,147951419.3042
2013-08-15,146786053.1346
2013-08-16,147158909.3555
2013-08-19,146596529.3936
2013-08-20,146931042.4726
2013-08-21,146222775.4008
2013-08-22,147517233.1382
2013-08-23,147188368.0621
2013-08-26,145715032.8259
2013-08-27,142915039.4344
2013-08-28,143246506.0719
2013-08-29,143456044.4571
2013-08-30,143133121.4136
2013-09-03,144186835.3444
2013-09-04,146206311.8356
2013-09-05,147569951.6802
2013-09-06,146784024.6933
2013-09-09,148125700.6696
2013-09-10,149980228.6445
2013-09-11,149404845.3472
2013-09-12,149384803.1112
2013-09-13,149540282.735
2013-09-16,150256922.1387
2013-09-17,150500915.2182
2013-09-18,149552748.8268
2013-09-19,150159841.2754
2013-09-20,150067065.4439
2013-09-23,149050570.1447
2013-09-24,148374242.9279
2013-09-25,147808614.6277
2013-09-26,148774198.0963
2013-09-27,148246675.3015
2013-09-30,147700102.3273
2013-10-01,148945497.4249
2013-10-02,148514135.5079
2013-10-03,147526934.0653
2013-10-04,148049150.5333
2013-10-07,146005333.4575
2013-10-08,144249397.6543
2013-10-09,144893081.3369
2013-10-10,147858017.1836
2013-10-11,149212800.0566
2013-10-14,150263806.404
2013-10-15,149048579.6108
2013-10-16,149969980.7543
2013-10-17,150647917.5116
2013-10-18,151493430.6019
2013-10-21,151641677.9003
2013-10-22,152123463.7513
2013-10-23,151193859.3821
2013-10-24,152047830.3965
2013-10-25,152276569.5688
2013-10-28,152616107.3424
2013-10-29,153083129.5396
2013-10-30,152549400.3703
2013-10-31,151916817.0266
2013-11-01,152136873.2667
2013-11-04,152938538.4454
2013-11-05,152323384.3216
2013-11-06,153147486.3427
2013-11-07,150455137.4431
2013-11-08,153143696.7109
2013-11-11,153696570.5129
2013-11-12,153830245.3618
2013-11-13,154197845.6858
2013-11-14,154247576.9332
2013-11-15,155371699.5571
2013-11-18,154972246.0273
2013-11-19,155185647.4983
2013-11-20,155327720.8808
2013-11-21,156589321.6426
2013-11-22,157142608.0628
2013-11-25,156466123.9013
2013-11-26,156706294.8199
2013-11-27,157254164.7776
2013-11-29,157595698.0306
2013-12-02,157574888.2399
2013-12-03,156781878.2178
2013-12-04,156835936.3891
2013-12-05,157307174.324
2013-12-06,158937251.5908
2013-12-09,159162208.3301
2013-12-10,158105028.6978
2013-12-11,156481606.3256
2013-12-12,156656404.0068
2013-12-13,156125685.4622
2013-12-16,157572090.9685
2013-12-17,156886503.7913
2013-12-18,159811264.3354
2013-12-19,160087652.9964
2013-12-20,159766546.4223
2013-12-23,161781465.7519
2013-12-24,162530497.3694
2013-12-26,163522430.7497
2013-12-27,164410902.8923
2013-12-30,165469885.3715
2013-12-31,166497075.2596
2014-01-02,162427851.1918
2014-01-03,161052637.7379
2014-01-06,160129320.5685
2014-01-07,160900871.6611
2014-01-08,161366186.1486
2014-01-09,161488687.317
2014-01-10,160892623.1106
2014-01-13,158430278.4207
2014-01-14,160766967.802
2014-01-15,161671740.7728
2014-01-16,161492141.4103
2014-01-17,160369506.3703
2014-01-21,162063281.2519
2014-01-22,162371212.4453
2014-01-23,161677917.7693
2014-01-24,157097394.1839
2014-01-27,156727695.3195
2014-01-28,157430521.861
2014-01-29,155092557.1081
2014-01-30,156066559.7846
2014-01-31,153073641.3285
2014-02-03,148112777.8465
2014-02-04,147949953.157
2014-02-05,147377704.3111
2014-02-06,148255374.8181
2014-02-07,148779055.934
2014-02-10,148746100.2613
2014-02-11,149391844.088
2014-02-12,149386710.9061
2014-02-13,149311040.0774
2014-02-14,148551191.1858
2014-02-18,147830611.4508
2014-02-19,146991416.9664
2014-02-20,147200895.303
2014-02-21,147544932.8995
2014-02-24,147364982.4798
2014-02-25,147251714.7095
2014-02-26,148211338.4687
2014-02-27,148257090.6519
2014-02-28,147585618.5262
2014-03-03,144465822.8791
2014-03-04,146942466.721
2014-03-05,146876108.3304
2014-03-06,147743515.7256
2014-03-07,147905357.1807
2014-03-10,147536961.7943
2014-03-11,146933642.6804
2014-03-12,146428666.1082
2014-03-13,143953241.7544
2014-03-14,143545129.9873
2014-03-17,144868761.4814
2014-03-18,145712679.4644
2014-03-19,144943120.1931
2014-03-20,144687067.5327
2014-03-21,143647051.0307
2014-03-24,143336839.5552
2014-03-25,143931468.4139
2014-03-26,143175462.7615
2014-03-27,142856646.6885
2014-03-28,144113268.0305
2014-03-31,145297263.1159
2014-04-01,146428664.8442
2014-04-02,146509975.1881
2014-04-03,145596710.169
2014-04-04,144084183.9674
2014-04-07,143189570.2974
2014-04-08,143996673.3996
2014-04-09,146662740.2282
2014-04-10,143321711.2947
2014-04-11,141586029.3731
2014-04-14,142177498.7254
2014-04-15,142392061.6683
2014-04-16,143778320.4333
2014-04-17,144885053.5606
2014-04-21,145255749.1139
2014-04-22,146064079.0727
2014-04-23,145857455.4922
2014-04-24,145723018.9555
2014-04-25,144517228.899
2014-04-28,145462981.5357
2014-04-29,146261015.4828
2014-04-30,147100233.3885
2014-05-01,147026809.6434
2014-05-02,146376752.3863
2014-05-05,146462737.4638
2014-05-06,146045345.1964
2014-05-07,146937382.4734
2014-05-08,146000497.24
2014-05-09,144921641.5403
2014-05-12,146025347.0801
2014-05-13,145540874.3892
2014-05-14,144242679.3122
2014-05-15,143421542.7677
2014-05-16,143784246.6389
2014-05-19,144786447.4259
2014-05-20,144380978.9584
2014-05-21,145445867.1079
2014-05-22,145208272.6359
2014-05-23,144939682.5945
2014-05-27,145611749.3654
2014-05-28,144078790.0917
2014-05-29,144500363.9067
2014-05-30,145057992.1223
2014-06-02,144728390.9181
2014-06-03,143468056.1133
2014-06-04,143163515.5468
2014-06-05,145096010.8224
2014-06-06,146300351.5281
2014-06-09,145764370.315
2014-06-10,144467058.6233
2014-06-11,144222435.0697
2014-06-12,145249271.2688
2014-06-13,145595321.3059
2014-06-16,146115781.9765
2014-06-17,144775834.3926
2014-06-18,147888690.8963
2014-06-19,147605617.8008
2014-06-20,148436129.0131
2014-06-23,147910168.4707
2014-06-24,147754069.2983
2014-06-25,148836377.62
2014-06-26,149443814.6396
2014-06-27,150106931.4169
2014-06-30,150175585.6287
2014-07-01,150402853.4923
2014-07-02,149199925.7913
2014-07-03,148639107.391
2014-07-07,147234339.0484
2014-07-08,146808996.1737
2014-07-09,147764047.7067
2014-07-10,145958412.4816
2014-07-11,146084415.2334
2014-07-14,146531446.7924
2014-07-15,144193958.4216
2014-07-16,145165760.2429
2014-07-17,144740217.851
2014-07-18,145732132.686
2014-07-21,145705047.9987
2014-07-22,146272379.9641
2014-07-23,147600490.5746
2014-07-24,145889432.257
2014-07-25,146059954.1381
2014-07-28,145697314.4203
2014-07-29,144741231.0165
2014-07-30,142263965.5505
2014-07-31,137613645.3374
2014-08-01,137941081.0322
2014-08-04,139182485.8284
2014-08-05,136907612.9117
2014-08-06,137128329.0477
2014-08-07,136069389.7123
2014-08-08,137069859.8409
2014-08-11,138421703.154
2014-08-12,137846624.934
2014-08-13,139459355.3316
2014-08-14,141595003.8576
2014-08-15,142785469.9294
2014-08-18,143697956.8748
2014-08-19,143093605.105
2014-08-20,141629302.4944
2014-08-21,142805870.6205
2014-08-22,142070922.3091
2014-08-25,142835643.3189
2014-08-26,143009051.2383
2014-08-27,144371953.4548
2014-08-28,144154670.9865
2014-08-29,144053869.0622
2014-09-02,143217664.507
2014-09-03,143744387.4384
2014-09-04,141571274.9571
2014-09-05,141946506.4576
2014-09-08,139251865.0865
2014-09-09,137491172.2649
2014-09-10,138016261.3269
2014-09-11,137182737.2829
2014-09-12,135612699.049
2014-09-15,134880516.2702
2014-09-16,136128744.476
2014-09-17,134305298.8414
2014-09-18,136640457.8144
2014-09-19,136535093.2167
2014-09-22,135514191.3026
2014-09-23,134645862.1614
2014-09-24,134915109.7169
2014-09-25,131977698.1339
2014-09-26,131859986.7955
2014-09-29,130996389.9394
2014-09-30,131606870.9098
2014-10-01,131470542.7591
2014-10-02,129854070.1788
2014-10-03,133913880.5046
2014-10-06,132348214.4127
2014-10-07,131218391.8972
2014-10-08,133721207.3576
2014-10-09,130840213.1889
2014-10-10,130100484.6822
2014-10-13,128651368.5293
2014-10-14,131274054.7685
2014-10-15,129198165.0005
2014-10-16,128286522.1841
2014-10-17,130020421.2113
2014-10-20,130969041.2107
2014-10-21,133416108.0709
2014-10-22,133143725.4212
2014-10-23,133919241.4464
2014-10-24,134444912.1134
2014-10-27,133618083.133
2014-10-28,134514153.8274
2014-10-29,134951481.6282
2014-10-30,136780488.4469
2014-10-31,141270302.306
2014-11-03,142295001.1597
2014-11-04,141255781.4435
2014-11-05,142894310.9101
2014-11-06,143263724.9633
2014-11-07,143194974.1279
2014-11-10,143592509.3844
2014-11-11,142879936.0854
2014-11-12,144012031.7064
2014-11-13,144721322.7504
2014-11-14,143744589.6126
2014-11-17,143755126.3932
2014-11-18,143844156.0521
2014-11-19,143662150.89
2014-11-20,143811692.0682
2014-11-21,145627233.7737
2014-11-24,146027390.3868
2014-11-25,147071576.8039
2014-11-26,147180609.6306
2014-11-28,151147305.6711
2014-12-01,147191435.5741
2014-12-02,147984397.3787
2014-12-03,148792240.8265
2014-12-04,149240332.9653
2014-12-05,149382879.1008
2014-12-08,150070869.5954
2014-12-09,150203704.7045
2014-12-10,149901537.0074
2014-12-11,150997832.4793
2014-12-12,152476032.4455
2014-12-15,154245580.7514
2014-12-16,153475115.3985
2014-12-17,155666165.6288
2014-12-18,155074008.6404
2014-12-19,155905908.1084
2014-12-22,157216706.7885
2014-12-23,156176605.5905
2014-12-24,156510033.4692
2014-12-26,156339650.2688
2014-12-29,158663722.1128
2014-12-30,158055150.8512
2014-12-31,159097740.4412
2015-01-02,162516426.646
2015-01-05,164815290.5134
2015-01-06,166271654.6621
2015-01-07,166887205.9892
2015-01-08,166298030.433
2015-01-09,166110028.2597
2015-01-12,166823244.9327
2015-01-13,166418013.4621
2015-01-14,166783912.6991
2015-01-15,162896739.0006
2015-01-16,159775546.7215
2015-01-20,161618697.8815
2015-01-21,159145869.5521
2015-01-22,161474616.3359
2015-01-23,164670368.6915
2015-01-26,164484957.4839
2015-01-27,162766454.2105
2015-01-28,165762600.6692
2015-01-29,166858032.1194
2015-01-30,168152049.7641
2015-02-02,167159798.3241
2015-02-03,162534465.3131
2015-02-04,164773762.0222
2015-02-05,162216652.9457
2015-02-06,160886813.4995
2015-02-09,159853017.8602
2015-02-10,160735066.2711
2015-02-11,162000389.6764
2015-02-12,159876007.8769
2015-02-13,158652893.7755
2015-02-17,157077410.8547
2015-02-18,158900208.3098
2015-02-19,159315748.2707
2015-02-20,159705109.4851
2015-02-23,161154389.8037
2015-02-24,162424511.546
2015-02-25,161629388.68
2015-02-26,162768611.4785
2015-02-27,162833166.9865
2015-03-02,162014921.2714
2015-03-03,161608621.1068
2015-03-04,162062068.1676
2015-03-05,163268034.3195
2015-03-06,163386811.9941
2015-03-09,163917037.9157
2015-03-10,166442011.9977
2015-03-11,168642553.1409
2015-03-12,168253408.6289
2015-03-13,169832863.7489
2015-03-16,169468314.8676
2015-03-17,170621185.8156
2015-03-18,169465056.6203
2015-03-19,171281782.6786
2015-03-20,168623720.7454
2015-03-23,166789659.8963
2015-03-24,168065634.9834
2015-03-25,166354320.1225
2015-03-26,165231523.2007
2015-03-27,167355997.0509
2015-03-30,169600353.1487
2015-03-31,170908149.5069
2015-04-01,170739060.4673
2015-04-02,169639538.1389
2015-04-06,168904012.7508
2015-04-07,169836334.3724
2015-04-08,170798586.3875
2015-04-09,171479862.265
2015-04-10,171259708.8601
2015-04-13,172336081.6877
2015-04-14,171626406.1744
2015-04-15,170729298.5882
2015-04-16,169386072.8494
2015-04-17,169482992.2619
2015-04-20,170691536.3052
2015-04-21,170804835.364
2015-04-22,170185788.2933
2015-04-23,169246184.6216
2015-04-24,169346192.7686
2015-04-27,167938700.1319
2015-04-28,165360776.5465
2015-04-29,163464985.4207
2015-04-30,163285537.7185
2015-05-01,163967237.0103
2015-05-04,163526240.4168
2015-05-05,161363548.5997
2015-05-06,158860093.3703
2015-05-07,161209642.9456
2015-05-08,162394730.3494
2015-05-11,160045424.6264
2015-05-12,158571333.8878
2015-05-13,156754993.3985
2015-05-14,157234168.799
2015-05-15,158964306.3673
2015-05-18,159184059.6097
2015-05-19,160862790.7181
2015-05-20,161571172.2077
2015-05-21,161838690.5914
2015-05-22,163431611.7155
2015-05-26,166133995.7
2015-05-27,167477909.4
2015-05-28,167203582.3417
2015-05-29,166846556.0312
2015-06-01,166852883.0017
2015-06-02,163048789.7223
2015-06-03,162442518.7592
2015-06-04,164340284.935
2015-06-05,165030512.9288
2015-06-08,163471520.9151
2015-06-09,162384969.3944
2015-06-10,159930886.1895
2015-06-11,162202539.5786
2015-06-12,162363867.0199
2015-06-15,162521378.7475
2015-06-16,163222992.1388
2015-06-17,161925734.1063
2015-06-18,161253576.6936
2015-06-19,162840738.9482
2015-06-22,161404155.522
2015-06-23,161784707.4936
2015-06-24,162261671.0254
2015-06-25,161554696.1006
2015-06-26,161205416.837
2015-06-29,162644337.237
2015-06-30,162411557.0694
2015-07-01,163454818.0976
2015-07-02,163428016.4677
2015-07-06,166912551.9644
2015-07-07,169017215.6421
2015-07-08,169979248.1887
2015-07-09,168099818.6363
2015-07-10,165203453.3836
2015-07-13,166463470.6845
2015-07-14,166270867.2788
2015-07-15,168341174.5583
2015-07-16,168982178.1197
2015-07-17,170341789.7345
2015-07-20,171711665.726
2015-07-21,171406283.5865
2015-07-22,173202811.9316
2015-07-23,174302135.7487
2015-07-24,175311840.9171
2015-07-27,176361643.9783
2015-07-28,174806299.4784
2015-07-29,174364034.6036
2015-07-30,174929646.7149
2015-07-31,175612742.5267
2015-08-03,177472314.2909
2015-08-04,175914017.7926
2015-08-05,175846044.1786
2015-08-06,176047580.6827
2015-08-07,176127923.9142
2015-08-10,173716059.9069
2015-08-11,176179173.8176
2015-08-12,175214683.1824
2015-08-13,175575335.9537
2015-08-14,175978009.0304
2015-08-17,177611775.0711
2015-08-18,177841758.4616
2015-08-19,178126393.9368
2015-08-20,176853983.2495
2015-08-21,176831994.0727
2015-08-24,176685326.4958
2015-08-25,175601177.885
2015-08-26,178353262.1549
2015-08-27,177647859.3963
2015-08-28,177144278.4665
2015-08-31,175726295.3669
2015-09-01,177631882.7387
2015-09-02,177832594.9556
2015-09-03,178149934.4622
2015-09-04,179711441.9667
2015-09-08,177211777.0472
2015-09-09,177975048.36
2015-09-10,176532974.7368
2015-09-11,176932908.0816
2015-09-14,177314271.0211
2015-09-15,177381288.9647
2015-09-16,174673139.4222
2015-09-17,174429425.7182
2015-09-18,176505637.9917
2015-09-21,176894234.6263
2015-09-22,179977899.2323
2015-09-23,181281427.8673
2015-09-24,180438963.4159
2015-09-25,180439340.136
2015-09-28,182924624.0151
2015-09-29,182632144.181
2015-09-30,182220243.3266
2015-10-01,182626018.8328
2015-10-02,180647235.7995
2015-10-05,177449848.6664
2015-10-06,174917845.7455
2015-10-07,173107725.6778
2015-10-08,171281135.1944
2015-10-09,170291555.1394
2015-10-12,171205689.409
2015-10-13,172546313.4029
2015-10-14,171189033.9462
2015-10-15,170308116.6982
2015-10-16,170941436.3455
2015-10-19,172536972.1371
2015-10-20,171615275.9361
2015-10-21,173573390.0858
2015-10-22,173820124.4355
2015-10-23,173674491.9119
2015-10-26,174128430.2617
2015-10-27,175626532.7441
2015-10-28,175297895.1627
2015-10-29,175165339.583
2015-10-30,174708307.1345
2015-11-02,173736519.6452
2015-11-03,173020750.9542
2015-11-04,174665458.1303
2015-11-05,176337607.6583
2015-11-06,178402543.7308
2015-11-09,178708276.3958
2015-11-10,180055410.0693
2015-11-11,179316712.6358
2015-11-12,179402157.3406
2015-11-13,180898337.8964
2015-11-16,181077078.9626
2015-11-17,181639701.5993
2015-11-18,181756012.9611
2015-11-19,180214437.017
2015-11-20,180987877.8797
2015-11-23,181717175.8446
2015-11-24,180874496.1481
2015-11-25,181438275.7771
2015-11-27,183182201.4747
2015-11-30,183093390.4162
2015-12-01,182338422.4158
2015-12-02,184380030.2954
2015-12-03,179917287.6089
2015-12-04,180649229.2118
2015-12-07,184157439.0209
2015-12-08,185688705.0541
2015-12-09,183607270.2201
2015-12-10,184652537.0308
2015-12-11,186999158.1319
2015-12-14,187751180.537
2015-12-15,187574650.2726
2015-12-16,186408368.575
2015-12-17,189906079.2637
2015-12-18,188291532.9042
2015-12-21,187921110.4283
2015-12-22,187068623.3525
2015-12-23,184938333.6837
2015-12-24,184006350.328
2015-12-28,185597731.506
2015-12-29,184716377.6364
2015-12-30,185319593.2746
2015-12-31,186060868.2358
2016-01-04,187485912.0116
2016-01-05,188756247.7009
2016-01-06,190433114.0303
2016-01-07,191027427.1474
2016-01-08,192665090.0213
2016-01-11,194919975.1043
2016-01-12,194992136.9516
2016-01-13,195908840.0256
2016-01-14,196342348.7162
2016-01-15,199604621.4394
2016-01-19,199847947.9866
2016-01-20,200806520.5856
2016-01-21,199083404.876
2016-01-22,197369113.294
2016-01-25,198685959.0461
2016-01-26,195692960.6718
2016-01-27,195783627.0887
2016-01-28,194390133.2738
2016-01-29,195114758.9058
2016-02-01,194750395.601
2016-02-02,197358349.0867
2016-02-03,191515393.1193
2016-02-04,189828063.7196
2016-02-05,192312178.6247
2016-02-08,192991156.2274
2016-02-09,193746109.6506
2016-02-10,192170541.8841
2016-02-11,191532235.616
2016-02-12,190175107.2626
2016-02-16,192298013.0462
2016-02-17,189640283.2467
2016-02-18,188612081.4093
2016-02-19,188446028.7161
2016-02-22,187912983.9109
2016-02-23,188929609.6571
2016-02-24,189029578.3246
2016-02-25,187551917.2362
2016-02-26,189508470.1733
2016-02-29,188074335.2722
2016-03-01,186128313.2037
2016-03-02,184338188.6302
2016-03-03,181982610.7596
2016-03-04,179067053.1154
2016-03-07,178053564.668
2016-03-08,181187604.5244
2016-03-09,179072104.4936
2016-03-10,177972594.4581
2016-03-11,172869453.5919
2016-03-14,173980976.2553
2016-03-15,176473546.3241
2016-03-16,173308052.3682
2016-03-17,169886573.6981
2016-03-18,170286175.2253
2016-03-21,170108684.3528
2016-03-22,170352752.5138
2016-03-23,174140310.5883
2016-03-24,174880134.0581
2016-03-28,173939113.0929
2016-03-29,171926892.7486
2016-03-30,170883264.3272
2016-03-31,171714378.2923
2016-04-01,172914562.1452
2016-04-04,174200487.5638
2016-04-05,176711648.5606
2016-04-06,175191224.0801
2016-04-07,177729023.3315
2016-04-08,174907055.1841
2016-04-11,174281821.563
2016-04-12,171189557.5063
2016-04-13,169525921.0298
2016-04-14,168977156.315
2016-04-15,170419010.5483
2016-04-18,169374147.3112
2016-04-19,166760529.0518
2016-04-20,164563484.0183
2016-04-21,164979608.8064
2016-04-22,164057428.25
2016-04-25,164112912.527
2016-04-26,162557954.7642
2016-04-27,163212207.4837
2016-04-28,165777060.0807
2016-04-29,166283389.6602
2016-05-02,165901555.4419
2016-05-03,169620663.9383
2016-05-04,170763203.3934
2016-05-05,171813247.5346
2016-05-06,171293725.3524
2016-05-09,171582079.0582
2016-05-10,169493703.4089
2016-05-11,170229676.0764
2016-05-12,169151277.7395
2016-05-13,171280261.4726
2016-05-16,168811977.8166
2016-05-17,168909518.804
2016-05-18,166213930.0521
2016-05-19,167339289.8555
2016-05-20,166751953.6244
2016-05-23,167502496.6019
2016-05-24,164893210.5353
2016-05-25,163571915.1338
2016-05-26,164127704.093
2016-05-27,163210735.4529
2016-05-31,163940756.7843
2016-06-01,163846753.9755
2016-06-02,164550793.5582
2016-06-03,166123188.991
2016-06-06,164142139.7085
2016-06-07,163031565.2708
2016-06-08,162289840.4211
2016-06-09,163903849.4485
2016-06-10,167265720.4707
2016-06-13,169083947.1342
2016-06-14,169809409.995
2016-06-15,170600581.1936
2016-06-16,171709155.3878
2016-06-17,169399592.0014
2016-06-20,165920142.9672
2016-06-21,164644376.0503
2016-06-22,165346617.7214
2016-06-23,161580094.7773
2016-06-24,173621046.0989
2016-06-27,178235200.4569
2016-06-28,176208066.6415
2016-06-29,173252140.8959
2016-06-30,172918784.8358
2016-07-01,173648010.7546
2016-07-05,177235854.9698
2016-07-06,177891359.3053
2016-07-07,178949198.8104
2016-07-08,179244307.0198
2016-07-11,176629662.9178
2016-07-12,172916722.5653
2016-07-13,174348311.7186
2016-07-14,172144778.921
2016-07-15,171740394.8637
2016-07-18,171602884.3413
2016-07-19,173557719.9212
2016-07-20,172477028.6023
2016-07-21,173931579.2692
2016-07-22,173854426.8449
2016-07-25,173520939.3206
2016-07-26,173695032.0317
2016-07-27,175444422.5424
2016-07-28,175270058.9548
2016-07-29,175778801.9343
2016-08-01,175477911.5816
2016-08-02,175344932.355
2016-08-03,175128246.033
2016-08-04,176127607.0013
2016-08-05,173623160.6898
2016-08-08,173523425.0704
2016-08-09,174939252.812
2016-08-10,176339390.2279
2016-08-11,174240335.4851
2016-08-12,174899929.6372
2016-08-15,173695637.6423
2016-08-16,173365058.8673
2016-08-17,173922113.3919
2016-08-18,174241758.7032
2016-08-19,172968313.7027
2016-08-22,173686005.3559
2016-08-23,173745797.055
2016-08-24,173372074.4602
2016-08-25,173164966.0587
2016-08-26,172067892.0223
2016-08-29,173708669.3592
2016-08-30,172867765.9017
2016-08-31,173160248.7941
2016-09-01,173994809.7406
2016-09-02,174510836.1387
2016-09-06,177525783.0973
2016-09-07,177073384.383
2016-09-08,174181090.1755
2016-09-09,169060926.7542
2016-09-12,170641097.2008
2016-09-13,167277975.3067
2016-09-14,168129267.1212
2016-09-15,169797516.6795
2016-09-16,169598186.3279
2016-09-19,169895110.5585
2016-09-20,170253606.3031
2016-09-21,174118353.8756
2016-09-22,176053038.6899
2016-09-23,175563186.3528
2016-09-26,174729104.8173
2016-09-27,176421512.733
2016-09-28,176849193.3672
2016-09-29,175080095.5841
2016-09-30,175642088.0476
2016-10-03,174709549.2477
2016-10-04,171191684.6983
2016-10-05,170726076.608
2016-10-06,170016032.2099
2016-10-07,170161968.1867
2016-10-10,170719877.0203
2016-10-11,168350199.2268
2016-10-12,168634594.616
2016-10-13,168425444.2736
2016-10-14,167721999.1877
2016-10-17,168364275.7438
2016-10-18,170517455.7786
2016-10-19,171545854.158
2016-10-20,171018227.7848
2016-10-21,171083129.0698
2016-10-24,170590144.521
2016-10-25,170933707.6939
2016-10-26,169059236.996
2016-10-27,166923523.9321
2016-10-28,166707324.0982
2016-10-31,168083462.7224
2016-11-01,167327815.5677
2016-11-02,167257663.2612
2016-11-03,166521746.5575
2016-11-04,167060332.4236
2016-11-07,168853223.7083
2016-11-08,168685459.8787
2016-11-09,164597335.4702
2016-11-10,162561259.9797
2016-11-11,161069725.1046
2016-11-14,160326344.7615
2016-11-15,161800219.62
2016-11-16,162439602.9589
2016-11-17,161531900.8899
2016-11-18,160013373.7537
2016-11-21,160054965.4036
2016-11-22,161563443.7915
2016-11-23,160304117.0761
2016-11-25,160260585.2131
2016-11-28,161932349.1657
2016-11-29,162494240.4863
2016-11-30,159468670.0493
2016-12-01,156813254.9758
2016-12-02,158144132.64
2016-12-05,157873473.031
2016-12-06,158332256.4791
2016-12-07,159925184.1731
2016-12-08,160893757.271
2016-12-09,159969623.4041
2016-12-12,158795911.7246
2016-12-13,159389770.7502
2016-12-14,156390782.4912
2016-12-15,156333733.4298
2016-12-16,155437658.9771
2016-12-19,157032296.1968
2016-12-20,157531495.3571
2016-12-21,157523834.1674
2016-12-22,157552363.8965
2016-12-23,157785095.4079
2016-12-27,157648242.854
2016-12-28,158640863.368
2016-12-29,159397525.996
2016-12-30,158597742.7899
2017-01-03,160745745.9476
2017-01-04,161837555.7632
2017-01-05,163145511.1348
2017-01-06,162498676.542
2017-01-09,162929674.5093
2017-01-10,162852754.5746
2017-01-11,164284965.5183
2017-01-12,164099834.1128
2017-01-13,163661328.6531
2017-01-17,163614378.8596
2017-01-18,161981422.6987
2017-01-19,160409897.1399
2017-01-20,161322843.2429
2017-01-23,162155234.4548
2017-01-24,162531817.0559
2017-01-25,162268552.7616
2017-01-26,162831921.8366
2017-01-27,162933077.5484
2017-01-30,162084603.5024
2017-01-31,162497194.7755
2017-02-01,162341339.0826
2017-02-02,163119973.1959
2017-02-03,164102770.3126
2017-02-06,163985079.904
2017-02-07,163007150.2168
2017-02-08,163993498.9948
2017-02-09,164335543.5364
2017-02-10,165972600.3434
2017-02-13,165807671.4733
2017-02-14,165866134.4621
2017-02-15,167236654.6416
2017-02-16,167659262.7244
2017-02-17,167629205.9312
2017-02-21,168609900.3207
2017-02-22,168768565.1302
2017-02-23,169318028.9819
2017-02-24,168699482.1309
2017-02-27,167969075.8141
2017-02-28,167232453.1631
2017-03-01,169085373.309
2017-03-02,166374106.3348
2017-03-03,166539145.7455
2017-03-06,165742859.846
2017-03-07,164335997.4547
2017-03-08,162091155.4736
2017-03-09,160830451.642
2017-03-10,161382957.9026
2017-03-13,162302207.4175
2017-03-14,160926729.0927
2017-03-15,164624982.0242
2017-03-16,164524131.3597
2017-03-17,164821707.3871
2017-03-20,164870066.5497
2017-03-21,161151675.2699
2017-03-22,161562563.6206
2017-03-23,161536807.2454
2017-03-24,162191733.3702
2017-03-27,161791283.1349
2017-03-28,164200080.316
2017-03-29,165669933.4015
2017-03-30,166195948.907
2017-03-31,165926765.0745
2017-04-03,165245151.1854
2017-04-04,166050048.2064
2017-04-05,164883147.3552
2017-04-06,165408252.3682
2017-04-07,165870411.5119
2017-04-10,165890933.9615
2017-04-11,166100944.6128
2017-04-12,165313255.6827
2017-04-13,164328329.0706
2017-04-17,165705028.0964
2017-04-18,162697618.4009
2017-04-19,161551222.1787
2017-04-20,163502924.0387
2017-04-21,163070308.1731
2017-04-24,166040888.147
2017-04-25,166622541.2556
2017-04-26,165753285.9203
2017-04-27,165168580.6058
2017-04-28,164184317.1331
2017-05-01,164877376.8197
2017-05-02,164999023.0631
2017-05-03,165250790.9412
2017-05-04,164799398.2392
2017-05-05,166425696.5291
2017-05-08,166788288.0741
2017-05-09,168099927.8291
2017-05-10,168890287.6337
2017-05-11,168388549.3047
2017-05-12,167560790.6739
2017-05-15,168284848.3054
2017-05-16,167789130.4871
2017-05-17,162608320.0053
2017-05-18,164036734.2826
2017-05-19,164741840.3677
2017-05-22,165227550.9255
2017-05-23,166167771.3598
2017-05-24,166156760.85
2017-05-25,166697770.7496
2017-05-26,166670976.193
2017-05-30,165968789.4813
2017-05-31,165429708.6708
2017-06-01,167510780.7013
2017-06-02,170328938.8831
2017-06-05,169705831.6263
2017-06-06,169288559.0603
2017-06-07,169371119.925
2017-06-08,169463342.8995
2017-06-09,168178875.4887
2017-06-12,167933140.875
2017-06-13,169422305.1643
2017-06-14,169855225.0789
2017-06-15,167916287.7376
2017-06-16,168504883.7451
2017-06-19,170317879.5259
2017-06-20,168655611.4701
2017-06-21,168845696.303
2017-06-22,169964635.5302
2017-06-23,170862865.3727
2017-06-26,171028140.9529
2017-06-27,168803051.1381
2017-06-28,171378655.1227
2017-06-29,168151783.0215
2017-06-30,167122857.1208
2017-07-03,165893559.0349
2017-07-05,166072105.5255
2017-07-06,165252271.2525
2017-07-07,167420657.7801
2017-07-10,167459307.8633
2017-07-11,167541357.278
2017-07-12,168947697.0826
2017-07-13,170153484.8204
2017-07-14,171236751.1309
2017-07-17,170613497.7011
2017-07-18,171091212.2569
2017-07-19,171745743.9249
2017-07-20,173196008.6704
2017-07-21,172310026.9783
2017-07-24,172453014.7022
2017-07-25,173846307.4507
2017-07-26,173698602.7641
2017-07-27,172043111.6195
2017-07-28,171094690.8718
2017-07-31,171278915.7591
2017-08-01,172235868.0459
2017-08-02,172736775.3576
2017-08-03,171118905.664
2017-08-04,172585225.7328
2017-08-07,172810637.5344
2017-08-08,171377104.3426
2017-08-09,169161740.6892
2017-08-10,163834871.2785
2017-08-11,163872716.0745
2017-08-14,167026260.0105
2017-08-15,167988390.4735
2017-08-16,168478377.3927
2017-08-17,164060400.3532
2017-08-18,165710928.1545
2017-08-21,165191858.1151
2017-08-22,167808662.8611
2017-08-23,167270741.2073
2017-08-24,167548444.0385
2017-08-25,168348919.1179
2017-08-28,167512650.3306
2017-08-29,166830593.6757
2017-08-30,166945734.1539
2017-08-31,168676173.0985
2017-09-01,170020604.5744
2017-09-05,167373192.6074
2017-09-06,168780108.7955
2017-09-07,170220163.9541
2017-09-08,169485346.766
2017-09-11,171952707.71
2017-09-12,172919764.3029
2017-09-13,171812235.0516
2017-09-14,171792342.2771
2017-09-15,172123501.1106
2017-09-18,173036530.1026
2017-09-19,174502572.8722
2017-09-20,173909516.512
2017-09-21,173184714.8052
2017-09-22,173704187.7642
2017-09-25,172303638.1908
2017-09-26,171848527.2576
2017-09-27,172377836.3041
2017-09-28,173226193.0386
2017-09-29,174737632.7934
2017-10-02,174816684.8701
2017-10-03,175963598.4846
2017-10-04,175439240.2363
2017-10-05,175865017.8907
2017-10-06,175474471.386
2017-10-09,175198087.7774
2017-10-10,176783374.6712
2017-10-11,177352432.8351
2017-10-12,177018237.7963
2017-10-13,177506326.1525
2017-10-16,178251161.2328
2017-10-17,178247610.5188
2017-10-18,179845981.1039
2017-10-19,178470598.4046
2017-10-20,180088805.4257
2017-10-23,178680471.6477
2017-10-24,179897678.2906
2017-10-25,178835551.4037
2017-10-26,178301440.5183
2017-10-27,179035956.7228
2017-10-30,178296157.2754
2017-10-31,179681658.2723
2017-11-01,179716579.9777
2017-11-02,179828815.9304
2017-11-03,180327880.6686
2017-11-06,181255701.9528
2017-11-07,180095749.2158
2017-11-08,180718505.5986
2017-11-09,179109029.9003
2017-11-10,179410786.3071
2017-11-13,178040635.3912
2017-11-14,176669134.0625
2017-11-15,174791815.6127
2017-11-16,178683860.3725
2017-11-17,177803236.3514
2017-11-20,179196498.6634
2017-11-21,182076319.1248
2017-11-22,182345118.095
2017-11-24,184600979.6731
2017-11-27,182297057.3232
2017-11-28,184289410.3887
2017-11-29,183288509.7044
2017-11-30,185357226.1204
2017-12-01,184154807.7297
2017-12-04,182124563.2984
2017-12-05,182012745.5497
2017-12-06,180704299.5032
2017-12-07,180716005.8081
2017-12-08,181818662.6396
2017-12-11,182941760.4589
2017-12-12,182783063.7526
2017-12-13,186244383.1107
2017-12-14,185459045.876
2017-12-15,185674284.4235
2017-12-18,188389106.5543
2017-12-19,186070921.6443
2017-12-20,184885766.8869
2017-12-21,187036974.0157
2017-12-22,188007439.394
2017-12-26,188920282.9115
2017-12-27,191340246.7032
2017-12-28,192775370.9396
2017-12-29,193985337.8935
2018-01-02,196447513.6945
2018-01-03,198576480.5804
2018-01-04,201839351.4711
2018-01-05,203217134.3806
2018-01-08,202466694.3093
2018-01-09,200412251.6229
2018-01-10,200309133.9279
2018-01-11,204358144.778
2018-01-12,209950325.615
2018-01-16,210861635.6148
2018-01-17,211654708.7156
2018-01-18,210361151.201
2018-01-19,210982703.3601
2018-01-22,213700116.2095
2018-01-23,217280210.8219
2018-01-24,220807805.8106
2018-01-25,219950564.0179
2018-01-26,223891672.7134
2018-01-29,218549607.9532
2018-01-30,214052726.397
2018-01-31,215736676.1194
2018-02-01,214495172.8426
2018-02-02,203789000.1409
2018-02-05,189116871.2521
2018-02-06,194126301.8578
2018-02-07,187567799.9834
2018-02-08,176783659.28
2018-02-09,177301277.8649
2018-02-12,183303892.534
2018-02-13,184592361.03
2018-02-14,192909940.2249
2018-02-15,198673553.9513
2018-02-16,198751840.5165
2018-02-20,194056360.0038
2018-02-21,189902586.1523
2018-02-22,192391916.4868
2018-02-23,197557528.9375
2018-02-26,200937437.8281
2018-02-27,193806537.9773
2018-02-28,189092711.5578
2018-03-01,184099605.8088
2018-03-02,186826966.1726
2018-03-05,188139847.7711
2018-03-06,190065689.3698
2018-03-07,189927916.6224
2018-03-08,188180907.4952
2018-03-09,191812722.5446
2018-03-12,191952096.4549
2018-03-13,189963171.751
2018-03-14,189772988.4211
2018-03-15,188635061.5117
2018-03-16,189146300.0697
2018-03-19,188236381.4608
2018-03-20,188473779.68
2018-03-21,191178126.7807
2018-03-22,185607173.0181
2018-03-23,183805234.7699
2018-03-26,189056639.2473
2018-03-27,184567571.158
2018-03-28,182658322.5946
2018-03-29,184672202.3746
2018-04-02,180950829.3561
2018-04-03,182431764.5003
2018-04-04,184119785.6858
2018-04-05,183989203.8804
2018-04-06,182236567.0579
2018-04-09,184220562.8614
2018-04-10,188234219.2675
2018-04-11,188270683.6238
2018-04-12,188589107.6655
2018-04-13,188543174.3509
2018-04-16,189872793.5361
2018-04-17,190662333.2373
2018-04-18,191094204.9422
2018-04-19,188499721.6301
2018-04-20,186252466.6469
2018-04-23,185026283.4485
2018-04-24,183464425.4391
2018-04-25,182050451.062
2018-04-26,183150335.4843
2018-04-27,183142147.1748
2018-04-30,181626024.1333
2018-05-01,179828653.2419
2018-05-02,179238362.1743
2018-05-03,179350715.0239
2018-05-04,180977404.8134
2018-05-07,181615226.6047
2018-05-08,181228612.3797
2018-05-09,183357842.2931
2018-05-10,184730819.6831
2018-05-11,184771612.8499
2018-05-14,185901669.6052
2018-05-15,185300635.5652
2018-05-16,186743750.7217
2018-05-17,187366060.1277
2018-05-18,184642657.4265
2018-05-21,186108954.9429
2018-05-22,185473889.657
2018-05-23,182699321.991
2018-05-24,181239365.3506
2018-05-25,177649084.2967
2018-05-29,170457482.5427
2018-05-30,175998262.0957
2018-05-31,175087579.4581
2018-06-01,176821608.6355
2018-06-04,178892734.9482
2018-06-05,178945668.4242
2018-06-06,181876410.3051
2018-06-07,179971423.8667
2018-06-08,180493977.5381
2018-06-11,181546175.3241
2018-06-12,180522381.5005
2018-06-13,181167308.37
2018-06-14,178880783.4825
2018-06-15,177019300.1407
2018-06-18,176710858.99
2018-06-19,174386554.6273
2018-06-20,176034430.4964
2018-06-21,174407480.2768
2018-06-22,176619514.1481
2018-06-25,173525848.3095
2018-06-26,173613516.7691
2018-06-27,170409895.9545
2018-06-28,171432890.0304
2018-06-29,173245175.8656
2018-07-02,171708038.5284
2018-07-03,170570237.9878
2018-07-05,171402152.2394
2018-07-06,172260201.1623
2018-07-09,174369458.5976
2018-07-10,174740708.5611
2018-07-11,172212397.8364
2018-07-12,173381246.7903
2018-07-13,173705709.4704
2018-07-16,172878919.7598
2018-07-17,174306330.6432
2018-07-18,174762751.555
2018-07-19,174149275.1572
2018-07-20,174404031.5376
2018-07-23,175486808.6407
2018-07-24,175614023.4433
2018-07-25,176601130.4233
2018-07-26,176728640.6028
2018-07-27,175873240.137
2018-07-30,175737810.3619
2018-07-31,175707005.9872
2018-08-01,175437448.562
2018-08-02,176135101.3105
2018-08-03,175190419.4325
2018-08-06,175514605.5072
2018-08-07,176814804.038
2018-08-08,175970356.6467
2018-08-09,175673664.23
2018-08-10,173330003.2879
2018-08-13,173336225.357
2018-08-14,174942065.2189
2018-08-15,171813814.639
2018-08-16,172872351.8569
2018-08-17,172490908.0005
2018-08-20,171593760.0023
2018-08-21,171859438.0156
2018-08-22,172216068.2055
2018-08-23,173042598.0155
2018-08-24,172510380.3679
2018-08-27,174375392.541
2018-08-28,175692420.1326
2018-08-29,176403082.5062
2018-08-30,174792153.3809
2018-08-31,174925522.0022
2018-09-04,175012524.2263
2018-09-05,173746161.7223
2018-09-06,171742352.0052
2018-09-07,173569439.9121
2018-09-10,173443631.74
2018-09-11,175886920.3932
2018-09-12,174849347.9255
2018-09-13,174528706.5845
2018-09-14,176602822.0951
2018-09-17,175277984.6338
2018-09-18,178574481.6821
2018-09-19,179113904.487
2018-09-20,177809657.1705
2018-09-21,178607125.6596
2018-09-24,179751874.7131
2018-09-25,179902898.4
2018-09-26,178838067.9183
2018-09-27,181120252.2317
2018-09-28,181660494.4284
2018-10-01,183869475.5753
2018-10-02,181657401.4699
2018-10-03,185929229.6176
2018-10-04,185117271.9237
2018-10-05,184446271.2866
2018-10-08,184518292.5803
2018-10-09,183012707.4527
2018-10-10,178052494.0035
2018-10-11,171605026.6405
2018-10-12,173738805.3441
2018-10-15,172330742.7607
2018-10-16,175335027.0745
2018-10-17,176763667.4116
2018-10-18,174629347.3831
2018-10-19,175439683.9682
2018-10-22,175905320.9165
2018-10-23,172483880.3492
2018-10-24,166991760.8373
2018-10-25,170789998.8191
2018-10-26,166379975.3656
2018-10-29,166722757.1435
2018-10-30,170843068.7132
2018-10-31,173158740.6133
2018-11-01,170881300.745
2018-11-02,172656079.9998
2018-11-05,171935742.6325
2018-11-06,171476099.3787
2018-11-07,169781547.4752
2018-11-08,172661937.2201
2018-11-09,173277314.9668
2018-11-12,175028843.3419
2018-11-13,172980501.863
2018-11-14,171687550.6396
2018-11-15,171787144.9444
2018-11-16,169072305.741
2018-11-19,168804998.3166
2018-11-20,170821591.9493
2018-11-21,168861168.9003
2018-11-23,169805066.0264
2018-11-26,169564144.1996
2018-11-27,170786262.4075
2018-11-28,167230700.9487
2018-11-29,167106546.4699
2018-11-30,168344639.8769
2018-12-03,166380617.1124
2018-12-04,167074664.7685
2018-12-06,167594534.0771
2018-12-07,166455069.2755
2018-12-10,169099781.0207
2018-12-11,169758426.6346
2018-12-12,167803886.1917
2018-12-13,167157083.8293
2018-12-14,169637131.0381
2018-12-17,169133384.9651
2018-12-18,168423189.7045
2018-12-19,169284898.2969
2018-12-20,168960000.4462
2018-12-21,172330506.0216
2018-12-24,171387470.6735
2018-12-26,170375164.6493
2018-12-27,169027879.0593
2018-12-28,165491680.0173
2018-12-31,163785524.8274
2019-01-02,164026983.8544
2019-01-03,162714983.3239
2019-01-04,158839097.6015
2019-01-07,157115029.892
2019-01-08,156148001.3407
2019-01-09,152181808.3402
2019-01-10,153348722.7345
2019-01-11,152935899.1255
2019-01-14,154445822.3939
2019-01-15,153662100.6866
2019-01-16,153093837.6564
2019-01-17,152111158.4331
2019-01-18,151726670.5682
2019-01-22,153793516.9699
2019-01-23,152605577.7841
2019-01-24,151839597.287
2019-01-25,148642756.9975
2019-01-28,149955436.5447
2019-01-29,148875204.462
2019-01-30,144352692.2284
2019-01-31,142249881.3775
2019-02-01,143561794.3219
2019-02-04,143502028.2162
2019-02-05,143250916.8992
2019-02-06,145041957.7019
2019-02-07,146929088.0734
2019-02-08,147563016.6405
2019-02-11,148716737.6577
2019-02-12,146713948.3366
2019-02-13,147232536.3669
2019-02-14,147324751.3966
2019-02-15,144795130.6016
2019-02-19,143309271.7686
2019-02-20,142982761.0026
2019-02-21,143640980.9874
2019-02-22,142828284.5501
2019-02-25,142869967.1856
2019-02-26,142186161.4345
2019-02-27,142467672.2776
2019-02-28,143354344.6644
2019-03-01,144020091.0152
2019-03-04,144779180.884
2019-03-05,144719361.5569
2019-03-06,145403132.3788
2019-03-07,147993075.4756
2019-03-08,147280105.6955
2019-03-11,147042502.0358
2019-03-12,147108040.1748
2019-03-13,145438424.6679
2019-03-14,146065110.0582
2019-03-15,145236301.9487
2019-03-18,144566320.9254
2019-03-19,144167371.0347
2019-03-20,143989367.1366
2019-03-21,145258599.1734
2019-03-22,147487851.6445
2019-03-25,147435007.8249
2019-03-26,147996028.6403
2019-03-27,149511947.1454
2019-03-28,151132606.7072
2019-03-29,150794565.4184
2019-04-01,148819744.5181
2019-04-02,149098759.4691
2019-04-03,147327018.7358
2019-04-04,147743347.9004
2019-04-05,148312082.8876
2019-04-08,147302086.4996
2019-04-09,147711814.0165
2019-04-10,148496949.4073
2019-04-11,149352296.4839
2019-04-12,147998732.1196
2019-04-15,148136506.5593
2019-04-16,148044284.7966
2019-04-17,148103942.0942
2019-04-18,149313841.5883
2019-04-22,148823453.0244
2019-04-23,150756038.8505
2019-04-24,153267743.3196
2019-04-25,153358211.5129
2019-04-26,154245745.5433
2019-04-29,153218859.4946
2019-04-30,152959608.4899
2019-05-01,153344938.685
2019-05-02,153072677.2009
2019-05-03,152603861.6071
2019-05-06,154041483.2782
2019-05-07,155164180.5285
2019-05-08,154861342.7586
2019-05-09,155367407.6136
2019-05-10,155296194.5718
2019-05-13,156010501.3832
2019-05-14,155689330.4618
2019-05-15,156790822.267
2019-05-16,156982373.2602
2019-05-17,158291177.9521
2019-05-20,157313385.8202
2019-05-21,157950674.0659
2019-05-22,159275929.7729
2019-05-23,160170155.4751
2019-05-24,158687103.4818
2019-05-28,160142997.8496
2019-05-29,160616133.8053
2019-05-30,161571965.4496
2019-05-31,162804298.8875
2019-06-03,161996838.9603
2019-06-04,160405644.5806
2019-06-05,162295837.604
2019-06-06,160977451.9133
2019-06-07,160930030.2337
2019-06-10,160348107.3075
2019-06-11,159904860.5813
2019-06-12,161905123.3717
2019-06-13,162076255.0188
2019-06-14,163708274.0718
2019-06-17,163502449.7724
2019-06-18,163387474.364
2019-06-19,163766297.0441
2019-06-20,161045900.3793
2019-06-21,159098742.2076
2019-06-24,159022523.4206
2019-06-25,159382379.9725
2019-06-26,158484350.1565
2019-06-27,159573990.8604
2019-06-28,159392860.5306
2019-07-01,161117350.8559
2019-07-02,162849770.4063
2019-07-03,163225959.1461
2019-07-05,162937635.8467
2019-07-08,163024432.8698
2019-07-09,163416902.4551
2019-07-10,162712632.7418
2019-07-11,160986147.7384
2019-07-12,160397709.9967
2019-07-15,161627987.0445
2019-07-16,162252567.3523
2019-07-17,163649276.9929
2019-07-18,163224162.751
2019-07-19,162887266.358
2019-07-22,163632667.1006
2019-07-23,163656152.5726
2019-07-24,164305661.3215
2019-07-25,165045645.1954
2019-07-26,165784830.6424
2019-07-29,165946666.7905
2019-07-30,166680913.9994
2019-07-31,168553420.4235
2019-08-01,172416590.9641
2019-08-02,172653590.5897
2019-08-05,175465229.1985
2019-08-06,177346707.0245
2019-08-07,177948729.3554
2019-08-08,177559561.3312
2019-08-09,177015129.85
2019-08-12,180398552.9587
2019-08-13,179561133.169
2019-08-14,184050135.2477
2019-08-15,186465193.5853
2019-08-16,185102211.1366
2019-08-19,183335435.737
2019-08-20,184747852.1775
2019-08-21,184095684.0469
2019-08-22,183141061.4119
2019-08-23,185918366.147
2019-08-26,186233340.6829
2019-08-27,188387950.2869
2019-08-28,189028831.0786
2019-08-29,188329958.5374
2019-08-30,188954825.3331
2019-09-03,190687390.3664
2019-09-04,187571255.827
2019-09-05,182475866.9465
2019-09-06,182242295.0781
2019-09-09,178837558.9673
2019-09-10,175484570.4995
2019-09-11,175035710.1537
2019-09-12,173097981.5625
2019-09-13,168209412.8125
2019-09-16,170050526.1316
2019-09-17,170493684.1468
2019-09-18,171617107.9037
2019-09-19,171417794.5214
2019-09-20,174961457.3087
2019-09-23,176213549.137
2019-09-24,178109637.5114
2019-09-25,176563206.6569
2019-09-26,177389599.3864
2019-09-27,177878633.7511
2019-09-30,178222353.0342
2019-10-01,180615859.8864
2019-10-02,182163697.3796
2019-10-03,183193965.3994
2019-10-04,183512330.6841
2019-10-07,182818544.7753
2019-10-08,183782155.9739
2019-10-09,182973536.8706
2019-10-10,179637559.7428
2019-10-11,175368114.2773
2019-10-14,177248307.9562
2019-10-15,174590334.2023
2019-10-16,174426108.7162
2019-10-17,173095347.3839
2019-10-18,172486236.1533
2019-10-21,171365369.2785
2019-10-22,172486508.0899
2019-10-23,171869970.8851
2019-10-24,173106665.3381
2019-10-25,173133139.6993
2019-10-28,171266622.713
2019-10-29,170772301.4399
2019-10-30,171035524.7868
2019-10-31,173020277.8998
2019-11-01,171766592.6792
2019-11-04,172210983.7786
2019-11-05,170553599.9918
2019-11-06,171833799.3162
2019-11-07,170368180.2652
2019-11-08,170099284.4698
2019-11-11,169833485.1011
2019-11-12,170158534.9958
2019-11-13,170266120.7563
2019-11-14,171604513.3166
2019-11-15,171964852.896
2019-11-18,172605929.3198
2019-11-19,173515601.8488
2019-11-20,172883577.22
2019-11-21,171908765.4219
2019-11-22,173170876.8772
2019-11-25,174797959.677
2019-11-26,175532042.8246
2019-11-27,176009164.1217
2019-11-29,175037222.8902
2019-12-02,172058633.1681
2019-12-03,172898281.754
2019-12-04,173435326.167
2019-12-05,172553005.2478
2019-12-06,173811239.4544
2019-12-09,173047307.3853
2019-12-10,172486212.3098
2019-12-11,174228971.5529
2019-12-12,173620992.3169
2019-12-13,176076950.6253
2019-12-16,176468346.5957
2019-12-17,177032469.1863
2019-12-18,176907913.7209
2019-12-19,177503902.2369
2019-12-20,178127822.1917
2019-12-23,178553052.3699
2019-12-24,179008276.7386
2019-12-26,180154482.5598
2019-12-27,179104021.3176
2019-12-30,177667544.0349
2019-12-31,177038576.0911
2020-01-02,181536868.6668
2020-01-03,181676217.1196
2020-01-06,182165082.0022
2020-01-07,182221918.6548
2020-01-08,182326462.2592
2020-01-09,183643471.1017
2020-01-10,183581957.8167
2020-01-13,184214704.3588
2020-01-14,184606166.0063
2020-01-15,185024932.9844
2020-01-16,186908104.3773
2020-01-17,187544826.3946
2020-01-21,186919092.382
2020-01-22,187331040.4751
2020-01-23,187471044.6182
2020-01-24,187144496.6405
2020-01-27,183845407.0889
2020-01-28,185469521.2815
2020-01-29,186727759.9457
2020-01-30,186687859.5505
2020-01-31,183144342.7787
2020-02-03,183255943.5941
2020-02-04,185001693.2765
2020-02-05,186525502.0085
2020-02-06,188222752.7683
2020-02-07,188649566.6111
2020-02-10,190682093.6464
2020-02-11,190163949.8542
2020-02-12,190644342.5322
2020-02-13,190523201.5593
2020-02-14,191141785.8185
2020-02-18,191897457.5495
2020-02-19,193751233.3259
2020-02-20,195395899.952
2020-02-21,193914372.6659
2020-02-24,189563259.0589
2020-02-25,184347209.5986
2020-02-26,184519095.4945
2020-02-27,176887553.8312
2020-02-28,176537300.9612
2020-03-02,179152492.8127
2020-03-03,183893518.4459
2020-03-04,182152942.8006
2020-03-05,187293713.2325
2020-03-06,192701683.076
2020-03-09,203740469.1148
2020-03-10,192464512.5459
2020-03-11,192157444.5257
2020-03-12,196954461.7125
2020-03-13,196405708.5383
2020-03-16,207532492.814
2020-03-17,198707735.9539
2020-03-18,197718735.4765
2020-03-19,196477844.6201
2020-03-20,203262475.4314
2020-03-23,213243549.736
2020-03-24,206826103.1469
2020-03-25,207287352.2722
2020-03-26,206092465.5847
2020-03-27,210604354.8932
2020-03-30,209614519.0988
2020-03-31,207816497.3485
2020-04-01,212877705.208
2020-04-02,211521671.048
2020-04-03,213002162.5064
2020-04-06,209510401.2213
2020-04-07,208338273.027
2020-04-08,206910442.1635
2020-04-09,205706561.4606
2020-04-13,206333777.3615
2020-04-14,205355572.2428
2020-04-15,209281805.7058
2020-04-16,209788827.992
2020-04-17,207264320.6414
2020-04-20,209285833.8415
2020-04-21,212927852.0612
2020-04-22,211948969.3146
2020-04-23,211702294.7469
2020-04-24,211758396.5846
2020-04-27,210171717.8936
2020-04-28,209913722.5706
2020-04-29,207266159.1073
2020-04-30,207319935.5279
2020-05-01,209800784.5704
2020-05-04,209972179.9721
2020-05-05,208921333.2751
2020-05-06,209677457.2978
2020-05-07,208982143.2001
2020-05-08,206615563.5018
2020-05-11,206742832.7341
2020-05-12,208325750.3331
2020-05-13,209897249.724
2020-05-14,210056458.4012
2020-05-15,209895024.1824
2020-05-18,205082310.0336
2020-05-19,205691339.8573
2020-05-20,204259991.9028
2020-05-21,204776710.4574
2020-05-22,205738630.902
2020-05-26,202307386.4125
2020-05-27,201839046.017
2020-05-28,201410985.8195
2020-05-29,201288840.9112
2020-06-01,198741924.0578
2020-06-02,197741404.2117
2020-06-03,195269193.5039
2020-06-04,194596851.7388
2020-06-05,192923983.0955
2020-06-08,192708700.1768
2020-06-09,193678224.6131
2020-06-10,194814735.8715
2020-06-11,197849398.8191
2020-06-12,197325357.3879
2020-06-15,196809494.1103
2020-06-16,196565554.9146
2020-06-17,196955475.1918
2020-06-18,197752454.2402
2020-06-19,198214758.6041
2020-06-22,197195675.2908
2020-06-23,196902381.8913
2020-06-24,198443032.8748
2020-06-25,198297810.2673
2020-06-26,199765160.3499
2020-06-29,198933470.0913
2020-06-30,198799094.3945
2020-07-01,197927748.2578
2020-07-02,197770167.8475
2020-07-06,197012176.1327
2020-07-07,198262020.4193
2020-07-08,197206457.5547
2020-07-09,198552802.7433
2020-07-10,197908584.41
2020-07-13,198763436.014
2020-07-14,198352535.0397
2020-07-15,196795384.551
2020-07-16,197318429.1884
2020-07-17,197108285.2869
2020-07-20,197424340.5019
2020-07-21,196891116.8885
2020-07-22,197590054.5879
2020-07-23,198075292.2178
2020-07-24,197902297.4299
2020-07-27,197287022.5934
2020-07-28,198046050.27
2020-07-29,197167651.1296
2020-07-30,197048109.8504
2020-07-31,198586985.4555
2020-08-03,198210980.8591
2020-08-04,200117855.7062
2020-08-05,200426595.64
2020-08-06,201887806.572
2020-08-07,200039670.8396
2020-08-10,199396699.0378
2020-08-11,196317015.9713
2020-08-12,196174862.363
2020-08-13,196476031.9586
2020-08-14,196566557.9312
2020-08-17,197968765.5084
2020-08-18,199854379.0993
2020-08-19,196804878.4572
2020-08-20,198537417.6675
2020-08-21,198003412.4662
2020-08-24,197660664.4
2020-08-25,197715947.6117
2020-08-26,198796491.3199
2020-08-27,197189085.1167
2020-08-28,199582242.5075
2020-08-31,200412028.2854
2020-09-01,200777902.4446
2020-09-02,201204906.0154
2020-09-03,199122639.186
2020-09-04,197827339.6203
2020-09-08,195815124.3617
2020-09-09,197725704.4735
2020-09-10,196733513.401
2020-09-11,197140489.7323
2020-09-14,198459871.6811
2020-09-15,198503122.9676
2020-09-16,197542074.5643
2020-09-17,197219960.3005
2020-09-18,196065768.2537
2020-09-21,194050284.8885
2020-09-22,193793616.0044
2020-09-23,191193930.8732
2020-09-24,191264164.785
2020-09-25,191287429.529
2020-09-28,193586593.6787
2020-09-29,194966304.0327
2020-09-30,194041212.2004
2020-10-01,195658478.0705
2020-10-02,194997612.3724
2020-10-05,194125900.2295
2020-10-06,193317187.2045
2020-10-07,192680798.6487
2020-10-08,192960032.0138
2020-10-09,194995073.1058
2020-10-12,196428372.9063
2020-10-13,195012305.5697
2020-10-14,195302674.7362
2020-10-15,194024396.5601
2020-10-16,194003417.0097
2020-10-19,194020966.3701
2020-10-20,194025008.0339
2020-10-21,195824855.6036
2020-10-22,193901957.709
2020-10-23,194818647.7668
2020-10-26,194644054.0443
2020-10-27,195832117.4396
2020-10-28,194894952.3888
2020-10-29,194008445.6966
2020-10-30,192945800.5857
2020-11-02,193093559.4962
2020-11-03,192744799.4131
2020-11-04,195181609.6421
2020-11-05,196964107.9807
2020-11-06,196824309.469
2020-11-09,190458995.2203
2020-11-10,187897497.7866
2020-11-11,187896428.8434
2020-11-12,190163517.5978
2020-11-13,190690907.04
2020-11-16,190368187.3871
2020-11-17,190390285.2382
2020-11-18,190136908.9183
2020-11-19,190781253.241
2020-11-20,190992740.2098
2020-11-23,189291043.9805
2020-11-24,188282246.1014
2020-11-25,188454739.7929
2020-11-27,189650049.3553
2020-11-30,189634783.73
2020-12-01,190419638.8182
2020-12-02,190521794.8182
2020-12-03,192659318.5307
2020-12-04,192394137.989
2020-12-07,192959395.5119
2020-12-08,193383807.6179
2020-12-09,192047334.1577
2020-12-10,193514280.3678
2020-12-11,193204624.297
2020-12-14,193419420.0355
2020-12-15,195551733.1781
2020-12-16,196062336.8714
2020-12-17,197779726.9739
2020-12-18,196721820.1085
2020-12-21,195758666.8919
2020-12-22,194844003.4832
2020-12-23,195959399.1035
2020-12-24,196053226.5885
2020-12-28,196898093.3404
2020-12-29,197671297.1904
2020-12-30,199268195.1836
2020-12-31,198727021.9338
2021-01-04,198847797.4684
2021-01-05,200033863.2843
2021-01-06,198571362.9658
2021-01-07,197712158.8644
2021-01-08,196436215.6218
2021-01-11,193548335.483
2021-01-12,195156080.1527
2021-01-13,195434815.5447
2021-01-14,195654564.769
2021-01-15,193231506.3493
2021-01-19,195581254.8392
2021-01-20,197806349.7627
2021-01-21,198496492.3223
2021-01-22,198090746.1085
2021-01-25,198624784.3248
2021-01-26,198661465.2516
2021-01-27,194501470.8268
2021-01-28,196132986.9096
2021-01-29,192984486.9885
2021-02-01,193959498.9755
2021-02-02,193974571.9182
2021-02-03,193986789.1534
2021-02-04,193369894.446
2021-02-05,195590783.0711
2021-02-08,197919936.0635
2021-02-09,199534843.2875
2021-02-10,199775470.0296
2021-02-11,200066580.0257
2021-02-12,199497480.4826
2021-02-16,197545105.0789
2021-02-17,196418578.9929
2021-02-18,196162465.839
2021-02-19,196583104.7485
2021-02-22,196325859.1851
2021-02-23,195841089.9152
2021-02-24,196728807.7779
2021-02-25,188294191.9487
2021-02-26,187903430.7442
2021-03-01,189949142.5436
2021-03-02,190656071.1971
2021-03-03,187714397.1888
2021-03-04,183301112.2815
2021-03-05,184184886.1763
2021-03-08,180840945.9006
2021-03-09,185334059.2696
2021-03-10,186842666.2298
2021-03-11,189935890.0515
2021-03-12,188418644.4202
2021-03-15,188793403.8426
2021-03-16,189033647.4172
2021-03-17,191289658.0454
2021-03-18,186774151.8127
2021-03-19,187224776.6831
2021-03-22,187986325.7563
2021-03-23,184087413.1313
2021-03-24,182647203.9269
2021-03-25,182858673.2303
2021-03-26,185699185.4098
2021-03-29,184127245.7651
2021-03-30,182053127.9763
2021-03-31,183590598.6886
2021-04-01,186469523.4796
2021-04-05,187924898.5704
2021-04-06,188252831.9573
2021-04-07,187859800.947
2021-04-08,189936649.9412
2021-04-09,189636384.8033
2021-04-12,188792067.5626
2021-04-13,190806626.7136
2021-04-14,191972970.6217
2021-04-15,194182255.2813
2021-04-16,194777751.8716
2021-04-19,194732320.4149
2021-04-20,192451481.9466
2021-04-21,194701872.3056
2021-04-22,193388381.5133
2021-04-23,196161273.4445
2021-04-26,197454266.3785
2021-04-27,197375641.1147
2021-04-28,198738790.5814
2021-04-29,198957826.1782
2021-04-30,195865767.1262
2021-05-03,198420681.2574
2021-05-04,196061182.062
2021-05-05,198189857.2353
2021-05-06,200917819.0142
2021-05-07,204591782.0861
2021-05-10,203421834.1504
2021-05-11,202615690.1203
2021-05-12,198270973.3215
2021-05-13,198079214.3587
2021-05-14,201851240.3484
2021-05-17,202837154.1803
2021-05-18,203584040.513
2021-05-19,200352376.4172
2021-05-20,202645164.0869
2021-05-21,202322465.0832
2021-05-24,204272086.4204
2021-05-25,203973195.4961
2021-05-26,203833974.3249
2021-05-27,205829778.204
2021-05-28,205880843.3355
2021-06-01,208121295.6547
2021-06-02,209046222.1876
2021-06-03,205620580.776
2021-06-04,208696075.7594
2021-06-07,209354410.5404
2021-06-08,209208847.176
2021-06-09,207674225.3034
2021-06-10,209209010.0266
2021-06-11,208228470.7639
2021-06-14,208414049.5096
2021-06-15,207924849.6579
2021-06-16,203930609.7977
2021-06-17,198623366.3831
2021-06-18,193678962.9018
2021-06-21,198488799.3777
2021-06-22,199516703.9806
2021-06-23,198979861.0679
2021-06-24,200435958.2236
2021-06-25,201411996.9007
2021-06-28,200446697.276
2021-06-29,199571090.0198
2021-06-30,199337158.7819
2021-07-01,199611505.2684
2021-07-02,200798152.9149
2021-07-06,196477346.6658
2021-07-07,195682532.4269
2021-07-08,192940023.4921
2021-07-09,198251088.885
2021-07-12,199156396.4485
2021-07-13,198196963.0211
2021-07-14,197797410.1851
2021-07-15,195125510.1834
2021-07-16,193289119.8248
2021-07-19,185977189.041
2021-07-20,188600040.5245
2021-07-21,193766865.0511
2021-07-22,193842537.5197
2021-07-23,195510782.2588
2021-07-26,196994399.3674
2021-07-27,194811726.6646
2021-07-28,196626223.6133
2021-07-29,199159874.118
2021-07-30,196522143.8627
2021-08-02,195645961.623
2021-08-03,196884022.554
2021-08-04,195874392.9091
2021-08-05,198180327.3572
2021-08-06,198825532.934
2021-08-09,198333748.7895
2021-08-10,199914772.9839
2021-08-11,200944498.2143
2021-08-12,200529597.7068
2021-08-13,199966895.4635
2021-08-16,198242451.7517
2021-08-17,195366240.6719
2021-08-18,193921788.7933
2021-08-19,190826122.4288
2021-08-20,190752590.5265
2021-08-23,194686417.8837
2021-08-24,197217664.8433
2021-08-25,198700077.4133
2021-08-26,196715387.0133
2021-08-27,199180153.9057
2021-08-30,199581098.5293
2021-08-31,199291658.8345
2021-09-01,200818325.7462
2021-09-02,202059469.6276
2021-09-03,202355379.6209
2021-09-07,203039271.9652
2021-09-08,202034760.3062
2021-09-09,200817450.948
2021-09-10,201087562.1027
2021-09-13,202411795.7711
2021-09-14,200216202.5494
2021-09-15,202581074.6373
2021-09-16,203646550.9408
2021-09-17,201861185.023
2021-09-20,195916147.1846
2021-09-21,196675483.9474
2021-09-22,199139312.2176
2021-09-23,203631438.3344
2021-09-24,203454354.4023
2021-09-27,204756226.4501
2021-09-28,200688446.4901
2021-09-29,200978570.7898
2021-09-30,199180183.4314
2021-10-01,200241650.0334
2021-10-04,198753223.1006
2021-10-05,201458831.8593
2021-10-06,199744235.5311
2021-10-07,203488198.0802
2021-10-08,203984505.0066
2021-10-11,204608085.2725
2021-10-12,204160516.2916
2021-10-13,205113003.1355
2021-10-14,208121214.7969
2021-10-15,211197888.3044
2021-10-18,211106699.2049
2021-10-19,212895379.1351
2021-10-20,213506317.5318
2021-10-21,212797084.2752
2021-10-22,212335205.7418
2021-10-25,213401959.8476
2021-10-26,214373903.5595
2021-10-27,212115637.291
2021-10-28,213743677.7354
2021-10-29,212417471.3711
2021-11-01,213944300.5833
2021-11-02,212657814.0363
2021-11-03,214546429.5624
2021-11-04,212598540.1383
2021-11-05,213027322.9574
2021-11-08,215049305.1814
2021-11-09,213572530.87
2021-11-10,212374160.1119
2021-11-11,213898566.4755
2021-11-12,215250973.6278
2021-11-15,215938811.6953
2021-11-16,216423302.5114
2021-11-17,214489224.6374
2021-11-18,214571401.2983
2021-11-19,212239435.5647
2021-11-22,212491559.176
2021-11-23,213893396.5197
2021-11-24,212767749.6915
2021-11-26,199295569.6634
2021-11-29,201099762.7666
2021-11-30,196050335.2226
2021-12-01,192882543.4201
2021-12-02,197642296.8136
2021-12-03,195033235.938
2021-12-06,199576262.5686
2021-12-07,204929157.5831
2021-12-08,205318262.1289
2021-12-09,202805794.7316
2021-12-10,203225770.1699
2021-12-13,200774925.637
2021-12-14,200334111.9913
2021-12-15,202472866.149
2021-12-16,200411654.3922
2021-12-17,199299725.9473
2021-12-20,197457745.5799
2021-12-21,202147528.0492
2021-12-22,203527917.6886
2021-12-23,205219018.5895
2021-12-27,207794724.5306
2021-12-28,207539815.522
2021-12-29,207910701.7053
2021-12-30,207223671.1993
2021-12-31,205950310.7768
2022-01-03,210799334.5686
2022-01-04,210768470.3648
2022-01-05,208996248.82
2022-01-06,210221342.7629
2022-01-07,209430374.2386
2022-01-10,209270713.754
2022-01-11,210226723.417
2022-01-12,208897708.2136
2022-01-13,206157288.2158
2022-01-14,209466856.5873
2022-01-18,210216024.3881
2022-01-19,207646993.1611
2022-01-20,206081887.6151
2022-01-21,201896240.6794
2022-01-24,202684126.708
2022-01-25,202413917.4786
2022-01-26,205450831.6749
2022-01-27,206542268.2716
2022-01-28,208590879.7509
2022-01-31,209639141.1034
2022-02-01,209888004.3639
2022-02-02,209639915.9269
2022-02-03,208433297.7718
2022-02-04,211006878.3921
2022-02-07,210257365.8317
2022-02-08,211546572.8817
2022-02-09,213143764.5621
2022-02-10,214594164.0244
2022-02-11,211371023.4381
2022-02-14,212956017.9534
2022-02-15,213927694.8288
2022-02-16,212631011.3429
2022-02-17,210022745.4244
2022-02-18,209675612.0473
2022-02-22,209908103.0203
2022-02-23,210442003.9363
2022-02-24,212130408.0688
2022-02-25,212601895.3766
2022-02-28,209821323.7516
2022-03-01,208477152.6624
2022-03-02,213989480.3996
2022-03-03,213825785.5255
2022-03-04,215085842.5697
2022-03-07,219524414.2019
2022-03-08,221499743.402
2022-03-09,217152676.2278
2022-03-10,219148948.1651
2022-03-11,221292581.7591
2022-03-14,222254955.1733
2022-03-15,220877326.4721
2022-03-16,219271973.1554
2022-03-17,222075434.5366
2022-03-18,222115790.7149
2022-03-21,227034620.4977
2022-03-22,227983921.5289
2022-03-23,228548775.6945
2022-03-24,229352362.8974
2022-03-25,231612872.7833
2022-03-28,230726748.4272
2022-03-29,228715467.6651
2022-03-30,228267665.7288
2022-03-31,227390891.0939
2022-04-01,228016976.808
2022-04-04,228917166.48
2022-04-05,231975423.2962
2022-04-06,232574191.2965
2022-04-07,233907028.7458
2022-04-08,236430995.5131
2022-04-11,238045167.6196
2022-04-12,238360913.2185
2022-04-13,237796447.045
2022-04-14,239920980.0914
2022-04-18,242593558.188
2022-04-19,243170175.0844
2022-04-20,240808351.2506
2022-04-21,241897320.7828
2022-04-22,241065802.6781
2022-04-25,238694379.4801
2022-04-26,238412240.0568
2022-04-27,240479060.9833
2022-04-28,243432988.3603
2022-04-29,242005160.5804
2022-05-02,242955234.6425
2022-05-03,241522707.0123
2022-05-04,237065771.1128
2022-05-05,245264287.6184
2022-05-06,247690397.3139
2022-05-09,247434566.5277
2022-05-10,246648337.849
2022-05-11,248384784.475
2022-05-12,249765574.4677
2022-05-13,249037784.5384
2022-05-16,249280002.6754
2022-05-17,247082381.9643
2022-05-18,247514874.8646
2022-05-19,242718503.4526
2022-05-20,242221769.0308
2022-05-23,240658017.3321
2022-05-24,238198912.1563
2022-05-25,236976955.7924
2022-05-26,235746735.3452
2022-05-27,233777054.2424
2022-05-31,236522374.9508
2022-06-01,239340589.4913
2022-06-02,235535395.932
2022-06-03,239124075.3338
2022-06-06,241778585.6129
2022-06-07,240419064.0298
2022-06-08,244106040.548
2022-06-09,248052965.9392
2022-06-10,253467943.7157
2022-06-13,264830580.7494
2022-06-14,267394983.6592
2022-06-15,259428751.3212
2022-06-16,258063626.6101
2022-06-17,259697014.3298
2022-06-21,259536151.4915
2022-06-22,256458508.2538
2022-06-23,253785250.7881
2022-06-24,251995868.9752
2022-06-27,253842626.792
2022-06-28,256905270.8145
2022-06-29,256823826.1246
2022-06-30,255094714.6911
2022-07-01,253104663.817
2022-07-05,254727049.7367
2022-07-06,256939576.3995
2022-07-07,255504555.9474
2022-07-08,257015762.4231
2022-07-11,261152214.6223
2022-07-12,259080091.1499
2022-07-13,258485189.4452
2022-07-14,262239776.3793
2022-07-15,257758137.4188
2022-07-18,258552224.1078
2022-07-19,253662576.1856
2022-07-20,253923198.7974
2022-07-21,248781496.7472
2022-07-22,246640226.852
2022-07-25,247319167.9327
2022-07-26,250362089.9929
2022-07-27,244614536.6729
2022-07-28,240719817.9001
2022-07-29,238048117.8567
2022-08-01,235231155.455
2022-08-02,241157225.726
2022-08-03,238590204.3934
2022-08-04,236067987.6574
2022-08-05,241647971.6452
2022-08-08,239260909.0689
2022-08-09,241095743.6131
2022-08-10,235131116.7626
2022-08-11,237379464.9069
2022-08-12,234279178.2983
2022-08-15,236239991.8482
2022-08-16,236049334.6248
2022-08-17,239964827.2379
2022-08-18,241005302.69
2022-08-19,246578813.2938
2022-08-22,251554680.5839
2022-08-23,250896122.0008
2022-08-24,251855928.2899
2022-08-25,247349572.118
2022-08-26,253543036.2975
2022-08-29,255940469.9845
2022-08-30,257605994.4702
2022-08-31,259836298.7063
2022-09-01,263366643.5743
2022-09-02,263016209.9639
2022-09-06,268367056.3763
2022-09-07,261865943.2926
2022-09-08,262490953.2652
2022-09-09,257474111.9696
2022-09-12,254181461.3976
2022-09-13,266083624.2188
2022-09-14,264553671.6551
2022-09-15,267613334.8523
2022-09-16,268662950.9209
2022-09-19,267921991.2372
2022-09-20,272822669.2155
2022-09-21,275593958.8983
2022-09-22,279775102.9285
2022-09-23,288636678.9919
2022-09-26,296484200.1011
2022-09-27,299160604.343
2022-09-28,288023641.8259
2022-09-29,291218935.7917
2022-09-30,293578076.4731
2022-10-03,284593954.3666
2022-10-04,275166855.5207
2022-10-05,280868563.7514
2022-10-06,286527337.5
2022-10-07,293651337.505
2022-10-10,298158705.6676
2022-10-11,299615601.5099
2022-10-12,299095984.2967
2022-10-13,296123601.4067
2022-10-14,302396482.4041
2022-10-17,295042596.9145
2022-10-18,292690809.4242
2022-10-19,299126110.5317
2022-10-20,301107684.0776
2022-10-21,293843979.9758
2022-10-24,295492602.7567
2022-10-25,287397096.3189
2022-10-26,283081718.3545
2022-10-27,283750515.0269
2022-10-28,283030011.2634
2022-10-31,287530578.7954
2022-11-01,285862913.0477
2022-11-02,291031449.3816
2022-11-03,295543427.1333
2022-11-04,285919530.0384
2022-11-07,285050907.2747
2022-11-08,280012700.8739
2022-11-09,284179799.7351
2022-11-10,262432707.2482
2022-11-11,256354406.9739
2022-11-14,259230863.201
2022-11-15,255019805.3569
2022-11-16,254233526.1968
2022-11-17,256919377.2574
2022-11-18,257741006.6176
2022-11-21,260912464.6856
2022-11-22,255806865.3601
2022-11-23,248746745.926
2022-11-25,248257192.2793
2022-11-28,253085414.2767
2022-11-29,253555633.8486
2022-11-30,244740579.4878
2022-12-01,237271114.9567
2022-12-02,235866982.9782
2022-12-05,241022365.1072
2022-12-06,240634418.392
2022-12-07,237684496.5788
2022-12-08,236791191.1757
2022-12-09,238302051.3415
2022-12-12,238967500.8934
2022-12-13,234969465.1261
2022-12-14,234795430.6729
2022-12-15,238958853.1684
2022-12-16,239569195.6561
2022-12-19,241769853.2385
2022-12-20,240562490.2698
2022-12-21,239989387.7486
2022-12-22,241974428.5366
2022-12-23,242907981.2345
2022-12-27,244370541.0217
2022-12-28,246611048.9597
2022-12-29,242380355.7888
2022-12-30,243444013.3779
2023-01-03,242268304.174
2023-01-04,236922720.6857
2023-01-05,239976417.908
2023-01-06,231261063.294
2023-01-09,229212600.2738
2023-01-10,229467982.985
2023-01-11,227319796.6308
2023-01-12,222039948.6832
2023-01-13,222361660.9749
2023-01-17,222944985.7914
2023-01-18,221251062.4971
2023-01-19,221299101.3027
2023-01-20,220899816.6288
2023-01-23,220315349.5723
2023-01-24,219154542.15
2023-01-25,217501830.3654
2023-01-26,217859504.5196
2023-01-27,217945520.4144
2023-01-30,220907306.0659
2023-01-31,218690715.4133
2023-02-01,212977468.0139
2023-02-02,212072316.6273
2023-02-03,216305442.4353
2023-02-06,219909022.1632
2023-02-07,218623008.5206
2023-02-08,219345580.9074
2023-02-09,220136444.0139
2023-02-10,221890893.9829
2023-02-13,219548321.4372
2023-02-14,219899638.4622
2023-02-15,221076692.1104
2023-02-16,222793704.5464
2023-02-17,221789574.9747
2023-02-21,225590585.0382
2023-02-22,225599113.0352
2023-02-23,224246028.4544
2023-02-24,228355714.2617
2023-02-27,226078443.7258
2023-02-28,227345490.82
2023-03-01,227952651.5359
2023-03-02,228729756.4385
2023-03-03,222429291.0322
2023-03-06,223872281.7717
2023-03-07,230967665.9234
2023-03-08,230994307.2382
2023-03-09,231688276.2645
2023-03-10,228021007.0314
2023-03-13,223944985.5223
2023-03-14,224545673.8999
2023-03-15,227786726.7796
2023-03-16,226270312.3988
2023-03-17,224485188.2846
2023-03-20,222447024.4875
2023-03-21,221785987.4037
2023-03-22,218580502.6508
2023-03-23,217425161.4544
2023-03-24,218011345.2361
2023-03-27,218623592.3817
2023-03-28,217145336.3885
2023-03-29,216159475.3612
2023-03-30,212435851.0291
2023-03-31,209835767.4834
2023-04-03,205923222.4869
2023-04-04,204630570.9712
2023-04-05,205112251.2361
2023-04-06,204811624.2946
2023-04-10,207196884.8004
2023-04-11,205468275.8146
2023-04-12,203969927.7551
2023-04-13,200886516.7467
2023-04-14,203992917.3732
2023-04-17,205333533.6261
2023-04-18,204080326.0377
2023-04-19,205919101.5133
2023-04-20,205324478.8165
2023-04-21,205994828.4455
2023-04-24,204228319.7737
2023-04-25,206130914.2092
2023-04-26,207450441.3494
2023-04-27,206291107.5844
2023-04-28,204773829.0538
2023-05-01,208377999.2893
2023-05-02,208312956.5393
2023-05-03,208679674.4061
2023-05-04,208569002.5682
2023-05-05,206793057.6437
2023-05-08,207699548.7723
2023-05-09,207923118.3992
2023-05-10,206304860.4367
2023-05-11,206100943.9819
2023-05-12,207495757.4849
2023-05-15,207080859.5946
2023-05-16,208543671.7898
2023-05-17,208205462.155
2023-05-18,208962589.4546
2023-05-19,209996852.0776
2023-05-22,209878432.583
2023-05-23,209253269.5804
2023-05-24,209866750.5432
2023-05-25,211692140.8995
2023-05-26,210770394.4828
2023-05-30,210215317.3128
2023-05-31,209790412.1885
2023-06-01,208981212.2071
2023-06-02,208645192.5951
2023-06-05,209155441.2976
2023-06-06,208336996.439
2023-06-07,208456459.6448
2023-06-08,206715348.5606
2023-06-09,207701479.0728
2023-06-12,208049031.7372
2023-06-13,207697784.4306
2023-06-14,207188794.2613
2023-06-15,203244285.1777
2023-06-16,203347256.7134
2023-06-20,203258042.8875
2023-06-21,202377503.7911
2023-06-22,205040189.3095
2023-06-23,206252876.5124
2023-06-26,205645371.588
2023-06-27,206171905.6985
2023-06-28,206910958.2827
2023-06-29,208321609.4344
2023-06-30,206443752.5425
2023-07-03,206439498.1265
2023-07-05,205340845.6718
2023-07-06,204577845.3951
2023-07-07,205840783.3861
2023-07-10,205984802.308
2023-07-11,207109488.7319
2023-07-12,208667562.9551
2023-07-13,210527601.0695
2023-07-14,211263387.0088
2023-07-17,211527156.4329
2023-07-18,212981609.6926
2023-07-19,212590541.751
2023-07-20,211295929.2067
2023-07-21,211379060.9986
2023-07-24,210538506.6557
2023-07-25,211319557.8272
2023-07-26,211964273.6412
2023-07-27,210337238.4859
2023-07-28,211517770.8893
2023-07-31,211397212.5643
2023-08-01,211033800.0832
2023-08-02,207995048.2632
2023-08-03,208471000.0632
2023-08-04,206869228.6561
2023-08-07,207948841.4942
2023-08-08,205176855.8128
2023-08-09,204297776.0172
2023-08-10,206239090.9305
2023-08-11,206056092.778
2023-08-14,205682761.635
2023-08-15,204260550.3935
2023-08-16,203907293.8685
2023-08-17,203172845.2814
2023-08-18,202373528.3464
2023-08-21,204781978.3174
2023-08-22,203500650.3538
2023-08-23,203784465.6372
2023-08-24,201875510.4356
2023-08-25,202492463.3126
2023-08-28,204031161.9105
2023-08-29,205585048.406
2023-08-30,206453145.7882
2023-08-31,204344983.9901
2023-09-01,204977346.9416
2023-09-05,204039866.5191
2023-09-06,202984308.9755
2023-09-07,201383314.1223
2023-09-08,200947099.3081
2023-09-11,203033886.2805
2023-09-12,201982647.7987
2023-09-13,201438764.771
2023-09-14,202701902.6016
2023-09-15,202868586.7177
2023-09-18,202341380.8036
2023-09-19,202663555.5743
2023-09-20,202009770.4862
2023-09-21,199860151.1869
2023-09-22,198651864.8085
2023-09-25,199461009.8015
2023-09-26,196821551.533
2023-09-27,196103744.8846
2023-09-28,197592366.2365
2023-09-29,196456523.609
2023-10-02,194985162.2753
2023-10-03,193448524.2453
2023-10-04,191855289.1208
2023-10-05,192812833.3015
2023-10-06,197149925.384
2023-10-09,196712801.2561
2023-10-10,199163127.953
2023-10-11,199005131.9077
2023-10-12,197945896.5754
2023-10-13,197898055.2416
2023-10-16,201026311.9551
2023-10-17,203024345.1109
2023-10-18,201180836.1317
2023-10-19,201913259.1935
2023-10-20,199067096.4814
2023-10-23,198239621.1267
2023-10-24,197457361.5581
2023-10-25,196920824.6652
2023-10-26,193643493.26
2023-10-27,193912922.0311
2023-10-30,195667291.4902
2023-10-31,196005461.3066
2023-11-01,195505315.5837
2023-11-02,196405064.1216
2023-11-03,197684271.8998
2023-11-06,198577940.5979
2023-11-07,197018198.5598
2023-11-08,196372069.5099
2023-11-09,197344403.9181
2023-11-10,197888579.4543
2023-11-13,198490077.8376
2023-11-14,199898136.0211
2023-11-15,200955907.8282
2023-11-16,200372198.792
2023-11-17,201201513.969
2023-11-20,201119060.2288
2023-11-21,201262562.5772
2023-11-22,201047890.1941
2023-11-24,202896011.8721
2023-11-27,201769576.942
2023-11-28,202245971.0635
2023-11-29,201649017.9888
2023-11-30,201678659.8239
2023-12-01,200467991.3446
2023-12-04,199515805.8533
2023-12-05,198288430.2668
2023-12-06,197883341.167
2023-12-07,197953637.8957
2023-12-08,198034100.7694
2023-12-11,198242833.6816
2023-12-12,199299951.9831
2023-12-13,197400928.713
2023-12-14,196039687.1042
2023-12-15,194594639.2212
2023-12-18,195543421.509
2023-12-19,196094182.0905
2023-12-20,194405304.6242
2023-12-21,195576682.2055
2023-12-22,196186414.6317
2023-12-26,196142526.773
2023-12-27,196447358.7266
2023-12-28,196342277.4455
2023-12-29,196542324.4918
2024-01-02,195707895.7499
2024-01-03,193685909.9308
2024-01-04,194401145.3367
2024-01-05,194408999.9332
2024-01-08,197118009.5485
2024-01-09,195856899.7159
2024-01-10,197160920.8901
2024-01-11,196752585.0674
2024-01-12,196587016.0719
2024-01-16,194581858.4862
2024-01-17,192980181.0825
2024-01-18,194531526.4166
2024-01-19,196327281.5481
2024-01-22,196916498.8321
2024-01-23,197206402.4498
2024-01-24,198050086.9501
2024-01-25,197946966.0634
2024-01-26,198231949.7912
2024-01-29,199294805.9484
2024-01-30,199087192.6874
2024-01-31,196918997.5775
2024-02-01,199585211.0872
2024-02-02,203855703.4429
2024-02-05,206037116.8112
2024-02-06,203705699.6676
2024-02-07,204699758.0485
2024-02-08,205238333.4931
2024-02-09,205507182.092
2024-02-12,204898631.4159
2024-02-13,208639697.4818
2024-02-14,207291529.2463
2024-02-15,205416015.4623
2024-02-16,205021941.541
2024-02-20,205222258.9205
2024-02-21,206105404.3892
2024-02-22,207351662.213
2024-02-23,206793045.2703
2024-02-26,207394760.0156
2024-02-27,207670393.055
2024-02-28,207602517.2783
2024-02-29,206843301.5685
2024-03-01,205178852.6578
2024-03-04,205984140.2214
2024-03-05,204011162.7916
2024-03-06,205873790.7321
2024-03-07,207555674.0718
2024-03-08,206737508.7882
2024-03-11,206481823.8978
2024-03-12,208550665.6082
2024-03-13,209127504.6525
2024-03-14,208801076.824
2024-03-15,209391349.2803
2024-03-18,210157324.8732
2024-03-19,210780753.6317
2024-03-20,213137882.7191
2024-03-21,212957829.312
2024-03-22,212138717.7151
2024-03-25,212624523.3808
2024-03-26,212152054.7661
2024-03-27,213987112.265
2024-03-28,215014380.0242
2024-04-01,216277539.2967
2024-04-02,214444311.5894
2024-04-03,213879175.2155
2024-04-04,211084788.0134
2024-04-05,214024856.8389
2024-04-08,215050006.2627
2024-04-09,214580151.8347
2024-04-10,216317536.407
2024-04-11,217225865.2665
2024-04-12,214070915.0622
2024-04-15,214369225.9504
2024-04-16,213244763.3578
2024-04-17,211374448.6302
2024-04-18,212517525.5317
2024-04-19,211784523.9626
2024-04-22,213768826.4515
2024-04-23,215329204.5756
2024-04-24,216427677.5379
2024-04-25,215988686.3837
2024-04-26,218225281.3722
2024-04-29,216865447.3113
2024-04-30,215543832.5753
2024-05-01,213446853.2969
2024-05-02,212305013.3174
2024-05-03,212259259.9339
2024-05-06,213329062.2235
2024-05-07,214093619.9468
2024-05-08,214815345.2319
2024-05-09,214659143.8786
2024-05-10,215823395.1946
2024-05-13,214490290.4116
2024-05-14,214674609.257
2024-05-15,213227540.2453
2024-05-16,212813562.5558
2024-05-17,213391083.849
2024-05-20,214368735.7013
2024-05-21,213584038.242
2024-05-22,213926559.0062
2024-05-23,213744814.9407
2024-05-24,214426810.1915
2024-05-28,214879651.1061
2024-05-29,214292351.7172
2024-05-30,212974570.4547
2024-05-31,213237933.2497
2024-06-03,210733183.0627
2024-06-04,207327544.5389
2024-06-05,209852730.8377
2024-06-06,211052676.7615
2024-06-07,211076448.1856
2024-06-10,213176443.7134
2024-06-11,211187752.942
2024-06-12,212543490.6213
2024-06-13,209331600.0586
2024-06-14,207991670.786
2024-06-17,209890511.0946
2024-06-18,209519321.878
2024-06-20,211232470.2404
2024-06-21,209812056.7788
2024-06-24,210348314.6615
2024-06-25,210174511.5031
2024-06-26,210951311.213
2024-06-27,211626269.7996
2024-06-28,212563725.8738
2024-07-01,215016229.5926
2024-07-02,215160900.0175
2024-07-03,215559856.115
2024-07-05,214804583.6986
2024-07-08,213855512.0812
2024-07-09,214088161.026
2024-07-10,216372649.7688
2024-07-11,215055802.2
2024-07-12,214700279.2126
2024-07-15,215032376.225
2024-07-16,216031430.3717
2024-07-17,211901988.4334
2024-07-18,211024497.9719
2024-07-19,209490563.8094
2024-07-22,212510727.2473
2024-07-23,211726589.7537
2024-07-24,207840775.5437
2024-07-25,205823882.3927
2024-07-26,207254192.962
2024-07-29,206059089.007
2024-07-30,205857205.3482
2024-07-31,207897840.5557
2024-08-01,200745626.6073
2024-08-02,191557548.0161
2024-08-05,185153993.6231
2024-08-06,188537434.4867
2024-08-07,190448036.8638
2024-08-08,194215834.7815
2024-08-09,194283923.7266
2024-08-12,194191942.7809
2024-08-13,195148507.4296
2024-08-14,195884093.5888
2024-08-15,200672091.0344
2024-08-16,199985051.6304
2024-08-19,200503244.0107
2024-08-20,197802725.7779
2024-08-21,198158114.4007
2024-08-22,198707975.6164
2024-08-23,198983006.4641
2024-08-26,199665877.5695
2024-08-27,198910324.2807
2024-08-28,198941552.9117
2024-08-29,200620618.613
2024-08-30,202391085.9845
2024-09-03,197900210.1192
2024-09-04,198739468.8465
2024-09-05,199821974.7001
2024-09-06,196124467.9773
2024-09-09,198793940.8916
2024-09-10,199324102.3622
2024-09-11,200976515.6361
2024-09-12,202975688.6979
2024-09-13,204831820.0101
2024-09-16,206646944.0895
2024-09-17,205870125.6472
2024-09-18,205055671.83
2024-09-19,209609010.0738
2024-09-20,209128970.5394
2024-09-23,210244785.8021
2024-09-24,212739536.3957
2024-09-25,210839494.6803
2024-09-26,214874563.6253
2024-09-27,214164848.5736
2024-09-30,213370041.3876
2024-10-01,211892117.2367
2024-10-02,211306772.7489
2024-10-03,206619785.7094
2024-10-04,204495478.4206
2024-10-07,200701812.8804
2024-10-08,201692372.3338
2024-10-09,200853377.0459
2024-10-10,200605638.4962
2024-10-11,202566663.273
2024-10-14,202742900.8761
2024-10-15,202807043.3728
2024-10-16,203718017.3574
2024-10-17,202043218.523
2024-10-18,204678164.7288
2024-10-21,199654280.839
2024-10-22,198927453.6303
2024-10-23,195339931.0419
2024-10-24,197371733.2188
2024-10-25,195277721.7279
2024-10-28,197713770.1694
2024-10-29,198371848.7198
2024-10-30,197071932.6709
2024-10-31,193383421.1236
2024-11-01,192140484.5459
2024-11-04,192944071.4576
2024-11-05,195539834.9575
2024-11-06,194218846.6992
2024-11-07,199130109.9627
2024-11-08,198492078.2203
2024-11-11,198124515.5717
2024-11-12,194025886.3349
2024-11-13,193206815.2219
2024-11-14,193011155.7106
2024-11-15,191521355.2328
2024-11-18,193132405.3981
2024-11-19,194190635.7298
2024-11-20,193782784.7278
2024-11-21,194340361.4613
2024-11-22,195901507.2752
2024-11-25,198823785.9621
2024-11-26,197826127.2325
2024-11-27,199325984.8675
2024-11-29,202511619.0236
2024-12-02,203034756.3315
2024-12-03,202434100.4739
2024-12-04,204425250.9116
2024-12-05,204064422.7948
2024-12-06,204927985.0982
2024-12-09,204444602.6403
2024-12-10,203797120.735
2024-12-11,204715784.5138
2024-12-12,202228055.9073
2024-12-13,200664995.8321
2024-12-16,200835339.2695
2024-12-17,200077663.6509
2024-12-18,194676461.1542
2024-12-19,192996670.0516
2024-12-20,193942940.3041
2024-12-23,194760486.442
2024-12-24,196936017.2544
2024-12-26,197507735.7357
2024-12-27,194566370.6867
2024-12-30,194070847.4692
2024-12-31,194250519.5172
2025-01-02,195754051.585
2025-01-03,196420705.0509
2025-01-06,196236003.2776
2025-01-07,197196068.6386
2025-01-08,197374705.1972
2025-01-10,198456054.7818
2025-01-13,198474034.0675
2025-01-14,197960976.8648
2025-01-15,197705052.4095
2025-01-16,196777979.0713
2025-01-17,198523762.9845
2025-01-21,197467843.3535
2025-01-22,198653014.5446
2025-01-23,199398583.8066
2025-01-24,197980103.8143
2025-01-27,194523633.5549
2025-01-28,196688671.2198
2025-01-29,197572035.3364
2025-01-30,198561978.0811
2025-01-31,198578849.1706
2025-02-03,197467207.1602
2025-02-04,197865570.2201
2025-02-05,197445139.9744
2025-02-06,198300386.6197
2025-02-07,198121049.458
2025-02-10,200623419.4963
2025-02-11,200814937.2702
2025-02-12,203058894.6092
2025-02-13,202184834.8632
2025-02-14,199953991.8363
2025-02-18,203157654.4689
2025-02-19,201289769.0064
2025-02-20,199039445.8983
2025-02-21,195218351.5363
2025-02-24,193983620.6534
2025-02-25,191425746.8319
2025-02-26,192018402.3517
2025-02-27,190606969.653
2025-02-28,190394041.9141
2025-03-03,187364056.9158
2025-03-04,185648159.5962
2025-03-05,186345807.5889
2025-03-06,184011956.3449
2025-03-07,184669424.0328
2025-03-10,182062396.4551
2025-03-11,181157144.4215
2025-03-12,181717459.8639
2025-03-13,181485664.3064
2025-03-14,183738052.1444
2025-03-17,184669098.7568
2025-03-18,184451457.4747
2025-03-19,186608796.295
2025-03-20,186306070.964
2025-03-21,185760440.6727
2025-03-24,186874040.0432
2025-03-25,187361926.7781
2025-03-26,185997009.8479
2025-03-27,186080022.5983
2025-03-28,184836596.4546
2025-03-31,185615670.5433
2025-04-01,186506791.6942
2025-04-02,186462788.267
2025-04-03,182908690.5355
2025-04-04,178418882.4648
2025-04-07,177814786.8351
2025-04-08,177594477.7648
2025-04-09,183666568.7512
2025-04-10,179767880.5383
2025-04-11,180759453.9979
2025-04-14,180929773.9001
2025-04-15,182021355.1367
2025-04-16,180406195.3228
2025-04-17,181527783.0586
2025-04-21,180788258.6858
2025-04-22,183377694.2409
2025-04-23,185467800.9676
2025-04-24,186025423.2993
2025-04-25,185932087.6988
2025-04-28,185644273.1643
2025-04-29,186396936.9457
2025-04-30,187113043.0913
2025-05-01,187382645.3857
2025-05-02,187789100.1702
2025-05-05,188582260.3092
2025-05-06,189975680.1784
2025-05-07,189357859.7045
2025-05-08,186026700.2801
2025-05-09,187051083.5817
2025-05-12,184327859.6934
2025-05-13,185339872.1211
2025-05-14,183947391.7969
2025-05-15,187415622.3833
2025-05-16,187070028.4763
2025-05-19,188718476.2734
2025-05-20,189384612.2358
2025-05-21,188109976.6282
2025-05-22,188366656.5456
2025-05-23,189961201.9948
2025-05-27,191496121.2685
2025-05-28,189564052.9213
2025-05-29,191599528.0125
2025-05-30,192429126.9992
2025-06-02,193493770.9371
2025-06-03,192039321.1006
2025-06-04,194375463.0232
2025-06-05,193845775.3207
2025-06-06,192265410.4471
2025-06-09,193017705.8133
2025-06-10,193075475.3076
2025-06-11,193641134.5997
2025-06-12,195905406.4487
2025-06-13,193120888.2145
2025-06-16,193450134.732
2025-06-17,191446736.4389
2025-06-18,191090571.7641
2025-06-20,190490433.5109
2025-06-23,194037175.4146
2025-06-24,196976950.2149
2025-06-25,196976777.9399
2025-06-26,199376001.524
2025-06-27,199064803.4804
2025-06-30,200785334.9771
2025-07-01,199818439.1525
2025-07-02,200093557.8764
2025-07-03,199730025.4926
2025-07-07,197012907.3909
2025-07-08,196906588.1045
2025-07-09,198753059.6456
2025-07-10,198863503.1867
2025-07-11,197032359.1627
2025-07-14,197347307.9553
2025-07-15,194559097.2535
2025-07-16,196832002.3808
2025-07-17,197014233.43
2025-07-18,197533491.8312
2025-07-21,199896335.3521
2025-07-22,201931638.0488
2025-07-23,203497020.4506
2025-07-24,201845447.7429
2025-07-25,201569124.9382
2025-07-28,198393244.1442
2025-07-29,198578548.5922
2025-07-30,195260158.1814
2025-07-31,194299252.9883
2025-08-01,197860433.3159
2025-08-04,199238738.2067
2025-08-05,199772531.4184
2025-08-06,201742693.503
2025-08-07,203086077.1112
2025-08-08,204126813.6269
2025-08-11,203262295.9566
2025-08-12,205328825.1152
2025-08-13,205187777.5231
2025-08-14,205051531.5848
2025-08-15,206533021.3713
2025-08-18,206623645.494
2025-08-19,205128548.9362
2025-08-20,205553787.2683
2025-08-21,205446365.2113
2025-08-22,206939408.7903
2025-08-25,205278557.068
2025-08-26,205348248.6016
2025-08-27,204985772.8568
2025-08-28,205413490.7418
2025-08-29,205859332.8794
2025-09-02,205428701.4866
2025-09-03,205385964.7108
2025-09-04,205379954.7985
2025-09-05,205611444.4787
2025-09-08,206761440.2211
2025-09-09,206138038.513
2025-09-10,205904509.5122
2025-09-11,207855847.7101
2025-09-12,207893735.156
2025-09-15,209807332.6868
2025-09-16,209992819.6867
2025-09-17,208867268.0609
2025-09-18,209741045.5351
2025-09-19,209566262.3314
2025-09-22,211583137.8872
2025-09-23,210814875.8149
2025-09-24,209611016.0781
2025-09-25,208656848.1438
2025-09-26,210443013.8959
2025-09-29,211299901.7056
2025-09-30,211758702.4519
2025-10-01,212428557.4236
2025-10-02,211845087.7995
2025-10-03,213745597.2764
2025-10-06,216519246.1119
2025-10-07,214522485.0892
2025-10-08,215992750.3417
2025-10-09,214160500.0069
2025-10-10,208213544.2266
2025-10-13,211122725.6292
2025-10-14,211226707.9593
2025-10-15,213576314.7316
2025-10-16,212569734.8471
2025-10-17,211938782.7056
2025-10-20,214479637.2148
2025-10-21,210201826.7089
2025-10-22,210521164.6715
2025-10-23,213443760.403
2025-10-24,213996237.5738
2025-10-27,213694382.0159
2025-10-28,213124299.6909
2025-10-29,214665923.5822
2025-10-30,215067478.4979
2025-10-31,215161935.6003
2025-11-03,215947486.8387
2025-11-04,212024882.9124
2025-11-05,213312523.4482
2025-11-06,213378831.7295
2025-11-07,214443718.447
2025-11-10,218490438.8353
2025-11-11,220393382.9282
2025-11-12,221287272.8768
2025-11-13,217214048.1309
2025-11-14,215831040.1732
2025-11-17,213341234.2404
2025-11-18,212137233.5683
2025-11-19,210994072.16
2025-11-20,208467585.3888
2025-11-21,211724789.0549
2025-11-24,214102468.3844
2025-11-25,217535952.2812
2025-11-26,221240188.697
2025-11-28,222856361.1814
2025-12-01,220523943.4926
2025-12-02,221418227.6095
2025-12-03,223182477.6019
2025-12-04,222030144.3153
2025-12-05,222173007.7963
2025-12-08,220938343.1318
2025-12-09,220756128.5813
2025-12-10,224319853.6588
2025-12-11,225863951.4387
2025-12-12,223860366.9636
2025-12-15,225299432.212
2025-12-16,225486989.9203
2025-12-17,225253201.8237
2025-12-18,226960258.0986
2025-12-19,228059049.321
2025-12-22,229233770.0285
2025-12-23,230767308.651
2025-12-24,231513025.3752
2025-12-26,233883620.3655
2025-12-29,232129465.0573
2025-12-30,232652778.7858
2025-12-31,230479785.3223
2026-01-02,231385041.0652
2026-01-05,236011944.5755
2026-01-06,237311463.9701
2026-01-07,235173329.03
2026-01-08,234046297.7235
2026-01-09,236285188.7849
2026-01-12,239902544.5515
2026-01-13,239017688.8286
2026-01-14,240922693.074
2026-01-15,239556290.2517
2026-01-16,238438121.1861
2026-01-20,238036540.0373
2026-01-21,241634363.3338
2026-01-22,245253503.082
2026-01-23,249179924.6036
2026-01-26,252364201.4321
2026-01-27,259070269.6538
2026-01-28,258699569.5767
2026-01-29,259662498.6476
2026-01-30,248155803.2191
2026-02-02,246843397.8378
2026-02-03,249732973.7765
2026-02-04,249204067.2673
2026-02-05,244078887.7791
2026-02-06,252461184.7204
2026-02-09,258938991.1715
2026-02-10,258416585.3023
2026-02-11,259234310.1146
2026-02-12,255655620.819
2026-02-13,259343396.9164
2026-02-17,257081168.9106
2026-02-18,257371929.176
2026-02-19,256992962.7596
2026-02-20,260594029.5657
2026-02-23,260291248.8471
2026-02-24,261291233.0373
2026-02-25,265232060.4732
2026-02-26,265453381.4735
2026-02-27,266439086.2508
2026-03-02,260113144.9763
2026-03-03,251671162.88
2026-03-04,255154919.4244
2026-03-05,248804566.4326
2026-03-06,248594998.9204
2026-03-09,252756600.8652
2026-03-10,252633973.6985
2026-03-11,250669091.8878
2026-03-12,244245865.6074
2026-03-13,239054995.7745
2026-03-16,246353573.491
2026-03-17,250086730.0108
2026-03-18,241459276.0984
2026-03-19,241748007.0761
2026-03-20,230364295.1393
2026-03-23,235647230.3003
2026-03-24,232340894.8265
2026-03-25,236597189.9316
2026-03-26,226829133.041
2026-03-27,226370311.1593
2026-03-30,228263792.8147
2026-03-31,238393133.7221
2026-04-01,242406678.4424
2026-04-02,241727689.296
2026-04-06,243651631.8554
2026-04-07,244056492.0433
2026-04-08,251249020.4856
2026-04-09,252400994.7577
2026-04-10,252525469.7045
2026-04-13,255401753.5581
2026-04-14,258259978.7809
2026-04-15,259359406.8586
2026-04-16,259204153.0764
2026-04-17,260355872.9055
2026-04-20,260847707.9086
2026-04-21,257422852.003
2026-04-22,259188563.1321
2026-04-23,257802069.392
2026-04-24,259431611.5003
2026-04-27,259904414.964
2026-04-28,259013388.3446
2026-04-29,258224307.5164
2026-04-30,263421993.3069
2026-05-01,262951580.0793
2026-05-04,261281865.4128
2026-05-05,263742948.7436
2026-05-06,268047486.6379
2026-05-07,264823865.8176
2026-05-08,267955969.0663
2026-05-11,269932316.1637
2026-05-12,268948982.7169
2026-05-13,269624518.5718
2026-05-14,267886313.2085
2026-05-15,262241879.5335
2026-05-18,265018953.9542
2026-05-19,262684273.7305
2026-05-20,265687081.1696
2026-05-21,266041503.3232
2026-05-22,265523510.0952
2026-05-26,267688631.8124
2026-05-27,265953658.3631
2026-05-28,267078205.0792
2026-05-29,267459308.6677
2026-06-01,267252605.5076
2026-06-02,268891371.1325
2026-06-03,266019266.3895
2026-06-04,266692908.7877
2026-06-05,257509994.8749
2026-06-08,258603914.4739
2026-06-09,257380665.3768
2026-06-10,253977995.9857
2026-06-11,260439727.6482
2026-06-12,261178397.994
2026-06-15,264290438.5455
2026-06-16,263658482.9359
2026-06-17,261270555.65
2026-06-18,264132703.2591
2026-06-22,263345671.383
2026-06-23,258530944.6698
2026-06-24,257629271.9004
2026-06-25,260276969.5172
2026-06-26,258880377.2974
2026-06-29,259847795.629
2026-06-30,260791270.4092
