date,portfolio_value
1993-01-29,100000000.0
1993-02-01,100000000.0
1993-02-02,100000000.0
1993-02-03,100000000.0
1993-02-04,100000000.0
1993-02-05,100000000.0
1993-02-08,100000000.0
1993-02-09,100000000.0
1993-02-10,100000000.0
1993-02-11,100000000.0
1993-02-12,100000000.0
1993-02-15,100000000.0
1993-02-16,100000000.0
1993-02-17,100000000.0
1993-02-18,100000000.0
1993-02-19,100000000.0
1993-02-22,100000000.0
1993-02-23,100000000.0
1993-02-24,100000000.0
1993-02-25,100000000.0
1993-02-26,100000000.0
1993-03-01,100000000.0
1993-03-02,100000000.0
1993-03-03,100000000.0
1993-03-04,100000000.0
1993-03-05,100000000.0
1993-03-08,100000000.0
1993-03-09,100000000.0
1993-03-10,100000000.0
1993-03-11,100000000.0
1993-03-12,100000000.0
1993-03-15,100000000.0
1993-03-16,100000000.0
1993-03-17,100000000.0
1993-03-18,100000000.0
1993-03-19,100000000.0
1993-03-22,100000000.0
1993-03-23,100000000.0
1993-03-24,100000000.0
1993-03-25,100000000.0
1993-03-26,100000000.0
1993-03-29,100000000.0
1993-03-30,100000000.0
1993-03-31,100000000.0
1993-04-01,100000000.0
1993-04-02,100000000.0
1993-04-05,100000000.0
1993-04-06,100000000.0
1993-04-07,100000000.0
1993-04-08,100000000.0
1993-04-09,100000000.0
1993-04-12,100000000.0
1993-04-13,100000000.0
1993-04-14,100000000.0
1993-04-15,100000000.0
1993-04-16,100000000.0
1993-04-19,100000000.0
1993-04-20,100000000.0
1993-04-21,100000000.0
1993-04-22,100000000.0
1993-04-23,100000000.0
1993-04-26,100000000.0
1993-04-27,100000000.0
1993-04-28,100000000.0
1993-04-29,100000000.0
1993-04-30,100000000.0
1993-05-03,100000000.0
1993-05-04,100000000.0
1993-05-05,100000000.0
1993-05-06,100000000.0
1993-05-07,100000000.0
1993-05-10,100000000.0
1993-05-11,100000000.0
1993-05-12,100000000.0
1993-05-13,100000000.0
1993-05-14,100000000.0
1993-05-17,100000000.0
1993-05-18,100000000.0
1993-05-19,100000000.0
1993-05-20,100000000.0
1993-05-21,100000000.0
1993-05-24,100000000.0
1993-05-25,100000000.0
1993-05-26,100000000.0
1993-05-27,100000000.0
1993-05-28,100000000.0
1993-05-31,100000000.0
1993-06-01,100000000.0
1993-06-02,100000000.0
1993-06-03,100000000.0
1993-06-04,100000000.0
1993-06-07,100000000.0
1993-06-08,100000000.0
1993-06-09,100000000.0
1993-06-10,100000000.0
1993-06-11,100000000.0
1993-06-14,100000000.0
1993-06-15,100000000.0
1993-06-16,100000000.0
1993-06-17,100000000.0
1993-06-18,100000000.0
1993-06-21,100000000.0
1993-06-22,100000000.0
1993-06-23,100000000.0
1993-06-24,100000000.0
1993-06-25,100000000.0
1993-06-28,100000000.0
1993-06-29,100000000.0
1993-06-30,100000000.0
1993-07-01,100000000.0
1993-07-02,100000000.0
1993-07-05,100000000.0
1993-07-06,100000000.0
1993-07-07,100000000.0
1993-07-08,100000000.0
1993-07-09,100000000.0
1993-07-12,100000000.0
1993-07-13,100000000.0
1993-07-14,100000000.0
1993-07-15,100000000.0
1993-07-16,100000000.0
1993-07-19,100000000.0
1993-07-20,100000000.0
1993-07-21,100000000.0
1993-07-22,100000000.0
1993-07-23,100000000.0
1993-07-26,100000000.0
1993-07-27,100000000.0
1993-07-28,100000000.0
1993-07-29,100000000.0
1993-07-30,100000000.0
1993-08-02,100000000.0
1993-08-03,100000000.0
1993-08-04,100000000.0
1993-08-05,100000000.0
1993-08-06,100000000.0
1993-08-09,100000000.0
1993-08-10,100000000.0
1993-08-11,100000000.0
1993-08-12,100000000.0
1993-08-13,100000000.0
1993-08-16,100000000.0
1993-08-17,100000000.0
1993-08-18,100000000.0
1993-08-19,100000000.0
1993-08-20,100000000.0
1993-08-23,100000000.0
1993-08-24,100000000.0
1993-08-25,100000000.0
1993-08-26,100000000.0
1993-08-27,100000000.0
1993-08-30,100000000.0
1993-08-31,100000000.0
1993-09-01,100000000.0
1993-09-02,100000000.0
1993-09-03,100000000.0
1993-09-06,100000000.0
1993-09-07,100000000.0
1993-09-08,100000000.0
1993-09-09,100000000.0
1993-09-10,100000000.0
1993-09-13,100000000.0
1993-09-14,100000000.0
1993-09-15,100000000.0
1993-09-16,100000000.0
1993-09-17,100000000.0
1993-09-20,100000000.0
1993-09-21,100000000.0
1993-09-22,100000000.0
1993-09-23,100000000.0
1993-09-24,100000000.0
1993-09-27,100000000.0
1993-09-28,100000000.0
1993-09-29,100000000.0
1993-09-30,100000000.0
1993-10-01,100000000.0
1993-10-04,100000000.0
1993-10-05,100000000.0
1993-10-06,100000000.0
1993-10-07,100000000.0
1993-10-08,100000000.0
1993-10-11,100000000.0
1993-10-12,100000000.0
1993-10-13,100000000.0
1993-10-14,100000000.0
1993-10-15,100000000.0
1993-10-18,100000000.0
1993-10-19,100000000.0
1993-10-20,100000000.0
1993-10-21,100000000.0
1993-10-22,100000000.0
1993-10-25,100000000.0
1993-10-26,100000000.0
1993-10-27,100000000.0
1993-10-28,100000000.0
1993-10-29,100000000.0
1993-11-01,100000000.0
1993-11-02,100000000.0
1993-11-03,100000000.0
1993-11-04,100000000.0
1993-11-05,100000000.0
1993-11-08,100000000.0
1993-11-09,100000000.0
1993-11-10,100000000.0
1993-11-11,100000000.0
1993-11-12,100000000.0
1993-11-15,100000000.0
1993-11-16,100000000.0
1993-11-17,100000000.0
1993-11-18,100000000.0
1993-11-19,100000000.0
1993-11-22,100000000.0
1993-11-23,100000000.0
1993-11-24,100000000.0
1993-11-25,100000000.0
1993-11-26,100000000.0
1993-11-29,100000000.0
1993-11-30,100000000.0
1993-12-01,100000000.0
1993-12-02,100000000.0
1993-12-03,100000000.0
1993-12-06,100000000.0
1993-12-07,100000000.0
1993-12-08,100000000.0
1993-12-09,100000000.0
1993-12-10,100000000.0
1993-12-13,100000000.0
1993-12-14,100000000.0
1993-12-15,100000000.0
1993-12-16,100000000.0
1993-12-17,100000000.0
1993-12-20,100000000.0
1993-12-21,100000000.0
1993-12-22,100000000.0
1993-12-23,100000000.0
1993-12-24,100000000.0
1993-12-27,100000000.0
1993-12-28,100000000.0
1993-12-29,100000000.0
1993-12-30,100000000.0
1993-12-31,100000000.0
1994-01-03,100000000.0
1994-01-04,100000000.0
1994-01-05,100000000.0
1994-01-06,100000000.0
1994-01-07,100000000.0
1994-01-10,100000000.0
1994-01-11,100000000.0
1994-01-12,100000000.0
1994-01-13,100000000.0
1994-01-14,100000000.0
1994-01-17,100000000.0
1994-01-18,100000000.0
1994-01-19,100000000.0
1994-01-20,100000000.0
1994-01-21,100000000.0
1994-01-24,100000000.0
1994-01-25,100000000.0
1994-01-26,100000000.0
1994-01-27,100000000.0
1994-01-28,100000000.0
1994-01-31,100000000.0
1994-02-01,100000000.0
1994-02-02,100000000.0
1994-02-03,100000000.0
1994-02-04,100000000.0
1994-02-07,100000000.0
1994-02-08,100000000.0
1994-02-09,100000000.0
1994-02-10,100000000.0
1994-02-11,100000000.0
1994-02-14,100000000.0
1994-02-15,100000000.0
1994-02-16,100000000.0
1994-02-17,100000000.0
1994-02-18,100000000.0
1994-02-21,100000000.0
1994-02-22,100000000.0
1994-02-23,100000000.0
1994-02-24,100000000.0
1994-02-25,100000000.0
1994-02-28,100000000.0
1994-03-01,100000000.0
1994-03-02,100000000.0
1994-03-03,100000000.0
1994-03-04,100000000.0
1994-03-07,100000000.0
1994-03-08,100000000.0
1994-03-09,100000000.0
1994-03-10,100000000.0
1994-03-11,100000000.0
1994-03-14,100000000.0
1994-03-15,100000000.0
1994-03-16,100000000.0
1994-03-17,100000000.0
1994-03-18,100000000.0
1994-03-21,100000000.0
1994-03-22,100000000.0
1994-03-23,100000000.0
1994-03-24,100000000.0
1994-03-25,100000000.0
1994-03-28,100000000.0
1994-03-29,100000000.0
1994-03-30,100000000.0
1994-03-31,100000000.0
1994-04-01,100000000.0
1994-04-04,100000000.0
1994-04-05,100000000.0
1994-04-06,100000000.0
1994-04-07,100000000.0
1994-04-08,100000000.0
1994-04-11,100000000.0
1994-04-12,100000000.0
1994-04-13,100000000.0
1994-04-14,100000000.0
1994-04-15,100000000.0
1994-04-18,100000000.0
1994-04-19,100000000.0
1994-04-20,100000000.0
1994-04-21,100000000.0
1994-04-22,100000000.0
1994-04-25,100000000.0
1994-04-26,100000000.0
1994-04-27,100000000.0
1994-04-28,100000000.0
1994-04-29,100000000.0
1994-05-02,100000000.0
1994-05-03,100000000.0
1994-05-04,100000000.0
1994-05-05,100000000.0
1994-05-06,100000000.0
1994-05-09,100000000.0
1994-05-10,100000000.0
1994-05-11,100000000.0
1994-05-12,100000000.0
1994-05-13,100000000.0
1994-05-16,100000000.0
1994-05-17,100000000.0
1994-05-18,100000000.0
1994-05-19,100000000.0
1994-05-20,100000000.0
1994-05-23,100000000.0
1994-05-24,100000000.0
1994-05-25,100000000.0
1994-05-26,100000000.0
1994-05-27,100000000.0
1994-05-30,100000000.0
1994-05-31,100000000.0
1994-06-01,100000000.0
1994-06-02,100000000.0
1994-06-03,100000000.0
1994-06-06,100000000.0
1994-06-07,100000000.0
1994-06-08,100000000.0
1994-06-09,100000000.0
1994-06-10,100000000.0
1994-06-13,100000000.0
1994-06-14,100000000.0
1994-06-15,100000000.0
1994-06-16,100000000.0
1994-06-17,100000000.0
1994-06-20,100000000.0
1994-06-21,100000000.0
1994-06-22,100000000.0
1994-06-23,100000000.0
1994-06-24,100000000.0
1994-06-27,100000000.0
1994-06-28,100000000.0
1994-06-29,100000000.0
1994-06-30,100000000.0
1994-07-01,100000000.0
1994-07-04,100000000.0
1994-07-05,100000000.0
1994-07-06,100000000.0
1994-07-07,100000000.0
1994-07-08,100000000.0
1994-07-11,100000000.0
1994-07-12,100000000.0
1994-07-13,100000000.0
1994-07-14,100000000.0
1994-07-15,100000000.0
1994-07-18,100000000.0
1994-07-19,100000000.0
1994-07-20,100000000.0
1994-07-21,100000000.0
1994-07-22,100000000.0
1994-07-25,100000000.0
1994-07-26,100000000.0
1994-07-27,100000000.0
1994-07-28,100000000.0
1994-07-29,100000000.0
1994-08-01,100000000.0
1994-08-02,100000000.0
1994-08-03,100000000.0
1994-08-04,100000000.0
1994-08-05,100000000.0
1994-08-08,100000000.0
1994-08-09,100000000.0
1994-08-10,100000000.0
1994-08-11,100000000.0
1994-08-12,100000000.0
1994-08-15,100000000.0
1994-08-16,100000000.0
1994-08-17,100000000.0
1994-08-18,100000000.0
1994-08-19,100000000.0
1994-08-22,100000000.0
1994-08-23,100000000.0
1994-08-24,100000000.0
1994-08-25,100000000.0
1994-08-26,100000000.0
1994-08-29,100000000.0
1994-08-30,100000000.0
1994-08-31,100000000.0
1994-09-01,100000000.0
1994-09-02,100000000.0
1994-09-05,100000000.0
1994-09-06,100000000.0
1994-09-07,100000000.0
1994-09-08,100000000.0
1994-09-09,100000000.0
1994-09-12,100000000.0
1994-09-13,100000000.0
1994-09-14,100000000.0
1994-09-15,100000000.0
1994-09-16,100000000.0
1994-09-19,100000000.0
1994-09-20,100000000.0
1994-09-21,100000000.0
1994-09-22,100000000.0
1994-09-23,100000000.0
1994-09-26,100000000.0
1994-09-27,100000000.0
1994-09-28,100000000.0
1994-09-29,100000000.0
1994-09-30,100000000.0
1994-10-03,100000000.0
1994-10-04,100000000.0
1994-10-05,100000000.0
1994-10-06,100000000.0
1994-10-07,100000000.0
1994-10-10,100000000.0
1994-10-11,100000000.0
1994-10-12,100000000.0
1994-10-13,100000000.0
1994-10-14,100000000.0
1994-10-17,100000000.0
1994-10-18,100000000.0
1994-10-19,100000000.0
1994-10-20,100000000.0
1994-10-21,100000000.0
1994-10-24,100000000.0
1994-10-25,100000000.0
1994-10-26,100000000.0
1994-10-27,100000000.0
1994-10-28,100000000.0
1994-10-31,100000000.0
1994-11-01,100000000.0
1994-11-02,100000000.0
1994-11-03,100000000.0
1994-11-04,100000000.0
1994-11-07,100000000.0
1994-11-08,100000000.0
1994-11-09,100000000.0
1994-11-10,100000000.0
1994-11-11,100000000.0
1994-11-14,100000000.0
1994-11-15,100000000.0
1994-11-16,100000000.0
1994-11-17,100000000.0
1994-11-18,100000000.0
1994-11-21,100000000.0
1994-11-22,100000000.0
1994-11-23,100000000.0
1994-11-24,100000000.0
1994-11-25,100000000.0
1994-11-28,100000000.0
1994-11-29,100000000.0
1994-11-30,100000000.0
1994-12-01,100000000.0
1994-12-02,100000000.0
1994-12-05,100000000.0
1994-12-06,100000000.0
1994-12-07,100000000.0
1994-12-08,100000000.0
1994-12-09,100000000.0
1994-12-12,100000000.0
1994-12-13,100000000.0
1994-12-14,100000000.0
1994-12-15,100000000.0
1994-12-16,100000000.0
1994-12-19,100000000.0
1994-12-20,100000000.0
1994-12-21,100000000.0
1994-12-22,100000000.0
1994-12-23,100000000.0
1994-12-26,100000000.0
1994-12-27,100000000.0
1994-12-28,100000000.0
1994-12-29,100000000.0
1994-12-30,100000000.0
1995-01-02,100000000.0
1995-01-03,100000000.0
1995-01-04,100000000.0
1995-01-05,100000000.0
1995-01-06,100000000.0
1995-01-09,100000000.0
1995-01-10,100000000.0
1995-01-11,100000000.0
1995-01-12,100000000.0
1995-01-13,100000000.0
1995-01-16,100000000.0
1995-01-17,100000000.0
1995-01-18,100000000.0
1995-01-19,100000000.0
1995-01-20,100000000.0
1995-01-23,100000000.0
1995-01-24,100000000.0
1995-01-25,100000000.0
1995-01-26,100000000.0
1995-01-27,100000000.0
1995-01-30,100000000.0
1995-01-31,100000000.0
1995-02-01,100000000.0
1995-02-02,100000000.0
1995-02-03,100000000.0
1995-02-06,100000000.0
1995-02-07,100000000.0
1995-02-08,100000000.0
1995-02-09,100000000.0
1995-02-10,100000000.0
1995-02-13,100000000.0
1995-02-14,100000000.0
1995-02-15,100000000.0
1995-02-16,100000000.0
1995-02-17,100000000.0
1995-02-20,100000000.0
1995-02-21,100000000.0
1995-02-22,100000000.0
1995-02-23,100000000.0
1995-02-24,100000000.0
1995-02-27,100000000.0
1995-02-28,100000000.0
1995-03-01,100000000.0
1995-03-02,100000000.0
1995-03-03,100000000.0
1995-03-06,100000000.0
1995-03-07,100000000.0
1995-03-08,100000000.0
1995-03-09,100000000.0
1995-03-10,100000000.0
1995-03-13,100000000.0
1995-03-14,100000000.0
1995-03-15,100000000.0
1995-03-16,100000000.0
1995-03-17,100000000.0
1995-03-20,100000000.0
1995-03-21,100000000.0
1995-03-22,100000000.0
1995-03-23,100000000.0
1995-03-24,100000000.0
1995-03-27,100000000.0
1995-03-28,100000000.0
1995-03-29,100000000.0
1995-03-30,100000000.0
1995-03-31,100000000.0
1995-04-03,100000000.0
1995-04-04,100000000.0
1995-04-05,100000000.0
1995-04-06,100000000.0
1995-04-07,100000000.0
1995-04-10,100000000.0
1995-04-11,100000000.0
1995-04-12,100000000.0
1995-04-13,100000000.0
1995-04-14,100000000.0
1995-04-17,100000000.0
1995-04-18,100000000.0
1995-04-19,100000000.0
1995-04-20,100000000.0
1995-04-21,100000000.0
1995-04-24,100000000.0
1995-04-25,100000000.0
1995-04-26,100000000.0
1995-04-27,100000000.0
1995-04-28,100000000.0
1995-05-01,100000000.0
1995-05-02,100000000.0
1995-05-03,100000000.0
1995-05-04,100000000.0
1995-05-05,100000000.0
1995-05-08,100000000.0
1995-05-09,100000000.0
1995-05-10,100000000.0
1995-05-11,100000000.0
1995-05-12,100000000.0
1995-05-15,100000000.0
1995-05-16,100000000.0
1995-05-17,100000000.0
1995-05-18,100000000.0
1995-05-19,100000000.0
1995-05-22,100000000.0
1995-05-23,100000000.0
1995-05-24,100000000.0
1995-05-25,100000000.0
1995-05-26,100000000.0
1995-05-29,100000000.0
1995-05-30,100000000.0
1995-05-31,100000000.0
1995-06-01,100000000.0
1995-06-02,100000000.0
1995-06-05,100000000.0
1995-06-06,100000000.0
1995-06-07,100000000.0
1995-06-08,100000000.0
1995-06-09,100000000.0
1995-06-12,100000000.0
1995-06-13,100000000.0
1995-06-14,100000000.0
1995-06-15,100000000.0
1995-06-16,100000000.0
1995-06-19,100000000.0
1995-06-20,100000000.0
1995-06-21,100000000.0
1995-06-22,100000000.0
1995-06-23,100000000.0
1995-06-26,100000000.0
1995-06-27,100000000.0
1995-06-28,100000000.0
1995-06-29,100000000.0
1995-06-30,100000000.0
1995-07-03,100000000.0
1995-07-04,100000000.0
1995-07-05,100000000.0
1995-07-06,100000000.0
1995-07-07,100000000.0
1995-07-10,100000000.0
1995-07-11,100000000.0
1995-07-12,100000000.0
1995-07-13,100000000.0
1995-07-14,100000000.0
1995-07-17,100000000.0
1995-07-18,100000000.0
1995-07-19,100000000.0
1995-07-20,100000000.0
1995-07-21,100000000.0
1995-07-24,100000000.0
1995-07-25,100000000.0
1995-07-26,100000000.0
1995-07-27,100000000.0
1995-07-28,100000000.0
1995-07-31,100000000.0
1995-08-01,100000000.0
1995-08-02,100000000.0
1995-08-03,100000000.0
1995-08-04,100000000.0
1995-08-07,100000000.0
1995-08-08,100000000.0
1995-08-09,100000000.0
1995-08-10,100000000.0
1995-08-11,100000000.0
1995-08-14,100000000.0
1995-08-15,100000000.0
1995-08-16,100000000.0
1995-08-17,100000000.0
1995-08-18,100000000.0
1995-08-21,100000000.0
1995-08-22,100000000.0
1995-08-23,100000000.0
1995-08-24,100000000.0
1995-08-25,100000000.0
1995-08-28,100000000.0
1995-08-29,100000000.0
1995-08-30,100000000.0
1995-08-31,100000000.0
1995-09-01,100000000.0
1995-09-04,100000000.0
1995-09-05,100000000.0
1995-09-06,100000000.0
1995-09-07,100000000.0
1995-09-08,100000000.0
1995-09-11,100000000.0
1995-09-12,100000000.0
1995-09-13,100000000.0
1995-09-14,100000000.0
1995-09-15,100000000.0
1995-09-18,100000000.0
1995-09-19,100000000.0
1995-09-20,100000000.0
1995-09-21,100000000.0
1995-09-22,100000000.0
1995-09-25,100000000.0
1995-09-26,100000000.0
1995-09-27,100000000.0
1995-09-28,100000000.0
1995-09-29,100000000.0
1995-10-02,100000000.0
1995-10-03,100000000.0
1995-10-04,100000000.0
1995-10-05,100000000.0
1995-10-06,100000000.0
1995-10-09,100000000.0
1995-10-10,100000000.0
1995-10-11,100000000.0
1995-10-12,100000000.0
1995-10-13,100000000.0
1995-10-16,100000000.0
1995-10-17,100000000.0
1995-10-18,100000000.0
1995-10-19,100000000.0
1995-10-20,100000000.0
1995-10-23,100000000.0
1995-10-24,100000000.0
1995-10-25,100000000.0
1995-10-26,100000000.0
1995-10-27,100000000.0
1995-10-30,100000000.0
1995-10-31,100000000.0
1995-11-01,100000000.0
1995-11-02,100000000.0
1995-11-03,100000000.0
1995-11-06,100000000.0
1995-11-07,100000000.0
1995-11-08,100000000.0
1995-11-09,100000000.0
1995-11-10,100000000.0
1995-11-13,100000000.0
1995-11-14,100000000.0
1995-11-15,100000000.0
1995-11-16,100000000.0
1995-11-17,100000000.0
1995-11-20,100000000.0
1995-11-21,100000000.0
1995-11-22,100000000.0
1995-11-23,100000000.0
1995-11-24,100000000.0
1995-11-27,100000000.0
1995-11-28,100000000.0
1995-11-29,100000000.0
1995-11-30,100000000.0
1995-12-01,100000000.0
1995-12-04,100000000.0
1995-12-05,100000000.0
1995-12-06,100000000.0
1995-12-07,100000000.0
1995-12-08,100000000.0
1995-12-11,100000000.0
1995-12-12,100000000.0
1995-12-13,100000000.0
1995-12-14,100000000.0
1995-12-15,100000000.0
1995-12-18,100000000.0
1995-12-19,100000000.0
1995-12-20,100000000.0
1995-12-21,100000000.0
1995-12-22,100000000.0
1995-12-25,100000000.0
1995-12-26,100000000.0
1995-12-27,100000000.0
1995-12-28,100000000.0
1995-12-29,100000000.0
1996-01-01,100000000.0
1996-01-02,100000000.0
1996-01-03,100000000.0
1996-01-04,100000000.0
1996-01-05,100000000.0
1996-01-08,100000000.0
1996-01-09,100000000.0
1996-01-10,100000000.0
1996-01-11,100000000.0
1996-01-12,100000000.0
1996-01-15,100000000.0
1996-01-16,100000000.0
1996-01-17,100000000.0
1996-01-18,100000000.0
1996-01-19,100000000.0
1996-01-22,100000000.0
1996-01-23,100000000.0
1996-01-24,100000000.0
1996-01-25,100000000.0
1996-01-26,100000000.0
1996-01-29,100000000.0
1996-01-30,100000000.0
1996-01-31,100000000.0
1996-02-01,100000000.0
1996-02-02,100000000.0
1996-02-05,100000000.0
1996-02-06,100000000.0
1996-02-07,100000000.0
1996-02-08,100000000.0
1996-02-09,100000000.0
1996-02-12,100000000.0
1996-02-13,100000000.0
1996-02-14,100000000.0
1996-02-15,100000000.0
1996-02-16,100000000.0
1996-02-19,100000000.0
1996-02-20,100000000.0
1996-02-21,100000000.0
1996-02-22,100000000.0
1996-02-23,100000000.0
1996-02-26,100000000.0
1996-02-27,100000000.0
1996-02-28,100000000.0
1996-02-29,100000000.0
1996-03-01,100000000.0
1996-03-04,100000000.0
1996-03-05,100000000.0
1996-03-06,100000000.0
1996-03-07,100000000.0
1996-03-08,100000000.0
1996-03-11,100000000.0
1996-03-12,100000000.0
1996-03-13,100000000.0
1996-03-14,100000000.0
1996-03-15,100000000.0
1996-03-18,100000000.0
1996-03-19,100000000.0
1996-03-20,100000000.0
1996-03-21,100000000.0
1996-03-22,100000000.0
1996-03-25,100000000.0
1996-03-26,100000000.0
1996-03-27,100000000.0
1996-03-28,100000000.0
1996-03-29,100000000.0
1996-04-01,100000000.0
1996-04-02,100000000.0
1996-04-03,100000000.0
1996-04-04,100000000.0
1996-04-05,100000000.0
1996-04-08,100000000.0
1996-04-09,100000000.0
1996-04-10,100000000.0
1996-04-11,100000000.0
1996-04-12,100000000.0
1996-04-15,100000000.0
1996-04-16,100000000.0
1996-04-17,100000000.0
1996-04-18,100000000.0
1996-04-19,100000000.0
1996-04-22,100000000.0
1996-04-23,100000000.0
1996-04-24,100000000.0
1996-04-25,100000000.0
1996-04-26,100000000.0
1996-04-29,100000000.0
1996-04-30,100000000.0
1996-05-01,100000000.0
1996-05-02,100000000.0
1996-05-03,100000000.0
1996-05-06,100000000.0
1996-05-07,100000000.0
1996-05-08,100000000.0
1996-05-09,100000000.0
1996-05-10,100000000.0
1996-05-13,100000000.0
1996-05-14,100000000.0
1996-05-15,100000000.0
1996-05-16,100000000.0
1996-05-17,100000000.0
1996-05-20,100000000.0
1996-05-21,100000000.0
1996-05-22,100000000.0
1996-05-23,100000000.0
1996-05-24,100000000.0
1996-05-27,100000000.0
1996-05-28,100000000.0
1996-05-29,100000000.0
1996-05-30,100000000.0
1996-05-31,100000000.0
1996-06-03,100000000.0
1996-06-04,100000000.0
1996-06-05,100000000.0
1996-06-06,100000000.0
1996-06-07,100000000.0
1996-06-10,100000000.0
1996-06-11,100000000.0
1996-06-12,100000000.0
1996-06-13,100000000.0
1996-06-14,100000000.0
1996-06-17,100000000.0
1996-06-18,100000000.0
1996-06-19,100000000.0
1996-06-20,100000000.0
1996-06-21,100000000.0
1996-06-24,100000000.0
1996-06-25,100000000.0
1996-06-26,100000000.0
1996-06-27,100000000.0
1996-06-28,100000000.0
1996-07-01,100000000.0
1996-07-02,100000000.0
1996-07-03,100000000.0
1996-07-04,100000000.0
1996-07-05,100000000.0
1996-07-08,100000000.0
1996-07-09,100000000.0
1996-07-10,100000000.0
1996-07-11,100000000.0
1996-07-12,100000000.0
1996-07-15,100000000.0
1996-07-16,100000000.0
1996-07-17,100000000.0
1996-07-18,100000000.0
1996-07-19,100000000.0
1996-07-22,100000000.0
1996-07-23,100000000.0
1996-07-24,100000000.0
1996-07-25,100000000.0
1996-07-26,100000000.0
1996-07-29,100000000.0
1996-07-30,100000000.0
1996-07-31,100000000.0
1996-08-01,100000000.0
1996-08-02,100000000.0
1996-08-05,100000000.0
1996-08-06,100000000.0
1996-08-07,100000000.0
1996-08-08,100000000.0
1996-08-09,100000000.0
1996-08-12,100000000.0
1996-08-13,100000000.0
1996-08-14,100000000.0
1996-08-15,100000000.0
1996-08-16,100000000.0
1996-08-19,100000000.0
1996-08-20,100000000.0
1996-08-21,100000000.0
1996-08-22,100000000.0
1996-08-23,100000000.0
1996-08-26,100000000.0
1996-08-27,100000000.0
1996-08-28,100000000.0
1996-08-29,100000000.0
1996-08-30,100000000.0
1996-09-02,100000000.0
1996-09-03,100000000.0
1996-09-04,100000000.0
1996-09-05,100000000.0
1996-09-06,100000000.0
1996-09-09,100000000.0
1996-09-10,100000000.0
1996-09-11,100000000.0
1996-09-12,100000000.0
1996-09-13,100000000.0
1996-09-16,100000000.0
1996-09-17,100000000.0
1996-09-18,100000000.0
1996-09-19,100000000.0
1996-09-20,100000000.0
1996-09-23,100000000.0
1996-09-24,100000000.0
1996-09-25,100000000.0
1996-09-26,100000000.0
1996-09-27,100000000.0
1996-09-30,100000000.0
1996-10-01,100000000.0
1996-10-02,100000000.0
1996-10-03,100000000.0
1996-10-04,100000000.0
1996-10-07,100000000.0
1996-10-08,100000000.0
1996-10-09,100000000.0
1996-10-10,100000000.0
1996-10-11,100000000.0
1996-10-14,100000000.0
1996-10-15,100000000.0
1996-10-16,100000000.0
1996-10-17,100000000.0
1996-10-18,100000000.0
1996-10-21,100000000.0
1996-10-22,100000000.0
1996-10-23,100000000.0
1996-10-24,100000000.0
1996-10-25,100000000.0
1996-10-28,100000000.0
1996-10-29,100000000.0
1996-10-30,100000000.0
1996-10-31,100000000.0
1996-11-01,100000000.0
1996-11-04,100000000.0
1996-11-05,100000000.0
1996-11-06,100000000.0
1996-11-07,100000000.0
1996-11-08,100000000.0
1996-11-11,100000000.0
1996-11-12,100000000.0
1996-11-13,100000000.0
1996-11-14,100000000.0
1996-11-15,100000000.0
1996-11-18,100000000.0
1996-11-19,100000000.0
1996-11-20,100000000.0
1996-11-21,100000000.0
1996-11-22,100000000.0
1996-11-25,100000000.0
1996-11-26,100000000.0
1996-11-27,100000000.0
1996-11-28,100000000.0
1996-11-29,100000000.0
1996-12-02,100000000.0
1996-12-03,100000000.0
1996-12-04,100000000.0
1996-12-05,100000000.0
1996-12-06,100000000.0
1996-12-09,100000000.0
1996-12-10,100000000.0
1996-12-11,100000000.0
1996-12-12,100000000.0
1996-12-13,100000000.0
1996-12-16,100000000.0
1996-12-17,100000000.0
1996-12-18,100000000.0
1996-12-19,100000000.0
1996-12-20,100000000.0
1996-12-23,100000000.0
1996-12-24,100000000.0
1996-12-25,100000000.0
1996-12-26,100000000.0
1996-12-27,100000000.0
1996-12-30,100000000.0
1996-12-31,100000000.0
1997-01-01,100000000.0
1997-01-02,100000000.0
1997-01-03,100000000.0
1997-01-06,100000000.0
1997-01-07,100000000.0
1997-01-08,100000000.0
1997-01-09,100000000.0
1997-01-10,100000000.0
1997-01-13,100000000.0
1997-01-14,100000000.0
1997-01-15,100000000.0
1997-01-16,100000000.0
1997-01-17,100000000.0
1997-01-20,100000000.0
1997-01-21,100000000.0
1997-01-22,100000000.0
1997-01-23,100000000.0
1997-01-24,100000000.0
1997-01-27,100000000.0
1997-01-28,100000000.0
1997-01-29,100000000.0
1997-01-30,100000000.0
1997-01-31,100000000.0
1997-02-03,100000000.0
1997-02-04,100000000.0
1997-02-05,100000000.0
1997-02-06,100000000.0
1997-02-07,100000000.0
1997-02-10,100000000.0
1997-02-11,100000000.0
1997-02-12,100000000.0
1997-02-13,100000000.0
1997-02-14,100000000.0
1997-02-17,100000000.0
1997-02-18,100000000.0
1997-02-19,100000000.0
1997-02-20,100000000.0
1997-02-21,100000000.0
1997-02-24,100000000.0
1997-02-25,100000000.0
1997-02-26,100000000.0
1997-02-27,100000000.0
1997-02-28,100000000.0
1997-03-03,100000000.0
1997-03-04,100000000.0
1997-03-05,100000000.0
1997-03-06,100000000.0
1997-03-07,100000000.0
1997-03-10,100000000.0
1997-03-11,100000000.0
1997-03-12,100000000.0
1997-03-13,100000000.0
1997-03-14,100000000.0
1997-03-17,100000000.0
1997-03-18,100000000.0
1997-03-19,100000000.0
1997-03-20,100000000.0
1997-03-21,100000000.0
1997-03-24,100000000.0
1997-03-25,100000000.0
1997-03-26,100000000.0
1997-03-27,100000000.0
1997-03-28,100000000.0
1997-03-31,100000000.0
1997-04-01,100000000.0
1997-04-02,100000000.0
1997-04-03,100000000.0
1997-04-04,100000000.0
1997-04-07,100000000.0
1997-04-08,100000000.0
1997-04-09,100000000.0
1997-04-10,100000000.0
1997-04-11,100000000.0
1997-04-14,100000000.0
1997-04-15,100000000.0
1997-04-16,100000000.0
1997-04-17,100000000.0
1997-04-18,100000000.0
1997-04-21,100000000.0
1997-04-22,100000000.0
1997-04-23,100000000.0
1997-04-24,100000000.0
1997-04-25,100000000.0
1997-04-28,100000000.0
1997-04-29,100000000.0
1997-04-30,100000000.0
1997-05-01,100000000.0
1997-05-02,100000000.0
1997-05-05,100000000.0
1997-05-06,100000000.0
1997-05-07,100000000.0
1997-05-08,100000000.0
1997-05-09,100000000.0
1997-05-12,100000000.0
1997-05-13,100000000.0
1997-05-14,100000000.0
1997-05-15,100000000.0
1997-05-16,100000000.0
1997-05-19,100000000.0
1997-05-20,100000000.0
1997-05-21,100000000.0
1997-05-22,100000000.0
1997-05-23,100000000.0
1997-05-26,100000000.0
1997-05-27,100000000.0
1997-05-28,100000000.0
1997-05-29,100000000.0
1997-05-30,100000000.0
1997-06-02,100000000.0
1997-06-03,100000000.0
1997-06-04,100000000.0
1997-06-05,100000000.0
1997-06-06,100000000.0
1997-06-09,100000000.0
1997-06-10,100000000.0
1997-06-11,100000000.0
1997-06-12,100000000.0
1997-06-13,100000000.0
1997-06-16,100000000.0
1997-06-17,100000000.0
1997-06-18,100000000.0
1997-06-19,100000000.0
1997-06-20,100000000.0
1997-06-23,100000000.0
1997-06-24,100000000.0
1997-06-25,100000000.0
1997-06-26,100000000.0
1997-06-27,100000000.0
1997-06-30,100000000.0
1997-07-01,100000000.0
1997-07-02,100000000.0
1997-07-03,100000000.0
1997-07-04,100000000.0
1997-07-07,100000000.0
1997-07-08,100000000.0
1997-07-09,100000000.0
1997-07-10,100000000.0
1997-07-11,100000000.0
1997-07-14,100000000.0
1997-07-15,100000000.0
1997-07-16,100000000.0
1997-07-17,100000000.0
1997-07-18,100000000.0
1997-07-21,100000000.0
1997-07-22,100000000.0
1997-07-23,100000000.0
1997-07-24,100000000.0
1997-07-25,100000000.0
1997-07-28,100000000.0
1997-07-29,100000000.0
1997-07-30,100000000.0
1997-07-31,100000000.0
1997-08-01,100000000.0
1997-08-04,100000000.0
1997-08-05,100000000.0
1997-08-06,100000000.0
1997-08-07,100000000.0
1997-08-08,100000000.0
1997-08-11,100000000.0
1997-08-12,100000000.0
1997-08-13,100000000.0
1997-08-14,100000000.0
1997-08-15,100000000.0
1997-08-18,100000000.0
1997-08-19,100000000.0
1997-08-20,100000000.0
1997-08-21,100000000.0
1997-08-22,100000000.0
1997-08-25,100000000.0
1997-08-26,100000000.0
1997-08-27,100000000.0
1997-08-28,100000000.0
1997-08-29,100000000.0
1997-09-01,100000000.0
1997-09-02,100000000.0
1997-09-03,100000000.0
1997-09-04,100000000.0
1997-09-05,100000000.0
1997-09-08,100000000.0
1997-09-09,100000000.0
1997-09-10,100000000.0
1997-09-11,100000000.0
1997-09-12,100000000.0
1997-09-15,100000000.0
1997-09-16,100000000.0
1997-09-17,100000000.0
1997-09-18,100000000.0
1997-09-19,100000000.0
1997-09-22,100000000.0
1997-09-23,100000000.0
1997-09-24,100000000.0
1997-09-25,100000000.0
1997-09-26,100000000.0
1997-09-29,100000000.0
1997-09-30,100000000.0
1997-10-01,100000000.0
1997-10-02,100000000.0
1997-10-03,100000000.0
1997-10-06,100000000.0
1997-10-07,100000000.0
1997-10-08,100000000.0
1997-10-09,100000000.0
1997-10-10,100000000.0
1997-10-13,100000000.0
1997-10-14,100000000.0
1997-10-15,100000000.0
1997-10-16,100000000.0
1997-10-17,100000000.0
1997-10-20,100000000.0
1997-10-21,100000000.0
1997-10-22,100000000.0
1997-10-23,100000000.0
1997-10-24,100000000.0
1997-10-27,100000000.0
1997-10-28,100000000.0
1997-10-29,100000000.0
1997-10-30,100000000.0
1997-10-31,100000000.0
1997-11-03,100000000.0
1997-11-04,100000000.0
1997-11-05,100000000.0
1997-11-06,100000000.0
1997-11-07,100000000.0
1997-11-10,100000000.0
1997-11-11,100000000.0
1997-11-12,100000000.0
1997-11-13,100000000.0
1997-11-14,100000000.0
1997-11-17,100000000.0
1997-11-18,100000000.0
1997-11-19,100000000.0
1997-11-20,100000000.0
1997-11-21,100000000.0
1997-11-24,100000000.0
1997-11-25,100000000.0
1997-11-26,100000000.0
1997-11-27,100000000.0
1997-11-28,100000000.0
1997-12-01,100000000.0
1997-12-02,100000000.0
1997-12-03,100000000.0
1997-12-04,100000000.0
1997-12-05,100000000.0
1997-12-08,100000000.0
1997-12-09,100000000.0
1997-12-10,100000000.0
1997-12-11,100000000.0
1997-12-12,100000000.0
1997-12-15,100000000.0
1997-12-16,100000000.0
1997-12-17,100000000.0
1997-12-18,100000000.0
1997-12-19,100000000.0
1997-12-22,100000000.0
1997-12-23,100000000.0
1997-12-24,100000000.0
1997-12-25,100000000.0
1997-12-26,100000000.0
1997-12-29,100000000.0
1997-12-30,100000000.0
1997-12-31,100000000.0
1998-01-02,100000000.0
1998-01-05,100000000.0
1998-01-06,100000000.0
1998-01-07,100000000.0
1998-01-08,100000000.0
1998-01-09,100000000.0
1998-01-12,100000000.0
1998-01-13,100000000.0
1998-01-14,100000000.0
1998-01-15,100000000.0
1998-01-16,100000000.0
1998-01-20,100000000.0
1998-01-21,100000000.0
1998-01-22,100000000.0
1998-01-23,100000000.0
1998-01-26,100000000.0
1998-01-27,100000000.0
1998-01-28,100000000.0
1998-01-29,100000000.0
1998-01-30,100000000.0
1998-02-02,100000000.0
1998-02-03,100000000.0
1998-02-04,100000000.0
1998-02-05,100000000.0
1998-02-06,100000000.0
1998-02-09,100000000.0
1998-02-10,100000000.0
1998-02-11,100000000.0
1998-02-12,100000000.0
1998-02-13,100000000.0
1998-02-17,100000000.0
1998-02-18,100000000.0
1998-02-19,100000000.0
1998-02-20,100000000.0
1998-02-23,100000000.0
1998-02-24,100000000.0
1998-02-25,100000000.0
1998-02-26,100000000.0
1998-02-27,100000000.0
1998-03-02,100000000.0
1998-03-03,100000000.0
1998-03-04,100000000.0
1998-03-05,100000000.0
1998-03-06,100000000.0
1998-03-09,100000000.0
1998-03-10,100000000.0
1998-03-11,100000000.0
1998-03-12,100000000.0
1998-03-13,100000000.0
1998-03-16,100000000.0
1998-03-17,100000000.0
1998-03-18,100000000.0
1998-03-19,100000000.0
1998-03-20,100000000.0
1998-03-23,100000000.0
1998-03-24,100000000.0
1998-03-25,100000000.0
1998-03-26,100000000.0
1998-03-27,100000000.0
1998-03-30,100000000.0
1998-03-31,100000000.0
1998-04-01,100000000.0
1998-04-02,100000000.0
1998-04-03,100000000.0
1998-04-06,100000000.0
1998-04-07,100000000.0
1998-04-08,100000000.0
1998-04-09,100000000.0
1998-04-13,100000000.0
1998-04-14,100000000.0
1998-04-15,100000000.0
1998-04-16,100000000.0
1998-04-17,100000000.0
1998-04-20,100000000.0
1998-04-21,100000000.0
1998-04-22,100000000.0
1998-04-23,100000000.0
1998-04-24,100000000.0
1998-04-27,100000000.0
1998-04-28,100000000.0
1998-04-29,100000000.0
1998-04-30,100000000.0
1998-05-01,100000000.0
1998-05-04,100000000.0
1998-05-05,100000000.0
1998-05-06,100000000.0
1998-05-07,100000000.0
1998-05-08,100000000.0
1998-05-11,100000000.0
1998-05-12,100000000.0
1998-05-13,100000000.0
1998-05-14,100000000.0
1998-05-15,100000000.0
1998-05-18,100000000.0
1998-05-19,100000000.0
1998-05-20,100000000.0
1998-05-21,100000000.0
1998-05-22,100000000.0
1998-05-26,100000000.0
1998-05-27,100000000.0
1998-05-28,100000000.0
1998-05-29,100000000.0
1998-06-01,100000000.0
1998-06-02,100000000.0
1998-06-03,100000000.0
1998-06-04,100000000.0
1998-06-05,100000000.0
1998-06-08,100000000.0
1998-06-09,100000000.0
1998-06-10,100000000.0
1998-06-11,100000000.0
1998-06-12,100000000.0
1998-06-15,100000000.0
1998-06-16,100000000.0
1998-06-17,100000000.0
1998-06-18,100000000.0
1998-06-19,100000000.0
1998-06-22,100000000.0
1998-06-23,100000000.0
1998-06-24,100000000.0
1998-06-25,100000000.0
1998-06-26,100000000.0
1998-06-29,100000000.0
1998-06-30,100000000.0
1998-07-01,100000000.0
1998-07-02,100000000.0
1998-07-06,100000000.0
1998-07-07,100000000.0
1998-07-08,100000000.0
1998-07-09,100000000.0
1998-07-10,100000000.0
1998-07-13,100000000.0
1998-07-14,100000000.0
1998-07-15,100000000.0
1998-07-16,100000000.0
1998-07-17,100000000.0
1998-07-20,100000000.0
1998-07-21,100000000.0
1998-07-22,100000000.0
1998-07-23,100000000.0
1998-07-24,100000000.0
1998-07-27,100000000.0
1998-07-28,100000000.0
1998-07-29,100000000.0
1998-07-30,100000000.0
1998-07-31,100000000.0
1998-08-03,100000000.0
1998-08-04,100000000.0
1998-08-05,100000000.0
1998-08-06,100000000.0
1998-08-07,100000000.0
1998-08-10,100000000.0
1998-08-11,100000000.0
1998-08-12,100000000.0
1998-08-13,100000000.0
1998-08-14,100000000.0
1998-08-17,100000000.0
1998-08-18,100000000.0
1998-08-19,100000000.0
1998-08-20,100000000.0
1998-08-21,100000000.0
1998-08-24,100000000.0
1998-08-25,100000000.0
1998-08-26,100000000.0
1998-08-27,100000000.0
1998-08-28,100000000.0
1998-08-31,100000000.0
1998-09-01,100000000.0
1998-09-02,100000000.0
1998-09-03,100000000.0
1998-09-04,100000000.0
1998-09-08,100000000.0
1998-09-09,100000000.0
1998-09-10,100000000.0
1998-09-11,100000000.0
1998-09-14,100000000.0
1998-09-15,100000000.0
1998-09-16,100000000.0
1998-09-17,100000000.0
1998-09-18,100000000.0
1998-09-21,100000000.0
1998-09-22,100000000.0
1998-09-23,100000000.0
1998-09-24,100000000.0
1998-09-25,100000000.0
1998-09-28,100000000.0
1998-09-29,100000000.0
1998-09-30,100000000.0
1998-10-01,100000000.0
1998-10-02,100000000.0
1998-10-05,100000000.0
1998-10-06,100000000.0
1998-10-07,100000000.0
1998-10-08,100000000.0
1998-10-09,100000000.0
1998-10-12,100000000.0
1998-10-13,100000000.0
1998-10-14,100000000.0
1998-10-15,100000000.0
1998-10-16,100000000.0
1998-10-19,100000000.0
1998-10-20,100000000.0
1998-10-21,100000000.0
1998-10-22,100000000.0
1998-10-23,100000000.0
1998-10-26,100000000.0
1998-10-27,100000000.0
1998-10-28,100000000.0
1998-10-29,100000000.0
1998-10-30,100000000.0
1998-11-02,100000000.0
1998-11-03,100000000.0
1998-11-04,100000000.0
1998-11-05,100000000.0
1998-11-06,100000000.0
1998-11-09,100000000.0
1998-11-10,100000000.0
1998-11-11,100000000.0
1998-11-12,100000000.0
1998-11-13,100000000.0
1998-11-16,100000000.0
1998-11-17,100000000.0
1998-11-18,100000000.0
1998-11-19,100000000.0
1998-11-20,100000000.0
1998-11-23,100000000.0
1998-11-24,100000000.0
1998-11-25,100000000.0
1998-11-27,100000000.0
1998-11-30,100000000.0
1998-12-01,100000000.0
1998-12-02,100000000.0
1998-12-03,100000000.0
1998-12-04,100000000.0
1998-12-07,100000000.0
1998-12-08,100000000.0
1998-12-09,100000000.0
1998-12-10,100000000.0
1998-12-11,100000000.0
1998-12-14,100000000.0
1998-12-15,100000000.0
1998-12-16,100000000.0
1998-12-17,100000000.0
1998-12-18,100000000.0
1998-12-21,100000000.0
1998-12-22,100000000.0
1998-12-23,100000000.0
1998-12-24,100000000.0
1998-12-28,100000000.0
1998-12-29,100000000.0
1998-12-30,100000000.0
1998-12-31,100000000.0
1999-01-04,100000000.0
1999-01-05,100000000.0
1999-01-06,100000000.0
1999-01-07,100000000.0
1999-01-08,100000000.0
1999-01-11,100000000.0
1999-01-12,100000000.0
1999-01-13,100000000.0
1999-01-14,100000000.0
1999-01-15,100000000.0
1999-01-19,100000000.0
1999-01-20,100000000.0
1999-01-21,100000000.0
1999-01-22,100000000.0
1999-01-25,100000000.0
1999-01-26,100000000.0
1999-01-27,100000000.0
1999-01-28,100000000.0
1999-01-29,100000000.0
1999-02-01,100000000.0
1999-02-02,100000000.0
1999-02-03,100000000.0
1999-02-04,100000000.0
1999-02-05,100000000.0
1999-02-08,100000000.0
1999-02-09,100000000.0
1999-02-10,100000000.0
1999-02-11,100000000.0
1999-02-12,100000000.0
1999-02-16,100000000.0
1999-02-17,100000000.0
1999-02-18,100000000.0
1999-02-19,100000000.0
1999-02-22,100000000.0
1999-02-23,100000000.0
1999-02-24,100000000.0
1999-02-25,100000000.0
1999-02-26,100000000.0
1999-03-01,100000000.0
1999-03-02,100000000.0
1999-03-03,100000000.0
1999-03-04,100000000.0
1999-03-05,100000000.0
1999-03-08,100000000.0
1999-03-09,100000000.0
1999-03-10,100000000.0
1999-03-11,100000000.0
1999-03-12,100000000.0
1999-03-15,100000000.0
1999-03-16,100000000.0
1999-03-17,100000000.0
1999-03-18,100000000.0
1999-03-19,100000000.0
1999-03-22,100000000.0
1999-03-23,100000000.0
1999-03-24,100000000.0
1999-03-25,100000000.0
1999-03-26,100000000.0
1999-03-29,100000000.0
1999-03-30,100000000.0
1999-03-31,100000000.0
1999-04-01,100000000.0
1999-04-05,100000000.0
1999-04-06,100000000.0
1999-04-07,100000000.0
1999-04-08,100000000.0
1999-04-09,100000000.0
1999-04-12,100000000.0
1999-04-13,100000000.0
1999-04-14,100000000.0
1999-04-15,100000000.0
1999-04-16,100000000.0
1999-04-19,100000000.0
1999-04-20,100000000.0
1999-04-21,100000000.0
1999-04-22,100000000.0
1999-04-23,100000000.0
1999-04-26,100000000.0
1999-04-27,100000000.0
1999-04-28,100000000.0
1999-04-29,100000000.0
1999-04-30,100000000.0
1999-05-03,100000000.0
1999-05-04,100000000.0
1999-05-05,100000000.0
1999-05-06,100000000.0
1999-05-07,100000000.0
1999-05-10,100000000.0
1999-05-11,100000000.0
1999-05-12,100000000.0
1999-05-13,100000000.0
1999-05-14,100000000.0
1999-05-17,100000000.0
1999-05-18,100000000.0
1999-05-19,100000000.0
1999-05-20,100000000.0
1999-05-21,100000000.0
1999-05-24,100000000.0
1999-05-25,100000000.0
1999-05-26,100000000.0
1999-05-27,100000000.0
1999-05-28,100000000.0
1999-06-01,100000000.0
1999-06-02,100000000.0
1999-06-03,100000000.0
1999-06-04,100000000.0
1999-06-07,100000000.0
1999-06-08,100000000.0
1999-06-09,100000000.0
1999-06-10,100000000.0
1999-06-11,100000000.0
1999-06-14,100000000.0
1999-06-15,100000000.0
1999-06-16,100000000.0
1999-06-17,100000000.0
1999-06-18,100000000.0
1999-06-21,100000000.0
1999-06-22,100000000.0
1999-06-23,100000000.0
1999-06-24,100000000.0
1999-06-25,100000000.0
1999-06-28,100000000.0
1999-06-29,100000000.0
1999-06-30,100000000.0
1999-07-01,100000000.0
1999-07-02,100000000.0
1999-07-06,100000000.0
1999-07-07,100000000.0
1999-07-08,100000000.0
1999-07-09,100000000.0
1999-07-12,100000000.0
1999-07-13,100000000.0
1999-07-14,100000000.0
1999-07-15,100000000.0
1999-07-16,100000000.0
1999-07-19,100000000.0
1999-07-20,100000000.0
1999-07-21,100000000.0
1999-07-22,100000000.0
1999-07-23,100000000.0
1999-07-26,100000000.0
1999-07-27,100000000.0
1999-07-28,100000000.0
1999-07-29,100000000.0
1999-07-30,100000000.0
1999-08-02,100000000.0
1999-08-03,100000000.0
1999-08-04,100000000.0
1999-08-05,100000000.0
1999-08-06,100000000.0
1999-08-09,100000000.0
1999-08-10,100000000.0
1999-08-11,100000000.0
1999-08-12,100000000.0
1999-08-13,100000000.0
1999-08-16,100000000.0
1999-08-17,100000000.0
1999-08-18,100000000.0
1999-08-19,100000000.0
1999-08-20,100000000.0
1999-08-23,100000000.0
1999-08-24,100000000.0
1999-08-25,100000000.0
1999-08-26,100000000.0
1999-08-27,100000000.0
1999-08-30,100000000.0
1999-08-31,100000000.0
1999-09-01,100000000.0
1999-09-02,100000000.0
1999-09-03,100000000.0
1999-09-07,100000000.0
1999-09-08,100000000.0
1999-09-09,100000000.0
1999-09-10,100000000.0
1999-09-13,100000000.0
1999-09-14,100000000.0
1999-09-15,100000000.0
1999-09-16,100000000.0
1999-09-17,100000000.0
1999-09-20,100000000.0
1999-09-21,100000000.0
1999-09-22,100000000.0
1999-09-23,100000000.0
1999-09-24,100000000.0
1999-09-27,100000000.0
1999-09-28,100000000.0
1999-09-29,100000000.0
1999-09-30,100000000.0
1999-10-01,100000000.0
1999-10-04,100000000.0
1999-10-05,100000000.0
1999-10-06,100000000.0
1999-10-07,100000000.0
1999-10-08,100000000.0
1999-10-11,100000000.0
1999-10-12,100000000.0
1999-10-13,100000000.0
1999-10-14,100000000.0
1999-10-15,100000000.0
1999-10-18,100000000.0
1999-10-19,100000000.0
1999-10-20,100000000.0
1999-10-21,100000000.0
1999-10-22,100000000.0
1999-10-25,100000000.0
1999-10-26,100000000.0
1999-10-27,100000000.0
1999-10-28,100000000.0
1999-10-29,100000000.0
1999-11-01,100000000.0
1999-11-02,100000000.0
1999-11-03,100000000.0
1999-11-04,100000000.0
1999-11-05,100000000.0
1999-11-08,100000000.0
1999-11-09,100000000.0
1999-11-10,100000000.0
1999-11-11,100000000.0
1999-11-12,100000000.0
1999-11-15,100000000.0
1999-11-16,100000000.0
1999-11-17,100000000.0
1999-11-18,100000000.0
1999-11-19,100000000.0
1999-11-22,100000000.0
1999-11-23,100000000.0
1999-11-24,100000000.0
1999-11-26,100000000.0
1999-11-29,100000000.0
1999-11-30,100000000.0
1999-12-01,100000000.0
1999-12-02,100000000.0
1999-12-03,100000000.0
1999-12-06,100000000.0
1999-12-07,100000000.0
1999-12-08,100000000.0
1999-12-09,100000000.0
1999-12-10,100000000.0
1999-12-13,100000000.0
1999-12-14,100000000.0
1999-12-15,100000000.0
1999-12-16,100000000.0
1999-12-17,100000000.0
1999-12-20,100000000.0
1999-12-21,100000000.0
1999-12-22,100000000.0
1999-12-23,100000000.0
1999-12-27,100000000.0
1999-12-28,100000000.0
1999-12-29,100000000.0
1999-12-30,100000000.0
1999-12-31,100000000.0
2000-01-03,100000000.0
2000-01-04,100000000.0
2000-01-05,100000000.0
2000-01-06,100000000.0
2000-01-07,100000000.0
2000-01-10,100000000.0
2000-01-11,100000000.0
2000-01-12,100000000.0
2000-01-13,100000000.0
2000-01-14,100000000.0
2000-01-18,100000000.0
2000-01-19,100000000.0
2000-01-20,100000000.0
2000-01-21,100000000.0
2000-01-24,100000000.0
2000-01-25,100000000.0
2000-01-26,100000000.0
2000-01-27,100000000.0
2000-01-28,100000000.0
2000-01-31,100000000.0
2000-02-01,100000000.0
2000-02-02,100000000.0
2000-02-03,100000000.0
2000-02-04,100000000.0
2000-02-07,100000000.0
2000-02-08,100000000.0
2000-02-09,100000000.0
2000-02-10,100000000.0
2000-02-11,100000000.0
2000-02-14,100000000.0
2000-02-15,100000000.0
2000-02-16,100000000.0
2000-02-17,100000000.0
2000-02-18,100000000.0
2000-02-22,100000000.0
2000-02-23,100000000.0
2000-02-24,100000000.0
2000-02-25,100000000.0
2000-02-28,100000000.0
2000-02-29,100000000.0
2000-03-01,100000000.0
2000-03-02,100000000.0
2000-03-03,100000000.0
2000-03-06,100000000.0
2000-03-07,100000000.0
2000-03-08,100000000.0
2000-03-09,100000000.0
2000-03-10,100000000.0
2000-03-13,100000000.0
2000-03-14,100000000.0
2000-03-15,100000000.0
2000-03-16,100000000.0
2000-03-17,100000000.0
2000-03-20,100000000.0
2000-03-21,100000000.0
2000-03-22,100000000.0
2000-03-23,100000000.0
2000-03-24,100000000.0
2000-03-27,100000000.0
2000-03-28,100000000.0
2000-03-29,100000000.0
2000-03-30,100000000.0
2000-03-31,100000000.0
2000-04-03,100000000.0
2000-04-04,100000000.0
2000-04-05,100000000.0
2000-04-06,100000000.0
2000-04-07,100000000.0
2000-04-10,100000000.0
2000-04-11,100000000.0
2000-04-12,100000000.0
2000-04-13,100000000.0
2000-04-14,100000000.0
2000-04-17,100000000.0
2000-04-18,100000000.0
2000-04-19,100000000.0
2000-04-20,100000000.0
2000-04-24,100000000.0
2000-04-25,100000000.0
2000-04-26,100000000.0
2000-04-27,100000000.0
2000-04-28,100000000.0
2000-05-01,100000000.0
2000-05-02,100000000.0
2000-05-03,100000000.0
2000-05-04,100000000.0
2000-05-05,100000000.0
2000-05-08,100000000.0
2000-05-09,100000000.0
2000-05-10,100000000.0
2000-05-11,100000000.0
2000-05-12,100000000.0
2000-05-15,100000000.0
2000-05-16,100000000.0
2000-05-17,100000000.0
2000-05-18,100000000.0
2000-05-19,100000000.0
2000-05-22,100000000.0
2000-05-23,100000000.0
2000-05-24,100000000.0
2000-05-25,100000000.0
2000-05-26,100000000.0
2000-05-30,100000000.0
2000-05-31,100000000.0
2000-06-01,100000000.0
2000-06-02,100000000.0
2000-06-05,100000000.0
2000-06-06,100000000.0
2000-06-07,100000000.0
2000-06-08,100000000.0
2000-06-09,100000000.0
2000-06-12,100000000.0
2000-06-13,100000000.0
2000-06-14,100000000.0
2000-06-15,100000000.0
2000-06-16,100000000.0
2000-06-19,100000000.0
2000-06-20,100000000.0
2000-06-21,100000000.0
2000-06-22,100000000.0
2000-06-23,100000000.0
2000-06-26,100000000.0
2000-06-27,100000000.0
2000-06-28,100000000.0
2000-06-29,100000000.0
2000-06-30,100000000.0
2000-07-03,100000000.0
2000-07-05,100000000.0
2000-07-06,100000000.0
2000-07-07,100000000.0
2000-07-10,100000000.0
2000-07-11,100000000.0
2000-07-12,100000000.0
2000-07-13,100000000.0
2000-07-14,100000000.0
2000-07-17,100000000.0
2000-07-18,100000000.0
2000-07-19,100000000.0
2000-07-20,100000000.0
2000-07-21,100000000.0
2000-07-24,100000000.0
2000-07-25,100000000.0
2000-07-26,100000000.0
2000-07-27,100000000.0
2000-07-28,100000000.0
2000-07-31,100000000.0
2000-08-01,100000000.0
2000-08-02,100000000.0
2000-08-03,100000000.0
2000-08-04,100000000.0
2000-08-07,100000000.0
2000-08-08,100000000.0
2000-08-09,100000000.0
2000-08-10,100000000.0
2000-08-11,100000000.0
2000-08-14,100000000.0
2000-08-15,100000000.0
2000-08-16,100000000.0
2000-08-17,100000000.0
2000-08-18,100000000.0
2000-08-21,100000000.0
2000-08-22,100000000.0
2000-08-23,100000000.0
2000-08-24,100000000.0
2000-08-25,100000000.0
2000-08-28,100000000.0
2000-08-29,100000000.0
2000-08-30,100000000.0
2000-08-31,100000000.0
2000-09-01,100000000.0
2000-09-05,100000000.0
2000-09-06,100000000.0
2000-09-07,100000000.0
2000-09-08,100000000.0
2000-09-11,100000000.0
2000-09-12,100000000.0
2000-09-13,100000000.0
2000-09-14,100000000.0
2000-09-15,100000000.0
2000-09-18,100000000.0
2000-09-19,100000000.0
2000-09-20,100000000.0
2000-09-21,100000000.0
2000-09-22,100000000.0
2000-09-25,100000000.0
2000-09-26,100000000.0
2000-09-27,100000000.0
2000-09-28,100000000.0
2000-09-29,100000000.0
2000-10-02,100000000.0
2000-10-03,100000000.0
2000-10-04,100000000.0
2000-10-05,100000000.0
2000-10-06,100000000.0
2000-10-09,100000000.0
2000-10-10,100000000.0
2000-10-11,100000000.0
2000-10-12,100000000.0
2000-10-13,100000000.0
2000-10-16,100000000.0
2000-10-17,100000000.0
2000-10-18,100000000.0
2000-10-19,100000000.0
2000-10-20,100000000.0
2000-10-23,100000000.0
2000-10-24,100000000.0
2000-10-25,100000000.0
2000-10-26,100000000.0
2000-10-27,100000000.0
2000-10-30,100000000.0
2000-10-31,100000000.0
2000-11-01,100000000.0
2000-11-02,100000000.0
2000-11-03,100000000.0
2000-11-06,100000000.0
2000-11-07,100000000.0
2000-11-08,100000000.0
2000-11-09,100000000.0
2000-11-10,100000000.0
2000-11-13,100000000.0
2000-11-14,100000000.0
2000-11-15,100000000.0
2000-11-16,100000000.0
2000-11-17,100000000.0
2000-11-20,100000000.0
2000-11-21,100000000.0
2000-11-22,100000000.0
2000-11-24,100000000.0
2000-11-27,100000000.0
2000-11-28,100000000.0
2000-11-29,100000000.0
2000-11-30,100000000.0
2000-12-01,100000000.0
2000-12-04,100000000.0
2000-12-05,100000000.0
2000-12-06,100000000.0
2000-12-07,100000000.0
2000-12-08,100000000.0
2000-12-11,100000000.0
2000-12-12,100000000.0
2000-12-13,100000000.0
2000-12-14,100000000.0
2000-12-15,100000000.0
2000-12-18,100000000.0
2000-12-19,100000000.0
2000-12-20,100000000.0
2000-12-21,100000000.0
2000-12-22,100000000.0
2000-12-26,100000000.0
2000-12-27,100000000.0
2000-12-28,100000000.0
2000-12-29,100000000.0
2001-01-02,100000000.0
2001-01-03,100000000.0
2001-01-04,100000000.0
2001-01-05,100000000.0
2001-01-08,100000000.0
2001-01-09,100000000.0
2001-01-10,100000000.0
2001-01-11,100000000.0
2001-01-12,100000000.0
2001-01-16,100000000.0
2001-01-17,100000000.0
2001-01-18,100000000.0
2001-01-19,100000000.0
2001-01-22,100000000.0
2001-01-23,100000000.0
2001-01-24,100000000.0
2001-01-25,100000000.0
2001-01-26,100000000.0
2001-01-29,100000000.0
2001-01-30,100000000.0
2001-01-31,100000000.0
2001-02-01,100000000.0
2001-02-02,100000000.0
2001-02-05,100000000.0
2001-02-06,100000000.0
2001-02-07,100000000.0
2001-02-08,100000000.0
2001-02-09,100000000.0
2001-02-12,100000000.0
2001-02-13,100000000.0
2001-02-14,100000000.0
2001-02-15,100000000.0
2001-02-16,100000000.0
2001-02-20,100000000.0
2001-02-21,100000000.0
2001-02-22,100000000.0
2001-02-23,100000000.0
2001-02-26,100000000.0
2001-02-27,100000000.0
2001-02-28,100000000.0
2001-03-01,100000000.0
2001-03-02,100000000.0
2001-03-05,100000000.0
2001-03-06,100000000.0
2001-03-07,100000000.0
2001-03-08,100000000.0
2001-03-09,100000000.0
2001-03-12,100000000.0
2001-03-13,100000000.0
2001-03-14,100000000.0
2001-03-15,100000000.0
2001-03-16,100000000.0
2001-03-19,100000000.0
2001-03-20,100000000.0
2001-03-21,100000000.0
2001-03-22,100000000.0
2001-03-23,100000000.0
2001-03-26,100000000.0
2001-03-27,100000000.0
2001-03-28,100000000.0
2001-03-29,100000000.0
2001-03-30,100000000.0
2001-04-02,100000000.0
2001-04-03,100000000.0
2001-04-04,100000000.0
2001-04-05,100000000.0
2001-04-06,100000000.0
2001-04-09,100000000.0
2001-04-10,100000000.0
2001-04-11,100000000.0
2001-04-12,100000000.0
2001-04-16,100000000.0
2001-04-17,100000000.0
2001-04-18,100000000.0
2001-04-19,100000000.0
2001-04-20,100000000.0
2001-04-23,100000000.0
2001-04-24,100000000.0
2001-04-25,100000000.0
2001-04-26,100000000.0
2001-04-27,100000000.0
2001-04-30,100000000.0
2001-05-01,100000000.0
2001-05-02,100000000.0
2001-05-03,100000000.0
2001-05-04,100000000.0
2001-05-07,100000000.0
2001-05-08,100000000.0
2001-05-09,100000000.0
2001-05-10,100000000.0
2001-05-11,100000000.0
2001-05-14,100000000.0
2001-05-15,100000000.0
2001-05-16,100000000.0
2001-05-17,100000000.0
2001-05-18,100000000.0
2001-05-21,100000000.0
2001-05-22,100000000.0
2001-05-23,100000000.0
2001-05-24,100000000.0
2001-05-25,100000000.0
2001-05-29,100000000.0
2001-05-30,100000000.0
2001-05-31,100000000.0
2001-06-01,100000000.0
2001-06-04,100000000.0
2001-06-05,100000000.0
2001-06-06,100000000.0
2001-06-07,100000000.0
2001-06-08,100000000.0
2001-06-11,100000000.0
2001-06-12,100000000.0
2001-06-13,100000000.0
2001-06-14,100000000.0
2001-06-15,100000000.0
2001-06-18,100000000.0
2001-06-19,100000000.0
2001-06-20,100000000.0
2001-06-21,100000000.0
2001-06-22,100000000.0
2001-06-25,100000000.0
2001-06-26,100000000.0
2001-06-27,100000000.0
2001-06-28,100000000.0
2001-06-29,100000000.0
2001-07-02,100000000.0
2001-07-03,100000000.0
2001-07-05,100000000.0
2001-07-06,100000000.0
2001-07-09,100000000.0
2001-07-10,100000000.0
2001-07-11,100000000.0
2001-07-12,100000000.0
2001-07-13,100000000.0
2001-07-16,100000000.0
2001-07-17,100000000.0
2001-07-18,100000000.0
2001-07-19,100000000.0
2001-07-20,100000000.0
2001-07-23,100000000.0
2001-07-24,100000000.0
2001-07-25,100000000.0
2001-07-26,100000000.0
2001-07-27,100000000.0
2001-07-30,100000000.0
2001-07-31,100000000.0
2001-08-01,100000000.0
2001-08-02,100000000.0
2001-08-03,100000000.0
2001-08-06,100000000.0
2001-08-07,100000000.0
2001-08-08,100000000.0
2001-08-09,100000000.0
2001-08-10,100000000.0
2001-08-13,100000000.0
2001-08-14,100000000.0
2001-08-15,100000000.0
2001-08-16,100000000.0
2001-08-17,100000000.0
2001-08-20,100000000.0
2001-08-21,100000000.0
2001-08-22,100000000.0
2001-08-23,100000000.0
2001-08-24,100000000.0
2001-08-27,100000000.0
2001-08-28,100000000.0
2001-08-29,100000000.0
2001-08-30,100000000.0
2001-08-31,100000000.0
2001-09-04,100000000.0
2001-09-05,100000000.0
2001-09-06,100000000.0
2001-09-07,100000000.0
2001-09-10,100000000.0
2001-09-17,100000000.0
2001-09-18,100000000.0
2001-09-19,100000000.0
2001-09-20,100000000.0
2001-09-21,100000000.0
2001-09-24,100000000.0
2001-09-25,100000000.0
2001-09-26,100000000.0
2001-09-27,100000000.0
2001-09-28,100000000.0
2001-10-01,100000000.0
2001-10-02,100000000.0
2001-10-03,100000000.0
2001-10-04,100000000.0
2001-10-05,100000000.0
2001-10-08,100000000.0
2001-10-09,100000000.0
2001-10-10,100000000.0
2001-10-11,100000000.0
2001-10-12,100000000.0
2001-10-15,100000000.0
2001-10-16,100000000.0
2001-10-17,100000000.0
2001-10-18,100000000.0
2001-10-19,100000000.0
2001-10-22,100000000.0
2001-10-23,100000000.0
2001-10-24,100000000.0
2001-10-25,100000000.0
2001-10-26,100000000.0
2001-10-29,100000000.0
2001-10-30,100000000.0
2001-10-31,100000000.0
2001-11-01,100000000.0
2001-11-02,100000000.0
2001-11-05,100000000.0
2001-11-06,100000000.0
2001-11-07,100000000.0
2001-11-08,100000000.0
2001-11-09,100000000.0
2001-11-12,100000000.0
2001-11-13,100000000.0
2001-11-14,100000000.0
2001-11-15,100000000.0
2001-11-16,100000000.0
2001-11-19,100000000.0
2001-11-20,100000000.0
2001-11-21,100000000.0
2001-11-23,100000000.0
2001-11-26,100000000.0
2001-11-27,100000000.0
2001-11-28,100000000.0
2001-11-29,100000000.0
2001-11-30,100000000.0
2001-12-03,100000000.0
2001-12-04,100000000.0
2001-12-05,100000000.0
2001-12-06,100000000.0
2001-12-07,100000000.0
2001-12-10,100000000.0
2001-12-11,100000000.0
2001-12-12,100000000.0
2001-12-13,100000000.0
2001-12-14,100000000.0
2001-12-17,100000000.0
2001-12-18,100000000.0
2001-12-19,100000000.0
2001-12-20,100000000.0
2001-12-21,100000000.0
2001-12-24,100000000.0
2001-12-26,100000000.0
2001-12-27,100000000.0
2001-12-28,100000000.0
2001-12-31,100000000.0
2002-01-02,100000000.0
2002-01-03,100000000.0
2002-01-04,100000000.0
2002-01-07,100000000.0
2002-01-08,100000000.0
2002-01-09,100000000.0
2002-01-10,100000000.0
2002-01-11,100000000.0
2002-01-14,100000000.0
2002-01-15,100000000.0
2002-01-16,100000000.0
2002-01-17,100000000.0
2002-01-18,100000000.0
2002-01-22,100000000.0
2002-01-23,100000000.0
2002-01-24,100000000.0
2002-01-25,100000000.0
2002-01-28,100000000.0
2002-01-29,100000000.0
2002-01-30,100000000.0
2002-01-31,100000000.0
2002-02-01,100000000.0
2002-02-04,100000000.0
2002-02-05,100000000.0
2002-02-06,100000000.0
2002-02-07,100000000.0
2002-02-08,100000000.0
2002-02-11,100000000.0
2002-02-12,100000000.0
2002-02-13,100000000.0
2002-02-14,100000000.0
2002-02-15,100000000.0
2002-02-19,100000000.0
2002-02-20,100000000.0
2002-02-21,100000000.0
2002-02-22,100000000.0
2002-02-25,100000000.0
2002-02-26,100000000.0
2002-02-27,100000000.0
2002-02-28,100000000.0
2002-03-01,100000000.0
2002-03-04,100000000.0
2002-03-05,100000000.0
2002-03-06,100000000.0
2002-03-07,100000000.0
2002-03-08,100000000.0
2002-03-11,100000000.0
2002-03-12,100000000.0
2002-03-13,100000000.0
2002-03-14,100000000.0
2002-03-15,100000000.0
2002-03-18,100000000.0
2002-03-19,100000000.0
2002-03-20,100000000.0
2002-03-21,100000000.0
2002-03-22,100000000.0
2002-03-25,100000000.0
2002-03-26,100000000.0
2002-03-27,100000000.0
2002-03-28,100000000.0
2002-04-01,100000000.0
2002-04-02,100000000.0
2002-04-03,100000000.0
2002-04-04,100000000.0
2002-04-05,100000000.0
2002-04-08,100000000.0
2002-04-09,100000000.0
2002-04-10,100000000.0
2002-04-11,100000000.0
2002-04-12,100000000.0
2002-04-15,100000000.0
2002-04-16,100000000.0
2002-04-17,100000000.0
2002-04-18,100000000.0
2002-04-19,100000000.0
2002-04-22,100000000.0
2002-04-23,100000000.0
2002-04-24,100000000.0
2002-04-25,100000000.0
2002-04-26,100000000.0
2002-04-29,100000000.0
2002-04-30,100000000.0
2002-05-01,100000000.0
2002-05-02,100000000.0
2002-05-03,100000000.0
2002-05-06,100000000.0
2002-05-07,100000000.0
2002-05-08,100000000.0
2002-05-09,100000000.0
2002-05-10,100000000.0
2002-05-13,100000000.0
2002-05-14,100000000.0
2002-05-15,100000000.0
2002-05-16,100000000.0
2002-05-17,100000000.0
2002-05-20,100000000.0
2002-05-21,100000000.0
2002-05-22,100000000.0
2002-05-23,100000000.0
2002-05-24,100000000.0
2002-05-28,100000000.0
2002-05-29,100000000.0
2002-05-30,100000000.0
2002-05-31,100000000.0
2002-06-03,100000000.0
2002-06-04,100000000.0
2002-06-05,100000000.0
2002-06-06,100000000.0
2002-06-07,100000000.0
2002-06-10,100000000.0
2002-06-11,100000000.0
2002-06-12,100000000.0
2002-06-13,100000000.0
2002-06-14,100000000.0
2002-06-17,100000000.0
2002-06-18,100000000.0
2002-06-19,100000000.0
2002-06-20,100000000.0
2002-06-21,100000000.0
2002-06-24,100000000.0
2002-06-25,100000000.0
2002-06-26,100000000.0
2002-06-27,100000000.0
2002-06-28,100000000.0
2002-07-01,100000000.0
2002-07-02,100000000.0
2002-07-03,100000000.0
2002-07-05,100000000.0
2002-07-08,100000000.0
2002-07-09,100000000.0
2002-07-10,100000000.0
2002-07-11,100000000.0
2002-07-12,100000000.0
2002-07-15,100000000.0
2002-07-16,100000000.0
2002-07-17,100000000.0
2002-07-18,100000000.0
2002-07-19,100000000.0
2002-07-22,100000000.0
2002-07-23,100000000.0
2002-07-24,100000000.0
2002-07-25,100000000.0
2002-07-26,100000000.0
2002-07-29,100000000.0
2002-07-30,100000000.0
2002-07-31,100000000.0
2002-08-01,100000000.0
2002-08-02,100000000.0
2002-08-05,100000000.0
2002-08-06,100000000.0
2002-08-07,100000000.0
2002-08-08,100000000.0
2002-08-09,100000000.0
2002-08-12,100000000.0
2002-08-13,100000000.0
2002-08-14,100000000.0
2002-08-15,100000000.0
2002-08-16,100000000.0
2002-08-19,100000000.0
2002-08-20,100000000.0
2002-08-21,100000000.0
2002-08-22,100000000.0
2002-08-23,100000000.0
2002-08-26,100000000.0
2002-08-27,100000000.0
2002-08-28,100000000.0
2002-08-29,100000000.0
2002-08-30,100000000.0
2002-09-03,100000000.0
2002-09-04,100000000.0
2002-09-05,100000000.0
2002-09-06,100000000.0
2002-09-09,100000000.0
2002-09-10,100000000.0
2002-09-11,100000000.0
2002-09-12,100000000.0
2002-09-13,100000000.0
2002-09-16,100000000.0
2002-09-17,100000000.0
2002-09-18,100000000.0
2002-09-19,100000000.0
2002-09-20,100000000.0
2002-09-23,100000000.0
2002-09-24,100000000.0
2002-09-25,100000000.0
2002-09-26,100000000.0
2002-09-27,100000000.0
2002-09-30,100000000.0
2002-10-01,100000000.0
2002-10-02,100000000.0
2002-10-03,100000000.0
2002-10-04,100000000.0
2002-10-07,100000000.0
2002-10-08,100000000.0
2002-10-09,100000000.0
2002-10-10,100000000.0
2002-10-11,100000000.0
2002-10-14,100000000.0
2002-10-15,100000000.0
2002-10-16,100000000.0
2002-10-17,100000000.0
2002-10-18,100000000.0
2002-10-21,100000000.0
2002-10-22,100000000.0
2002-10-23,100000000.0
2002-10-24,100000000.0
2002-10-25,100000000.0
2002-10-28,100000000.0
2002-10-29,100000000.0
2002-10-30,100000000.0
2002-10-31,100000000.0
2002-11-01,100000000.0
2002-11-04,100000000.0
2002-11-05,100000000.0
2002-11-06,100000000.0
2002-11-07,100000000.0
2002-11-08,100000000.0
2002-11-11,100000000.0
2002-11-12,100000000.0
2002-11-13,100000000.0
2002-11-14,100000000.0
2002-11-15,100000000.0
2002-11-18,100000000.0
2002-11-19,100000000.0
2002-11-20,100000000.0
2002-11-21,100000000.0
2002-11-22,100000000.0
2002-11-25,100000000.0
2002-11-26,100000000.0
2002-11-27,100000000.0
2002-11-29,100000000.0
2002-12-02,100000000.0
2002-12-03,100000000.0
2002-12-04,100000000.0
2002-12-05,100000000.0
2002-12-06,100000000.0
2002-12-09,100000000.0
2002-12-10,100000000.0
2002-12-11,100000000.0
2002-12-12,100000000.0
2002-12-13,100000000.0
2002-12-16,100000000.0
2002-12-17,100000000.0
2002-12-18,100000000.0
2002-12-19,100000000.0
2002-12-20,100000000.0
2002-12-23,100000000.0
2002-12-24,100000000.0
2002-12-26,100000000.0
2002-12-27,100000000.0
2002-12-30,100000000.0
2002-12-31,100000000.0
2003-01-02,100000000.0
2003-01-03,100000000.0
2003-01-06,100000000.0
2003-01-07,100000000.0
2003-01-08,100000000.0
2003-01-09,100000000.0
2003-01-10,100000000.0
2003-01-13,100000000.0
2003-01-14,100000000.0
2003-01-15,100000000.0
2003-01-16,100000000.0
2003-01-17,100000000.0
2003-01-21,100000000.0
2003-01-22,100000000.0
2003-01-23,100000000.0
2003-01-24,100000000.0
2003-01-27,100000000.0
2003-01-28,100000000.0
2003-01-29,100000000.0
2003-01-30,100000000.0
2003-01-31,100000000.0
2003-02-03,100000000.0
2003-02-04,100000000.0
2003-02-05,100000000.0
2003-02-06,100000000.0
2003-02-07,100000000.0
2003-02-10,100000000.0
2003-02-11,100000000.0
2003-02-12,100000000.0
2003-02-13,100000000.0
2003-02-14,100000000.0
2003-02-18,100000000.0
2003-02-19,100000000.0
2003-02-20,100000000.0
2003-02-21,100000000.0
2003-02-24,100000000.0
2003-02-25,100000000.0
2003-02-26,100000000.0
2003-02-27,100000000.0
2003-02-28,100000000.0
2003-03-03,100000000.0
2003-03-04,100000000.0
2003-03-05,100000000.0
2003-03-06,100000000.0
2003-03-07,100000000.0
2003-03-10,100000000.0
2003-03-11,100000000.0
2003-03-12,100000000.0
2003-03-13,100000000.0
2003-03-14,100000000.0
2003-03-17,100000000.0
2003-03-18,100000000.0
2003-03-19,100000000.0
2003-03-20,100000000.0
2003-03-21,100000000.0
2003-03-24,100000000.0
2003-03-25,100000000.0
2003-03-26,100000000.0
2003-03-27,100000000.0
2003-03-28,100000000.0
2003-03-31,100000000.0
2003-04-01,100000000.0
2003-04-02,100000000.0
2003-04-03,100000000.0
2003-04-04,100000000.0
2003-04-07,100000000.0
2003-04-08,100000000.0
2003-04-09,100000000.0
2003-04-10,100000000.0
2003-04-11,100000000.0
2003-04-14,100000000.0
2003-04-15,100000000.0
2003-04-16,100000000.0
2003-04-17,100000000.0
2003-04-21,100000000.0
2003-04-22,100000000.0
2003-04-23,100000000.0
2003-04-24,100000000.0
2003-04-25,100000000.0
2003-04-28,100000000.0
2003-04-29,100000000.0
2003-04-30,100000000.0
2003-05-01,100000000.0
2003-05-02,100000000.0
2003-05-05,100000000.0
2003-05-06,100000000.0
2003-05-07,100000000.0
2003-05-08,100000000.0
2003-05-09,100000000.0
2003-05-12,100000000.0
2003-05-13,100000000.0
2003-05-14,100000000.0
2003-05-15,100000000.0
2003-05-16,100000000.0
2003-05-19,100000000.0
2003-05-20,100000000.0
2003-05-21,100000000.0
2003-05-22,100000000.0
2003-05-23,100000000.0
2003-05-27,100000000.0
2003-05-28,100000000.0
2003-05-29,100000000.0
2003-05-30,100000000.0
2003-06-02,100000000.0
2003-06-03,100000000.0
2003-06-04,100000000.0
2003-06-05,100000000.0
2003-06-06,100000000.0
2003-06-09,100000000.0
2003-06-10,100000000.0
2003-06-11,100000000.0
2003-06-12,100000000.0
2003-06-13,100000000.0
2003-06-16,100000000.0
2003-06-17,100000000.0
2003-06-18,100000000.0
2003-06-19,100000000.0
2003-06-20,100000000.0
2003-06-23,100000000.0
2003-06-24,100000000.0
2003-06-25,100000000.0
2003-06-26,100000000.0
2003-06-27,100000000.0
2003-06-30,100000000.0
2003-07-01,100000000.0
2003-07-02,100000000.0
2003-07-03,100000000.0
2003-07-07,100000000.0
2003-07-08,100000000.0
2003-07-09,100000000.0
2003-07-10,100000000.0
2003-07-11,100000000.0
2003-07-14,100000000.0
2003-07-15,100000000.0
2003-07-16,100000000.0
2003-07-17,100000000.0
2003-07-18,100000000.0
2003-07-21,100000000.0
2003-07-22,100000000.0
2003-07-23,100000000.0
2003-07-24,100000000.0
2003-07-25,100000000.0
2003-07-28,100000000.0
2003-07-29,100000000.0
2003-07-30,100000000.0
2003-07-31,100000000.0
2003-08-01,100000000.0
2003-08-04,100000000.0
2003-08-05,100000000.0
2003-08-06,100000000.0
2003-08-07,100000000.0
2003-08-08,100000000.0
2003-08-11,100000000.0
2003-08-12,100000000.0
2003-08-13,100000000.0
2003-08-14,100000000.0
2003-08-15,100000000.0
2003-08-18,100000000.0
2003-08-19,100000000.0
2003-08-20,100000000.0
2003-08-21,100000000.0
2003-08-22,100000000.0
2003-08-25,100000000.0
2003-08-26,100000000.0
2003-08-27,100000000.0
2003-08-28,100000000.0
2003-08-29,100000000.0
2003-09-02,100000000.0
2003-09-03,100000000.0
2003-09-04,100000000.0
2003-09-05,100000000.0
2003-09-08,100000000.0
2003-09-09,100000000.0
2003-09-10,100000000.0
2003-09-11,100000000.0
2003-09-12,100000000.0
2003-09-15,100000000.0
2003-09-16,100000000.0
2003-09-17,100000000.0
2003-09-18,100000000.0
2003-09-19,100000000.0
2003-09-22,100000000.0
2003-09-23,100000000.0
2003-09-24,100000000.0
2003-09-25,100000000.0
2003-09-26,100000000.0
2003-09-29,100000000.0
2003-09-30,100000000.0
2003-10-01,100000000.0
2003-10-02,100000000.0
2003-10-03,100000000.0
2003-10-06,100000000.0
2003-10-07,100000000.0
2003-10-08,100000000.0
2003-10-09,100000000.0
2003-10-10,100000000.0
2003-10-13,100000000.0
2003-10-14,100000000.0
2003-10-15,100000000.0
2003-10-16,100000000.0
2003-10-17,100000000.0
2003-10-20,100000000.0
2003-10-21,100000000.0
2003-10-22,100000000.0
2003-10-23,100000000.0
2003-10-24,100000000.0
2003-10-27,100000000.0
2003-10-28,100000000.0
2003-10-29,100000000.0
2003-10-30,100000000.0
2003-10-31,100000000.0
2003-11-03,100000000.0
2003-11-04,100000000.0
2003-11-05,100000000.0
2003-11-06,100000000.0
2003-11-07,100000000.0
2003-11-10,100000000.0
2003-11-11,100000000.0
2003-11-12,100000000.0
2003-11-13,100000000.0
2003-11-14,100000000.0
2003-11-17,100000000.0
2003-11-18,100000000.0
2003-11-19,100000000.0
2003-11-20,100000000.0
2003-11-21,100000000.0
2003-11-24,100000000.0
2003-11-25,100000000.0
2003-11-26,100000000.0
2003-11-28,100000000.0
2003-12-01,100000000.0
2003-12-02,100000000.0
2003-12-03,100000000.0
2003-12-04,100000000.0
2003-12-05,100000000.0
2003-12-08,100000000.0
2003-12-09,100000000.0
2003-12-10,100000000.0
2003-12-11,100000000.0
2003-12-12,100000000.0
2003-12-15,100000000.0
2003-12-16,100000000.0
2003-12-17,100000000.0
2003-12-18,100000000.0
2003-12-19,100000000.0
2003-12-22,100000000.0
2003-12-23,100000000.0
2003-12-24,100000000.0
2003-12-26,100000000.0
2003-12-29,100000000.0
2003-12-30,100000000.0
2003-12-31,100000000.0
2004-01-02,100000000.0
2004-01-05,100000000.0
2004-01-06,100000000.0
2004-01-07,100000000.0
2004-01-08,100000000.0
2004-01-09,100000000.0
2004-01-12,100000000.0
2004-01-13,100000000.0
2004-01-14,100000000.0
2004-01-15,100000000.0
2004-01-16,100000000.0
2004-01-20,100000000.0
2004-01-21,100000000.0
2004-01-22,100000000.0
2004-01-23,100000000.0
2004-01-26,100000000.0
2004-01-27,100000000.0
2004-01-28,100000000.0
2004-01-29,100000000.0
2004-01-30,100000000.0
2004-02-02,100000000.0
2004-02-03,100000000.0
2004-02-04,100000000.0
2004-02-05,100000000.0
2004-02-06,100000000.0
2004-02-09,100000000.0
2004-02-10,100000000.0
2004-02-11,100000000.0
2004-02-12,100000000.0
2004-02-13,100000000.0
2004-02-17,100000000.0
2004-02-18,100000000.0
2004-02-19,100000000.0
2004-02-20,100000000.0
2004-02-23,100000000.0
2004-02-24,100000000.0
2004-02-25,100000000.0
2004-02-26,100000000.0
2004-02-27,100000000.0
2004-03-01,100000000.0
2004-03-02,100000000.0
2004-03-03,100000000.0
2004-03-04,100000000.0
2004-03-05,100000000.0
2004-03-08,100000000.0
2004-03-09,100000000.0
2004-03-10,100000000.0
2004-03-11,100000000.0
2004-03-12,100000000.0
2004-03-15,100000000.0
2004-03-16,100000000.0
2004-03-17,100000000.0
2004-03-18,100000000.0
2004-03-19,100000000.0
2004-03-22,100000000.0
2004-03-23,100000000.0
2004-03-24,100000000.0
2004-03-25,100000000.0
2004-03-26,100000000.0
2004-03-29,100000000.0
2004-03-30,100000000.0
2004-03-31,100000000.0
2004-04-01,100000000.0
2004-04-02,100000000.0
2004-04-05,100000000.0
2004-04-06,100000000.0
2004-04-07,100000000.0
2004-04-08,100000000.0
2004-04-12,100000000.0
2004-04-13,100000000.0
2004-04-14,100000000.0
2004-04-15,100000000.0
2004-04-16,100000000.0
2004-04-19,100000000.0
2004-04-20,100000000.0
2004-04-21,100000000.0
2004-04-22,100000000.0
2004-04-23,100000000.0
2004-04-26,100000000.0
2004-04-27,100000000.0
2004-04-28,100000000.0
2004-04-29,100000000.0
2004-04-30,100000000.0
2004-05-03,100000000.0
2004-05-04,100000000.0
2004-05-05,100000000.0
2004-05-06,100000000.0
2004-05-07,100000000.0
2004-05-10,100000000.0
2004-05-11,100000000.0
2004-05-12,100000000.0
2004-05-13,100000000.0
2004-05-14,100000000.0
2004-05-17,100000000.0
2004-05-18,100000000.0
2004-05-19,100000000.0
2004-05-20,100000000.0
2004-05-21,100000000.0
2004-05-24,100000000.0
2004-05-25,100000000.0
2004-05-26,100000000.0
2004-05-27,100000000.0
2004-05-28,100000000.0
2004-06-01,100000000.0
2004-06-02,100000000.0
2004-06-03,100000000.0
2004-06-04,100000000.0
2004-06-07,100000000.0
2004-06-08,100000000.0
2004-06-09,100000000.0
2004-06-10,100000000.0
2004-06-14,100000000.0
2004-06-15,100000000.0
2004-06-16,100000000.0
2004-06-17,100000000.0
2004-06-18,100000000.0
2004-06-21,100000000.0
2004-06-22,100000000.0
2004-06-23,100000000.0
2004-06-24,100000000.0
2004-06-25,100000000.0
2004-06-28,100000000.0
2004-06-29,100000000.0
2004-06-30,100000000.0
2004-07-01,100000000.0
2004-07-02,100000000.0
2004-07-06,100000000.0
2004-07-07,100000000.0
2004-07-08,100000000.0
2004-07-09,100000000.0
2004-07-12,100000000.0
2004-07-13,100000000.0
2004-07-14,100000000.0
2004-07-15,100000000.0
2004-07-16,100000000.0
2004-07-19,100000000.0
2004-07-20,100000000.0
2004-07-21,100000000.0
2004-07-22,100000000.0
2004-07-23,100000000.0
2004-07-26,100000000.0
2004-07-27,100000000.0
2004-07-28,100000000.0
2004-07-29,100000000.0
2004-07-30,100000000.0
2004-08-02,100000000.0
2004-08-03,100000000.0
2004-08-04,100000000.0
2004-08-05,100000000.0
2004-08-06,100000000.0
2004-08-09,100000000.0
2004-08-10,100000000.0
2004-08-11,100000000.0
2004-08-12,100000000.0
2004-08-13,100000000.0
2004-08-16,100000000.0
2004-08-17,100000000.0
2004-08-18,100000000.0
2004-08-19,100000000.0
2004-08-20,100000000.0
2004-08-23,100000000.0
2004-08-24,100000000.0
2004-08-25,100000000.0
2004-08-26,100000000.0
2004-08-27,100000000.0
2004-08-30,100000000.0
2004-08-31,100000000.0
2004-09-01,100000000.0
2004-09-02,100000000.0
2004-09-03,100000000.0
2004-09-07,100000000.0
2004-09-08,100000000.0
2004-09-09,100000000.0
2004-09-10,100000000.0
2004-09-13,100000000.0
2004-09-14,100000000.0
2004-09-15,100000000.0
2004-09-16,100000000.0
2004-09-17,100000000.0
2004-09-20,100000000.0
2004-09-21,100000000.0
2004-09-22,100000000.0
2004-09-23,100000000.0
2004-09-24,100000000.0
2004-09-27,100000000.0
2004-09-28,100000000.0
2004-09-29,100000000.0
2004-09-30,100000000.0
2004-10-01,100000000.0
2004-10-04,100000000.0
2004-10-05,100000000.0
2004-10-06,100000000.0
2004-10-07,100000000.0
2004-10-08,100000000.0
2004-10-11,100000000.0
2004-10-12,100000000.0
2004-10-13,100000000.0
2004-10-14,100000000.0
2004-10-15,100000000.0
2004-10-18,100000000.0
2004-10-19,100000000.0
2004-10-20,100000000.0
2004-10-21,100000000.0
2004-10-22,100000000.0
2004-10-25,100000000.0
2004-10-26,100000000.0
2004-10-27,100000000.0
2004-10-28,100000000.0
2004-10-29,100000000.0
2004-11-01,100000000.0
2004-11-02,100000000.0
2004-11-03,100000000.0
2004-11-04,100000000.0
2004-11-05,100000000.0
2004-11-08,100000000.0
2004-11-09,100000000.0
2004-11-10,100000000.0
2004-11-11,100000000.0
2004-11-12,100000000.0
2004-11-15,100000000.0
2004-11-16,100000000.0
2004-11-17,100000000.0
2004-11-18,100000000.0
2004-11-19,100000000.0
2004-11-22,100000000.0
2004-11-23,100000000.0
2004-11-24,100000000.0
2004-11-26,100000000.0
2004-11-29,100000000.0
2004-11-30,100000000.0
2004-12-01,100000000.0
2004-12-02,100000000.0
2004-12-03,100000000.0
2004-12-06,100000000.0
2004-12-07,100000000.0
2004-12-08,100000000.0
2004-12-09,100000000.0
2004-12-10,100000000.0
2004-12-13,100000000.0
2004-12-14,100000000.0
2004-12-15,100000000.0
2004-12-16,100000000.0
2004-12-17,100000000.0
2004-12-20,100000000.0
2004-12-21,100000000.0
2004-12-22,100000000.0
2004-12-23,100000000.0
2004-12-27,100000000.0
2004-12-28,100000000.0
2004-12-29,100000000.0
2004-12-30,100000000.0
2004-12-31,100000000.0
2005-01-03,100000000.0
2005-01-04,100000000.0
2005-01-05,100000000.0
2005-01-06,100000000.0
2005-01-07,100000000.0
2005-01-10,100000000.0
2005-01-11,100000000.0
2005-01-12,100000000.0
2005-01-13,100000000.0
2005-01-14,100000000.0
2005-01-18,100000000.0
2005-01-19,100000000.0
2005-01-20,100000000.0
2005-01-21,100000000.0
2005-01-24,100000000.0
2005-01-25,100000000.0
2005-01-26,100000000.0
2005-01-27,100000000.0
2005-01-28,100000000.0
2005-01-31,100000000.0
2005-02-01,100000000.0
2005-02-02,100000000.0
2005-02-03,100000000.0
2005-02-04,100000000.0
2005-02-07,100000000.0
2005-02-08,100000000.0
2005-02-09,100000000.0
2005-02-10,100000000.0
2005-02-11,100000000.0
2005-02-14,100000000.0
2005-02-15,100000000.0
2005-02-16,100000000.0
2005-02-17,100000000.0
2005-02-18,100000000.0
2005-02-22,100000000.0
2005-02-23,100000000.0
2005-02-24,100000000.0
2005-02-25,100000000.0
2005-02-28,100000000.0
2005-03-01,100000000.0
2005-03-02,100000000.0
2005-03-03,100000000.0
2005-03-04,100000000.0
2005-03-07,100000000.0
2005-03-08,100000000.0
2005-03-09,100000000.0
2005-03-10,100000000.0
2005-03-11,100000000.0
2005-03-14,100000000.0
2005-03-15,100000000.0
2005-03-16,100000000.0
2005-03-17,100000000.0
2005-03-18,100000000.0
2005-03-21,100000000.0
2005-03-22,100000000.0
2005-03-23,100000000.0
2005-03-24,100000000.0
2005-03-28,100000000.0
2005-03-29,100000000.0
2005-03-30,100000000.0
2005-03-31,100000000.0
2005-04-01,100000000.0
2005-04-04,100000000.0
2005-04-05,100000000.0
2005-04-06,100000000.0
2005-04-07,100000000.0
2005-04-08,100000000.0
2005-04-11,100000000.0
2005-04-12,100000000.0
2005-04-13,100000000.0
2005-04-14,100000000.0
2005-04-15,100000000.0
2005-04-18,100000000.0
2005-04-19,100000000.0
2005-04-20,100000000.0
2005-04-21,100000000.0
2005-04-22,100000000.0
2005-04-25,100000000.0
2005-04-26,100000000.0
2005-04-27,100000000.0
2005-04-28,100000000.0
2005-04-29,100000000.0
2005-05-02,100000000.0
2005-05-03,100000000.0
2005-05-04,100000000.0
2005-05-05,100000000.0
2005-05-06,100000000.0
2005-05-09,100000000.0
2005-05-10,100000000.0
2005-05-11,100000000.0
2005-05-12,100000000.0
2005-05-13,100000000.0
2005-05-16,100000000.0
2005-05-17,100000000.0
2005-05-18,100000000.0
2005-05-19,100000000.0
2005-05-20,100000000.0
2005-05-23,100000000.0
2005-05-24,100000000.0
2005-05-25,100000000.0
2005-05-26,100000000.0
2005-05-27,100000000.0
2005-05-31,100000000.0
2005-06-01,100000000.0
2005-06-02,100000000.0
2005-06-03,100000000.0
2005-06-06,100000000.0
2005-06-07,100000000.0
2005-06-08,100000000.0
2005-06-09,100000000.0
2005-06-10,100000000.0
2005-06-13,100000000.0
2005-06-14,100000000.0
2005-06-15,100000000.0
2005-06-16,100000000.0
2005-06-17,100000000.0
2005-06-20,100000000.0
2005-06-21,100000000.0
2005-06-22,100000000.0
2005-06-23,100000000.0
2005-06-24,100000000.0
2005-06-27,100000000.0
2005-06-28,100000000.0
2005-06-29,100000000.0
2005-06-30,100000000.0
2005-07-01,100000000.0
2005-07-05,100000000.0
2005-07-06,100000000.0
2005-07-07,100000000.0
2005-07-08,100000000.0
2005-07-11,100000000.0
2005-07-12,100000000.0
2005-07-13,100000000.0
2005-07-14,100000000.0
2005-07-15,100000000.0
2005-07-18,100000000.0
2005-07-19,100000000.0
2005-07-20,100000000.0
2005-07-21,100000000.0
2005-07-22,100000000.0
2005-07-25,100000000.0
2005-07-26,100000000.0
2005-07-27,100000000.0
2005-07-28,100000000.0
2005-07-29,100000000.0
2005-08-01,100000000.0
2005-08-02,100000000.0
2005-08-03,100000000.0
2005-08-04,100000000.0
2005-08-05,100000000.0
2005-08-08,100000000.0
2005-08-09,100000000.0
2005-08-10,100000000.0
2005-08-11,100000000.0
2005-08-12,100000000.0
2005-08-15,100000000.0
2005-08-16,100000000.0
2005-08-17,100000000.0
2005-08-18,100000000.0
2005-08-19,100000000.0
2005-08-22,100000000.0
2005-08-23,100000000.0
2005-08-24,100000000.0
2005-08-25,100000000.0
2005-08-26,100000000.0
2005-08-29,100000000.0
2005-08-30,100000000.0
2005-08-31,100000000.0
2005-09-01,100000000.0
2005-09-02,100000000.0
2005-09-06,100000000.0
2005-09-07,100000000.0
2005-09-08,100000000.0
2005-09-09,100000000.0
2005-09-12,100000000.0
2005-09-13,100000000.0
2005-09-14,100000000.0
2005-09-15,100000000.0
2005-09-16,100000000.0
2005-09-19,100000000.0
2005-09-20,100000000.0
2005-09-21,100000000.0
2005-09-22,100000000.0
2005-09-23,100000000.0
2005-09-26,100000000.0
2005-09-27,100000000.0
2005-09-28,100000000.0
2005-09-29,100000000.0
2005-09-30,100000000.0
2005-10-03,100000000.0
2005-10-04,100000000.0
2005-10-05,100000000.0
2005-10-06,100000000.0
2005-10-07,100000000.0
2005-10-10,100000000.0
2005-10-11,100000000.0
2005-10-12,100000000.0
2005-10-13,100000000.0
2005-10-14,100000000.0
2005-10-17,100000000.0
2005-10-18,100000000.0
2005-10-19,100000000.0
2005-10-20,100000000.0
2005-10-21,100000000.0
2005-10-24,100000000.0
2005-10-25,100000000.0
2005-10-26,100000000.0
2005-10-27,100000000.0
2005-10-28,100000000.0
2005-10-31,100000000.0
2005-11-01,100000000.0
2005-11-02,100000000.0
2005-11-03,100000000.0
2005-11-04,100000000.0
2005-11-07,100000000.0
2005-11-08,100000000.0
2005-11-09,100000000.0
2005-11-10,100000000.0
2005-11-11,100000000.0
2005-11-14,100000000.0
2005-11-15,100000000.0
2005-11-16,100000000.0
2005-11-17,100000000.0
2005-11-18,100000000.0
2005-11-21,100000000.0
2005-11-22,100000000.0
2005-11-23,100000000.0
2005-11-25,100000000.0
2005-11-28,100000000.0
2005-11-29,100000000.0
2005-11-30,100000000.0
2005-12-01,100000000.0
2005-12-02,100000000.0
2005-12-05,100000000.0
2005-12-06,100000000.0
2005-12-07,100000000.0
2005-12-08,100000000.0
2005-12-09,100000000.0
2005-12-12,100000000.0
2005-12-13,100000000.0
2005-12-14,100000000.0
2005-12-15,100000000.0
2005-12-16,100000000.0
2005-12-19,100000000.0
2005-12-20,100000000.0
2005-12-21,100000000.0
2005-12-22,100000000.0
2005-12-23,100000000.0
2005-12-27,100000000.0
2005-12-28,100000000.0
2005-12-29,100000000.0
2005-12-30,100000000.0
2006-01-03,100000000.0
2006-01-04,100000000.0
2006-01-05,100000000.0
2006-01-06,100000000.0
2006-01-09,100000000.0
2006-01-10,100000000.0
2006-01-11,100000000.0
2006-01-12,100000000.0
2006-01-13,100000000.0
2006-01-17,100000000.0
2006-01-18,100000000.0
2006-01-19,100000000.0
2006-01-20,100000000.0
2006-01-23,100000000.0
2006-01-24,100000000.0
2006-01-25,100000000.0
2006-01-26,100000000.0
2006-01-27,100000000.0
2006-01-30,100000000.0
2006-01-31,100000000.0
2006-02-01,100000000.0
2006-02-02,100000000.0
2006-02-03,100000000.0
2006-02-06,100000000.0
2006-02-07,100000000.0
2006-02-08,100000000.0
2006-02-09,100000000.0
2006-02-10,100000000.0
2006-02-13,100000000.0
2006-02-14,100000000.0
2006-02-15,100000000.0
2006-02-16,100000000.0
2006-02-17,100000000.0
2006-02-21,100000000.0
2006-02-22,100000000.0
2006-02-23,100000000.0
2006-02-24,100000000.0
2006-02-27,100000000.0
2006-02-28,100000000.0
2006-03-01,100000000.0
2006-03-02,100000000.0
2006-03-03,100000000.0
2006-03-06,100000000.0
2006-03-07,100000000.0
2006-03-08,100000000.0
2006-03-09,100000000.0
2006-03-10,100000000.0
2006-03-13,100000000.0
2006-03-14,100000000.0
2006-03-15,100000000.0
2006-03-16,100000000.0
2006-03-17,100000000.0
2006-03-20,100000000.0
2006-03-21,100000000.0
2006-03-22,100000000.0
2006-03-23,100000000.0
2006-03-24,100000000.0
2006-03-27,100000000.0
2006-03-28,100000000.0
2006-03-29,100000000.0
2006-03-30,100000000.0
2006-03-31,100000000.0
2006-04-03,100000000.0
2006-04-04,100000000.0
2006-04-05,100000000.0
2006-04-06,100000000.0
2006-04-07,100000000.0
2006-04-10,100000000.0
2006-04-11,100000000.0
2006-04-12,100000000.0
2006-04-13,100000000.0
2006-04-17,100000000.0
2006-04-18,100000000.0
2006-04-19,100000000.0
2006-04-20,100000000.0
2006-04-21,100000000.0
2006-04-24,100000000.0
2006-04-25,100000000.0
2006-04-26,100000000.0
2006-04-27,100000000.0
2006-04-28,100000000.0
2006-05-01,100000000.0
2006-05-02,100000000.0
2006-05-03,100000000.0
2006-05-04,100000000.0
2006-05-05,100000000.0
2006-05-08,100000000.0
2006-05-09,100000000.0
2006-05-10,100000000.0
2006-05-11,100000000.0
2006-05-12,100000000.0
2006-05-15,100000000.0
2006-05-16,100000000.0
2006-05-17,100000000.0
2006-05-18,100000000.0
2006-05-19,100000000.0
2006-05-22,100000000.0
2006-05-23,100000000.0
2006-05-24,100000000.0
2006-05-25,100000000.0
2006-05-26,100000000.0
2006-05-30,100000000.0
2006-05-31,100000000.0
2006-06-01,100000000.0
2006-06-02,100000000.0
2006-06-05,100000000.0
2006-06-06,100000000.0
2006-06-07,100000000.0
2006-06-08,100000000.0
2006-06-09,100000000.0
2006-06-12,100000000.0
2006-06-13,100000000.0
2006-06-14,100000000.0
2006-06-15,100000000.0
2006-06-16,100000000.0
2006-06-19,100000000.0
2006-06-20,100000000.0
2006-06-21,100000000.0
2006-06-22,100000000.0
2006-06-23,100000000.0
2006-06-26,100000000.0
2006-06-27,100000000.0
2006-06-28,100000000.0
2006-06-29,100000000.0
2006-06-30,100000000.0
2006-07-03,100000000.0
2006-07-05,100000000.0
2006-07-06,100000000.0
2006-07-07,100000000.0
2006-07-10,100000000.0
2006-07-11,100000000.0
2006-07-12,100000000.0
2006-07-13,100000000.0
2006-07-14,100000000.0
2006-07-17,100000000.0
2006-07-18,100000000.0
2006-07-19,100000000.0
2006-07-20,100000000.0
2006-07-21,100000000.0
2006-07-24,100000000.0
2006-07-25,100000000.0
2006-07-26,100000000.0
2006-07-27,100000000.0
2006-07-28,100000000.0
2006-07-31,100000000.0
2006-08-01,100000000.0
2006-08-02,100000000.0
2006-08-03,100000000.0
2006-08-04,100000000.0
2006-08-07,100000000.0
2006-08-08,100000000.0
2006-08-09,100000000.0
2006-08-10,100000000.0
2006-08-11,100000000.0
2006-08-14,100000000.0
2006-08-15,100000000.0
2006-08-16,100000000.0
2006-08-17,100000000.0
2006-08-18,100000000.0
2006-08-21,100000000.0
2006-08-22,100000000.0
2006-08-23,100000000.0
2006-08-24,100000000.0
2006-08-25,100000000.0
2006-08-28,100000000.0
2006-08-29,100000000.0
2006-08-30,100000000.0
2006-08-31,100000000.0
2006-09-01,100000000.0
2006-09-05,100000000.0
2006-09-06,100000000.0
2006-09-07,100000000.0
2006-09-08,100000000.0
2006-09-11,100000000.0
2006-09-12,100000000.0
2006-09-13,100000000.0
2006-09-14,100000000.0
2006-09-15,100000000.0
2006-09-18,100000000.0
2006-09-19,100000000.0
2006-09-20,100000000.0
2006-09-21,100000000.0
2006-09-22,100000000.0
2006-09-25,100000000.0
2006-09-26,100000000.0
2006-09-27,100000000.0
2006-09-28,100000000.0
2006-09-29,100000000.0
2006-10-02,100000000.0
2006-10-03,100000000.0
2006-10-04,100000000.0
2006-10-05,100000000.0
2006-10-06,100000000.0
2006-10-09,100000000.0
2006-10-10,100000000.0
2006-10-11,100000000.0
2006-10-12,100000000.0
2006-10-13,100000000.0
2006-10-16,100000000.0
2006-10-17,100000000.0
2006-10-18,100000000.0
2006-10-19,100000000.0
2006-10-20,100000000.0
2006-10-23,100000000.0
2006-10-24,100000000.0
2006-10-25,100000000.0
2006-10-26,100000000.0
2006-10-27,100000000.0
2006-10-30,100000000.0
2006-10-31,100000000.0
2006-11-01,100000000.0
2006-11-02,100000000.0
2006-11-03,100000000.0
2006-11-06,100000000.0
2006-11-07,100000000.0
2006-11-08,100000000.0
2006-11-09,100000000.0
2006-11-10,100000000.0
2006-11-13,100000000.0
2006-11-14,100000000.0
2006-11-15,100000000.0
2006-11-16,100000000.0
2006-11-17,100000000.0
2006-11-20,100000000.0
2006-11-21,100000000.0
2006-11-22,100000000.0
2006-11-24,100000000.0
2006-11-27,100000000.0
2006-11-28,100000000.0
2006-11-29,100000000.0
2006-11-30,100000000.0
2006-12-01,100000000.0
2006-12-04,100000000.0
2006-12-05,100000000.0
2006-12-06,100000000.0
2006-12-07,100000000.0
2006-12-08,100000000.0
2006-12-11,100000000.0
2006-12-12,100000000.0
2006-12-13,100000000.0
2006-12-14,100000000.0
2006-12-15,100000000.0
2006-12-18,100000000.0
2006-12-19,100000000.0
2006-12-20,100000000.0
2006-12-21,100000000.0
2006-12-22,100000000.0
2006-12-26,100000000.0
2006-12-27,100000000.0
2006-12-28,100000000.0
2006-12-29,100000000.0
2007-01-03,100000000.0
2007-01-04,100000000.0
2007-01-05,100000000.0
2007-01-08,100000000.0
2007-01-09,100000000.0
2007-01-10,100000000.0
2007-01-11,100000000.0
2007-01-12,100000000.0
2007-01-16,100000000.0
2007-01-17,100000000.0
2007-01-18,100000000.0
2007-01-19,100000000.0
2007-01-22,100000000.0
2007-01-23,100000000.0
2007-01-24,100000000.0
2007-01-25,100000000.0
2007-01-26,100000000.0
2007-01-29,100000000.0
2007-01-30,100000000.0
2007-01-31,100000000.0
2007-02-01,101371776.6561
2007-02-02,100740460.5539
2007-02-05,100406534.5843
2007-02-06,100244183.0853
2007-02-07,100268584.5249
2007-02-08,100374540.2287
2007-02-09,100348087.5523
2007-02-12,100046750.4665
2007-02-13,101705467.7416
2007-02-14,101347260.3276
2007-02-15,101044726.9831
2007-02-16,100532800.9049
2007-02-20,100689959.8861
2007-02-21,100782705.3584
2007-02-22,101797110.7596
2007-02-23,100835183.2375
2007-02-26,99769636.1806
2007-02-27,90628608.5962
2007-02-28,92731036.186
2007-03-01,90208898.3282
2007-03-02,88198813.5055
2007-03-05,85354270.055
2007-03-06,88926114.8225
2007-03-07,88932596.5576
2007-03-08,90062506.8513
2007-03-09,90349906.9374
2007-03-12,91283133.8243
2007-03-13,88254166.6639
2007-03-14,88853172.5232
2007-03-15,89345724.0527
2007-03-16,89311129.6197
2007-03-19,90854513.965
2007-03-20,92276971.1559
2007-03-21,94671804.1386
2007-03-22,94509973.4031
2007-03-23,94473867.8348
2007-03-26,94733766.7439
2007-03-27,94177322.7965
2007-03-28,93067552.7721
2007-03-29,94019819.1253
2007-03-30,93988389.2486
2007-04-02,94047033.38
2007-04-03,94274424.5898
2007-04-04,94813922.7357
2007-04-05,95115444.9827
2007-04-09,94114333.9244
2007-04-10,95252384.9871
2007-04-11,94770803.2546
2007-04-12,95961314.53
2007-04-13,96416219.897
2007-04-16,97809436.2641
2007-04-17,98355797.6073
2007-04-18,98716438.9115
2007-04-19,98002233.8491
2007-04-20,99012609.7946
2007-04-23,99044046.8614
2007-04-24,99017791.4013
2007-04-25,99932806.3481
2007-04-26,98654747.6356
2007-04-27,98902823.908
2007-04-30,99389423.8351
2007-05-01,99468825.1262
2007-05-02,100532332.4531
2007-05-03,100402115.0091
2007-05-04,101653488.6178
2007-05-07,102106005.5589
2007-05-08,101293836.6538
2007-05-09,101427938.0524
2007-05-10,100165160.4676
2007-05-11,101180299.7282
2007-05-14,100537037.4821
2007-05-15,100279964.3686
2007-05-16,100825767.9076
2007-05-17,100052663.0655
2007-05-18,100481178.7398
2007-05-21,100662900.1633
2007-05-22,99958536.2398
2007-05-23,99817675.4104
2007-05-24,98795472.095
2007-05-25,99498678.7075
2007-05-29,99715877.0179
2007-05-30,100521417.3794
2007-05-31,100504138.4416
2007-06-01,100460316.8413
2007-06-04,100735014.3098
2007-06-05,100164548.1682
2007-06-06,98232508.0962
2007-06-07,94489153.9784
2007-06-08,95853358.0356
2007-06-11,95533515.5327
2007-06-12,93165396.5637
2007-06-13,95176619.6664
2007-06-14,95881310.4852
2007-06-15,97695246.5458
2007-06-18,97939785.9761
2007-06-19,98693296.0983
2007-06-20,96984140.7328
2007-06-21,97189943.1488
2007-06-22,96616969.6288
2007-06-25,96479333.3379
2007-06-26,95700175.5084
2007-06-27,96823169.5073
2007-06-28,97139894.6206
2007-06-29,97835877.2756
2007-07-02,99352398.8987
2007-07-03,99727231.0977
2007-07-05,99162044.7525
2007-07-06,99404916.3019
2007-07-09,99942414.3151
2007-07-10,99387417.6232
2007-07-11,99754509.0727
2007-07-12,101410847.8564
2007-07-13,102020543.416
2007-07-16,102254048.3657
2007-07-17,102181703.9261
2007-07-18,101957823.9213
2007-07-19,102423207.4407
2007-07-20,101746402.9593
2007-07-23,102674346.9317
2007-07-24,100919495.0502
2007-07-25,100325057.5958
2007-07-26,96992873.2722
2007-07-27,93516225.2445
2007-07-30,95652218.561
2007-07-31,94885612.8706
2007-08-01,95162978.196
2007-08-02,96134419.3483
2007-08-03,94609724.2523
2007-08-06,95977957.4831
2007-08-07,96169648.6552
2007-08-08,97642470.05
2007-08-09,95102656.2109
2007-08-10,93928483.9872
2007-08-13,94122865.0194
2007-08-14,92317218.7413
2007-08-15,89907221.0884
2007-08-16,89681121.1121
2007-08-17,91208489.8708
2007-08-20,91714969.8409
2007-08-21,92163073.3751
2007-08-22,93982685.8347
2007-08-23,94833802.4536
2007-08-24,95908062.5224
2007-08-27,95516158.5354
2007-08-28,93364357.9754
2007-08-29,95774261.7882
2007-08-30,95164255.568
2007-08-31,96916161.4533
2007-09-04,97709468.2135
2007-09-05,97622052.8945
2007-09-06,97915820.6384
2007-09-07,97653384.2283
2007-09-10,97553863.5002
2007-09-11,99021478.4939
2007-09-12,99253365.1875
2007-09-13,99210989.4409
2007-09-14,98849000.6198
2007-09-17,97925820.3016
2007-09-18,100613445.032
2007-09-19,100978787.939
2007-09-20,100301202.0031
2007-09-21,101311092.9794
2007-09-24,101551054.1345
2007-09-25,101812377.5431
2007-09-26,101962896.9473
2007-09-27,102940836.1872
2007-09-28,103414784.4508
2007-10-01,105440279.7148
2007-10-02,103876800.7294
2007-10-03,102882978.2579
2007-10-04,103812517.6835
2007-10-05,105927551.5965
2007-10-08,103935193.6744
2007-10-09,105442908.7356
2007-10-10,105732026.3679
2007-10-11,105970811.8577
2007-10-12,107253477.8926
2007-10-15,106856868.2426
2007-10-16,105439571.9199
2007-10-17,105844262.6174
2007-10-18,107617469.0747
2007-10-19,104591182.4833
2007-10-22,103704710.6973
2007-10-23,105775872.6961
2007-10-24,105709780.7169
2007-10-25,107040676.0646
2007-10-26,109759644.665
2007-10-29,111176669.7027
2007-10-30,109938421.5623
2007-10-31,112969289.2129
2007-11-01,110289625.7062
2007-11-02,113343160.8098
2007-11-05,111824170.7492
2007-11-06,114877698.9641
2007-11-07,114179789.9492
2007-11-08,114962611.7675
2007-11-09,113771336.2776
2007-11-12,108811723.4968
2007-11-13,111055188.0378
2007-11-14,111561451.5064
2007-11-15,109559396.6422
2007-11-16,110515846.4397
2007-11-19,109474284.1874
2007-11-20,112356511.2924
2007-11-21,111376957.155
2007-11-23,112648485.9185
2007-11-26,111993674.8917
2007-11-27,111299567.6118
2007-11-28,113122257.0672
2007-11-29,112138579.1469
2007-11-30,111256318.2363
2007-12-03,111975903.8323
2007-12-04,111747234.4373
2007-12-05,110687333.9834
2007-12-06,111110623.1309
2007-12-07,110403245.9361
2007-12-10,110932787.1315
2007-12-11,110660601.938
2007-12-12,111921680.399
2007-12-13,110124652.0791
2007-12-14,108243002.4891
2007-12-17,107722943.7136
2007-12-18,107940904.0731
2007-12-19,108519999.0757
2007-12-20,108336092.5503
2007-12-21,108847650.9555
2007-12-24,109191552.2621
2007-12-26,109509201.6103
2007-12-27,110966871.3837
2007-12-28,112554451.4221
2007-12-31,112009897.5584
2008-01-02,113835484.1602
2008-01-03,114701640.4477
2008-01-04,113333253.2819
2008-01-07,112679421.5204
2008-01-08,113372092.402
2008-01-09,113155682.6386
2008-01-10,113916783.7473
2008-01-11,113726799.7052
2008-01-14,115579732.4541
2008-01-15,114019485.104
2008-01-16,111754578.2561
2008-01-17,111573103.0452
2008-01-18,111624792.4791
2008-01-22,111476489.0737
2008-01-23,110778851.2496
2008-01-24,112618742.3454
2008-01-25,112715626.7185
2008-01-28,114047933.0969
2008-01-29,113852288.635
2008-01-30,114260078.4782
2008-01-31,115202767.6815
2008-02-01,114543043.3651
2008-02-04,114840517.5585
2008-02-05,114788121.6422
2008-02-06,115100259.9758
2008-02-07,113211610.6094
2008-02-08,115776999.9218
2008-02-11,116615840.7976
2008-02-12,115600718.7865
2008-02-13,114476209.7303
2008-02-14,115026680.1254
2008-02-15,115338256.0619
2008-02-19,115582398.2248
2008-02-20,116050871.4545
2008-02-21,117783736.4791
2008-02-22,117748938.1596
2008-02-25,117037997.313
2008-02-26,119205442.1919
2008-02-27,120384206.3821
2008-02-28,123280542.8784
2008-02-29,124113096.7635
2008-03-03,125199428.9408
2008-03-04,123864273.0953
2008-03-05,124904327.0671
2008-03-06,126381033.8033
2008-03-07,126177475.7054
2008-03-10,127523335.6533
2008-03-11,125900502.6155
2008-03-12,128854751.4752
2008-03-13,129297173.8078
2008-03-14,131249971.6198
2008-03-17,130192890.4415
2008-03-18,127789599.5425
2008-03-19,126928438.0712
2008-03-20,123799904.4944
2008-03-24,121665911.0017
2008-03-25,123611971.8484
2008-03-26,125938152.9028
2008-03-27,126243863.7297
2008-03-28,125946389.5102
2008-03-31,124668481.5112
2008-04-01,120702561.9295
2008-04-02,122146111.7614
2008-04-03,122209046.3146
2008-04-04,123340902.5761
2008-04-07,122920228.1402
2008-04-08,122911926.1946
2008-04-09,125363833.0192
2008-04-10,124665840.5566
2008-04-11,125776584.4151
2008-04-14,125908638.9312
2008-04-15,125182162.8367
2008-04-16,124986676.4216
2008-04-17,124469950.3481
2008-04-18,123170273.8778
2008-04-21,123267864.5457
2008-04-22,124663872.854
2008-04-23,123195385.6236
2008-04-24,120605383.0392
2008-04-25,120404177.4174
2008-04-28,120785032.5024
2008-04-29,119633402.8696
2008-04-30,120939066.122
2008-05-01,118196063.4939
2008-05-02,118120817.169
2008-05-05,119503074.683
2008-05-06,119766349.5606
2008-05-07,119830264.1489
2008-05-08,121093716.0006
2008-05-09,122189712.8642
2008-05-12,121645764.4414
2008-05-13,120058756.4264
2008-05-14,119640901.8239
2008-05-15,120508121.1808
2008-05-16,121688792.837
2008-05-19,121498640.608
2008-05-20,123629464.5138
2008-05-21,125143518.9694
2008-05-22,123054211.2398
2008-05-23,124489580.7421
2008-05-27,122342032.8895
2008-05-28,121595620.6402
2008-05-29,119245618.2237
2008-05-30,120204779.7627
2008-06-02,120980760.7756
2008-06-03,120114137.5439
2008-06-04,119553339.5056
2008-06-05,119924623.8371
2008-06-06,123470843.9256
2008-06-09,121527270.5061
2008-06-10,120001382.0074
2008-06-11,122266548.1064
2008-06-12,120129885.5336
2008-06-13,119700944.818
2008-06-16,120658318.0516
2008-06-17,121260681.1626
2008-06-18,122544475.6204
2008-06-19,121603977.5766
2008-06-20,123213050.4957
2008-06-23,122531947.835
2008-06-24,123501423.6837
2008-06-25,123723508.2492
2008-06-26,126676585.3285
2008-06-27,127936149.1733
2008-06-30,127168202.2023
2008-07-01,127207557.4478
2008-07-02,129297873.6337
2008-07-03,128336269.955
2008-07-07,127945852.8183
2008-07-08,126565739.9339
2008-07-09,128577488.8975
2008-07-10,129092586.7599
2008-07-11,130450739.8213
2008-07-14,131556898.9249
2008-07-15,132501523.2673
2008-07-16,129900005.7362
2008-07-17,127736257.4812
2008-07-18,126477584.4222
2008-07-21,126973818.7664
2008-07-22,124425477.1605
2008-07-23,122795562.1396
2008-07-24,124302575.1117
2008-07-25,123506949.965
2008-07-28,125498462.2201
2008-07-29,123519251.1756
2008-07-30,123313720.924
2008-07-31,124188658.8661
2008-08-01,124475806.1145
2008-08-04,123948202.4726
2008-08-05,121122270.5219
2008-08-06,120150075.4466
2008-08-07,122203068.3154
2008-08-08,119453450.1884
2008-08-11,117636550.3248
2008-08-12,119154547.837
2008-08-13,120742030.0829
2008-08-14,120097094.8624
2008-08-15,119410845.7523
2008-08-18,120702540.29
2008-08-19,122076119.3366
2008-08-20,122107377.2736
2008-08-21,123664645.8043
2008-08-22,121326955.8145
2008-08-25,123143465.3557
2008-08-26,122646124.037
2008-08-27,122635548.6616
2008-08-28,121561351.7438
2008-08-29,121796494.0333
2008-09-02,122156239.7416
2008-09-03,122220471.9281
2008-09-04,124276824.9215
2008-09-05,123586809.5015
2008-09-08,122248970.5867
2008-09-09,123370120.3163
2008-09-10,122273591.6949
2008-09-11,121905883.8445
2008-09-12,121642176.801
2008-09-15,127489450.3415
2008-09-16,127234745.0022
2008-09-17,135030336.2428
2008-09-18,128985658.4894
2008-09-19,125183317.4204
2008-09-22,129445310.6804
2008-09-23,129652736.252
2008-09-24,128673241.4098
2008-09-25,127801532.5549
2008-09-26,128689920.2643
2008-09-29,138088967.6776
2008-09-30,129762002.9399
2008-10-01,130002138.3087
2008-10-02,133454305.5014
2008-10-03,134388725.7484
2008-10-06,138945687.9091
2008-10-07,140493549.1626
2008-10-08,140773767.6143
2008-10-09,142793805.0446
2008-10-10,142149625.446
2008-10-13,134478738.5373
2008-10-14,136299691.927
2008-10-15,142646104.7808
2008-10-16,139605341.673
2008-10-17,140768970.2048
2008-10-20,139118307.109
2008-10-21,142692379.2498
2008-10-22,146967076.028
2008-10-23,145996058.1808
2008-10-24,148808183.1094
2008-10-27,150918489.9775
2008-10-28,144654528.1162
2008-10-29,144471819.1993
2008-10-30,141251199.222
2008-10-31,141515761.5446
2008-11-03,142155256.5928
2008-11-04,138077000.6909
2008-11-05,141099387.3646
2008-11-06,144553865.0389
2008-11-07,142878113.6275
2008-11-10,143446516.1914
2008-11-11,145883199.6808
2008-11-12,149562878.0315
2008-11-13,145183621.0781
2008-11-14,147937414.9282
2008-11-17,148926422.9246
2008-11-18,149717288.1982
2008-11-19,153017299.0298
2008-11-20,157752653.9922
2008-11-21,154508772.7907
2008-11-24,149956814.0038
2008-11-25,149670754.1827
2008-11-26,149415345.7691
2008-11-28,150402675.0822
2008-12-01,155105265.4705
2008-12-02,153713915.5656
2008-12-03,153333765.0981
2008-12-04,155125018.747
2008-12-05,154631389.7766
2008-12-08,151536753.1014
2008-12-09,153100633.1337
2008-12-10,151778059.8049
2008-12-11,151035690.0593
2008-12-12,150594997.3085
2008-12-15,150228244.2394
2008-12-16,146466709.2715
2008-12-17,145769462.6264
2008-12-18,147385109.7466
2008-12-19,148941336.4147
2008-12-22,148567902.4396
2008-12-23,148554070.0858
2008-12-24,148304522.2964
2008-12-26,147646639.4478
2008-12-29,147797322.0977
2008-12-30,147094804.8079
2008-12-31,145181335.4726
2009-01-02,143389017.738
2009-01-05,142827658.6482
2009-01-06,141460308.079
2009-01-07,143248455.2044
2009-01-08,142867452.4072
2009-01-09,144297838.2953
2009-01-12,146883908.5722
2009-01-13,147547581.3266
2009-01-14,149308915.5081
2009-01-15,148739070.481
2009-01-16,147833257.0432
2009-01-20,151469414.7235
2009-01-21,148808830.6814
2009-01-22,149662200.6291
2009-01-23,149162055.6462
2009-01-26,148168811.3088
2009-01-27,148330101.3403
2009-01-28,146302335.7106
2009-01-29,147369164.2079
2009-01-30,148116500.372
2009-02-02,149010695.5886
2009-02-03,147054313.0551
2009-02-04,147447955.2538
2009-02-05,146248442.1599
2009-02-06,144035283.5899
2009-02-09,143697994.3057
2009-02-10,147133325.0704
2009-02-11,147105566.8067
2009-02-12,147345653.7361
2009-02-13,146933655.3334
2009-02-17,150707983.1966
2009-02-18,150642270.4533
2009-02-19,150112934.8203
2009-02-20,150046281.0523
2009-02-23,151960714.3993
2009-02-24,150181158.419
2009-02-25,150949215.7013
2009-02-26,150952389.6533
2009-02-27,151981406.6136
2009-03-02,156049936.1145
2009-03-03,155685276.2575
2009-03-04,153013003.0665
2009-03-05,155714798.5869
2009-03-06,154885705.1208
2009-03-09,156390542.2273
2009-03-10,153513484.0302
2009-03-11,153322171.8172
2009-03-12,151131477.2992
2009-03-13,150761110.234
2009-03-16,149799968.1222
2009-03-17,148170373.0661
2009-03-18,146013917.9759
2009-03-19,144781235.8153
2009-03-20,145690667.7318
2009-03-23,141536538.8012
2009-03-24,143329888.9691
2009-03-25,142335752.0278
2009-03-26,141222810.8908
2009-03-27,143925226.8398
2009-03-30,147245000.2094
2009-03-31,145803560.3174
2009-04-01,145216269.784
2009-04-02,141897875.3291
2009-04-03,140773912.6819
2009-04-06,142326465.4332
2009-04-07,143867372.8794
2009-04-08,143381968.4886
2009-04-09,141239191.2282
2009-04-13,140256104.8655
2009-04-14,141245657.7491
2009-04-15,140832269.3523
2009-04-16,140552643.5347
2009-04-17,140793203.294
2009-04-20,144299275.7679
2009-04-21,142828711.3119
2009-04-22,142790024.012
2009-04-23,140854772.6726
2009-04-24,139102891.0679
2009-04-27,140864584.9031
2009-04-28,140904235.1941
2009-04-29,138594250.8027
2009-04-30,138810135.181
2009-05-01,137594377.3834
2009-05-04,135166874.5235
2009-05-05,135481575.0542
2009-05-06,133949495.6959
2009-05-07,134220929.0827
2009-05-08,131312606.5956
2009-05-11,133104419.8923
2009-05-12,132505196.2344
2009-05-13,135055253.8679
2009-05-14,134080082.9041
2009-05-15,135522477.6645
2009-05-18,132618475.9822
2009-05-19,131686826.7033
2009-05-20,130726728.6681
2009-05-21,130650129.5689
2009-05-22,129424445.176
2009-05-26,127954503.623
2009-05-27,128277611.5029
2009-05-28,127260230.3862
2009-05-29,125437979.211
2009-06-01,122344223.0937
2009-06-02,121695816.3232
2009-06-03,124360741.7709
2009-06-04,122994826.4011
2009-06-05,123087966.25
2009-06-08,123196171.1324
2009-06-09,122183371.2284
2009-06-10,121864984.696
2009-06-11,120881334.1379
2009-06-12,121922867.6104
2009-06-15,124884099.4072
2009-06-16,125580213.0327
2009-06-17,125555204.9268
2009-06-18,125129416.5517
2009-06-19,124757513.8224
2009-06-22,127338311.3453
2009-06-23,126357790.6783
2009-06-24,126340727.3454
2009-06-25,125682853.9104
2009-06-26,125556404.4137
2009-06-29,125000666.508
2009-06-30,125572831.3112
2009-07-01,125047642.946
2009-07-02,127802109.5256
2009-07-06,128834845.5932
2009-07-07,130814469.3159
2009-07-08,132317266.8808
2009-07-09,130961353.6538
2009-07-10,132144781.0262
2009-07-13,130799294.8617
2009-07-14,129962377.5694
2009-07-15,126153311.2647
2009-07-16,126284893.3043
2009-07-17,125819157.4647
2009-07-20,123989079.1822
2009-07-21,124939632.5496
2009-07-22,124377148.3559
2009-07-23,122377901.1132
2009-07-24,122376211.2922
2009-07-27,121556662.0838
2009-07-28,122500370.5456
2009-07-29,123929348.1456
2009-07-30,122460988.9185
2009-07-31,121382532.3457
2009-08-03,118424435.5965
2009-08-04,118199277.9598
2009-08-05,118096311.4553
2009-08-06,119128279.2727
2009-08-07,118640917.8465
2009-08-10,119669280.855
2009-08-11,120889730.8858
2009-08-12,119699235.7333
2009-08-13,119296849.9146
2009-08-14,120950170.9231
2009-08-17,123778676.0783
2009-08-18,122156066.4309
2009-08-19,121657887.1472
2009-08-20,121310850.0678
2009-08-21,119519244.0954
2009-08-24,119866635.1715
2009-08-25,120058804.1948
2009-08-26,120657104.2908
2009-08-27,119949172.1888
2009-08-28,120066001.8946
2009-08-31,121012544.525
2009-09-01,122697164.6279
2009-09-02,123746652.0418
2009-09-03,123301723.7142
2009-09-04,122498492.823
2009-09-08,121441958.3281
2009-09-09,121023282.9473
2009-09-10,120749120.8184
2009-09-11,121429755.6707
2009-09-14,120900777.211
2009-09-15,120419599.4746
2009-09-16,119440555.5069
2009-09-17,120069716.3963
2009-09-18,119801724.268
2009-09-21,120368497.1709
2009-09-22,119938023.7522
2009-09-23,120716883.6476
2009-09-24,121709703.7618
2009-09-25,122416332.9976
2009-09-28,121554163.7821
2009-09-29,121550175.0333
2009-09-30,121606426.9677
2009-10-01,121800100.8729
2009-10-02,122046579.7375
2009-10-05,122549966.6976
2009-10-06,122974078.657
2009-10-07,123588271.9155
2009-10-08,123601258.8458
2009-10-09,122146469.7392
2009-10-12,122336516.4975
2009-10-13,122746371.0177
2009-10-14,122366829.981
2009-10-15,121212126.4472
2009-10-16,121407997.1032
2009-10-19,122001393.0687
2009-10-20,122357716.9462
2009-10-21,121914744.1507
2009-10-22,121713603.1017
2009-10-23,121595102.7688
2009-10-26,120735816.3553
2009-10-27,121354419.8176
2009-10-28,121389281.8249
2009-10-29,121117017.9501
2009-10-30,122170714.6758
2009-11-02,122358206.296
2009-11-03,122494003.1156
2009-11-04,123358298.3636
2009-11-05,124310647.5183
2009-11-06,125177501.3318
2009-11-09,127983665.27
2009-11-10,127691063.9961
2009-11-11,128370275.0831
2009-11-12,126618031.9268
2009-11-13,128653301.4983
2009-11-16,131158798.5214
2009-11-17,130809041.6043
2009-11-18,130501407.72
2009-11-19,129345645.0759
2009-11-20,128672842.2371
2009-11-23,130477275.2265
2009-11-24,130685830.836
2009-11-25,132955906.4404
2009-11-27,130441410.4138
2009-11-30,131333041.2131
2009-12-01,133214415.3489
2009-12-02,133065654.9935
2009-12-03,132194343.1222
2009-12-04,129533040.9714
2009-12-07,129499831.0845
2009-12-08,128176591.1029
2009-12-09,128207655.8981
2009-12-10,128420353.6023
2009-12-11,127372879.1706
2009-12-14,128812282.3838
2009-12-15,127109940.9504
2009-12-16,128250018.3777
2009-12-17,125904003.5286
2009-12-18,126202788.1087
2009-12-21,125026868.5999
2009-12-22,124694967.7896
2009-12-23,125807073.674
2009-12-24,126322564.443
2009-12-28,126294575.6415
2009-12-29,126039961.7234
2009-12-30,125904608.6756
2009-12-31,125257279.6308
2010-01-04,128572203.7728
2010-01-05,128951226.4347
2010-01-06,130192371.3141
2010-01-07,129538824.7342
2010-01-08,130936233.8256
2010-01-11,131682400.9557
2010-01-12,129776427.9818
2010-01-13,130812922.1646
2010-01-14,131292237.59
2010-01-15,129326088.7584
2010-01-19,130504091.8492
2010-01-20,127136823.8029
2010-01-21,124844656.1312
2010-01-22,122832134.0044
2010-01-25,123757493.749
2010-01-26,122429699.5303
2010-01-27,121796950.968
2010-01-28,120428699.5467
2010-01-29,118746411.9564
2010-02-01,120877355.4036
2010-02-02,122537324.2754
2010-02-03,121493296.1118
2010-02-04,116359986.6403
2010-02-05,115571192.0288
2010-02-08,114731109.5486
2010-02-09,117260750.2511
2010-02-10,116481651.4217
2010-02-11,118234370.1461
2010-02-12,117431829.1824
2010-02-16,121098541.5298
2010-02-17,120666874.6321
2010-02-18,121531746.1865
2010-02-19,121214161.462
2010-02-22,121217911.6227
2010-02-23,118747834.5871
2010-02-24,119785742.0892
2010-02-25,118998214.54
2010-02-26,120327230.5263
2010-03-01,120818214.7829
2010-03-02,122237009.4729
2010-03-03,123680826.3638
2010-03-04,122769631.9655
2010-03-05,124284638.6943
2010-03-08,124111585.7976
2010-03-09,124164892.7251
2010-03-10,124369977.5409
2010-03-11,124767106.0824
2010-03-12,125550401.29
2010-03-15,124607799.034
2010-03-16,127089894.0
2010-03-17,127969903.8538
2010-03-18,126917462.3972
2010-03-19,124804337.8627
2010-03-22,125775120.8304
2010-03-23,126106092.0816
2010-03-24,122446864.4513
2010-03-25,121784838.916
2010-03-26,123136292.3506
2010-03-29,125001991.6688
2010-03-30,124994381.3314
2010-03-31,125421057.5449
2010-04-01,127240482.8055
2010-04-05,126978431.8686
2010-04-06,127371192.9023
2010-04-07,127236534.8017
2010-04-08,127294988.3862
2010-04-09,128948346.4795
2010-04-12,129195811.5258
2010-04-13,129397672.0572
2010-04-14,131428994.5428
2010-04-15,131647845.1269
2010-04-16,128972812.4145
2010-04-19,127988466.2787
2010-04-20,129120452.2877
2010-04-21,129106141.8581
2010-04-22,128191899.9389
2010-04-23,129451548.0687
2010-04-26,129404995.4605
2010-04-27,125754785.9841
2010-04-28,126138750.8995
2010-04-29,128415485.7418
2010-04-30,127773302.5149
2010-05-03,127967247.0526
2010-05-04,123037017.313
2010-05-05,120342581.356
2010-05-06,116629269.6802
2010-05-07,115771162.4671
2010-05-10,120693000.3813
2010-05-11,120849203.1584
2010-05-12,122136690.1872
2010-05-13,120615710.2882
2010-05-14,117895534.9454
2010-05-17,116934027.9026
2010-05-18,114806737.2069
2010-05-19,113623103.7671
2010-05-20,109547757.3264
2010-05-21,111771223.1185
2010-05-24,110218357.8595
2010-05-25,109566723.8987
2010-05-26,108625992.5212
2010-05-27,113645842.0812
2010-05-28,112652748.3624
2010-06-01,111070190.6249
2010-06-02,111971859.6547
2010-06-03,111712243.2224
2010-06-04,111819167.1436
2010-06-07,111756263.8116
2010-06-08,111921735.6853
2010-06-09,111425842.0303
2010-06-10,111644167.5245
2010-06-11,112951639.8903
2010-06-14,112502187.9017
2010-06-15,113320180.5279
2010-06-16,113595319.9819
2010-06-17,114290736.2515
2010-06-18,114424834.4029
2010-06-21,114625242.2676
2010-06-22,114386275.0663
2010-06-23,114733330.5547
2010-06-24,113350525.8389
2010-06-25,113672845.961
2010-06-28,114060045.4843
2010-06-29,112603274.3789
2010-06-30,112103497.1171
2010-07-01,110964163.392
2010-07-02,110489508.4716
2010-07-06,111369934.7267
2010-07-07,112184101.5148
2010-07-08,112295203.9949
2010-07-09,112714487.9399
2010-07-12,112837609.1667
2010-07-13,112970556.3414
2010-07-14,113498273.3611
2010-07-15,113583871.33
2010-07-16,112511056.5807
2010-07-19,112390333.9858
2010-07-20,113384858.4362
2010-07-21,114030976.1992
2010-07-22,114876875.4288
2010-07-23,114538541.2092
2010-07-26,115073833.5064
2010-07-27,114199660.3111
2010-07-28,114021896.5897
2010-07-29,114200498.9921
2010-07-30,114917081.7707
2010-08-02,115073320.9259
2010-08-03,115277658.1487
2010-08-04,115222762.7405
2010-08-05,115661193.019
2010-08-06,116143730.4697
2010-08-09,116208609.1718
2010-08-10,116541484.8944
2010-08-11,115548640.6816
2010-08-12,115569126.5683
2010-08-13,116111389.5372
2010-08-16,117851352.3975
2010-08-17,118120406.8428
2010-08-18,118178725.0095
2010-08-19,118120400.0069
2010-08-20,117933110.1888
2010-08-23,118120999.4504
2010-08-24,118523093.4409
2010-08-25,118319867.8797
2010-08-26,118542351.4958
2010-08-27,117772946.6793
2010-08-30,118741766.4031
2010-08-31,120124061.6643
2010-09-01,120218157.4431
2010-09-02,120320202.2129
2010-09-03,119744087.8818
2010-09-07,121325360.1558
2010-09-08,121046034.1354
2010-09-09,120094428.3414
2010-09-10,120004771.3197
2010-09-13,121112418.3015
2010-09-14,121861180.7568
2010-09-15,121122345.4269
2010-09-16,120588397.0218
2010-09-17,120998639.2519
2010-09-20,122134564.1489
2010-09-21,123421753.3718
2010-09-22,123368357.1063
2010-09-23,123467064.2709
2010-09-24,122983002.5178
2010-09-27,123645114.0138
2010-09-28,124755068.9581
2010-09-29,124503197.0505
2010-09-30,124503389.4316
2010-10-01,124332402.8505
2010-10-04,123624520.4717
2010-10-05,126466217.7264
2010-10-06,127687244.5394
2010-10-07,127439214.6904
2010-10-08,129696305.2157
2010-10-11,129888228.1756
2010-10-12,129768134.6396
2010-10-13,131035910.5408
2010-10-14,130607980.0685
2010-10-15,129730273.7994
2010-10-18,130885048.8834
2010-10-19,128896076.6458
2010-10-20,130618508.2836
2010-10-21,129489655.8545
2010-10-22,129900920.8273
2010-10-25,131343029.1283
2010-10-26,130041463.2741
2010-10-27,128533321.2243
2010-10-28,129783083.9294
2010-10-29,130852470.2066
2010-11-01,130363129.6813
2010-11-02,132573395.1972
2010-11-03,132709810.1665
2010-11-04,137364947.9933
2010-11-05,136680744.9971
2010-11-08,136960784.8538
2010-11-09,133946240.555
2010-11-10,134420889.8683
2010-11-11,132984865.9038
2010-11-12,129163792.3786
2010-11-15,126986431.4796
2010-11-16,125135911.623
2010-11-17,125791045.7059
2010-11-18,128831951.1839
2010-11-19,129198825.6623
2010-11-22,130075131.0211
2010-11-23,127989303.244
2010-11-24,128379303.2637
2010-11-26,127138988.1878
2010-11-29,127484574.2861
2010-11-30,127332604.7137
2010-12-01,128468248.4547
2010-12-02,129354688.8646
2010-12-03,130234005.4938
2010-12-06,131683163.698
2010-12-07,129223496.9978
2010-12-08,127634824.1952
2010-12-09,128179878.8835
2010-12-10,127854311.2553
2010-12-13,128774684.1599
2010-12-14,127744901.236
2010-12-15,126603540.8524
2010-12-16,127579693.3401
2010-12-17,129309775.6445
2010-12-20,129732703.5674
2010-12-21,130909866.6794
2010-12-22,130991151.1453
2010-12-23,130707584.7455
2010-12-27,131202026.2833
2010-12-28,130569959.0446
2010-12-29,132705878.6274
2010-12-30,131878724.8292
2010-12-31,132976885.9323
2011-01-03,133683188.6947
2011-01-04,132383179.1348
2011-01-05,130583785.7842
2011-01-06,130363458.2711
2011-01-07,130682467.693
2011-01-10,131213978.7617
2011-01-11,131458445.265
2011-01-12,133083548.371
2011-01-13,133360790.33
2011-01-14,133073936.1641
2011-01-18,133696044.099
2011-01-19,133195452.8434
2011-01-20,130385797.9607
2011-01-21,131113850.819
2011-01-24,132131872.2908
2011-01-25,132909883.7664
2011-01-26,133544278.0134
2011-01-27,133422938.9407
2011-01-28,132241943.8038
2011-01-31,132729036.1447
2011-02-01,135034812.1847
2011-02-02,134683307.2901
2011-02-03,134423812.077
2011-02-04,133435299.493
2011-02-07,133812497.1144
2011-02-08,133930503.2038
2011-02-09,133995299.0923
2011-02-10,132572740.543
2011-02-11,133518504.3398
2011-02-14,134349525.0011
2011-02-15,133687228.7325
2011-02-16,135109303.6662
2011-02-17,137063827.5869
2011-02-18,137739331.3018
2011-02-22,136078883.8077
2011-02-23,136619877.4935
2011-02-24,136818425.3338
2011-02-25,140034960.167
2011-02-28,141105655.0586
2011-03-01,140103284.7838
2011-03-02,140743246.7386
2011-03-03,141219629.6205
2011-03-04,142380746.059
2011-03-07,140559909.8672
2011-03-08,140151999.0368
2011-03-09,140632410.214
2011-03-10,137089874.4833
2011-03-11,138115195.4307
2011-03-14,137285216.3221
2011-03-15,133838256.9549
2011-03-16,132395558.0539
2011-03-17,136633243.6471
2011-03-18,138364119.7414
2011-03-21,140841023.7202
2011-03-22,141115443.1474
2011-03-23,141004285.8244
2011-03-24,141739342.9315
2011-03-25,140354904.1274
2011-03-28,139484076.6423
2011-03-29,139687203.0989
2011-03-30,141749782.4009
2011-03-31,142081622.2845
2011-04-01,143497590.6527
2011-04-04,144573018.4593
2011-04-05,144237000.4837
2011-04-06,144690838.0496
2011-04-07,144773443.2712
2011-04-08,146401296.9599
2011-04-11,145100494.3605
2011-04-12,144396916.5353
2011-04-13,145793032.1681
2011-04-14,146573280.1707
2011-04-15,148175052.9908
2011-04-18,146173828.2673
2011-04-19,147893192.602
2011-04-20,151711343.8615
2011-04-21,153628768.2692
2011-04-25,153818629.8867
2011-04-26,155456980.0424
2011-04-27,157468488.4591
2011-04-28,158598875.0712
2011-04-29,160055375.2934
2011-05-02,158723297.6316
2011-05-03,156688593.2973
2011-05-04,154762752.2024
2011-05-05,149058819.7742
2011-05-06,149621727.7421
2011-05-09,152723809.2071
2011-05-10,153177350.2229
2011-05-11,148981171.6256
2011-05-12,148731142.1786
2011-05-13,146504722.0173
2011-05-16,146285363.2151
2011-05-17,147275668.5462
2011-05-18,148544162.3131
2011-05-19,148922162.0683
2011-05-20,147805785.4555
2011-05-23,143959946.3127
2011-05-24,145800822.1749
2011-05-25,147294967.1582
2011-05-26,149976036.8153
2011-05-27,152558006.91
2011-05-31,154718811.3983
2011-06-01,152388215.1638
2011-06-02,151852819.1146
2011-06-03,152668225.3235
2011-06-06,150266963.4165
2011-06-07,152160387.7869
2011-06-08,151027633.713
2011-06-09,151332998.1875
2011-06-10,147537029.611
2011-06-13,147463910.5179
2011-06-14,148869494.9031
2011-06-15,145216560.5646
2011-06-16,144170740.3513
2011-06-17,145820580.1523
2011-06-20,146083735.1104
2011-06-21,149638749.7284
2011-06-22,147749622.4535
2011-06-23,147303278.2079
2011-06-24,145433624.3815
2011-06-27,145266162.0708
2011-06-28,146561235.6857
2011-06-29,148983208.866
2011-06-30,150295216.6012
2011-07-01,151758524.5184
2011-07-05,153139004.8335
2011-07-06,153039191.2056
2011-07-07,154459125.4706
2011-07-08,154974290.3858
2011-07-11,151504743.0207
2011-07-12,151779874.8658
2011-07-13,156073010.8994
2011-07-14,154018613.4843
2011-07-15,155598142.763
2011-07-18,153834412.612
2011-07-19,156213344.3864
2011-07-20,157177293.4653
2011-07-21,159210136.2862
2011-07-22,160481503.929
2011-07-25,159753960.9497
2011-07-26,161830697.3759
2011-07-27,157867443.361
2011-07-28,157883225.8528
2011-07-29,160003380.1622
2011-08-01,159297193.7578
2011-08-02,158524327.8064
2011-08-03,158772282.0696
2011-08-04,149591782.7048
2011-08-05,148179280.786
2011-08-08,139826561.1514
2011-08-09,150467367.7984
2011-08-10,147525034.8421
2011-08-11,148549896.0879
2011-08-12,150447369.8552
2011-08-15,154451354.7394
2011-08-16,153813012.2977
2011-08-17,156505444.4312
2011-08-18,150139833.3085
2011-08-19,149784566.8097
2011-08-22,150267511.2156
2011-08-23,152469399.6836
2011-08-24,148431260.8704
2011-08-25,147179120.4426
2011-08-26,151405029.8829
2011-08-29,153704321.7237
2011-08-30,155695434.4371
2011-08-31,156606150.3328
2011-09-01,156665998.8364
2011-09-02,156229958.1667
2011-09-06,152176764.1049
2011-09-07,154214336.8556
2011-09-08,152911263.6318
2011-09-09,149674134.5973
2011-09-12,148588658.8606
2011-09-13,149288789.4661
2011-09-14,150045980.1854
2011-09-15,150952317.1737
2011-09-16,151009897.1428
2011-09-19,149198198.6768
2011-09-20,149476643.5803
2011-09-21,146050221.5243
2011-09-22,141490692.1697
2011-09-23,140029612.0007
2011-09-26,140948998.0887
2011-09-27,142991656.5794
2011-09-28,139648122.8398
2011-09-29,141150927.9509
2011-09-30,137669891.1631
2011-10-03,138708967.1773
2011-10-04,137214939.2327
2011-10-05,136618003.2592
2011-10-06,135342408.3501
2011-10-07,134671203.3579
2011-10-10,133046998.9195
2011-10-11,134035103.0087
2011-10-12,132670167.6129
2011-10-13,133414137.7372
2011-10-14,132855315.8715
2011-10-17,134142560.2603
2011-10-18,133608043.4608
2011-10-19,133987606.156
2011-10-20,133840407.4118
2011-10-21,133118352.0292
2011-10-24,132264125.076
2011-10-25,134467006.9777
2011-10-26,133190168.2313
2011-10-27,130870962.7875
2011-10-28,131864510.3025
2011-10-31,133621768.3231
2011-11-01,136028934.3155
2011-11-02,136580440.2482
2011-11-03,137117596.5211
2011-11-04,137242763.0032
2011-11-07,137691202.8164
2011-11-08,137648624.7137
2011-11-09,136377594.5834
2011-11-10,136142626.223
2011-11-11,136897037.6174
2011-11-14,136574615.3391
2011-11-15,136579574.7889
2011-11-16,136023626.322
2011-11-17,134685371.3237
2011-11-18,134487653.5482
2011-11-21,133573832.897
2011-11-22,133839396.335
2011-11-23,132868014.3797
2011-11-25,131755115.0089
2011-11-28,132889223.2077
2011-11-29,133373697.1802
2011-11-30,134294605.8954
2011-12-01,134307312.5508
2011-12-02,134899145.7547
2011-12-05,135330366.9251
2011-12-06,135124311.262
2011-12-07,135744727.9832
2011-12-08,135026479.0864
2011-12-09,135143514.6774
2011-12-12,134225548.514
2011-12-13,133741390.3581
2011-12-14,132920674.9973
2011-12-15,133021601.844
2011-12-16,134306019.9861
2011-12-19,134072949.6304
2011-12-20,135016568.8603
2011-12-21,134419326.4167
2011-12-22,134617550.8996
2011-12-23,134376701.7204
2011-12-27,134890754.0752
2011-12-28,133966341.0008
2011-12-29,134414575.4307
2011-12-30,134869314.6069
2012-01-03,134858751.6786
2012-01-04,135058030.4579
2012-01-05,136028314.0734
2012-01-06,137061185.8623
2012-01-09,136607565.379
2012-01-10,135791369.1086
2012-01-11,136855090.83
2012-01-12,136980966.6658
2012-01-13,137994415.2986
2012-01-17,137843070.3202
2012-01-18,136772273.761
2012-01-19,135643128.1919
2012-01-20,135143865.1931
2012-01-23,134347342.6235
2012-01-24,134301062.6356
2012-01-25,134441483.7272
2012-01-26,135237981.9714
2012-01-27,135559919.2294
2012-01-30,136770425.7086
2012-01-31,137229392.4179
2012-02-01,136357085.4347
2012-02-02,136688564.4521
2012-02-03,135138530.2695
2012-02-06,135541644.4274
2012-02-07,134996848.2504
2012-02-08,134825445.8747
2012-02-09,134006844.5608
2012-02-10,135118119.9657
2012-02-13,134768379.2012
2012-02-14,134996904.9525
2012-02-15,134598703.8395
2012-02-16,133706544.524
2012-02-17,132873808.7017
2012-02-21,132335556.8227
2012-02-22,133095057.1596
2012-02-23,133446491.7563
2012-02-24,132596264.9032
2012-02-27,133861996.0154
2012-02-28,133933554.4287
2012-02-29,132738258.3673
2012-03-01,132059706.4454
2012-03-02,132571505.1865
2012-03-05,132384970.1866
2012-03-06,133896583.7704
2012-03-07,133643044.0518
2012-03-08,132539210.0355
2012-03-09,132472159.322
2012-03-12,132598508.0488
2012-03-13,130612944.8145
2012-03-14,128509325.6336
2012-03-15,128465350.0666
2012-03-16,128491004.9502
2012-03-19,127892632.8578
2012-03-20,128171132.2406
2012-03-21,129157721.0605
2012-03-22,129834343.0454
2012-03-23,130259766.4792
2012-03-26,129884996.4363
2012-03-27,130626820.3989
2012-03-28,130771781.0481
2012-03-29,131711483.0551
2012-03-30,130379408.6527
2012-04-02,130115116.0217
2012-04-03,129375219.4996
2012-04-04,131002633.1099
2012-04-05,131839553.8091
2012-04-09,133496225.274
2012-04-10,135187695.1449
2012-04-11,134414094.2391
2012-04-12,133247792.6208
2012-04-13,135190464.8871
2012-04-16,135082851.9555
2012-04-17,134515216.7005
2012-04-18,134819909.2285
2012-04-19,134451423.5758
2012-04-20,133943573.8261
2012-04-23,135055758.5721
2012-04-24,134315558.7543
2012-04-25,134203723.455
2012-04-26,134701713.3066
2012-04-27,134408608.4073
2012-04-30,134679368.7943
2012-05-01,133868300.8029
2012-05-02,135475661.1337
2012-05-03,136418605.7311
2012-05-04,138679503.3396
2012-05-07,138589392.0675
2012-05-08,140186377.9562
2012-05-09,141119601.3322
2012-05-10,140446139.5652
2012-05-11,141838216.075
2012-05-14,143760745.851
2012-05-15,144710886.6732
2012-05-16,145240986.5197
2012-05-17,145807651.2573
2012-05-18,145996324.2226
2012-05-21,144787628.8224
2012-05-22,145653071.4886
2012-05-23,147410482.7984
2012-05-24,147518008.082
2012-05-25,148208290.4118
2012-05-29,147562602.4424
2012-05-30,151395326.35
2012-05-31,152339317.2805
2012-06-01,155465455.3464
2012-06-04,153420985.0844
2012-06-05,152579884.4905
2012-06-06,147323599.2479
2012-06-07,147621132.1785
2012-06-08,148515362.3162
2012-06-11,150409168.8468
2012-06-12,147730600.8278
2012-06-13,149187567.1368
2012-06-14,147810672.7815
2012-06-15,147370651.8363
2012-06-18,147455821.6576
2012-06-19,144367598.0779
2012-06-20,144637698.6046
2012-06-21,148676481.9307
2012-06-22,147209547.0644
2012-06-25,149784943.8925
2012-06-26,148296187.1326
2012-06-27,147749394.7816
2012-06-28,148777766.4528
2012-06-29,142505768.3602
2012-07-02,143193552.949
2012-07-03,141128746.0694
2012-07-05,143736606.1794
2012-07-06,146421829.5521
2012-07-09,146081342.9558
2012-07-10,147462295.817
2012-07-11,146896544.1652
2012-07-12,148734292.1811
2012-07-13,147263423.9533
2012-07-16,147017227.4119
2012-07-17,146266743.2877
2012-07-18,146347762.8016
2012-07-19,145368599.3213
2012-07-20,147832840.4091
2012-07-23,150222408.369
2012-07-24,151613718.1312
2012-07-25,150624044.3896
2012-07-26,148239813.036
2012-07-27,145251998.7865
2012-07-30,146039232.6991
2012-07-31,147164420.1256
2012-08-01,147886942.3535
2012-08-02,149242638.1447
2012-08-03,144804913.5464
2012-08-06,144374790.3042
2012-08-07,142734970.8639
2012-08-08,142034782.1259
2012-08-09,141892062.1975
2012-08-10,142207044.4866
2012-08-13,142935960.9082
2012-08-14,142090712.7344
2012-08-15,140702047.4065
2012-08-16,139023051.1169
2012-08-17,139602559.1408
2012-08-20,139155811.756
2012-08-21,137936214.8648
2012-08-22,138633308.4063
2012-08-23,139285551.2957
2012-08-24,140028949.1429
2012-08-27,140809861.0773
2012-08-28,140473048.7033
2012-08-29,140528406.0928
2012-08-30,141941272.4324
2012-08-31,141375143.8913
2012-09-04,141376942.6514
2012-09-05,141576243.6203
2012-09-06,140944995.6571
2012-09-07,139596046.9888
2012-09-10,139596569.5175
2012-09-11,139008064.9168
2012-09-12,138058625.6405
2012-09-13,138263814.5351
2012-09-14,136469705.9935
2012-09-17,137830669.5364
2012-09-18,138148532.9831
2012-09-19,138250020.1313
2012-09-20,138419552.6129
2012-09-21,138402695.6315
2012-09-24,139147144.015
2012-09-25,138981354.4127
2012-09-26,139781777.2941
2012-09-27,139514829.5828
2012-09-28,139997552.749
2012-10-01,139713316.6928
2012-10-02,139678863.6052
2012-10-03,139193488.4606
2012-10-04,140566240.1802
2012-10-05,139134004.6796
2012-10-08,138838912.419
2012-10-09,137939429.8457
2012-10-10,137845619.2592
2012-10-11,138929529.4278
2012-10-12,138625047.7926
2012-10-15,139267813.8746
2012-10-16,139686356.0714
2012-10-17,139603784.7684
2012-10-18,138514712.075
2012-10-19,136979973.8984
2012-10-22,136535512.535
2012-10-23,135410065.1239
2012-10-24,135019221.1249
2012-10-25,135521809.8383
2012-10-26,136286660.7721
2012-10-31,137631161.0993
2012-11-01,138330023.001
2012-11-02,138599952.1935
2012-11-05,139054574.1905
2012-11-06,138059968.4747
2012-11-07,138121164.1473
2012-11-08,137176849.6457
2012-11-09,136786950.1381
2012-11-12,137450734.9922
2012-11-13,137067564.206
2012-11-14,135655843.0716
2012-11-15,135481677.5419
2012-11-16,135918648.377
2012-11-19,136836526.1325
2012-11-20,136483383.6406
2012-11-21,136532201.7726
2012-11-23,137181097.8462
2012-11-26,137370744.6551
2012-11-27,137616156.7899
2012-11-28,138771979.6903
2012-11-29,139124934.736
2012-11-30,139540405.9595
2012-12-03,139432207.8896
2012-12-04,139914722.1886
2012-12-05,140504148.9421
2012-12-06,141265593.282
2012-12-07,140962877.6319
2012-12-10,141669463.7427
2012-12-11,142041058.2004
2012-12-12,141769809.9176
2012-12-13,140531051.3774
2012-12-14,140921684.1201
2012-12-17,140952031.0288
2012-12-18,141327501.8594
2012-12-19,141780714.103
2012-12-20,142627124.2797
2012-12-21,141735322.6541
2012-12-24,141114859.4514
2012-12-26,141376834.2992
2012-12-27,142269865.2155
2012-12-28,141830157.83
2012-12-31,143305687.2446
2013-01-02,145506153.2972
2013-01-03,141523061.9151
2013-01-04,142580217.8953
2013-01-07,142375490.3968
2013-01-08,141861166.603
2013-01-09,142721321.0136
2013-01-10,145715058.0327
2013-01-11,146263048.9529
2013-01-14,146523285.3099
2013-01-15,145983958.8443
2013-01-16,145264978.5018
2013-01-17,146227999.3422
2013-01-18,146204963.473
2013-01-22,146690764.3596
2013-01-23,146664640.7333
2013-01-24,146458828.6797
2013-01-25,146200177.4663
2013-01-28,144447541.0259
2013-01-29,145756443.1333
2013-01-30,146251161.1221
2013-01-31,146618646.9326
2013-02-01,148180300.9049
2013-02-04,146741770.1567
2013-02-05,147219976.7771
2013-02-06,147529085.9435
2013-02-07,146536365.2645
2013-02-08,147805186.2524
2013-02-11,147472016.4816
2013-02-12,147931702.838
2013-02-13,147999127.0094
2013-02-14,147742975.7864
2013-02-15,147894218.1341
2013-02-19,149186042.7152
2013-02-20,146889670.3592
2013-02-21,145163660.9088
2013-02-22,147165183.5991
2013-02-25,144277585.5544
2013-02-26,144743768.5841
2013-02-27,146987241.5236
2013-02-28,146742098.5173
2013-03-01,146656352.5349
2013-03-04,146652039.6324
2013-03-05,146909504.6661
2013-03-06,147328289.1278
2013-03-07,145723004.5695
2013-03-08,146112365.8082
2013-03-11,146021960.5228
2013-03-12,145899508.965
2013-03-13,146787324.5302
2013-03-14,146557675.8462
2013-03-15,146717863.8926
2013-03-18,147695175.8913
2013-03-19,148383569.4068
2013-03-20,147751257.1618
2013-03-21,147128100.1326
2013-03-22,147060977.2887
2013-03-25,147027408.8172
2013-03-26,147408623.084
2013-03-27,148456666.4743
2013-03-28,148801706.4648
2013-04-01,147440938.9206
2013-04-02,149268377.5935
2013-04-03,148821358.8151
2013-04-04,151380217.176
2013-04-05,151120674.7591
2013-04-08,151726907.0404
2013-04-09,151590263.6576
2013-04-10,153712862.8806
2013-04-11,154431488.2581
2013-04-12,156430621.2725
2013-04-15,156133435.6977
2013-04-16,156733006.9534
2013-04-17,155948322.3013
2013-04-18,154126846.0739
2013-04-19,155932159.0092
2013-04-22,156444018.9708
2013-04-23,159499195.6725
2013-04-24,160141421.8604
2013-04-25,159099784.2069
2013-04-26,159593183.9004
2013-04-29,159880380.4445
2013-04-30,160340869.0808
2013-05-01,160221518.0389
2013-05-02,161291815.763
2013-05-03,160588234.8503
2013-05-06,160611468.2398
2013-05-07,160893820.6471
2013-05-08,161591201.0554
2013-05-09,161395086.8016
2013-05-10,161148523.1014
2013-05-13,160296743.8023
2013-05-14,160863556.092
2013-05-15,162606512.1719
2013-05-16,163013236.9903
2013-05-17,163611499.1356
2013-05-20,162837315.346
2013-05-21,164544962.7663
2013-05-22,161427578.3582
2013-05-23,159066265.4463
2013-05-24,157430800.0933
2013-05-28,155433628.5014
2013-05-29,153547493.047
2013-05-30,153106372.7808
2013-05-31,150016261.0682
2013-06-03,150507646.0961
2013-06-04,149974165.4958
2013-06-05,145999699.0176
2013-06-06,147713985.9197
2013-06-07,149483072.6589
2013-06-10,149467210.8475
2013-06-11,146824822.8643
2013-06-12,146631405.4985
2013-06-13,150488487.377
2013-06-14,149174986.4563
2013-06-17,151114305.0137
2013-06-18,152282968.6053
2013-06-19,147693425.8998
2013-06-20,142844933.2591
2013-06-21,142339394.9123
2013-06-24,139138506.5871
2013-06-25,141573684.4669
2013-06-26,143715209.0997
2013-06-27,146007222.849
2013-06-28,144603079.5655
2013-07-01,145671900.5383
2013-07-02,145608932.1876
2013-07-03,145430140.9438
2013-07-05,149130296.3214
2013-07-08,148797682.7034
2013-07-09,149085282.7714
2013-07-10,150079699.6387
2013-07-11,151118862.969
2013-07-12,151517432.6214
2013-07-15,151823245.8882
2013-07-16,150979881.422
2013-07-17,151741692.6644
2013-07-18,153074510.122
2013-07-19,152111528.8681
2013-07-22,151484447.7741
2013-07-23,151661045.1946
2013-07-24,152531527.8255
2013-07-25,152840096.3237
2013-07-26,152347353.4681
2013-07-29,151939620.3578
2013-07-30,152341324.8742
2013-07-31,152409365.6269
2013-08-01,155381296.6309
2013-08-02,155562580.0029
2013-08-05,155283464.7507
2013-08-06,154624069.5509
2013-08-07,152992754.79
2013-08-08,153362083.9163
2013-08-09,152957167.9474
2013-08-12,152458077.59
2013-08-13,154369495.3492
2013-08-14,153593838.2166
2013-08-15,152388987.4944
2013-08-16,152762724.3246
2013-08-19,152172128.5954
2013-08-20,152512087.2543
2013-08-21,151762013.6156
2013-08-22,153096557.8377
2013-08-23,152788689.1666
2013-08-26,151291358.7411
2013-08-27,148430460.1358
2013-08-28,148762427.6548
2013-08-29,148977724.9284
2013-08-30,148629623.942
2013-09-03,149453254.3137
2013-09-04,151548875.2734
2013-09-05,152955231.547
2013-09-06,152145560.2824
2013-09-09,153545996.2204
2013-09-10,155473578.1302
2013-09-11,154885472.8741
2013-09-12,154873760.1093
2013-09-13,155037719.0122
2013-09-16,155788994.7576
2013-09-17,156045716.5608
2013-09-18,155085375.7338
2013-09-19,155699969.503
2013-09-20,155609225.3542
2013-09-23,154567727.9028
2013-09-24,153873302.7171
2013-09-25,153290727.1793
2013-09-26,154294820.3574
2013-09-27,153746179.329
2013-09-30,153171945.1781
2013-10-01,154680709.7679
2013-10-02,154245746.4637
2013-10-03,153222968.7114
2013-10-04,153766843.6968
2013-10-07,151662663.16
2013-10-08,149843813.7886
2013-10-09,150499735.7771
2013-10-10,153568063.9804
2013-10-11,154964514.7729
2013-10-14,156049508.3471
2013-10-15,154795171.703
2013-10-16,155755578.0014
2013-10-17,156473006.8377
2013-10-18,157351212.1718
2013-10-21,157505904.0145
2013-10-22,158019493.0022
2013-10-23,157051044.8741
2013-10-24,157935753.3086
2013-10-25,158176702.5218
2013-10-28,158527456.5659
2013-10-29,159010217.0529
2013-10-30,158456213.3368
2013-10-31,157790423.3843
2013-11-01,158117524.7549
2013-11-04,158947316.6015
2013-11-05,158310869.7492
2013-11-06,159161239.1549
2013-11-07,156378630.8123
2013-11-08,159152786.4141
2013-11-11,159722697.6996
2013-11-12,159860569.4598
2013-11-13,160242980.1469
2013-11-14,160297917.0297
2013-11-15,161460654.9922
2013-11-18,161048609.1346
2013-11-19,161266504.9419
2013-11-20,161409575.1413
2013-11-21,162715306.7356
2013-11-22,163290643.0213
2013-11-25,162592453.9162
2013-11-26,162843777.0458
2013-11-27,163411839.3326
2013-11-29,163765081.7681
2013-12-02,163792684.5207
2013-12-03,162978752.6314
2013-12-04,163050355.8961
2013-12-05,163533747.4304
2013-12-06,165216288.1601
2013-12-09,165459401.3586
2013-12-10,164381264.1765
2013-12-11,162704284.5885
2013-12-12,162873488.2558
2013-12-13,162325480.3784
2013-12-16,163824250.5973
2013-12-17,163116286.7355
2013-12-18,166133155.0944
2013-12-19,166405485.7386
2013-12-20,166074121.3504
2013-12-23,168155191.1549
2013-12-24,168927943.1101
2013-12-26,169963014.753
2013-12-27,170886457.4358
2013-12-30,171972538.5169
2013-12-31,173031425.7534
2014-01-02,169261775.2244
2014-01-03,167799881.1547
2014-01-06,166814382.8574
2014-01-07,167632999.4528
2014-01-08,168136454.6729
2014-01-09,168261643.6841
2014-01-10,167605844.3924
2014-01-13,164996662.9662
2014-01-14,167475502.6526
2014-01-15,168418933.4238
2014-01-16,168223426.6794
2014-01-17,167030061.4283
2014-01-21,168823854.4318
2014-01-22,169154309.1234
2014-01-23,168397865.8181
2014-01-24,163564684.6947
2014-01-27,163193795.7555
2014-01-28,163922904.9713
2014-01-29,161443257.891
2014-01-30,162480651.2334
2014-01-31,159325834.6785
2014-02-03,156767191.218
2014-02-04,156587362.4706
2014-02-05,155969208.5889
2014-02-06,156900265.1928
2014-02-07,157431430.9761
2014-02-10,157390256.2607
2014-02-11,158064542.0874
2014-02-12,158051598.3187
2014-02-13,157950060.3119
2014-02-14,157126876.4607
2014-02-18,156318273.414
2014-02-19,155428495.7575
2014-02-20,155643475.8717
2014-02-21,156008825.6438
2014-02-24,155793568.2779
2014-02-25,155666543.5481
2014-02-26,156703270.0925
2014-02-27,156743773.0431
2014-02-28,156010139.982
2014-03-03,153368434.8876
2014-03-04,156017558.1454
2014-03-05,155953263.9044
2014-03-06,156876307.0386
2014-03-07,157072876.472
2014-03-10,156686886.7869
2014-03-11,156041520.6986
2014-03-12,155492731.2211
2014-03-13,152848078.8532
2014-03-14,152398601.1
2014-03-17,153816420.2196
2014-03-18,154729042.5681
2014-03-19,153923114.4215
2014-03-20,153644497.6972
2014-03-21,152519259.2418
2014-03-24,152197913.2652
2014-03-25,152824452.308
2014-03-26,152015588.2849
2014-03-27,151676567.0166
2014-03-28,153023372.6124
2014-03-31,154296877.825
2014-04-01,155655019.6336
2014-04-02,155741743.6115
2014-04-03,154773549.223
2014-04-04,153168201.3553
2014-04-07,152215674.8585
2014-04-08,153071479.4093
2014-04-09,155890439.1367
2014-04-10,152350436.0177
2014-04-11,150512691.2798
2014-04-14,151141172.8775
2014-04-15,151371436.244
2014-04-16,152842031.872
2014-04-17,154005846.9564
2014-04-21,154400832.19
2014-04-22,155264146.8655
2014-04-23,155043337.7224
2014-04-24,154905558.1427
2014-04-25,153629044.298
2014-04-28,154623471.819
2014-04-29,155469511.9085
2014-04-30,156362235.6232
2014-05-01,156161248.3525
2014-05-02,155469173.8579
2014-05-05,155564621.3186
2014-05-06,155119955.9966
2014-05-07,156067718.6307
2014-05-08,155074607.9917
2014-05-09,153928250.2324
2014-05-12,155105049.7392
2014-05-13,154583951.3825
2014-05-14,153199930.4751
2014-05-15,152325251.1763
2014-05-16,152711914.7178
2014-05-19,153777642.9523
2014-05-20,153344305.2063
2014-05-21,154476991.3685
2014-05-22,154223654.8671
2014-05-23,153934302.3094
2014-05-27,154649965.7995
2014-05-28,153015644.6048
2014-05-29,153463900.5846
2014-05-30,154058371.2474
2014-06-02,152899151.8498
2014-06-03,151563155.8106
2014-06-04,151241679.5718
2014-06-05,153298087.2516
2014-06-06,154576696.6084
2014-06-09,154007266.9985
2014-06-10,152630011.2273
2014-06-11,152370181.4752
2014-06-12,153459660.2968
2014-06-13,153828630.7185
2014-06-16,154382289.7523
2014-06-17,152958417.1247
2014-06-18,156269451.6332
2014-06-19,155977544.7527
2014-06-20,156856976.6961
2014-06-23,156298232.8699
2014-06-24,156128023.5189
2014-06-25,157277470.7184
2014-06-26,157921633.7428
2014-06-27,158627696.9996
2014-06-30,158705117.659
2014-07-01,158956326.7663
2014-07-02,157692071.0107
2014-07-03,157105493.0396
2014-07-07,155613425.3689
2014-07-08,155147259.1322
2014-07-09,156162997.0285
2014-07-10,154244559.0656
2014-07-11,154377622.1954
2014-07-14,154862843.2662
2014-07-15,152395278.8788
2014-07-16,153425253.0501
2014-07-17,152950581.1674
2014-07-18,154016119.6051
2014-07-21,153980605.1985
2014-07-22,154589109.7961
2014-07-23,155994625.5255
2014-07-24,154191464.1731
2014-07-25,154359366.0939
2014-07-28,153979572.1142
2014-07-29,152965545.6606
2014-07-30,150356338.0454
2014-07-31,145421982.6701
2014-08-01,145864562.2059
2014-08-04,147169124.465
2014-08-05,144782227.4159
2014-08-06,145010971.238
2014-08-07,143910058.6984
2014-08-08,144960844.9393
2014-08-11,146379692.8409
2014-08-12,145772982.9065
2014-08-13,147472524.9279
2014-08-14,149717167.2266
2014-08-15,150979355.3324
2014-08-18,151927222.9797
2014-08-19,151288562.3059
2014-08-20,149745611.8958
2014-08-21,150987809.6743
2014-08-22,150216842.1629
2014-08-25,151018873.9553
2014-08-26,151197484.8648
2014-08-27,152634558.0619
2014-08-28,152410109.2786
2014-08-29,152302947.7608
2014-09-02,151418433.2711
2014-09-03,151985149.5423
2014-09-04,149673945.2402
2014-09-05,150071354.958
2014-09-08,147203330.4163
2014-09-09,145327746.7402
2014-09-10,145877218.2597
2014-09-11,144991873.8809
2014-09-12,143316927.4269
2014-09-15,142540075.1645
2014-09-16,143879639.3338
2014-09-17,141933052.3251
2014-09-18,144402720.1714
2014-09-19,144275029.5095
2014-09-22,143179781.3843
2014-09-23,142255535.0457
2014-09-24,142554740.2389
2014-09-25,139420646.4982
2014-09-26,139303719.1108
2014-09-29,138388083.4095
2014-09-30,139010254.3697
2014-10-01,138751594.3442
2014-10-02,137046001.2295
2014-10-03,141327923.8313
2014-10-06,139669753.4479
2014-10-07,138512493.7674
2014-10-08,141131118.8877
2014-10-09,138122033.405
2014-10-10,137378776.3796
2014-10-13,135863200.1164
2014-10-14,138629630.6124
2014-10-15,136452202.1121
2014-10-16,135491535.7237
2014-10-17,137298117.4495
2014-10-20,138286487.4571
2014-10-21,140841158.8082
2014-10-22,140567370.3342
2014-10-23,141363437.4044
2014-10-24,141908600.2438
2014-10-27,141041537.7068
2014-10-28,141954172.0994
2014-10-29,142423161.5515
2014-10-30,144349253.1519
2014-10-31,149067276.1125
2014-11-03,150443365.7508
2014-11-04,149351820.6717
2014-11-05,151061468.8567
2014-11-06,151442888.8369
2014-11-07,151377488.7501
2014-11-10,151786671.5651
2014-11-11,151044912.6191
2014-11-12,152220418.3809
2014-11-13,152952406.1358
2014-11-14,151937634.2646
2014-11-17,151941467.6286
2014-11-18,152031251.2437
2014-11-19,151827757.5101
2014-11-20,151987058.4882
2014-11-21,153896486.567
2014-11-24,154310562.1312
2014-11-25,155391880.2729
2014-11-26,155508716.2134
2014-11-28,159624285.811
2014-12-01,155551982.2327
2014-12-02,156435486.9859
2014-12-03,157302295.8712
2014-12-04,157794650.3299
2014-12-05,157972536.5455
2014-12-08,158726126.4951
2014-12-09,158813380.0923
2014-12-10,158508331.6422
2014-12-11,159707915.4771
2014-12-12,161329276.5678
2014-12-15,163321045.9416
2014-12-16,162497003.1707
2014-12-17,164861961.2977
2014-12-18,164214878.4894
2014-12-19,165086647.6972
2014-12-22,166560183.0421
2014-12-23,165419498.1648
2014-12-24,165783836.9913
2014-12-26,165579823.0079
2014-12-29,168126376.9645
2014-12-30,167440088.2233
2014-12-31,168604992.3447
2015-01-02,172296001.8915
2015-01-05,174659837.1918
2015-01-06,176164137.9941
2015-01-07,176806038.5806
2015-01-08,176197340.5606
2015-01-09,176012553.0348
2015-01-12,176743227.8498
2015-01-13,176327078.4758
2015-01-14,176721997.9112
2015-01-15,172732389.1581
2015-01-16,169500441.1242
2015-01-20,171402277.0306
2015-01-21,168845869.2698
2015-01-22,171246663.9673
2015-01-23,174561574.7595
2015-01-26,174368186.3243
2015-01-27,172593667.1291
2015-01-28,175698830.1346
2015-01-29,176827495.1721
2015-01-30,178189186.46
2015-02-02,177270359.613
2015-02-03,172307560.3043
2015-02-04,174735284.2189
2015-02-05,171981346.1807
2015-02-06,170571929.0371
2015-02-09,169463421.0508
2015-02-10,170422545.3324
2015-02-11,171788358.0851
2015-02-12,169500521.4785
2015-02-13,168187367.8679
2015-02-17,166500138.3464
2015-02-18,168455934.428
2015-02-19,168907725.9921
2015-02-20,169328419.0178
2015-02-23,170880836.4048
2015-02-24,172230091.3354
2015-02-25,171359171.3215
2015-02-26,172600427.3278
2015-02-27,172658138.2652
2015-03-02,172135809.737
2015-03-03,171703376.2476
2015-03-04,172180083.8273
2015-03-05,173463392.631
2015-03-06,173599566.0419
2015-03-09,174158571.6616
2015-03-10,176833257.0169
2015-03-11,179168624.5679
2015-03-12,178760977.4603
2015-03-13,180441344.0622
2015-03-16,180053918.5744
2015-03-17,181275059.3688
2015-03-18,180037808.3527
2015-03-19,181974946.0877
2015-03-20,179150377.2617
2015-03-23,177202712.0959
2015-03-24,178549413.3438
2015-03-25,176722562.6182
2015-03-26,175535979.6318
2015-03-27,177792747.8073
2015-03-30,180184839.985
2015-03-31,181570368.3882
2015-04-01,181239580.9534
2015-04-02,180065036.1282
2015-04-06,179260550.4382
2015-04-07,180250035.8711
2015-04-08,181300607.7962
2015-04-09,182027488.9111
2015-04-10,181778488.6988
2015-04-13,182931001.8763
2015-04-14,182172470.684
2015-04-15,181196896.6789
2015-04-16,179762533.5029
2015-04-17,179876815.266
2015-04-20,181162836.1389
2015-04-21,181287035.8829
2015-04-22,180631839.7009
2015-04-23,179618133.8076
2015-04-24,179730982.85
2015-04-27,178224076.4246
2015-04-28,175469472.7344
2015-04-29,173440487.3028
2015-04-30,173252494.1104
2015-05-01,174173424.9367
2015-05-04,173713791.879
2015-05-05,171423418.4062
2015-05-06,168785828.2529
2015-05-07,171262877.1811
2015-05-08,172532645.799
2015-05-11,170059919.7088
2015-05-12,168504372.0025
2015-05-13,166594399.1843
2015-05-14,167108734.2065
2015-05-15,168927802.1055
2015-05-18,169168982.4174
2015-05-19,170939342.3809
2015-05-20,171685434.5043
2015-05-21,171967763.3588
2015-05-22,173642426.2745
2015-05-26,176470808.5615
2015-05-27,177895431.8465
2015-05-28,177603378.4964
2015-05-29,177217881.0496
2015-06-01,177971686.9515
2015-06-02,173941469.2024
2015-06-03,173303737.8634
2015-06-04,175303668.0396
2015-06-05,176034179.4794
2015-06-08,174380287.36
2015-06-09,173225497.2331
2015-06-10,170640182.6149
2015-06-11,173048947.6082
2015-06-12,173216527.7102
2015-06-15,173384302.303
2015-06-16,174127693.7377
2015-06-17,172755294.3778
2015-06-18,172050291.0949
2015-06-19,173730499.5501
2015-06-22,172213602.767
2015-06-23,172619087.2387
2015-06-24,173117601.3606
2015-06-25,172366869.9142
2015-06-26,171991837.5706
2015-06-29,173495358.1516
2015-06-30,173246229.1597
2015-07-01,174772308.0432
2015-07-02,174739567.027
2015-07-06,178408903.4689
2015-07-07,180629461.0772
2015-07-08,181637700.9779
2015-07-09,179655592.398
2015-07-10,176590440.0646
2015-07-13,177927542.0297
2015-07-14,177725884.6433
2015-07-15,179902933.7915
2015-07-16,180575922.269
2015-07-17,182014334.0598
2015-07-20,183452652.8477
2015-07-21,183133351.5893
2015-07-22,185024844.1417
2015-07-23,186180872.7657
2015-07-24,187243934.9199
2015-07-27,188343142.7603
2015-07-28,186702435.3697
2015-07-29,186241277.3458
2015-07-30,186837265.7165
2015-07-31,187548305.186
2015-08-03,189489353.9861
2015-08-04,187849707.1529
2015-08-05,187769664.3008
2015-08-06,187980343.9724
2015-08-07,188063524.5767
2015-08-10,185537174.4969
2015-08-11,188126368.8993
2015-08-12,187108113.5054
2015-08-13,187475445.5768
2015-08-14,187895502.2749
2015-08-17,189617966.5662
2015-08-18,189851490.8232
2015-08-19,190147513.6542
2015-08-20,188807976.9008
2015-08-21,188769994.8864
2015-08-24,188572326.9633
2015-08-25,187431690.7293
2015-08-26,190326800.0494
2015-08-27,189626145.3332
2015-08-28,189116184.9543
2015-08-31,187638061.7528
2015-09-01,189429510.3004
2015-09-02,189657639.6302
2015-09-03,190002475.6873
2015-09-04,191607153.0283
2015-09-08,189016258.5235
2015-09-09,189803551.5472
2015-09-10,188310145.5632
2015-09-11,188713846.3811
2015-09-14,189099681.0085
2015-09-15,189170779.65
2015-09-16,186382739.0888
2015-09-17,186109115.7765
2015-09-18,188269490.5638
2015-09-21,188684553.6597
2015-09-22,191893179.4279
2015-09-23,193224939.4093
2015-09-24,192354114.0229
2015-09-25,192365924.052
2015-09-28,194960619.2923
2015-09-29,194670359.2856
2015-09-30,194268311.4764
2015-10-01,194666235.2891
2015-10-02,192558193.4837
2015-10-05,189154809.2484
2015-10-06,186468700.1563
2015-10-07,184538718.6183
2015-10-08,182595410.6197
2015-10-09,181543642.0215
2015-10-12,182513995.6774
2015-10-13,183944326.0373
2015-10-14,182500084.1789
2015-10-15,181556731.119
2015-10-16,182232267.8438
2015-10-19,183930553.2916
2015-10-20,182951529.3845
2015-10-21,185034792.3928
2015-10-22,185293214.9871
2015-10-23,185136327.4075
2015-10-26,185620018.7705
2015-10-27,187214335.9993
2015-10-28,186870597.1224
2015-10-29,186732063.44
2015-10-30,186248465.2665
2015-11-02,185750474.5421
2015-11-03,184982523.6101
2015-11-04,186740356.451
2015-11-05,188533902.7407
2015-11-06,190755459.0572
2015-11-09,191079296.5233
2015-11-10,192524182.1977
2015-11-11,191728302.8235
2015-11-12,191814958.344
2015-11-13,193411370.5993
2015-11-16,193602979.097
2015-11-17,194202295.3274
2015-11-18,194334601.5785
2015-11-19,192681325.7238
2015-11-20,193513518.1754
2015-11-23,194299001.7734
2015-11-24,193396575.0175
2015-11-25,194004469.3291
2015-11-27,195877775.2675
2015-11-30,195778839.0389
2015-12-01,194353704.2281
2015-12-02,196563297.4011
2015-12-03,191751978.8748
2015-12-04,192540223.6847
2015-12-07,196341616.115
2015-12-08,198007138.7186
2015-12-09,195760692.2757
2015-12-10,196888363.3169
2015-12-11,199436001.1203
2015-12-14,200248859.7182
2015-12-15,200053076.7738
2015-12-16,198789767.9575
2015-12-17,202571505.2212
2015-12-18,200821258.7539
2015-12-21,200422940.3183
2015-12-22,199499303.0017
2015-12-23,197189703.9194
2015-12-24,196183386.86
2015-12-28,197907185.2713
2015-12-29,196944285.1334
2015-12-30,197594463.4447
2015-12-31,198392435.1494
2016-01-04,200292968.5793
2016-01-05,201623295.8442
2016-01-06,203358867.4763
2016-01-07,203947311.6739
2016-01-08,205669003.2511
2016-01-11,208051545.979
2016-01-12,208133218.4147
2016-01-13,209079115.5784
2016-01-14,209558997.2533
2016-01-15,212951027.079
2016-01-19,213219162.4599
2016-01-20,214209503.0879
2016-01-21,212414693.6689
2016-01-22,210636695.8129
2016-01-25,212000120.5476
2016-01-26,208864329.5198
2016-01-27,208957303.5834
2016-01-28,207499715.6438
2016-01-29,208289179.2561
2016-02-01,207844384.6927
2016-02-02,210604562.176
2016-02-03,204388373.3655
2016-02-04,202571090.5519
2016-02-05,205212283.5694
2016-02-08,205918225.1305
2016-02-09,206693877.348
2016-02-10,204997680.8752
2016-02-11,204308883.2028
2016-02-12,202882344.0272
2016-02-16,205167356.8707
2016-02-17,202355265.148
2016-02-18,201243304.936
2016-02-19,201059600.2673
2016-02-22,200526037.7946
2016-02-23,201588257.9773
2016-02-24,201705753.3668
2016-02-25,200136664.3499
2016-02-26,202238433.0076
2016-02-29,200716455.5156
2016-03-01,195753450.6499
2016-03-02,193791830.7465
2016-03-03,191216882.6473
2016-03-04,188041694.7027
2016-03-07,186936204.7432
2016-03-08,190366012.409
2016-03-09,188058601.1173
2016-03-10,186885511.9966
2016-03-11,181298406.116
2016-03-14,182511279.0275
2016-03-15,185241381.2147
2016-03-16,181766356.883
2016-03-17,178025085.1966
2016-03-18,178456323.2922
2016-03-21,178271953.0084
2016-03-22,178541946.2882
2016-03-23,182677301.7625
2016-03-24,183490662.0002
2016-03-28,182463824.1432
2016-03-29,180239408.6098
2016-03-30,179091484.7804
2016-03-31,180001355.9655
2016-04-01,182936635.2558
2016-04-04,184261896.8845
2016-04-05,186860991.5191
2016-04-06,185304045.1545
2016-04-07,187933882.3044
2016-04-08,185034042.1194
2016-04-11,184399234.8532
2016-04-12,181213790.2265
2016-04-13,179497138.8561
2016-04-14,178923724.1626
2016-04-15,180421742.1774
2016-04-18,179342349.485
2016-04-19,176660866.7373
2016-04-20,174387054.4214
2016-04-21,174814647.2234
2016-04-22,173848614.8754
2016-04-25,173900589.8528
2016-04-26,172295375.7132
2016-04-27,172983734.5954
2016-04-28,175650851.6656
2016-04-29,176183890.5682
2016-05-02,174985114.0921
2016-05-03,178939183.7613
2016-05-04,180160717.2677
2016-05-05,181273853.8254
2016-05-06,180723661.6682
2016-05-09,181030183.4858
2016-05-10,178805748.1138
2016-05-11,179597086.1206
2016-05-12,178461290.5486
2016-05-13,180724168.8737
2016-05-16,178103350.5315
2016-05-17,178213720.9786
2016-05-18,175359192.548
2016-05-19,176563060.792
2016-05-20,175933959.3492
2016-05-23,176732712.2172
2016-05-24,173957270.0999
2016-05-25,172551942.8069
2016-05-26,173137716.5444
2016-05-27,172168803.8314
2016-05-31,172944074.8221
2016-06-01,172919499.1775
2016-06-02,173662161.3968
2016-06-03,175321957.2799
2016-06-06,173221525.3384
2016-06-07,172045720.3398
2016-06-08,171255841.5924
2016-06-09,172962571.3092
2016-06-10,176511686.9261
2016-06-13,178433125.9894
2016-06-14,179197472.0206
2016-06-15,180035341.6957
2016-06-16,181214365.4676
2016-06-17,178772130.6258
2016-06-20,175104599.0
2016-06-21,173759314.8775
2016-06-22,174503836.7172
2016-06-23,170523958.5204
2016-06-24,183235664.7038
2016-06-27,188107576.0238
2016-06-28,185965229.8526
2016-06-29,182840717.6315
2016-06-30,182488717.3607
2016-07-01,184022438.5893
2016-07-05,187825739.579
2016-07-06,188517040.7615
2016-07-07,189628120.4797
2016-07-08,189955193.9819
2016-07-11,187199947.055
2016-07-12,183263630.0808
2016-07-13,184790483.9376
2016-07-14,182456058.5964
2016-07-15,182020174.3331
2016-07-18,181877493.7855
2016-07-19,183934723.2849
2016-07-20,182778387.1152
2016-07-21,184329297.2973
2016-07-22,184242514.4635
2016-07-25,183891706.394
2016-07-26,184079821.0005
2016-07-27,185950456.4194
2016-07-28,185762713.6252
2016-07-29,186304142.1574
2016-08-01,185516024.0175
2016-08-02,185378867.1977
2016-08-03,185158041.1257
2016-08-04,186215088.1029
2016-08-05,183563598.5575
2016-08-08,183460918.1709
2016-08-09,184954775.6355
2016-08-10,186428292.5344
2016-08-11,184217643.8621
2016-08-12,184924165.8535
2016-08-15,183659437.4379
2016-08-16,183317252.119
2016-08-17,183907822.0293
2016-08-18,184256175.7889
2016-08-19,182909031.6843
2016-08-22,183654347.5373
2016-08-23,183720680.3591
2016-08-24,183315498.0212
2016-08-25,183099953.9205
2016-08-26,181942551.6473
2016-08-29,183673498.4638
2016-08-30,182778969.0233
2016-08-31,183078491.2516
2016-09-01,183960907.7695
2016-09-02,184518112.1444
2016-09-06,187705015.923
2016-09-07,187232164.5262
2016-09-08,184194964.0889
2016-09-09,178778336.8959
2016-09-12,180445746.1746
2016-09-13,176886309.3562
2016-09-14,177775293.9147
2016-09-15,179539072.5212
2016-09-16,179328265.7846
2016-09-19,179643966.2605
2016-09-20,180028319.1774
2016-09-21,184120439.1805
2016-09-22,186165331.5913
2016-09-23,185635146.9339
2016-09-26,184756208.0028
2016-09-27,186533574.8322
2016-09-28,187001546.1646
2016-09-29,185138223.9282
2016-09-30,185734518.8772
2016-10-03,184676168.6483
2016-10-04,180948748.1331
2016-10-05,180452871.4155
2016-10-06,179700036.1891
2016-10-07,179854007.0294
2016-10-10,180438933.7618
2016-10-11,177921242.0641
2016-10-12,178226230.4393
2016-10-13,178002948.2898
2016-10-14,177256064.2757
2016-10-17,177938993.2754
2016-10-18,180224997.9171
2016-10-19,181313691.5036
2016-10-20,180755996.3024
2016-10-21,180822129.9497
2016-10-24,180298446.2503
2016-10-25,180664416.2677
2016-10-26,178678787.4311
2016-10-27,176406728.0335
2016-10-28,176179685.8627
2016-10-31,177647824.263
2016-11-01,177266845.67
2016-11-02,177204254.5255
2016-11-03,176425446.8061
2016-11-04,176995964.9848
2016-11-07,178878761.416
2016-11-08,178702727.3123
2016-11-09,174361092.0441
2016-11-10,172201498.0494
2016-11-11,170598603.4825
2016-11-14,169799464.3939
2016-11-15,171358427.8603
2016-11-16,172035372.5309
2016-11-17,171065676.5438
2016-11-18,169449086.5162
2016-11-21,169487173.6782
2016-11-22,171085816.8347
2016-11-23,169741234.0717
2016-11-25,169694150.0569
2016-11-28,171475569.3459
2016-11-29,172070413.4402
2016-11-30,168851323.8475
2016-12-01,166244433.841
2016-12-02,167670017.8924
2016-12-05,167379759.0485
2016-12-06,167874141.6909
2016-12-07,169582566.5286
2016-12-08,170623537.4837
2016-12-09,169629875.5018
2016-12-12,168372095.9679
2016-12-13,169003104.7755
2016-12-14,165790920.4063
2016-12-15,165727759.8369
2016-12-16,164762348.986
2016-12-19,166471774.8808
2016-12-20,167006296.5934
2016-12-21,166999809.4022
2016-12-22,167029797.9213
2016-12-23,167273268.9222
2016-12-27,167129550.5898
2016-12-28,168198102.9585
2016-12-29,169011654.8794
2016-12-30,168151001.8382
2017-01-03,169702708.6051
2017-01-04,170861133.7323
2017-01-05,172241813.9162
2017-01-06,171559289.1598
2017-01-09,172020669.0594
2017-01-10,171948217.8942
2017-01-11,173448459.0757
2017-01-12,173251054.6241
2017-01-13,172797880.767
2017-01-17,172752152.803
2017-01-18,171041780.0714
2017-01-19,169396198.1282
2017-01-20,170353706.9271
2017-01-23,171230001.3152
2017-01-24,171628435.2175
2017-01-25,171363347.38
2017-01-26,171942655.764
2017-01-27,172056302.128
2017-01-30,171160798.1316
2017-01-31,171602532.8045
2017-02-01,171911864.5754
2017-02-02,172735491.8777
2017-02-03,173776942.2681
2017-02-06,173646108.3544
2017-02-07,172611278.8034
2017-02-08,173655800.5835
2017-02-09,174022198.4977
2017-02-10,175757737.771
2017-02-13,175581815.7331
2017-02-14,175644344.7028
2017-02-15,177096198.988
2017-02-16,177541504.6197
2017-02-17,177510208.3714
2017-02-21,178551118.3192
2017-02-22,178716904.6743
2017-02-23,179296955.9655
2017-02-24,178638239.9645
2017-02-27,177865038.8716
2017-02-28,177087416.5296
2017-03-01,178634364.5822
2017-03-02,175765669.8239
2017-03-03,175948260.8631
2017-03-06,175103297.7791
2017-03-07,173618685.0324
2017-03-08,171253301.0402
2017-03-09,169929420.0964
2017-03-10,170524986.1417
2017-03-13,171499123.0331
2017-03-14,170043773.2307
2017-03-15,173963958.6154
2017-03-16,173861669.1065
2017-03-17,174176905.9085
2017-03-20,174227758.931
2017-03-21,170308068.833
2017-03-22,170744582.6456
2017-03-23,170721465.9815
2017-03-24,171411281.9219
2017-03-27,170996132.3939
2017-03-28,173531362.8865
2017-03-29,175076707.3977
2017-03-30,175621598.7298
2017-03-31,175336549.7257
2017-04-03,174861623.4003
2017-04-04,175714047.1383
2017-04-05,174478054.0589
2017-04-06,175031390.9062
2017-04-07,175522639.0694
2017-04-10,175540333.0213
2017-04-11,175761150.7401
2017-04-12,174928613.7284
2017-04-13,173884074.7846
2017-04-17,175342849.6739
2017-04-18,172153791.9241
2017-04-19,170942056.8084
2017-04-20,173009765.8218
2017-04-21,172554317.9021
2017-04-24,175699447.4609
2017-04-25,176317366.6072
2017-04-26,175396698.6379
2017-04-27,174778217.6088
2017-04-28,173737089.7984
2017-05-01,174889061.3203
2017-05-02,175015532.6297
2017-05-03,175265100.5708
2017-05-04,174786512.9376
2017-05-05,176510702.3733
2017-05-08,176884951.7488
2017-05-09,178265295.178
2017-05-10,179101124.1723
2017-05-11,178574408.5749
2017-05-12,177703072.5455
2017-05-15,178479189.3425
2017-05-16,177964656.7585
2017-05-17,172492097.9341
2017-05-18,173995551.2558
2017-05-19,174750490.3124
2017-05-22,175270966.515
2017-05-23,176264468.3235
2017-05-24,176260388.953
2017-05-25,176826634.2027
2017-05-26,176804063.0302
2017-05-30,176062258.5725
2017-05-31,175489952.3065
2017-06-01,178715891.4069
2017-06-02,181678698.2147
2017-06-05,181018466.4087
2017-06-06,180581450.1778
2017-06-07,180661661.5326
2017-06-08,180762946.0684
2017-06-09,179413305.1178
2017-06-12,179152963.2468
2017-06-13,180722493.2223
2017-06-14,181166110.6629
2017-06-15,179122410.2302
2017-06-16,179743208.7815
2017-06-19,181651630.5886
2017-06-20,179895059.9518
2017-06-21,180090244.6821
2017-06-22,181266936.5134
2017-06-23,182213341.152
2017-06-26,182388247.3606
2017-06-27,180049181.4535
2017-06-28,182764320.3474
2017-06-29,179367407.7959
2017-06-30,178295416.561
2017-07-03,178300387.3855
2017-07-05,178494823.3093
2017-07-06,177611410.396
2017-07-07,179928296.7299
2017-07-10,179970670.9424
2017-07-11,180059373.5382
2017-07-12,181579710.9062
2017-07-13,182870205.5407
2017-07-14,184038937.2798
2017-07-17,183377370.3419
2017-07-18,183893703.0347
2017-07-19,184589354.177
2017-07-20,186147972.4885
2017-07-21,185214166.7216
2017-07-24,185370542.6085
2017-07-25,186864397.9464
2017-07-26,186707254.7847
2017-07-27,184919461.1052
2017-07-28,183908892.6435
2017-07-31,184107476.1209
2017-08-01,184767631.1717
2017-08-02,185303861.063
2017-08-03,183572674.1028
2017-08-04,185138177.7476
2017-08-07,185380831.1787
2017-08-08,183846099.6742
2017-08-09,181470800.4035
2017-08-10,175761676.0702
2017-08-11,175802575.1065
2017-08-14,179188266.9739
2017-08-15,180213008.7873
2017-08-16,180743131.5916
2017-08-17,176003826.3357
2017-08-18,177760705.5317
2017-08-21,177209797.2122
2017-08-22,180013934.2235
2017-08-23,179431873.8446
2017-08-24,179732678.3541
2017-08-25,180591542.5231
2017-08-28,179705559.045
2017-08-29,178967545.3813
2017-08-30,179095719.4564
2017-08-31,180944028.7675
2017-09-01,181470902.1928
2017-09-05,178648030.0486
2017-09-06,180149696.8565
2017-09-07,181687331.7171
2017-09-08,180904241.545
2017-09-11,183535389.7807
2017-09-12,184564891.5924
2017-09-13,183383133.0592
2017-09-14,183363309.0843
2017-09-15,183715836.9053
2017-09-18,184686429.0837
2017-09-19,186248529.7043
2017-09-20,185618582.364
2017-09-21,184844461.3459
2017-09-22,185399762.0132
2017-09-25,183905355.2627
2017-09-26,183418587.0607
2017-09-27,183980680.6897
2017-09-28,184883380.5126
2017-09-29,186496295.7983
2017-10-02,187089194.2388
2017-10-03,188313299.0462
2017-10-04,187749802.0171
2017-10-05,188209942.9093
2017-10-06,187792608.2807
2017-10-09,187496822.2763
2017-10-10,189193792.6587
2017-10-11,189802509.6483
2017-10-12,189442979.2794
2017-10-13,189967949.0382
2017-10-16,190762990.4197
2017-10-17,190758960.6654
2017-10-18,192462397.0959
2017-10-19,190997140.6582
2017-10-20,192721149.3144
2017-10-23,191216298.2937
2017-10-24,192514862.2633
2017-10-25,191374086.3233
2017-10-26,190805805.7699
2017-10-27,191600698.8443
2017-10-30,190808237.1624
2017-10-31,192284529.8261
2017-11-01,192133046.9585
2017-11-02,192257204.0927
2017-11-03,192795462.0368
2017-11-06,193778963.523
2017-11-07,192545002.0181
2017-11-08,193215324.4627
2017-11-09,191490733.7136
2017-11-10,191815010.3806
2017-11-13,190344173.3933
2017-11-14,188874978.5045
2017-11-15,186863828.2477
2017-11-16,191030655.2625
2017-11-17,190078794.3045
2017-11-20,191578666.3142
2017-11-21,194664176.9816
2017-11-22,194949091.0525
2017-11-24,197369310.724
2017-11-27,194900424.5727
2017-11-28,197034252.9929
2017-11-29,195966436.207
2017-11-30,198181899.8655
2017-12-01,199300396.161
2017-12-04,197106243.5549
2017-12-05,196990536.4844
2017-12-06,195574501.8997
2017-12-07,195575106.8714
2017-12-08,196761271.1294
2017-12-11,197969767.8616
2017-12-12,197797064.3388
2017-12-13,201530389.037
2017-12-14,200694406.0536
2017-12-15,200919719.8316
2017-12-18,203828777.4894
2017-12-19,201331282.6893
2017-12-20,200052899.2137
2017-12-21,202375820.1919
2017-12-22,203422350.0003
2017-12-26,204418412.4723
2017-12-27,207035177.6482
2017-12-28,208587293.5827
2017-12-29,209896605.1291
2018-01-02,212826726.5337
2018-01-03,215115897.6671
2018-01-04,218626870.4506
2018-01-05,220120803.599
2018-01-08,219321013.3394
2018-01-09,217131213.3624
2018-01-10,217014692.5545
2018-01-11,221366960.0201
2018-01-12,227382808.1501
2018-01-16,228349858.0768
2018-01-17,229216505.6451
2018-01-18,227836611.6636
2018-01-19,228524045.7229
2018-01-22,231452020.1146
2018-01-23,235293122.8365
2018-01-24,239087809.608
2018-01-25,238147253.5254
2018-01-26,242398009.1521
2018-01-29,236656286.2328
2018-01-30,231822652.3053
2018-01-31,233630723.0008
2018-02-01,232773498.6606
2018-02-02,221119865.7695
2018-02-05,205141012.371
2018-02-06,210574875.5218
2018-02-07,203435788.2898
2018-02-08,191710265.6093
2018-02-09,192261874.5355
2018-02-12,198790819.7325
2018-02-13,200190883.7004
2018-02-14,209260509.31
2018-02-15,215529169.4271
2018-02-16,215613371.68
2018-02-20,210503439.6442
2018-02-21,205986346.032
2018-02-22,208706635.9491
2018-02-23,214319851.3057
2018-02-26,217999033.0355
2018-02-27,210238163.8696
2018-02-28,205089400.6782
2018-03-01,200149144.6526
2018-03-02,203178977.552
2018-03-05,204618172.553
2018-03-06,206749598.884
2018-03-07,206605720.4632
2018-03-08,204646435.6732
2018-03-09,208673615.3759
2018-03-12,208824628.7193
2018-03-13,206627982.6849
2018-03-14,206409143.9928
2018-03-15,205145970.2264
2018-03-16,205722768.287
2018-03-19,204749080.037
2018-03-20,205010727.7193
2018-03-21,208015094.1713
2018-03-22,201853821.2397
2018-03-23,199882962.6107
2018-03-26,205686975.9795
2018-03-27,200709504.772
2018-03-28,198576387.7904
2018-03-29,200785528.0163
2018-04-02,197122217.5497
2018-04-03,198726886.5288
2018-04-04,200578210.9056
2018-04-05,200408039.687
2018-04-06,198523895.8941
2018-04-09,200695321.0219
2018-04-10,205079378.7397
2018-04-11,205122304.4185
2018-04-12,205458534.5478
2018-04-13,205412289.8124
2018-04-16,206878790.5398
2018-04-17,207725626.543
2018-04-18,208168273.5015
2018-04-19,205313262.3083
2018-04-20,202844846.3335
2018-04-23,201490436.7305
2018-04-24,199790477.5454
2018-04-25,198224159.1807
2018-04-26,199412123.1387
2018-04-27,199401671.6209
2018-04-30,197736324.6506
2018-05-01,196476670.6387
2018-05-02,195832624.8001
2018-05-03,195948032.286
2018-05-04,197740194.1413
2018-05-07,198444472.2586
2018-05-08,198020048.109
2018-05-09,200360371.5285
2018-05-10,201871782.8869
2018-05-11,201920768.3287
2018-05-14,203160240.993
2018-05-15,202500455.349
2018-05-16,204086369.4578
2018-05-17,204771582.171
2018-05-18,201777806.4155
2018-05-21,203385651.204
2018-05-22,202686209.521
2018-05-23,199640166.8685
2018-05-24,198041441.0351
2018-05-25,194105781.666
2018-05-29,186216519.3243
2018-05-30,192299650.1242
2018-05-31,191301153.0524
2018-06-01,193257617.3722
2018-06-04,195506490.0007
2018-06-05,195562113.61
2018-06-06,198745123.2351
2018-06-07,196672903.9889
2018-06-08,197239377.7226
2018-06-11,198380406.9598
2018-06-12,197270490.6491
2018-06-13,197962596.1129
2018-06-14,195492493.5285
2018-06-15,193486422.8807
2018-06-18,193140715.313
2018-06-19,190619903.6204
2018-06-20,192403715.2587
2018-06-21,190635319.1363
2018-06-22,193021292.0907
2018-06-25,189657122.8054
2018-06-26,189745358.3326
2018-06-27,186257536.5895
2018-06-28,187367329.3688
2018-06-29,189332148.3347
2018-07-02,187649697.7437
2018-07-03,186400434.0538
2018-07-05,187314230.5392
2018-07-06,188258529.1094
2018-07-09,190566854.9884
2018-07-10,190973891.3307
2018-07-11,188205572.5973
2018-07-12,189488356.8811
2018-07-13,189837511.4398
2018-07-16,188939856.4183
2018-07-17,190500743.6184
2018-07-18,190997235.216
2018-07-19,190320336.6991
2018-07-20,190603029.1383
2018-07-23,191793473.6236
2018-07-24,191921864.1571
2018-07-25,193010254.8253
2018-07-26,193141518.2224
2018-07-27,192193998.2056
2018-07-30,192044952.4352
2018-07-31,192015331.5325
2018-08-01,191947016.8597
2018-08-02,192711841.0509
2018-08-03,191680040.9852
2018-08-06,192035366.8648
2018-08-07,193451415.5834
2018-08-08,192535505.4711
2018-08-09,192215016.1079
2018-08-10,189659875.888
2018-08-13,189665694.0423
2018-08-14,191423289.0553
2018-08-15,188012918.2004
2018-08-16,189166220.7126
2018-08-17,188747175.2347
2018-08-20,187763218.8934
2018-08-21,188049810.005
2018-08-22,188431441.4838
2018-08-23,189339727.6652
2018-08-24,188756254.044
2018-08-27,190787885.5265
2018-08-28,192224103.5068
2018-08-29,192994578.4512
2018-08-30,191237455.084
2018-08-31,191390139.661
2018-09-04,191366850.7182
2018-09-05,189988085.5999
2018-09-06,187805699.6891
2018-09-07,189805207.3415
2018-09-10,189663620.3469
2018-09-11,192323603.0696
2018-09-12,191190957.793
2018-09-13,190844003.5919
2018-09-14,193102182.713
2018-09-17,191657302.1678
2018-09-18,195241113.1039
2018-09-19,195829972.5672
2018-09-20,194408152.2345
2018-09-21,195276695.1408
2018-09-24,196522164.8402
2018-09-25,196691322.0539
2018-09-26,195527747.8302
2018-09-27,198014676.4601
2018-09-28,198608206.565
2018-10-01,201030286.3794
2018-10-02,198643950.6351
2018-10-03,203253854.5223
2018-10-04,202360615.4401
2018-10-05,201628308.9686
2018-10-08,201700868.9024
2018-10-09,200085948.7333
2018-10-10,194704653.6197
2018-10-11,187732670.7469
2018-10-12,190044746.3458
2018-10-15,188521438.8566
2018-10-16,191769165.5287
2018-10-17,193296758.5595
2018-10-18,190982382.4209
2018-10-19,191864903.4638
2018-10-22,192366228.0715
2018-10-23,188650316.4058
2018-10-24,182718926.9063
2018-10-25,186820158.0725
2018-10-26,182064194.1234
2018-10-29,182418906.6581
2018-10-30,186864253.5859
2018-10-31,189354026.7948
2018-11-01,185354070.3312
2018-11-02,187322983.3624
2018-11-05,186521964.0188
2018-11-06,186017446.6463
2018-11-07,184123293.6665
2018-11-08,187355715.9557
2018-11-09,188070552.1571
2018-11-12,190047096.1991
2018-11-13,187777522.4383
2018-11-14,186318151.5557
2018-11-15,186427649.3024
2018-11-16,183399177.6077
2018-11-19,183105953.4412
2018-11-20,185396664.8295
2018-11-21,183183630.5262
2018-11-23,184273131.4421
2018-11-26,183992601.3157
2018-11-27,185358989.9745
2018-11-28,181387864.8123
2018-11-29,181256016.7896
2018-11-30,182654320.1964
2018-12-03,180538432.8893
2018-12-04,181331020.6966
2018-12-06,181933259.4404
2018-12-07,180675413.5723
2018-12-10,183615104.1658
2018-12-11,184324524.3977
2018-12-12,182162321.475
2018-12-13,181435418.2669
2018-12-14,184197789.4657
2018-12-17,183668636.5448
2018-12-18,182914986.5739
2018-12-19,183866966.7085
2018-12-20,183527068.6027
2018-12-21,187263500.2868
2018-12-24,186246738.9183
2018-12-26,185077044.4469
2018-12-27,183608506.3117
2018-12-28,179713907.2664
2018-12-31,177832426.2424
2019-01-02,177633625.2567
2019-01-03,176211101.2299
2019-01-04,172010153.8528
2019-01-07,170142216.4558
2019-01-08,169087559.3141
2019-01-09,164784996.2663
2019-01-10,166045850.4794
2019-01-11,165601048.8586
2019-01-14,167244243.7011
2019-01-15,166385461.7545
2019-01-16,165763621.6791
2019-01-17,164700313.0862
2019-01-18,164275631.6073
2019-01-22,166517192.0441
2019-01-23,165235765.3832
2019-01-24,164397340.6142
2019-01-25,160936498.4954
2019-01-28,162365518.8736
2019-01-29,161184443.7484
2019-01-30,156277346.5586
2019-01-31,153990668.1614
2019-02-01,154390774.3226
2019-02-04,154327622.4743
2019-02-05,154061386.2872
2019-02-06,155977170.9374
2019-02-07,158004052.1693
2019-02-08,158682529.7374
2019-02-11,159920130.4988
2019-02-12,157771235.0806
2019-02-13,158323120.5799
2019-02-14,158419788.7874
2019-02-15,155703256.4837
2019-02-19,154111065.3402
2019-02-20,153758687.1178
2019-02-21,154463957.1101
2019-02-22,153592491.3004
2019-02-25,153645514.0052
2019-02-26,152910476.8028
2019-02-27,153207256.8607
2019-02-28,154155377.2072
2019-03-01,154569001.7112
2019-03-04,155380063.3606
2019-03-05,155316529.962
2019-03-06,156041646.5644
2019-03-07,158811959.2639
2019-03-08,158060123.5982
2019-03-11,157806147.8271
2019-03-12,157881598.008
2019-03-13,156103947.2686
2019-03-14,156763268.7468
2019-03-15,155876603.2834
2019-03-18,155163794.2995
2019-03-19,154737306.6398
2019-03-20,154554561.9201
2019-03-21,155910729.668
2019-03-22,158289707.3063
2019-03-25,158238566.1657
2019-03-26,158837145.9559
2019-03-27,160447748.6432
2019-03-28,162167916.7762
2019-03-29,161812415.8
2019-04-01,159470208.4173
2019-04-02,159766967.3816
2019-04-03,157839274.7036
2019-04-04,158288697.0087
2019-04-05,158902601.3259
2019-04-08,157807417.6405
2019-04-09,158254023.9786
2019-04-10,159100149.3998
2019-04-11,160038096.4961
2019-04-12,158566504.4138
2019-04-15,158716021.1056
2019-04-16,158620021.0177
2019-04-17,158683406.3618
2019-04-18,159994226.149
2019-04-22,159462400.7571
2019-04-23,161562841.0256
2019-04-24,164297850.6903
2019-04-25,164402381.7687
2019-04-26,165370765.0411
2019-04-29,164254932.9714
2019-04-30,163965469.2687
2019-05-01,164442240.9668
2019-05-02,164148400.4968
2019-05-03,163655902.4694
2019-05-06,165189142.1461
2019-05-07,166385899.8941
2019-05-08,166061469.1545
2019-05-09,166599089.0452
2019-05-10,166524729.6081
2019-05-13,167286704.0104
2019-05-14,166945728.1006
2019-05-15,168123524.0112
2019-05-16,168320891.4427
2019-05-17,169714215.7755
2019-05-20,168668438.1255
2019-05-21,169347254.3766
2019-05-22,170761879.0809
2019-05-23,171720734.8577
2019-05-24,170138479.3556
2019-05-28,171689959.7365
2019-05-29,172197926.0731
2019-05-30,173222321.0022
2019-05-31,174541655.5592
2019-06-03,173466914.4441
2019-06-04,171732273.3531
2019-06-05,173763747.8977
2019-06-06,172339408.3598
2019-06-07,172274524.9322
2019-06-10,171646011.5143
2019-06-11,171165375.7024
2019-06-12,173325694.1324
2019-06-13,173507387.6822
2019-06-14,175278623.8443
2019-06-17,175053170.8209
2019-06-18,174917946.2286
2019-06-19,175318575.7584
2019-06-20,172362169.6408
2019-06-21,170258807.4573
2019-06-24,170169750.2426
2019-06-25,170570687.9565
2019-06-26,169604041.9086
2019-06-27,170779234.9829
2019-06-28,170575225.9602
2019-07-01,171751644.2784
2019-07-02,173585783.7796
2019-07-03,173985489.9874
2019-07-05,173677489.5367
2019-07-08,173772341.1182
2019-07-09,174189170.5916
2019-07-10,173435015.6863
2019-07-11,171612164.3262
2019-07-12,170995085.8963
2019-07-15,172300527.9457
2019-07-16,172967484.0013
2019-07-17,174447469.9914
2019-07-18,174003686.9087
2019-07-19,173647438.9306
2019-07-22,174439559.6186
2019-07-23,174459883.805
2019-07-24,175150348.1212
2019-07-25,175934786.5051
2019-07-26,176712423.3073
2019-07-29,176878751.2288
2019-07-30,177655633.4643
2019-07-31,179635382.895
2019-08-01,184857753.9693
2019-08-02,185102508.555
2019-08-05,188028529.0294
2019-08-06,189997829.4656
2019-08-07,190619120.0467
2019-08-08,190235784.6853
2019-08-09,189670231.6945
2019-08-12,193205372.9258
2019-08-13,192370565.435
2019-08-14,197026161.8051
2019-08-15,199560450.1957
2019-08-16,198140853.7852
2019-08-19,196292714.2865
2019-08-20,197780671.0729
2019-08-21,197104864.7994
2019-08-22,196088222.787
2019-08-23,198978061.8278
2019-08-26,199314884.9245
2019-08-27,201596680.6264
2019-08-28,202284626.6259
2019-08-29,201562396.3783
2019-08-30,202194095.0759
2019-09-03,203731573.3801
2019-09-04,200467409.9506
2019-09-05,195031106.0531
2019-09-06,194760790.2894
2019-09-09,191158573.1402
2019-09-10,187602875.7048
2019-09-11,187133855.7607
2019-09-12,185076363.9261
2019-09-13,179869993.8944
2019-09-16,181866135.946
2019-09-17,182334233.3955
2019-09-18,183505034.3021
2019-09-19,183300450.3763
2019-09-20,187065829.4734
2019-09-23,188422108.199
2019-09-24,190419260.4987
2019-09-25,188743255.6696
2019-09-26,189615016.1484
2019-09-27,190112530.6231
2019-09-30,190451593.8035
2019-10-01,191417931.3162
2019-10-02,193052448.9515
2019-10-03,194145649.4553
2019-10-04,194483538.4811
2019-10-07,193746372.9224
2019-10-08,194762695.0249
2019-10-09,193909796.2619
2019-10-10,190390410.16
2019-10-11,185901300.346
2019-10-14,187882744.0089
2019-10-15,185078341.2606
2019-10-16,184907942.9387
2019-10-17,183512666.781
2019-10-18,182872513.2224
2019-10-21,181690142.4288
2019-10-22,182876407.3425
2019-10-23,182232861.329
2019-10-24,183539149.9317
2019-10-25,183568257.4342
2019-10-28,181596729.5374
2019-10-29,181076959.5033
2019-10-30,181359868.7173
2019-10-31,183456546.7889
2019-11-01,182823467.3757
2019-11-04,183306576.6383
2019-11-05,181533474.1973
2019-11-06,182904172.4081
2019-11-07,181347552.0167
2019-11-08,181055385.4657
2019-11-11,180772741.1963
2019-11-12,181117756.8524
2019-11-13,181223629.8574
2019-11-14,182653712.3999
2019-11-15,183046725.9345
2019-11-18,183738308.8522
2019-11-19,184720201.54
2019-11-20,184021350.0981
2019-11-21,182968785.8938
2019-11-22,184322239.7434
2019-11-25,186078012.551
2019-11-26,186859520.6725
2019-11-27,187381734.5031
2019-11-29,186346837.4728
2019-12-02,182846388.5936
2019-12-03,183750973.1634
2019-12-04,184329455.6838
2019-12-05,183377393.4244
2019-12-06,184736358.6627
2019-12-09,183913004.2067
2019-12-10,183304574.9297
2019-12-11,185175232.1848
2019-12-12,184514152.9583
2019-12-13,187164039.658
2019-12-16,187577530.3864
2019-12-17,188194986.8491
2019-12-18,188063925.6377
2019-12-19,188702360.1037
2019-12-20,189376533.4497
2019-12-23,189832903.3144
2019-12-24,190321723.6436
2019-12-26,191553174.7086
2019-12-27,190410709.69
2019-12-30,188859903.266
2019-12-31,188176772.0111
2020-01-02,192817264.2069
2020-01-03,192943334.1962
2020-01-06,193453769.1851
2020-01-07,193508473.2049
2020-01-08,193621206.6901
2020-01-09,195000671.6864
2020-01-10,194942756.8325
2020-01-13,195613511.2783
2020-01-14,196017656.3627
2020-01-15,196453601.1795
2020-01-16,198413354.3678
2020-01-17,199078443.7496
2020-01-21,198415558.0995
2020-01-22,198847603.5455
2020-01-23,198989632.1896
2020-01-24,198643137.7553
2020-01-27,195179314.1015
2020-01-28,196877595.6185
2020-01-29,198187915.1758
2020-01-30,198139897.101
2020-01-31,194434360.7291
2020-02-03,195305375.4343
2020-02-04,197172572.6531
2020-02-05,198808630.9857
2020-02-06,200609768.9191
2020-02-07,201049851.312
2020-02-10,203201920.6522
2020-02-11,202661406.6371
2020-02-12,203189897.7666
2020-02-13,203063604.9543
2020-02-14,203719196.6587
2020-02-18,204509629.2808
2020-02-19,206480953.2167
2020-02-20,208222455.071
2020-02-21,206631991.1252
2020-02-24,201965039.8086
2020-02-25,196412412.5817
2020-02-26,196578558.325
2020-02-27,188437061.6433
2020-02-28,188064472.3668
2020-03-02,185070812.226
2020-03-03,190032639.8027
2020-03-04,188214620.4339
2020-03-05,193638454.2048
2020-03-06,199375881.2095
2020-03-09,211178166.6247
2020-03-10,199291206.678
2020-03-11,199040700.9413
2020-03-12,204214718.1182
2020-03-13,203578164.9197
2020-03-16,215389349.5043
2020-03-17,206165220.5321
2020-03-18,205241603.3681
2020-03-19,203866650.3426
2020-03-20,210974855.9044
2020-03-23,221460496.1204
2020-03-24,214663474.2937
2020-03-25,215092986.4075
2020-03-26,213853892.0244
2020-03-27,218649554.0675
2020-03-30,217617083.7375
2020-03-31,215714036.1179
2020-04-01,221762179.5073
2020-04-02,220419168.8506
2020-04-03,221833138.7471
2020-04-06,218469078.8772
2020-04-07,217319337.7973
2020-04-08,215910308.9377
2020-04-09,214795163.1261
2020-04-13,215399696.6859
2020-04-14,214466896.5866
2020-04-15,218347239.2485
2020-04-16,218851424.798
2020-04-17,216387113.258
2020-04-20,218396133.6372
2020-04-21,222033249.9893
2020-04-22,221110487.2613
2020-04-23,220864322.1137
2020-04-24,220934534.8344
2020-04-27,219386380.9672
2020-04-28,219163212.1215
2020-04-29,216576861.6719
2020-04-30,216566708.0843
2020-05-01,218952081.1165
2020-05-04,219138669.4748
2020-05-05,218070723.2323
2020-05-06,218826280.3138
2020-05-07,218135164.2825
2020-05-08,215730956.8425
2020-05-11,215850593.5105
2020-05-12,217457982.9869
2020-05-13,219059712.6344
2020-05-14,219225345.6836
2020-05-15,219064136.0423
2020-05-18,214174758.3059
2020-05-19,214785757.4903
2020-05-20,213348939.4039
2020-05-21,213867181.9396
2020-05-22,214851202.4501
2020-05-26,211365446.57
2020-05-27,210900295.1748
2020-05-28,210459961.24
2020-05-29,210333304.3324
2020-06-01,208481502.9006
2020-06-02,207396893.6891
2020-06-03,204744454.1777
2020-06-04,204037024.381
2020-06-05,202232216.895
2020-06-08,201992248.1173
2020-06-09,203037605.8261
2020-06-10,204245460.0447
2020-06-11,207528339.5708
2020-06-12,206955994.9279
2020-06-15,206394892.4266
2020-06-16,206130066.0531
2020-06-17,206545203.9281
2020-06-18,207394985.5827
2020-06-19,207894811.7442
2020-06-22,206793570.4198
2020-06-23,206479700.2457
2020-06-24,208137504.3549
2020-06-25,207973608.5756
2020-06-26,209548239.2924
2020-06-29,208651734.0294
2020-06-30,208506956.5856
2020-07-01,207518937.5755
2020-07-02,207350853.4289
2020-07-06,206547972.8827
2020-07-07,207864976.7839
2020-07-08,206744557.9702
2020-07-09,208166140.8833
2020-07-10,207488871.1461
2020-07-13,208391754.3715
2020-07-14,207956890.9966
2020-07-15,206308145.8521
2020-07-16,206864826.3465
2020-07-17,206639544.8066
2020-07-20,206971217.4586
2020-07-21,206396042.0293
2020-07-22,207118245.8308
2020-07-23,207632405.537
2020-07-24,207444933.6059
2020-07-27,206779479.9073
2020-07-28,207579308.6047
2020-07-29,206650884.8009
2020-07-30,206532505.0333
2020-07-31,208149658.8515
2020-08-03,209300970.8919
2020-08-04,211303427.3595
2020-08-05,211624193.6045
2020-08-06,213161983.2358
2020-08-07,211222269.7705
2020-08-10,210544928.459
2020-08-11,207307950.0856
2020-08-12,207161260.3289
2020-08-13,207482973.0249
2020-08-14,207577744.3035
2020-08-17,209048924.4403
2020-08-18,211031582.392
2020-08-19,207829037.5252
2020-08-20,209649381.4559
2020-08-21,209093206.6514
2020-08-24,208734471.7441
2020-08-25,208793523.0399
2020-08-26,209933239.9854
2020-08-27,208243732.3816
2020-08-28,210755108.1975
2020-08-31,211630133.6225
2020-09-01,212534746.2242
2020-09-02,212994431.1636
2020-09-03,210777265.4994
2020-09-04,209402342.9838
2020-09-08,207267357.4975
2020-09-09,209293021.7575
2020-09-10,208235177.7729
2020-09-11,208664598.6873
2020-09-14,210066321.1659
2020-09-15,210117370.8831
2020-09-16,209102180.7347
2020-09-17,208756142.6027
2020-09-18,207531890.1217
2020-09-21,205401999.4651
2020-09-22,205137659.5053
2020-09-23,202384152.6042
2020-09-24,202459844.8711
2020-09-25,202492555.7109
2020-09-28,204927554.6608
2020-09-29,206378388.2996
2020-09-30,205404866.0233
2020-10-01,207099929.4765
2020-10-02,206389829.7492
2020-10-05,205492132.1177
2020-10-06,204637815.2347
2020-10-07,203973254.9375
2020-10-08,204272947.6705
2020-10-09,206421103.7658
2020-10-12,207923509.394
2020-10-13,206433097.799
2020-10-14,206742700.07
2020-10-15,205396587.4297
2020-10-16,205369909.9024
2020-10-19,205388157.3781
2020-10-20,205401583.4771
2020-10-21,207288647.9031
2020-10-22,205265778.1551
2020-10-23,206224591.3
2020-10-26,206030541.0845
2020-10-27,207285958.2265
2020-10-28,206275868.4738
2020-10-29,205337907.116
2020-10-30,204218824.5385
2020-11-02,204317812.2322
2020-11-03,203930319.5298
2020-11-04,206507053.5557
2020-11-05,208396421.0799
2020-11-06,208253188.2711
2020-11-09,201468883.1259
2020-11-10,198731976.7691
2020-11-11,198728814.3763
2020-11-12,201144331.5865
2020-11-13,201705982.2152
2020-11-16,201350743.5026
2020-11-17,201370707.8667
2020-11-18,201101534.8765
2020-11-19,201779703.0994
2020-11-20,202003866.5081
2020-11-23,200191144.0998
2020-11-24,199094798.9077
2020-11-25,199269090.6316
2020-11-27,200534088.3923
2020-11-30,200525577.0379
2020-12-01,201887999.0808
2020-12-02,202005309.4546
2020-12-03,204262543.5831
2020-12-04,203999382.9818
2020-12-07,204595149.9603
2020-12-08,205046575.9217
2020-12-09,203619719.8844
2020-12-10,205176442.565
2020-12-11,204843562.2293
2020-12-14,205074182.8371
2020-12-15,207355766.5685
2020-12-16,207916581.2416
2020-12-17,209758343.4658
2020-12-18,208637598.8937
2020-12-21,207612466.6816
2020-12-22,206615501.5273
2020-12-23,207818001.208
2020-12-24,207917962.8044
2020-12-28,208824355.8581
2020-12-29,209649133.9389
2020-12-30,211353604.6149
2020-12-31,210779879.4443
2021-01-04,210794555.3502
2021-01-05,212060114.2008
2021-01-06,210493037.2981
2021-01-07,209574652.7886
2021-01-08,208192913.2858
2021-01-11,205131393.6655
2021-01-12,206842589.8695
2021-01-13,207131549.4992
2021-01-14,207366261.5586
2021-01-15,204787278.0657
2021-01-19,207283724.7471
2021-01-20,209646453.6918
2021-01-21,210381752.9812
2021-01-22,209939504.3283
2021-01-25,210502810.8743
2021-01-26,210542565.3841
2021-01-27,206141208.1436
2021-01-28,207878877.1357
2021-01-29,204556193.9807
2021-02-01,205772245.4497
2021-02-02,205769817.4592
2021-02-03,205795681.313
2021-02-04,205150496.6247
2021-02-05,207514778.1809
2021-02-08,210002558.8264
2021-02-09,211706345.3805
2021-02-10,211952714.4906
2021-02-11,212270066.5039
2021-02-12,211678474.4817
2021-02-16,209618112.7457
2021-02-17,208424634.3324
2021-02-18,208134288.5559
2021-02-19,208594925.6913
2021-02-22,208318421.1231
2021-02-23,207797658.0812
2021-02-24,208753933.0853
2021-02-25,199790642.0865
2021-02-26,199345681.0668
2021-03-01,201509295.275
2021-03-02,202229959.3549
2021-03-03,199113434.107
2021-03-04,194441948.3188
2021-03-05,195408561.6794
2021-03-08,191869331.1653
2021-03-09,196637183.2084
2021-03-10,198235005.209
2021-03-11,201522216.8757
2021-03-12,199924943.6805
2021-03-15,200331052.2807
2021-03-16,200575075.4716
2021-03-17,202959522.3968
2021-03-18,198162355.2845
2021-03-19,198646094.8661
2021-03-22,199454311.4034
2021-03-23,195313374.0945
2021-03-24,193774558.4175
2021-03-25,194015333.9395
2021-03-26,197049416.9915
2021-03-29,195381700.8617
2021-03-30,193205901.292
2021-03-31,194826228.0177
2021-04-01,198034612.1129
2021-04-05,199568620.8775
2021-04-06,199905693.8123
2021-04-07,199496622.6881
2021-04-08,201681299.7015
2021-04-09,201367717.6042
2021-04-12,200478539.5726
2021-04-13,202600076.9874
2021-04-14,203833198.1753
2021-04-15,206164474.3438
2021-04-16,206797404.4535
2021-04-19,206742199.6546
2021-04-20,204325156.6717
2021-04-21,206697702.8017
2021-04-22,205310739.176
2021-04-23,208232261.1971
2021-04-26,209593150.469
2021-04-27,209513709.9098
2021-04-28,210952974.5089
2021-04-29,211185420.2508
2021-04-30,207921043.9813
2021-05-03,210739639.9838
2021-05-04,208248571.4481
2021-05-05,210495590.1947
2021-05-06,213377465.3789
2021-05-07,217250754.2539
2021-05-10,216022913.0908
2021-05-11,215168352.0872
2021-05-12,210583748.0288
2021-05-13,210385886.7701
2021-05-14,214370659.4752
2021-05-17,215421238.1387
2021-05-18,216203591.0122
2021-05-19,212787014.3176
2021-05-20,215207552.2072
2021-05-21,214868262.024
2021-05-24,216930693.8106
2021-05-25,216619293.2393
2021-05-26,216468951.1929
2021-05-27,218571554.6255
2021-05-28,218625928.5853
2021-06-01,220950428.955
2021-06-02,221926997.1491
2021-06-03,218312406.2149
2021-06-04,221561695.9397
2021-06-07,222253868.041
2021-06-08,222108548.574
2021-06-09,220489370.0191
2021-06-10,222108776.0056
2021-06-11,221077757.1386
2021-06-14,221267367.2743
2021-06-15,220750027.1113
2021-06-16,216537368.1256
2021-06-17,210934595.1294
2021-06-18,205736611.4255
2021-06-21,210808662.606
2021-06-22,211887363.0558
2021-06-23,211327854.7751
2021-06-24,212865566.0102
2021-06-25,213895199.8481
2021-06-28,212877960.7288
2021-06-29,211959038.0346
2021-06-30,211720027.5804
2021-07-01,212356197.5686
2021-07-02,213615717.4759
2021-07-06,209032530.8189
2021-07-07,208184125.0967
2021-07-08,205278585.707
2021-07-09,210918545.2211
2021-07-12,211876898.8812
2021-07-13,210858344.3763
2021-07-14,210423717.5296
2021-07-15,207585845.7676
2021-07-16,205634630.8318
2021-07-19,197864852.3707
2021-07-20,200655167.5644
2021-07-21,206144510.6929
2021-07-22,206223682.9067
2021-07-23,208001200.764
2021-07-26,209574572.4977
2021-07-27,207260098.1337
2021-07-28,209185536.2322
2021-07-29,211879470.328
2021-07-30,209086247.5212
2021-08-02,208241304.9232
2021-08-03,209570586.3176
2021-08-04,208504357.796
2021-08-05,210964955.0868
2021-08-06,211662905.6579
2021-08-09,211147581.4171
2021-08-10,212832942.7984
2021-08-11,213931062.1771
2021-08-12,213488473.4758
2021-08-13,212888720.104
2021-08-16,211042030.6415
2021-08-17,207966733.7288
2021-08-18,206430418.3269
2021-08-19,203120120.7859
2021-08-20,203051323.8592
2021-08-23,207240069.5477
2021-08-24,209939639.98
2021-08-25,211523924.845
2021-08-26,209403041.5033
2021-08-27,212032014.6944
2021-08-30,212457548.3773
2021-08-31,212154681.2689
2021-09-01,213786879.3074
2021-09-02,215102737.3072
2021-09-03,215422992.6426
2021-09-07,216152127.8515
2021-09-08,215082411.0008
2021-09-09,213797059.6738
2021-09-10,214078837.2406
2021-09-13,215487781.443
2021-09-14,213158549.9327
2021-09-15,215664227.6653
2021-09-16,216791301.9878
2021-09-17,214895489.3244
2021-09-20,208588541.8353
2021-09-21,209401502.7426
2021-09-22,212008527.1198
2021-09-23,216765307.4315
2021-09-24,216571331.704
2021-09-27,217948071.6843
2021-09-28,213623707.7085
2021-09-29,213933293.9498
2021-09-30,212025238.3371
2021-10-01,213145278.4434
2021-10-04,211568043.5321
2021-10-05,214448799.6627
2021-10-06,212622563.2306
2021-10-07,216610736.4403
2021-10-08,217137237.232
2021-10-11,217796146.2978
2021-10-12,217322460.6444
2021-10-13,218332236.7113
2021-10-14,221536391.7865
2021-10-15,224806497.5618
2021-10-18,224709460.0493
2021-10-19,226611311.0009
2021-10-20,227264528.4342
2021-10-21,226508774.4148
2021-10-22,226015673.8837
2021-10-25,227154762.2731
2021-10-26,228190256.3939
2021-10-27,225780840.5737
2021-10-28,227521114.6833
2021-10-29,226110747.7371
2021-11-01,227770956.3778
2021-11-02,226409083.9354
2021-11-03,228413949.8471
2021-11-04,226354577.3379
2021-11-05,226820030.2155
2021-11-08,228959090.8564
2021-11-09,227394034.3106
2021-11-10,226108015.4855
2021-11-11,227735442.3052
2021-11-12,229175823.5405
2021-11-15,229903652.6079
2021-11-16,230419337.5797
2021-11-17,228365516.9488
2021-11-18,228448261.9415
2021-11-19,225973941.477
2021-11-22,226237178.9912
2021-11-23,227724649.1009
2021-11-24,226529787.8429
2021-11-26,212208133.1663
2021-11-29,214118770.7147
2021-11-30,208743698.3032
2021-12-01,207416586.7233
2021-12-02,212530907.3086
2021-12-03,209720970.6083
2021-12-06,214609435.3583
2021-12-07,220358062.8498
2021-12-08,220775514.5472
2021-12-09,218090929.3789
2021-12-10,218532633.5908
2021-12-13,215899248.2229
2021-12-14,215441953.0434
2021-12-15,217729083.0875
2021-12-16,215507556.9178
2021-12-17,214317923.71
2021-12-20,212347123.1587
2021-12-21,217378627.2364
2021-12-22,218844068.2584
2021-12-23,220660138.638
2021-12-27,223418570.2355
2021-12-28,223149334.3798
2021-12-29,223553803.7758
2021-12-30,222807528.1023
2021-12-31,221433560.2938
2022-01-03,226510463.5762
2022-01-04,226488221.3865
2022-01-05,224597569.9749
2022-01-06,225870380.7997
2022-01-07,225035433.565
2022-01-10,224859874.8324
2022-01-11,225895333.101
2022-01-12,224520479.4864
2022-01-13,221638968.9567
2022-01-14,225093574.1999
2022-01-18,225844016.8522
2022-01-19,223163524.0326
2022-01-20,221510728.025
2022-01-21,217104010.906
2022-01-24,217917694.5277
2022-01-25,217623840.8776
2022-01-26,220782317.73
2022-01-27,221915834.3061
2022-01-28,224073584.6202
2022-01-31,225198456.3426
2022-02-01,225217575.3395
2022-02-02,224959937.3705
2022-02-03,223649136.4011
2022-02-04,226420320.7298
2022-02-07,225616110.2929
2022-02-08,227007714.7265
2022-02-09,228741945.5722
2022-02-10,230282791.0911
2022-02-11,226808391.8278
2022-02-14,228501893.8081
2022-02-15,229559666.4666
2022-02-16,228167611.8833
2022-02-17,225351654.8441
2022-02-18,224972703.9911
2022-02-22,225218118.3437
2022-02-23,225779113.2149
2022-02-24,227584751.6284
2022-02-25,228108308.8242
2022-02-28,225104056.938
2022-03-01,225537102.2937
2022-03-02,231550574.4473
2022-03-03,231379666.7559
2022-03-04,232788449.6882
2022-03-07,237644486.963
2022-03-08,239842467.2689
2022-03-09,235000444.8485
2022-03-10,237117442.5316
2022-03-11,239473950.053
2022-03-14,240493667.4676
2022-03-15,238930240.4508
2022-03-16,237185238.2167
2022-03-17,240294257.6959
2022-03-18,240340421.7619
2022-03-21,245736837.2328
2022-03-22,246765874.9025
2022-03-23,247415454.7782
2022-03-24,248240043.1665
2022-03-25,250705134.7124
2022-03-28,249649136.6476
2022-03-29,247495442.5154
2022-03-30,247037392.6555
2022-03-31,246031234.6049
2022-04-01,246839211.5207
2022-04-04,247807139.497
2022-04-05,251114814.2226
2022-04-06,251766269.0106
2022-04-07,253207647.7033
2022-04-08,255928264.1914
2022-04-11,257665923.0609
2022-04-12,258008911.8212
2022-04-13,257397629.4067
2022-04-14,259695084.4518
2022-04-18,262575986.231
2022-04-19,263198464.1925
2022-04-20,260650802.5833
2022-04-21,261827834.8103
2022-04-22,260931581.8859
2022-04-25,258375955.3456
2022-04-26,258078224.2863
2022-04-27,260311105.8902
2022-04-28,263488279.686
2022-04-29,261954422.5905
2022-05-02,262369450.9974
2022-05-03,260819514.72
2022-05-04,256025734.7683
2022-05-05,264851149.8336
2022-05-06,267463760.8475
2022-05-09,267194273.3636
2022-05-10,266348345.2098
2022-05-11,268236922.8769
2022-05-12,269729488.3133
2022-05-13,268934329.9824
2022-05-16,269203038.0275
2022-05-17,266823169.0446
2022-05-18,267300427.7063
2022-05-19,262147324.33
2022-05-20,261619666.6041
2022-05-23,259927588.6245
2022-05-24,257293306.2032
2022-05-25,255981707.988
2022-05-26,254651222.5881
2022-05-27,252526420.0871
2022-05-31,255476001.5483
2022-06-01,258884201.0688
2022-06-02,254831515.5153
2022-06-03,258655551.4086
2022-06-06,261479114.7123
2022-06-07,260029883.0863
2022-06-08,263954599.2585
2022-06-09,268157860.6186
2022-06-10,273907127.2547
2022-06-13,286004607.746
2022-06-14,288733657.915
2022-06-15,280250330.3106
2022-06-16,278788670.6777
2022-06-17,280529161.319
2022-06-21,280352948.6841
2022-06-22,277079137.5314
2022-06-23,274241326.7246
2022-06-24,272339305.6159
2022-06-27,274302608.5042
2022-06-28,277562112.7044
2022-06-29,277473051.4321
2022-06-30,275637146.1327
2022-07-01,272745125.1701
2022-07-05,274488718.4586
2022-07-06,276911924.6815
2022-07-07,275346543.9946
2022-07-08,276996345.0407
2022-07-11,281487015.5092
2022-07-12,279228880.5138
2022-07-13,278575749.2569
2022-07-14,282673109.2368
2022-07-15,277775677.5965
2022-07-18,278652072.8481
2022-07-19,273326453.2816
2022-07-20,273599839.7233
2022-07-21,267978437.5798
2022-07-22,265630715.3171
2022-07-25,266378818.7894
2022-07-26,269694356.1049
2022-07-27,263426236.8095
2022-07-28,259158556.2504
2022-07-29,256241231.5356
2022-08-01,253249810.7201
2022-08-02,259736420.8968
2022-08-03,256946582.3117
2022-08-04,254197853.2001
2022-08-05,260308924.2536
2022-08-08,257682842.6455
2022-08-09,259683696.3189
2022-08-10,253164081.544
2022-08-11,255615069.0431
2022-08-12,252236104.8304
2022-08-15,254388884.7027
2022-08-16,254199244.0227
2022-08-17,258473279.4996
2022-08-18,259603050.6471
2022-08-19,265692433.2127
2022-08-22,271113330.8771
2022-08-23,270378376.1022
2022-08-24,271421672.0685
2022-08-25,266512815.1466
2022-08-26,273264349.5142
2022-08-29,275871660.2679
2022-08-30,277704759.1013
2022-08-31,280160110.0559
2022-09-01,284006757.2247
2022-09-02,283634310.1037
2022-09-06,289287677.208
2022-09-07,282431406.3445
2022-09-08,283086950.7025
2022-09-09,277777004.1326
2022-09-12,274295156.4749
2022-09-13,286878157.095
2022-09-14,285262030.3591
2022-09-15,288506964.4278
2022-09-16,289613140.1203
2022-09-19,288830820.0286
2022-09-20,294003397.7948
2022-09-21,296943824.4933
2022-09-22,301362127.0274
2022-09-23,310737784.5123
2022-09-26,319042315.5754
2022-09-27,321855303.1145
2022-09-28,310075070.6301
2022-09-29,313451614.8339
2022-09-30,315953923.9179
2022-10-03,305978263.3295
2022-10-04,295326657.8655
2022-10-05,301772584.2078
2022-10-06,308153375.152
2022-10-07,316245955.4794
2022-10-10,321343257.0388
2022-10-11,323026970.847
2022-10-12,322446383.8393
2022-10-13,319074590.7766
2022-10-14,326189505.5341
2022-10-17,317863186.5555
2022-10-18,315189523.5369
2022-10-19,322449469.1434
2022-10-20,324675227.1314
2022-10-21,316447142.0322
2022-10-24,318298472.9325
2022-10-25,309165580.889
2022-10-26,304326852.8385
2022-10-27,305084484.9819
2022-10-28,304250504.8249
2022-10-31,309305225.924
2022-11-01,307024058.6119
2022-11-02,312643152.5631
2022-11-03,317526023.769
2022-11-04,307054436.8857
2022-11-07,306118592.9503
2022-11-08,300622306.8981
2022-11-09,305145149.9649
2022-11-10,281515402.3671
2022-11-11,274920562.4269
2022-11-14,278030229.6761
2022-11-15,273462709.7087
2022-11-16,272606932.2498
2022-11-17,275515285.5233
2022-11-18,276402898.1019
2022-11-21,279849802.4646
2022-11-22,274304976.062
2022-11-23,266620375.9381
2022-11-25,266084356.2065
2022-11-28,271333266.6219
2022-11-29,271833770.1494
2022-11-30,262259895.3155
2022-12-01,254549936.4606
2022-12-02,252978062.9605
2022-12-05,258742406.6819
2022-12-06,258305915.213
2022-12-07,255001123.8275
2022-12-08,254012208.8299
2022-12-09,255700990.8582
2022-12-12,256442970.3101
2022-12-13,251973292.4139
2022-12-14,251772144.5166
2022-12-15,256414888.1231
2022-12-16,257096663.163
2022-12-19,259556012.6079
2022-12-20,258191244.556
2022-12-21,257553738.7988
2022-12-22,259767138.5491
2022-12-23,260808286.515
2022-12-27,262443565.4803
2022-12-28,264941848.6533
2022-12-29,260229691.2243
2022-12-30,261409239.2175
2023-01-03,259893967.4723
2023-01-04,254148552.8641
2023-01-05,257435309.0796
2023-01-06,248019803.4515
2023-01-09,245796464.9677
2023-01-10,246081777.9763
2023-01-11,243733329.4187
2023-01-12,238013033.2186
2023-01-13,238354583.9721
2023-01-17,238984188.8465
2023-01-18,237149691.085
2023-01-19,237195774.4494
2023-01-20,236770801.5323
2023-01-23,236149422.8118
2023-01-24,234893575.2463
2023-01-25,233109806.0158
2023-01-26,233496023.6258
2023-01-27,233603076.3533
2023-01-30,236809628.9833
2023-01-31,234401945.7599
2023-02-01,229723315.5783
2023-02-02,228710130.2874
2023-02-03,233417407.4621
2023-02-06,237406223.7658
2023-02-07,235961362.3839
2023-02-08,236762818.3099
2023-02-09,237647082.6443
2023-02-10,239585323.1578
2023-02-13,236989126.701
2023-02-14,237378249.6578
2023-02-15,238678576.3205
2023-02-16,240592707.0273
2023-02-17,239493315.3865
2023-02-21,243721714.0906
2023-02-22,243738728.2163
2023-02-23,242222790.9687
2023-02-24,246773495.9461
2023-02-27,244252813.6902
2023-02-28,245650127.993
2023-03-01,245760207.6643
2023-03-02,246596848.9599
2023-03-03,239800263.8617
2023-03-06,241356465.928
2023-03-07,249034288.5518
2023-03-08,249061839.2799
2023-03-09,249829501.4562
2023-03-10,245895940.1573
2023-03-13,241517012.0863
2023-03-14,242159259.1854
2023-03-15,245707975.3617
2023-03-16,244053169.5875
2023-03-17,242144737.4702
2023-03-20,239931195.3118
2023-03-21,239203971.7244
2023-03-22,235755916.7025
2023-03-23,234513850.7698
2023-03-24,235149680.5662
2023-03-27,235777090.793
2023-03-28,234170037.7601
2023-03-29,233108147.0034
2023-03-30,229078765.7141
2023-03-31,226282093.617
2023-04-03,222565099.2059
2023-04-04,221144277.3036
2023-04-05,221676601.4723
2023-04-06,221347875.8419
2023-04-10,223982830.4887
2023-04-11,222062558.1037
2023-04-12,220393549.8069
2023-04-13,216988480.2684
2023-04-14,220418084.9204
2023-04-17,221906578.1388
2023-04-18,220521069.3342
2023-04-19,222563474.8688
2023-04-20,221920089.7668
2023-04-21,222659166.2791
2023-04-24,220701145.2378
2023-04-25,222824841.0068
2023-04-26,224301570.9111
2023-04-27,223012738.2678
2023-04-28,221322438.2952
2023-05-01,223128444.8958
2023-05-02,223073335.3748
2023-05-03,223467609.1883
2023-05-04,223346690.4142
2023-05-05,221469646.6059
2023-05-08,222416101.8454
2023-05-09,222651182.0067
2023-05-10,220950305.4756
2023-05-11,220737015.1021
2023-05-12,222199686.1954
2023-05-15,221756783.5317
2023-05-16,223297776.5508
2023-05-17,222936930.5585
2023-05-18,223725421.9193
2023-05-19,224817642.7645
2023-05-22,224688331.0482
2023-05-23,224029863.3427
2023-05-24,224672605.5439
2023-05-25,226593229.4445
2023-05-26,225627161.6244
2023-05-30,225045031.1564
2023-05-31,224598383.5134
2023-06-01,222177493.8925
2023-06-02,221785840.9254
2023-06-05,222341499.3725
2023-06-06,221454854.3568
2023-06-07,221564369.8398
2023-06-08,219696921.1054
2023-06-09,220765334.9167
2023-06-12,221157793.2014
2023-06-13,220763841.3254
2023-06-14,220220769.901
2023-06-15,215940050.5829
2023-06-16,216034402.7992
2023-06-20,215936988.7728
2023-06-21,214982366.4996
2023-06-22,217873475.6008
2023-06-23,219190418.0067
2023-06-26,218532337.3998
2023-06-27,219109867.4539
2023-06-28,219916737.9171
2023-06-29,221426569.8853
2023-06-30,219396710.7942
2023-07-03,220271498.7344
2023-07-05,219101972.1673
2023-07-06,218288194.88
2023-07-07,219630210.2181
2023-07-10,219784642.3415
2023-07-11,220983048.8419
2023-07-12,222640755.3224
2023-07-13,224624666.1172
2023-07-14,225406793.8186
2023-07-17,225685987.6484
2023-07-18,227241286.3335
2023-07-19,226832133.1596
2023-07-20,225451718.362
2023-07-21,225538366.2435
2023-07-24,224647332.1311
2023-07-25,225475900.1844
2023-07-26,226162148.0123
2023-07-27,224425622.499
2023-07-28,225675259.1505
2023-07-31,225549518.6279
2023-08-01,225195385.5934
2023-08-02,221979577.3249
2023-08-03,222480028.4944
2023-08-04,220781622.3251
2023-08-07,221924767.6629
2023-08-08,218985994.211
2023-08-09,218051124.2971
2023-08-10,220106489.1257
2023-08-11,219915159.4993
2023-08-14,219520753.6281
2023-08-15,218017278.6932
2023-08-16,217645508.4256
2023-08-17,216864791.8724
2023-08-18,216017462.7345
2023-08-21,218570707.3066
2023-08-22,217209556.0655
2023-08-23,217508086.7163
2023-08-24,215482589.2744
2023-08-25,216134125.7276
2023-08-28,217764376.481
2023-08-29,219407929.908
2023-08-30,220331032.5763
2023-08-31,218090307.1536
2023-09-01,218602286.3166
2023-09-05,217590505.1235
2023-09-06,216465305.367
2023-09-07,214771499.0885
2023-09-08,214304934.3852
2023-09-11,216520114.381
2023-09-12,215400088.1255
2023-09-13,214823582.202
2023-09-14,216166687.0856
2023-09-15,216334977.8907
2023-09-18,215775529.9946
2023-09-19,216113819.3557
2023-09-20,215421810.9949
2023-09-21,213116599.6204
2023-09-22,211833783.7098
2023-09-25,212688599.8853
2023-09-26,209876003.586
2023-09-27,209101884.3483
2023-09-28,210697230.9564
2023-09-29,209488101.0472
2023-10-02,206899324.255
2023-10-03,205255264.1352
2023-10-04,203572579.2699
2023-10-05,204592344.7332
2023-10-06,209201462.6463
2023-10-09,208721861.4013
2023-10-10,211326507.5855
2023-10-11,211154069.899
2023-10-12,210039366.2071
2023-10-13,209969128.3137
2023-10-16,213300372.7252
2023-10-17,215422530.163
2023-10-18,213466542.3978
2023-10-19,214244698.1021
2023-10-20,211211256.4225
2023-10-23,210346878.8599
2023-10-24,209516645.8736
2023-10-25,208936697.9714
2023-10-26,205446272.2876
2023-10-27,205733013.7284
2023-10-30,207594479.9633
2023-10-31,207965715.5913
2023-11-01,207107784.8537
2023-11-02,208057157.2023
2023-11-03,209415068.8455
2023-11-06,210378448.7515
2023-11-07,208714880.4777
2023-11-08,208014405.6774
2023-11-09,209069538.6073
2023-11-10,209659905.32
2023-11-13,210295401.9964
2023-11-14,211775415.1091
2023-11-15,212916734.1154
2023-11-16,212289065.7935
2023-11-17,213168625.2728
2023-11-20,213076827.1274
2023-11-21,213225081.1496
2023-11-22,213001521.5563
2023-11-24,214978178.6043
2023-11-27,213763183.5077
2023-11-28,214257634.2202
2023-11-29,213610980.0046
2023-11-30,213653027.6103
2023-12-01,212562391.1286
2023-12-04,211534293.5695
2023-12-05,210214442.3662
2023-12-06,209776384.993
2023-12-07,209842910.0646
2023-12-08,209928663.4357
2023-12-11,210152967.3393
2023-12-12,211270194.2125
2023-12-13,209215523.9515
2023-12-14,207736978.39
2023-12-15,206187179.9266
2023-12-18,207209917.5132
2023-12-19,207792155.0312
2023-12-20,205991052.4486
2023-12-21,207239243.0174
2023-12-22,207887718.3888
2023-12-26,207836830.2038
2023-12-27,208150334.6212
2023-12-28,208033939.3973
2023-12-29,208264877.8311
2024-01-02,207180307.8244
2024-01-03,205044900.2371
2024-01-04,205802624.9073
2024-01-05,205811512.2815
2024-01-08,208663394.0427
2024-01-09,207335788.8459
2024-01-10,208711170.1156
2024-01-11,208278266.931
2024-01-12,208099188.8713
2024-01-16,205984088.4007
2024-01-17,204297021.3529
2024-01-18,205933755.5594
2024-01-19,207828768.8561
2024-01-22,208451421.1476
2024-01-23,208758217.7472
2024-01-24,209647563.7166
2024-01-25,209537120.9191
2024-01-26,209839314.6652
2024-01-29,210955766.009
2024-01-30,210741885.9807
2024-01-31,208449142.209
2024-02-01,209323352.8942
2024-02-02,213801192.1445
2024-02-05,216098557.6787
2024-02-06,213651634.0962
2024-02-07,214705454.1059
2024-02-08,215280306.8193
2024-02-09,215566408.4447
2024-02-12,214927098.0875
2024-02-13,218856654.5703
2024-02-14,217434601.3919
2024-02-15,215471107.2002
2024-02-16,215057167.0512
2024-02-20,215262108.6399
2024-02-21,216198052.0574
2024-02-22,217520074.3403
2024-02-23,216915710.3765
2024-02-26,217556761.4446
2024-02-27,217856145.1639
2024-02-28,217782303.1542
2024-02-29,216982288.0157
2024-03-01,218107267.0341
2024-03-04,218967530.2419
2024-03-05,216866699.0226
2024-03-06,218870014.7426
2024-03-07,220673224.9672
2024-03-08,219801073.6482
2024-03-11,219520142.7238
2024-03-12,221716318.225
2024-03-13,222341299.1911
2024-03-14,221983945.8965
2024-03-15,222606725.7501
2024-03-18,223430354.3044
2024-03-19,224092317.9556
2024-03-20,226617554.4864
2024-03-21,226421135.6201
2024-03-22,225540404.4068
2024-03-25,226054367.2105
2024-03-26,225550986.0415
2024-03-27,227514255.2289
2024-03-28,228613852.0
2024-04-01,231022439.3905
2024-04-02,229085843.8857
2024-04-03,228484038.5674
2024-04-04,225547493.9884
2024-04-05,228645976.6294
2024-04-08,229721308.9573
2024-04-09,229233348.8749
2024-04-10,231057198.4464
2024-04-11,232013826.1645
2024-04-12,228696349.4263
2024-04-15,229007608.4492
2024-04-16,227814309.1014
2024-04-17,225852321.2525
2024-04-18,227064095.1534
2024-04-19,226301316.91
2024-04-22,228382874.8295
2024-04-23,230024779.8333
2024-04-24,231186558.8613
2024-04-25,230719329.1997
2024-04-26,233082481.5923
2024-04-29,231633748.1736
2024-04-30,230224505.3229
2024-05-01,228006969.3926
2024-05-02,226775554.4739
2024-05-03,226706104.4034
2024-05-06,227859411.0696
2024-05-07,228663263.0509
2024-05-08,229440070.0988
2024-05-09,229265008.2078
2024-05-10,230523636.5064
2024-05-13,229111346.804
2024-05-14,229302053.9799
2024-05-15,227719271.9517
2024-05-16,227283591.0576
2024-05-17,227904079.3206
2024-05-20,228958009.7802
2024-05-21,228101306.1641
2024-05-22,228474927.8503
2024-05-23,228269217.8176
2024-05-24,228995828.2007
2024-05-28,229463280.9784
2024-05-29,228833777.1665
2024-05-30,227416455.3709
2024-05-31,227702331.9947
2024-06-03,224832941.4078
2024-06-04,221144413.4074
2024-06-05,223872190.4896
2024-06-06,225158062.7208
2024-06-07,225199182.0499
2024-06-10,227451790.5422
2024-06-11,225294504.0334
2024-06-12,226753341.8797
2024-06-13,223268167.8177
2024-06-14,221813648.1333
2024-06-17,223861075.2551
2024-06-18,223443912.1049
2024-06-20,225297566.0493
2024-06-21,223765115.743
2024-06-24,224327942.5129
2024-06-25,224151610.9708
2024-06-26,224999105.4819
2024-06-27,225717319.724
2024-06-28,226747655.2346
2024-07-01,229613645.8481
2024-07-02,229767597.695
2024-07-03,230206485.6751
2024-07-05,229427196.6438
2024-07-08,228417702.2086
2024-07-09,228652269.1647
2024-07-10,231064759.5762
2024-07-11,229684003.1483
2024-07-12,229308089.1227
2024-07-15,229643879.3069
2024-07-16,230699702.1969
2024-07-17,226350199.13
2024-07-18,225413283.5745
2024-07-19,223775464.3192
2024-07-22,226954560.4284
2024-07-23,226120048.8424
2024-07-24,222018409.965
2024-07-25,219896172.8069
2024-07-26,221401695.1496
2024-07-29,220141704.785
2024-07-30,219926741.7402
2024-07-31,222117094.7265
2024-08-01,216189620.8429
2024-08-02,206124640.5184
2024-08-05,199145930.8632
2024-08-06,202872181.9659
2024-08-07,204978120.955
2024-08-08,209065656.7355
2024-08-09,209118446.1991
2024-08-12,209010941.6349
2024-08-13,209987620.4749
2024-08-14,210792027.9891
2024-08-15,216018197.616
2024-08-16,215234878.007
2024-08-19,215748561.6899
2024-08-20,212775314.0672
2024-08-21,213124506.1417
2024-08-22,213769433.0318
2024-08-23,213970307.0601
2024-08-26,214734087.5475
2024-08-27,213885557.905
2024-08-28,213947334.6243
2024-08-29,215788461.7222
2024-08-30,217736148.702
2024-09-03,212595097.3291
2024-09-04,213508605.3193
2024-09-05,214692969.665
2024-09-06,210694466.7907
2024-09-09,213592513.8007
2024-09-10,214159136.9381
2024-09-11,215950509.2336
2024-09-12,218122820.6391
2024-09-13,220135649.6277
2024-09-16,222119065.7027
2024-09-17,221282256.4783
2024-09-18,220393890.2912
2024-09-19,225340531.6548
2024-09-20,224834511.3139
2024-09-23,226042481.305
2024-09-24,228754944.8918
2024-09-25,226678069.4669
2024-09-26,231030893.656
2024-09-27,230273271.0842
2024-09-30,229408490.2012
2024-10-01,227546544.3403
2024-10-02,226908102.3103
2024-10-03,221818912.4828
2024-10-04,219503332.8943
2024-10-07,215386931.9563
2024-10-08,216470991.3306
2024-10-09,215556494.0987
2024-10-10,215270381.0558
2024-10-11,217385209.1819
2024-10-14,217583513.3663
2024-10-15,217686637.4189
2024-10-16,218682989.9912
2024-10-17,216862359.3421
2024-10-18,219728450.5062
2024-10-21,214287255.5884
2024-10-22,213494926.2494
2024-10-23,209621633.5102
2024-10-24,211825196.9163
2024-10-25,209550187.547
2024-10-28,212203320.8953
2024-10-29,212920975.7679
2024-10-30,211503817.0269
2024-10-31,207510611.703
2024-11-01,207176270.6012
2024-11-04,208047678.5976
2024-11-05,210861340.26
2024-11-06,209443756.1598
2024-11-07,214750040.7086
2024-11-08,214041114.0523
2024-11-11,213640188.0939
2024-11-12,209210513.897
2024-11-13,208323039.6293
2024-11-14,208102044.2436
2024-11-15,206487788.7579
2024-11-18,208239053.5294
2024-11-19,209380512.3298
2024-11-20,208936337.8728
2024-11-21,209545101.2894
2024-11-22,211226164.7562
2024-11-25,214373343.5363
2024-11-26,213294323.2096
2024-11-27,214919339.7113
2024-11-29,218358945.8248
2024-12-02,218956813.4101
2024-12-03,218318914.3851
2024-12-04,220460879.5934
2024-12-05,220074714.5964
2024-12-06,221001506.1947
2024-12-09,220478811.4614
2024-12-10,219774353.1899
2024-12-11,220770057.4572
2024-12-12,218091142.5738
2024-12-13,216411773.303
2024-12-16,216595600.3423
2024-12-17,215777235.0678
2024-12-18,209947696.949
2024-12-19,208144006.3023
2024-12-20,209164393.3105
2024-12-23,210045582.3371
2024-12-24,212387557.8402
2024-12-26,213004926.2942
2024-12-27,209844538.9062
2024-12-30,209305622.8268
2024-12-31,209492417.0695
2025-01-02,212327337.8713
2025-01-03,213044391.111
2025-01-06,212848915.1828
2025-01-07,213877958.5668
2025-01-08,214065167.979
2025-01-10,215226561.4118
2025-01-13,215239995.9779
2025-01-14,214694424.6524
2025-01-15,214427021.1415
2025-01-16,213434757.6701
2025-01-17,215293235.1804
2025-01-21,214171660.5945
2025-01-22,215438501.4499
2025-01-23,216231427.6737
2025-01-24,214722368.6988
2025-01-27,211018424.6064
2025-01-28,213337193.4731
2025-01-29,214281790.3351
2025-01-30,215347996.5165
2025-01-31,215365933.2639
2025-02-03,214809655.4888
2025-02-04,215221011.5319
2025-02-05,214741401.9301
2025-02-06,215664284.0399
2025-02-07,215487425.1275
2025-02-10,218200641.2757
2025-02-11,218402931.1668
2025-02-12,220856746.94
2025-02-13,219872606.0652
2025-02-14,217439273.4267
2025-02-18,220919298.258
2025-02-19,218897831.9034
2025-02-20,216442356.2731
2025-02-21,212298838.9011
2025-02-24,210957342.5799
2025-02-25,208153876.7659
2025-02-26,208794233.1036
2025-02-27,207281961.4203
2025-02-28,207035077.7095
2025-03-03,206928029.5119
2025-03-04,205042747.1428
2025-03-05,205802419.0938
2025-03-06,203242214.3916
2025-03-07,203964424.5649
2025-03-10,201098154.8063
2025-03-11,200108510.3771
2025-03-12,200728184.7813
2025-03-13,200492837.3515
2025-03-14,202970317.416
2025-03-17,203982779.0659
2025-03-18,203762136.5845
2025-03-19,206122900.653
2025-03-20,205788963.4674
2025-03-21,205182861.1421
2025-03-24,206386086.8784
2025-03-25,206931593.5821
2025-03-26,205437526.9429
2025-03-27,205545364.1968
2025-03-28,204199623.6732
2025-03-31,205067765.6095
2025-04-01,205846372.9117
2025-04-02,205804247.0025
2025-04-03,201878513.4773
2025-04-04,196920213.664
2025-04-07,196253184.0455
2025-04-08,196006191.3901
2025-04-09,202716378.7004
2025-04-10,198415455.8841
2025-04-11,199519016.5232
2025-04-14,199702461.7211
2025-04-15,200898970.0895
2025-04-16,199118670.582
2025-04-17,200362073.4269
2025-04-21,199545408.1949
2025-04-22,202409460.0265
2025-04-23,204706478.3964
2025-04-24,205324385.7269
2025-04-25,205228932.6202
2025-04-28,204906301.4275
2025-04-29,205730311.9314
2025-04-30,206514084.3986
2025-05-01,204616662.5286
2025-05-02,205065341.0325
2025-05-05,205929724.5327
2025-05-06,207440582.0677
2025-05-07,206773618.5974
2025-05-08,203117576.9786
2025-05-09,204236099.9234
2025-05-12,201262567.7799
2025-05-13,202367342.4879
2025-05-14,200846701.9732
2025-05-15,204653245.5521
2025-05-16,204277369.5468
2025-05-19,206082944.6128
2025-05-20,206805616.1836
2025-05-21,205402377.1668
2025-05-22,205690655.367
2025-05-23,207428704.9782
2025-05-27,209130924.4901
2025-05-28,207009238.5521
2025-05-29,209246092.0231
2025-05-30,210159707.4427
2025-06-02,211452843.5397
2025-06-03,209855762.8698
2025-06-04,212403139.7774
2025-06-05,211840900.9618
2025-06-06,210116641.6382
2025-06-09,210945164.9858
2025-06-10,211009878.8115
2025-06-11,211600525.1223
2025-06-12,214075012.6421
2025-06-13,211007341.2338
2025-06-16,211371328.5521
2025-06-17,209169376.0209
2025-06-18,208771045.1894
2025-06-20,208095592.6136
2025-06-23,212009446.9069
2025-06-24,215230985.9629
2025-06-25,215235993.9362
2025-06-26,217858912.6935
2025-06-27,217507558.9071
2025-06-30,219390065.656
2025-07-01,218667621.2045
2025-07-02,218963618.1983
2025-07-03,218564106.8125
2025-07-07,215583319.7904
2025-07-08,215464210.0537
2025-07-09,217487153.2243
2025-07-10,217615626.2198
2025-07-11,215602308.6321
2025-07-14,215949432.0843
2025-07-15,212892426.0872
2025-07-16,215384236.8478
2025-07-17,215583204.8644
2025-07-18,216149899.2541
2025-07-21,218745603.862
2025-07-22,220982089.2627
2025-07-23,222692204.8897
2025-07-24,220875899.9392
2025-07-25,220576354.2977
2025-07-28,217085034.0438
2025-07-29,217286037.7853
2025-07-30,213639476.0655
2025-07-31,212589222.7628
2025-08-01,214215715.9824
2025-08-04,215681410.5745
2025-08-05,216258939.8211
2025-08-06,218364221.35
2025-08-07,219806905.453
2025-08-08,220930634.3152
2025-08-11,219995611.727
2025-08-12,222216717.5557
2025-08-13,222056242.9186
2025-08-14,221919844.182
2025-08-15,223511915.5237
2025-08-18,223615767.4667
2025-08-19,222003632.1911
2025-08-20,222463619.3099
2025-08-21,222358799.6122
2025-08-22,223944390.9807
2025-08-25,222167764.594
2025-08-26,222238411.9871
2025-08-27,221847582.9327
2025-08-28,222302312.6092
2025-08-29,222790748.0938
2025-09-02,222784593.147
2025-09-03,222748145.5835
2025-09-04,222727882.513
2025-09-05,222991792.6019
2025-09-08,224240390.1845
2025-09-09,223564251.9898
2025-09-10,223315578.6759
2025-09-11,225423011.9041
2025-09-12,225472809.0088
2025-09-15,227544115.291
2025-09-16,227749604.4638
2025-09-17,226525447.9387
2025-09-18,227465103.912
2025-09-19,227297107.5114
2025-09-22,229494949.1375
2025-09-23,228667008.9074
2025-09-24,227358532.3704
2025-09-25,226348436.6556
2025-09-26,228280674.6351
2025-09-29,229227107.3478
2025-09-30,229724158.5878
2025-10-01,230972432.881
2025-10-02,230343160.6954
2025-10-03,232406538.2627
2025-10-06,235415045.0045
2025-10-07,233246515.4062
2025-10-08,234849110.4768
2025-10-09,232862722.8211
2025-10-10,226411236.7147
2025-10-13,229576796.4764
2025-10-14,229686579.4719
2025-10-15,232236980.8776
2025-10-16,231149219.7256
2025-10-17,230459209.254
2025-10-20,233219256.9377
2025-10-21,228569990.1479
2025-10-22,228911862.7623
2025-10-23,232078763.6587
2025-10-24,232679973.2609
2025-10-27,232352758.6292
2025-10-28,231737717.0361
2025-10-29,233411799.8087
2025-10-30,233848671.8241
2025-10-31,233947753.6839
2025-11-03,235058819.2444
2025-11-04,230798624.9038
2025-11-05,232191603.2082
2025-11-06,232249982.7197
2025-11-07,233404310.7864
2025-11-10,237800528.1719
2025-11-11,239858475.4153
2025-11-12,240822335.8583
2025-11-13,236403096.642
2025-11-14,234903545.8967
2025-11-17,232209974.8873
2025-11-18,230901360.4699
2025-11-19,229656047.0059
2025-11-20,226910319.6545
2025-11-21,230437226.176
2025-11-24,233010335.7846
2025-11-25,236732437.0315
2025-11-26,240751862.2705
2025-11-28,242508233.2232
2025-12-01,240099412.6528
2025-12-02,241082435.1837
2025-12-03,243018221.7077
2025-12-04,241743637.5327
2025-12-05,241905083.4952
2025-12-08,240550951.0201
2025-12-09,240367354.0821
2025-12-10,244279416.7749
2025-12-11,245982712.034
2025-12-12,243775339.023
2025-12-15,245361487.7152
2025-12-16,245565884.1799
2025-12-17,245328388.2519
2025-12-18,247192047.2813
2025-12-19,248408080.5068
2025-12-22,249707961.3202
2025-12-23,251403208.229
2025-12-24,252222108.0643
2025-12-26,254856808.4642
2025-12-29,252899808.5732
2025-12-30,253487199.7629
2025-12-31,251077001.3349
2026-01-02,252237914.9617
2026-01-05,257293817.6616
2026-01-06,258725511.8342
2026-01-07,256381443.6894
2026-01-08,255162047.7149
2026-01-09,257611173.9254
2026-01-12,261571503.1215
2026-01-13,260604871.4843
2026-01-14,262699570.2472
2026-01-15,261218937.2148
2026-01-16,259999027.3977
2026-01-20,259553847.8594
2026-01-21,263484841.0993
2026-01-22,267434472.4943
2026-01-23,271724965.1653
2026-01-26,275203428.9062
2026-01-27,282528959.5553
2026-01-28,282139629.2082
2026-01-29,283190745.467
2026-01-30,270574714.0698
2026-02-02,269270921.0531
2026-02-03,272366161.3913
2026-02-04,271777552.1756
2026-02-05,266211715.0787
2026-02-06,275388199.0434
2026-02-09,282461657.2692
2026-02-10,281913284.2805
2026-02-11,282800271.2901
2026-02-12,278919192.0461
2026-02-13,282936242.6696
2026-02-17,280501976.3898
2026-02-18,280805482.1332
2026-02-19,280389805.6264
2026-02-20,284301912.8738
2026-02-23,283912789.1825
2026-02-24,285032638.7551
2026-02-25,289356000.2973
2026-02-26,289590013.7402
2026-02-27,290636596.5157
2026-03-02,283483266.2319
2026-03-03,274200095.8953
2026-03-04,278073313.5977
2026-03-05,271111385.8808
2026-03-06,271040981.3987
2026-03-09,275600664.4102
2026-03-10,275479828.5197
2026-03-11,273337134.3159
2026-03-12,266342153.256
2026-03-13,260600525.0402
2026-03-16,268626693.4691
2026-03-17,272833454.5881
2026-03-18,263305109.2726
2026-03-19,263574111.8589
2026-03-20,251005715.3897
2026-03-23,256687776.3039
2026-03-24,253076883.5355
2026-03-25,257776905.2878
2026-03-26,246990769.5504
2026-03-27,246587448.8487
2026-03-30,248751932.1084
2026-03-31,259939933.7657
2026-04-01,264300309.7953
2026-04-02,263532125.7889
2026-04-06,265603557.0119
2026-04-07,266048187.7026
2026-04-08,273882051.7623
2026-04-09,275111687.3739
2026-04-10,275251212.9706
2026-04-13,278348995.5573
2026-04-14,281451228.2756
2026-04-15,282632860.2197
2026-04-16,282459384.2677
2026-04-17,283752210.9106
2026-04-20,284257838.5878
2026-04-21,280515252.0489
2026-04-22,282426303.4036
2026-04-23,280904519.4546
2026-04-24,282676829.6272
2026-04-27,283171724.1454
2026-04-28,282184860.5714
2026-04-29,281291053.7878
2026-04-30,286937345.6793
2026-05-01,286356069.6094
2026-05-04,284523880.6058
2026-05-05,287216903.8566
2026-05-06,291938727.0919
2026-05-07,288425252.7947
2026-05-08,291850273.7856
2026-05-11,294008300.0904
2026-05-12,292924321.8233
2026-05-13,293672142.7699
2026-05-14,291769197.8328
2026-05-15,285588354.1685
2026-05-18,288616098.1572
2026-05-19,286057165.4276
2026-05-20,289353536.5207
2026-05-21,289743597.2867
2026-05-22,289181354.0368
2026-05-26,291557007.4677
2026-05-27,289672411.7969
2026-05-28,290901625.0066
2026-05-29,291317750.2134
2026-06-01,291399155.2599
2026-06-02,293191055.0542
2026-06-03,290079015.8577
2026-06-04,290786545.0223
2026-06-05,280758231.7367
2026-06-08,281966237.7571
2026-06-09,280622147.9172
2026-06-10,276926852.7925
2026-06-11,283948171.688
2026-06-12,284741601.2093
2026-06-15,288127198.3026
2026-06-16,287408175.9715
2026-06-17,284813448.0815
2026-06-18,287951825.1049
2026-06-22,287090434.1815
2026-06-23,281822839.5901
2026-06-24,280829958.2614
2026-06-25,283726621.2253
2026-06-26,282181596.3935
2026-06-29,283246407.9922
2026-06-30,284280934.4135
