date,portfolio_value
1993-01-29,100000000.0
1993-02-01,100000000.0
1993-02-02,100000000.0
1993-02-03,100000000.0
1993-02-04,100000000.0
1993-02-05,100000000.0
1993-02-08,100000000.0
1993-02-09,100000000.0
1993-02-10,100000000.0
1993-02-11,100000000.0
1993-02-12,100000000.0
1993-02-15,100000000.0
1993-02-16,100000000.0
1993-02-17,100000000.0
1993-02-18,100000000.0
1993-02-19,100000000.0
1993-02-22,100000000.0
1993-02-23,100000000.0
1993-02-24,100000000.0
1993-02-25,100000000.0
1993-02-26,100000000.0
1993-03-01,100000000.0
1993-03-02,100000000.0
1993-03-03,100000000.0
1993-03-04,100000000.0
1993-03-05,100000000.0
1993-03-08,100000000.0
1993-03-09,100000000.0
1993-03-10,100000000.0
1993-03-11,100000000.0
1993-03-12,100000000.0
1993-03-15,100000000.0
1993-03-16,100000000.0
1993-03-17,100000000.0
1993-03-18,100000000.0
1993-03-19,100000000.0
1993-03-22,100000000.0
1993-03-23,100000000.0
1993-03-24,100000000.0
1993-03-25,100000000.0
1993-03-26,100000000.0
1993-03-29,100000000.0
1993-03-30,100000000.0
1993-03-31,100000000.0
1993-04-01,100000000.0
1993-04-02,100000000.0
1993-04-05,100000000.0
1993-04-06,100000000.0
1993-04-07,100000000.0
1993-04-08,100000000.0
1993-04-09,100000000.0
1993-04-12,100000000.0
1993-04-13,100000000.0
1993-04-14,100000000.0
1993-04-15,100000000.0
1993-04-16,100000000.0
1993-04-19,100000000.0
1993-04-20,100000000.0
1993-04-21,100000000.0
1993-04-22,100000000.0
1993-04-23,100000000.0
1993-04-26,100000000.0
1993-04-27,100000000.0
1993-04-28,100000000.0
1993-04-29,100000000.0
1993-04-30,100000000.0
1993-05-03,100000000.0
1993-05-04,100000000.0
1993-05-05,100000000.0
1993-05-06,100000000.0
1993-05-07,100000000.0
1993-05-10,100000000.0
1993-05-11,100000000.0
1993-05-12,100000000.0
1993-05-13,100000000.0
1993-05-14,100000000.0
1993-05-17,100000000.0
1993-05-18,100000000.0
1993-05-19,100000000.0
1993-05-20,100000000.0
1993-05-21,100000000.0
1993-05-24,100000000.0
1993-05-25,100000000.0
1993-05-26,100000000.0
1993-05-27,100000000.0
1993-05-28,100000000.0
1993-05-31,100000000.0
1993-06-01,100000000.0
1993-06-02,100000000.0
1993-06-03,100000000.0
1993-06-04,100000000.0
1993-06-07,100000000.0
1993-06-08,100000000.0
1993-06-09,100000000.0
1993-06-10,100000000.0
1993-06-11,100000000.0
1993-06-14,100000000.0
1993-06-15,100000000.0
1993-06-16,100000000.0
1993-06-17,100000000.0
1993-06-18,100000000.0
1993-06-21,100000000.0
1993-06-22,100000000.0
1993-06-23,100000000.0
1993-06-24,100000000.0
1993-06-25,100000000.0
1993-06-28,100000000.0
1993-06-29,100000000.0
1993-06-30,100000000.0
1993-07-01,100000000.0
1993-07-02,100000000.0
1993-07-05,100000000.0
1993-07-06,100000000.0
1993-07-07,100000000.0
1993-07-08,100000000.0
1993-07-09,100000000.0
1993-07-12,100000000.0
1993-07-13,100000000.0
1993-07-14,100000000.0
1993-07-15,100000000.0
1993-07-16,100000000.0
1993-07-19,100000000.0
1993-07-20,100000000.0
1993-07-21,100000000.0
1993-07-22,100000000.0
1993-07-23,100000000.0
1993-07-26,100000000.0
1993-07-27,100000000.0
1993-07-28,100000000.0
1993-07-29,100000000.0
1993-07-30,100000000.0
1993-08-02,100000000.0
1993-08-03,100000000.0
1993-08-04,100000000.0
1993-08-05,100000000.0
1993-08-06,100000000.0
1993-08-09,100000000.0
1993-08-10,100000000.0
1993-08-11,100000000.0
1993-08-12,100000000.0
1993-08-13,100000000.0
1993-08-16,100000000.0
1993-08-17,100000000.0
1993-08-18,100000000.0
1993-08-19,100000000.0
1993-08-20,100000000.0
1993-08-23,100000000.0
1993-08-24,100000000.0
1993-08-25,100000000.0
1993-08-26,100000000.0
1993-08-27,100000000.0
1993-08-30,100000000.0
1993-08-31,100000000.0
1993-09-01,100000000.0
1993-09-02,100000000.0
1993-09-03,100000000.0
1993-09-06,100000000.0
1993-09-07,100000000.0
1993-09-08,100000000.0
1993-09-09,100000000.0
1993-09-10,100000000.0
1993-09-13,100000000.0
1993-09-14,100000000.0
1993-09-15,100000000.0
1993-09-16,100000000.0
1993-09-17,100000000.0
1993-09-20,100000000.0
1993-09-21,100000000.0
1993-09-22,100000000.0
1993-09-23,100000000.0
1993-09-24,100000000.0
1993-09-27,100000000.0
1993-09-28,100000000.0
1993-09-29,100000000.0
1993-09-30,100000000.0
1993-10-01,100000000.0
1993-10-04,100000000.0
1993-10-05,100000000.0
1993-10-06,100000000.0
1993-10-07,100000000.0
1993-10-08,100000000.0
1993-10-11,100000000.0
1993-10-12,100000000.0
1993-10-13,100000000.0
1993-10-14,100000000.0
1993-10-15,100000000.0
1993-10-18,100000000.0
1993-10-19,100000000.0
1993-10-20,100000000.0
1993-10-21,100000000.0
1993-10-22,100000000.0
1993-10-25,100000000.0
1993-10-26,100000000.0
1993-10-27,100000000.0
1993-10-28,100000000.0
1993-10-29,100000000.0
1993-11-01,100000000.0
1993-11-02,100000000.0
1993-11-03,100000000.0
1993-11-04,100000000.0
1993-11-05,100000000.0
1993-11-08,100000000.0
1993-11-09,100000000.0
1993-11-10,100000000.0
1993-11-11,100000000.0
1993-11-12,100000000.0
1993-11-15,100000000.0
1993-11-16,100000000.0
1993-11-17,100000000.0
1993-11-18,100000000.0
1993-11-19,100000000.0
1993-11-22,100000000.0
1993-11-23,100000000.0
1993-11-24,100000000.0
1993-11-25,100000000.0
1993-11-26,100000000.0
1993-11-29,100000000.0
1993-11-30,100000000.0
1993-12-01,100000000.0
1993-12-02,100000000.0
1993-12-03,100000000.0
1993-12-06,100000000.0
1993-12-07,100000000.0
1993-12-08,100000000.0
1993-12-09,100000000.0
1993-12-10,100000000.0
1993-12-13,100000000.0
1993-12-14,100000000.0
1993-12-15,100000000.0
1993-12-16,100000000.0
1993-12-17,100000000.0
1993-12-20,100000000.0
1993-12-21,100000000.0
1993-12-22,100000000.0
1993-12-23,100000000.0
1993-12-24,100000000.0
1993-12-27,100000000.0
1993-12-28,100000000.0
1993-12-29,100000000.0
1993-12-30,100000000.0
1993-12-31,100000000.0
1994-01-03,100000000.0
1994-01-04,100000000.0
1994-01-05,100000000.0
1994-01-06,100000000.0
1994-01-07,100000000.0
1994-01-10,100000000.0
1994-01-11,100000000.0
1994-01-12,100000000.0
1994-01-13,100000000.0
1994-01-14,100000000.0
1994-01-17,100000000.0
1994-01-18,100000000.0
1994-01-19,100000000.0
1994-01-20,100000000.0
1994-01-21,100000000.0
1994-01-24,100000000.0
1994-01-25,100000000.0
1994-01-26,100000000.0
1994-01-27,100000000.0
1994-01-28,100000000.0
1994-01-31,100000000.0
1994-02-01,100000000.0
1994-02-02,100000000.0
1994-02-03,100000000.0
1994-02-04,100000000.0
1994-02-07,100000000.0
1994-02-08,100000000.0
1994-02-09,100000000.0
1994-02-10,100000000.0
1994-02-11,100000000.0
1994-02-14,100000000.0
1994-02-15,100000000.0
1994-02-16,100000000.0
1994-02-17,100000000.0
1994-02-18,100000000.0
1994-02-21,100000000.0
1994-02-22,100000000.0
1994-02-23,100000000.0
1994-02-24,100000000.0
1994-02-25,100000000.0
1994-02-28,100000000.0
1994-03-01,100000000.0
1994-03-02,100000000.0
1994-03-03,100000000.0
1994-03-04,100000000.0
1994-03-07,100000000.0
1994-03-08,100000000.0
1994-03-09,100000000.0
1994-03-10,100000000.0
1994-03-11,100000000.0
1994-03-14,100000000.0
1994-03-15,100000000.0
1994-03-16,100000000.0
1994-03-17,100000000.0
1994-03-18,100000000.0
1994-03-21,100000000.0
1994-03-22,100000000.0
1994-03-23,100000000.0
1994-03-24,100000000.0
1994-03-25,100000000.0
1994-03-28,100000000.0
1994-03-29,100000000.0
1994-03-30,100000000.0
1994-03-31,100000000.0
1994-04-01,100000000.0
1994-04-04,100000000.0
1994-04-05,100000000.0
1994-04-06,100000000.0
1994-04-07,100000000.0
1994-04-08,100000000.0
1994-04-11,100000000.0
1994-04-12,100000000.0
1994-04-13,100000000.0
1994-04-14,100000000.0
1994-04-15,100000000.0
1994-04-18,100000000.0
1994-04-19,100000000.0
1994-04-20,100000000.0
1994-04-21,100000000.0
1994-04-22,100000000.0
1994-04-25,100000000.0
1994-04-26,100000000.0
1994-04-27,100000000.0
1994-04-28,100000000.0
1994-04-29,100000000.0
1994-05-02,100000000.0
1994-05-03,100000000.0
1994-05-04,100000000.0
1994-05-05,100000000.0
1994-05-06,100000000.0
1994-05-09,100000000.0
1994-05-10,100000000.0
1994-05-11,100000000.0
1994-05-12,100000000.0
1994-05-13,100000000.0
1994-05-16,100000000.0
1994-05-17,100000000.0
1994-05-18,100000000.0
1994-05-19,100000000.0
1994-05-20,100000000.0
1994-05-23,100000000.0
1994-05-24,100000000.0
1994-05-25,100000000.0
1994-05-26,100000000.0
1994-05-27,100000000.0
1994-05-30,100000000.0
1994-05-31,100000000.0
1994-06-01,100000000.0
1994-06-02,100000000.0
1994-06-03,100000000.0
1994-06-06,100000000.0
1994-06-07,100000000.0
1994-06-08,100000000.0
1994-06-09,100000000.0
1994-06-10,100000000.0
1994-06-13,100000000.0
1994-06-14,100000000.0
1994-06-15,100000000.0
1994-06-16,100000000.0
1994-06-17,100000000.0
1994-06-20,100000000.0
1994-06-21,100000000.0
1994-06-22,100000000.0
1994-06-23,100000000.0
1994-06-24,100000000.0
1994-06-27,100000000.0
1994-06-28,100000000.0
1994-06-29,100000000.0
1994-06-30,100000000.0
1994-07-01,100000000.0
1994-07-04,100000000.0
1994-07-05,100000000.0
1994-07-06,100000000.0
1994-07-07,100000000.0
1994-07-08,100000000.0
1994-07-11,100000000.0
1994-07-12,100000000.0
1994-07-13,100000000.0
1994-07-14,100000000.0
1994-07-15,100000000.0
1994-07-18,100000000.0
1994-07-19,100000000.0
1994-07-20,100000000.0
1994-07-21,100000000.0
1994-07-22,100000000.0
1994-07-25,100000000.0
1994-07-26,100000000.0
1994-07-27,100000000.0
1994-07-28,100000000.0
1994-07-29,100000000.0
1994-08-01,100000000.0
1994-08-02,100000000.0
1994-08-03,100000000.0
1994-08-04,100000000.0
1994-08-05,100000000.0
1994-08-08,100000000.0
1994-08-09,100000000.0
1994-08-10,100000000.0
1994-08-11,100000000.0
1994-08-12,100000000.0
1994-08-15,100000000.0
1994-08-16,100000000.0
1994-08-17,100000000.0
1994-08-18,100000000.0
1994-08-19,100000000.0
1994-08-22,100000000.0
1994-08-23,100000000.0
1994-08-24,100000000.0
1994-08-25,100000000.0
1994-08-26,100000000.0
1994-08-29,100000000.0
1994-08-30,100000000.0
1994-08-31,100000000.0
1994-09-01,100000000.0
1994-09-02,100000000.0
1994-09-05,100000000.0
1994-09-06,100000000.0
1994-09-07,100000000.0
1994-09-08,100000000.0
1994-09-09,100000000.0
1994-09-12,100000000.0
1994-09-13,100000000.0
1994-09-14,100000000.0
1994-09-15,100000000.0
1994-09-16,100000000.0
1994-09-19,100000000.0
1994-09-20,100000000.0
1994-09-21,100000000.0
1994-09-22,100000000.0
1994-09-23,100000000.0
1994-09-26,100000000.0
1994-09-27,100000000.0
1994-09-28,100000000.0
1994-09-29,100000000.0
1994-09-30,100000000.0
1994-10-03,100000000.0
1994-10-04,100000000.0
1994-10-05,100000000.0
1994-10-06,100000000.0
1994-10-07,100000000.0
1994-10-10,100000000.0
1994-10-11,100000000.0
1994-10-12,100000000.0
1994-10-13,100000000.0
1994-10-14,100000000.0
1994-10-17,100000000.0
1994-10-18,100000000.0
1994-10-19,100000000.0
1994-10-20,100000000.0
1994-10-21,100000000.0
1994-10-24,100000000.0
1994-10-25,100000000.0
1994-10-26,100000000.0
1994-10-27,100000000.0
1994-10-28,100000000.0
1994-10-31,100000000.0
1994-11-01,100000000.0
1994-11-02,100000000.0
1994-11-03,100000000.0
1994-11-04,100000000.0
1994-11-07,100000000.0
1994-11-08,100000000.0
1994-11-09,100000000.0
1994-11-10,100000000.0
1994-11-11,100000000.0
1994-11-14,100000000.0
1994-11-15,100000000.0
1994-11-16,100000000.0
1994-11-17,100000000.0
1994-11-18,100000000.0
1994-11-21,100000000.0
1994-11-22,100000000.0
1994-11-23,100000000.0
1994-11-24,100000000.0
1994-11-25,100000000.0
1994-11-28,100000000.0
1994-11-29,100000000.0
1994-11-30,100000000.0
1994-12-01,100000000.0
1994-12-02,100000000.0
1994-12-05,100000000.0
1994-12-06,100000000.0
1994-12-07,100000000.0
1994-12-08,100000000.0
1994-12-09,100000000.0
1994-12-12,100000000.0
1994-12-13,100000000.0
1994-12-14,100000000.0
1994-12-15,100000000.0
1994-12-16,100000000.0
1994-12-19,100000000.0
1994-12-20,100000000.0
1994-12-21,100000000.0
1994-12-22,100000000.0
1994-12-23,100000000.0
1994-12-26,100000000.0
1994-12-27,100000000.0
1994-12-28,100000000.0
1994-12-29,100000000.0
1994-12-30,100000000.0
1995-01-02,100000000.0
1995-01-03,100000000.0
1995-01-04,100000000.0
1995-01-05,100000000.0
1995-01-06,100000000.0
1995-01-09,100000000.0
1995-01-10,100000000.0
1995-01-11,100000000.0
1995-01-12,100000000.0
1995-01-13,100000000.0
1995-01-16,100000000.0
1995-01-17,100000000.0
1995-01-18,100000000.0
1995-01-19,100000000.0
1995-01-20,100000000.0
1995-01-23,100000000.0
1995-01-24,100000000.0
1995-01-25,100000000.0
1995-01-26,100000000.0
1995-01-27,100000000.0
1995-01-30,100000000.0
1995-01-31,100000000.0
1995-02-01,100000000.0
1995-02-02,100000000.0
1995-02-03,100000000.0
1995-02-06,100000000.0
1995-02-07,100000000.0
1995-02-08,100000000.0
1995-02-09,100000000.0
1995-02-10,100000000.0
1995-02-13,100000000.0
1995-02-14,100000000.0
1995-02-15,100000000.0
1995-02-16,100000000.0
1995-02-17,100000000.0
1995-02-20,100000000.0
1995-02-21,100000000.0
1995-02-22,100000000.0
1995-02-23,100000000.0
1995-02-24,100000000.0
1995-02-27,100000000.0
1995-02-28,100000000.0
1995-03-01,100000000.0
1995-03-02,100000000.0
1995-03-03,100000000.0
1995-03-06,100000000.0
1995-03-07,100000000.0
1995-03-08,100000000.0
1995-03-09,100000000.0
1995-03-10,100000000.0
1995-03-13,100000000.0
1995-03-14,100000000.0
1995-03-15,100000000.0
1995-03-16,100000000.0
1995-03-17,100000000.0
1995-03-20,100000000.0
1995-03-21,100000000.0
1995-03-22,100000000.0
1995-03-23,100000000.0
1995-03-24,100000000.0
1995-03-27,100000000.0
1995-03-28,100000000.0
1995-03-29,100000000.0
1995-03-30,100000000.0
1995-03-31,100000000.0
1995-04-03,100000000.0
1995-04-04,100000000.0
1995-04-05,100000000.0
1995-04-06,100000000.0
1995-04-07,100000000.0
1995-04-10,100000000.0
1995-04-11,100000000.0
1995-04-12,100000000.0
1995-04-13,100000000.0
1995-04-14,100000000.0
1995-04-17,100000000.0
1995-04-18,100000000.0
1995-04-19,100000000.0
1995-04-20,100000000.0
1995-04-21,100000000.0
1995-04-24,100000000.0
1995-04-25,100000000.0
1995-04-26,100000000.0
1995-04-27,100000000.0
1995-04-28,100000000.0
1995-05-01,100000000.0
1995-05-02,100000000.0
1995-05-03,100000000.0
1995-05-04,100000000.0
1995-05-05,100000000.0
1995-05-08,100000000.0
1995-05-09,100000000.0
1995-05-10,100000000.0
1995-05-11,100000000.0
1995-05-12,100000000.0
1995-05-15,100000000.0
1995-05-16,100000000.0
1995-05-17,100000000.0
1995-05-18,100000000.0
1995-05-19,100000000.0
1995-05-22,100000000.0
1995-05-23,100000000.0
1995-05-24,100000000.0
1995-05-25,100000000.0
1995-05-26,100000000.0
1995-05-29,100000000.0
1995-05-30,100000000.0
1995-05-31,100000000.0
1995-06-01,100000000.0
1995-06-02,100000000.0
1995-06-05,100000000.0
1995-06-06,100000000.0
1995-06-07,100000000.0
1995-06-08,100000000.0
1995-06-09,100000000.0
1995-06-12,100000000.0
1995-06-13,100000000.0
1995-06-14,100000000.0
1995-06-15,100000000.0
1995-06-16,100000000.0
1995-06-19,100000000.0
1995-06-20,100000000.0
1995-06-21,100000000.0
1995-06-22,100000000.0
1995-06-23,100000000.0
1995-06-26,100000000.0
1995-06-27,100000000.0
1995-06-28,100000000.0
1995-06-29,100000000.0
1995-06-30,100000000.0
1995-07-03,100000000.0
1995-07-04,100000000.0
1995-07-05,100000000.0
1995-07-06,100000000.0
1995-07-07,100000000.0
1995-07-10,100000000.0
1995-07-11,100000000.0
1995-07-12,100000000.0
1995-07-13,100000000.0
1995-07-14,100000000.0
1995-07-17,100000000.0
1995-07-18,100000000.0
1995-07-19,100000000.0
1995-07-20,100000000.0
1995-07-21,100000000.0
1995-07-24,100000000.0
1995-07-25,100000000.0
1995-07-26,100000000.0
1995-07-27,100000000.0
1995-07-28,100000000.0
1995-07-31,100000000.0
1995-08-01,100000000.0
1995-08-02,100000000.0
1995-08-03,100000000.0
1995-08-04,100000000.0
1995-08-07,100000000.0
1995-08-08,100000000.0
1995-08-09,100000000.0
1995-08-10,100000000.0
1995-08-11,100000000.0
1995-08-14,100000000.0
1995-08-15,100000000.0
1995-08-16,100000000.0
1995-08-17,100000000.0
1995-08-18,100000000.0
1995-08-21,100000000.0
1995-08-22,100000000.0
1995-08-23,100000000.0
1995-08-24,100000000.0
1995-08-25,100000000.0
1995-08-28,100000000.0
1995-08-29,100000000.0
1995-08-30,100000000.0
1995-08-31,100000000.0
1995-09-01,100000000.0
1995-09-04,100000000.0
1995-09-05,100000000.0
1995-09-06,100000000.0
1995-09-07,100000000.0
1995-09-08,100000000.0
1995-09-11,100000000.0
1995-09-12,100000000.0
1995-09-13,100000000.0
1995-09-14,100000000.0
1995-09-15,100000000.0
1995-09-18,100000000.0
1995-09-19,100000000.0
1995-09-20,100000000.0
1995-09-21,100000000.0
1995-09-22,100000000.0
1995-09-25,100000000.0
1995-09-26,100000000.0
1995-09-27,100000000.0
1995-09-28,100000000.0
1995-09-29,100000000.0
1995-10-02,100000000.0
1995-10-03,100000000.0
1995-10-04,100000000.0
1995-10-05,100000000.0
1995-10-06,100000000.0
1995-10-09,100000000.0
1995-10-10,100000000.0
1995-10-11,100000000.0
1995-10-12,100000000.0
1995-10-13,100000000.0
1995-10-16,100000000.0
1995-10-17,100000000.0
1995-10-18,100000000.0
1995-10-19,100000000.0
1995-10-20,100000000.0
1995-10-23,100000000.0
1995-10-24,100000000.0
1995-10-25,100000000.0
1995-10-26,100000000.0
1995-10-27,100000000.0
1995-10-30,100000000.0
1995-10-31,100000000.0
1995-11-01,100000000.0
1995-11-02,100000000.0
1995-11-03,100000000.0
1995-11-06,100000000.0
1995-11-07,100000000.0
1995-11-08,100000000.0
1995-11-09,100000000.0
1995-11-10,100000000.0
1995-11-13,100000000.0
1995-11-14,100000000.0
1995-11-15,100000000.0
1995-11-16,100000000.0
1995-11-17,100000000.0
1995-11-20,100000000.0
1995-11-21,100000000.0
1995-11-22,100000000.0
1995-11-23,100000000.0
1995-11-24,100000000.0
1995-11-27,100000000.0
1995-11-28,100000000.0
1995-11-29,100000000.0
1995-11-30,100000000.0
1995-12-01,100000000.0
1995-12-04,100000000.0
1995-12-05,100000000.0
1995-12-06,100000000.0
1995-12-07,100000000.0
1995-12-08,100000000.0
1995-12-11,100000000.0
1995-12-12,100000000.0
1995-12-13,100000000.0
1995-12-14,100000000.0
1995-12-15,100000000.0
1995-12-18,100000000.0
1995-12-19,100000000.0
1995-12-20,100000000.0
1995-12-21,100000000.0
1995-12-22,100000000.0
1995-12-25,100000000.0
1995-12-26,100000000.0
1995-12-27,100000000.0
1995-12-28,100000000.0
1995-12-29,100000000.0
1996-01-01,100000000.0
1996-01-02,100000000.0
1996-01-03,100000000.0
1996-01-04,100000000.0
1996-01-05,100000000.0
1996-01-08,100000000.0
1996-01-09,100000000.0
1996-01-10,100000000.0
1996-01-11,100000000.0
1996-01-12,100000000.0
1996-01-15,100000000.0
1996-01-16,100000000.0
1996-01-17,100000000.0
1996-01-18,100000000.0
1996-01-19,100000000.0
1996-01-22,100000000.0
1996-01-23,100000000.0
1996-01-24,100000000.0
1996-01-25,100000000.0
1996-01-26,100000000.0
1996-01-29,100000000.0
1996-01-30,100000000.0
1996-01-31,100000000.0
1996-02-01,100000000.0
1996-02-02,100000000.0
1996-02-05,100000000.0
1996-02-06,100000000.0
1996-02-07,100000000.0
1996-02-08,100000000.0
1996-02-09,100000000.0
1996-02-12,100000000.0
1996-02-13,100000000.0
1996-02-14,100000000.0
1996-02-15,100000000.0
1996-02-16,100000000.0
1996-02-19,100000000.0
1996-02-20,100000000.0
1996-02-21,100000000.0
1996-02-22,100000000.0
1996-02-23,100000000.0
1996-02-26,100000000.0
1996-02-27,100000000.0
1996-02-28,100000000.0
1996-02-29,100000000.0
1996-03-01,100000000.0
1996-03-04,100000000.0
1996-03-05,100000000.0
1996-03-06,100000000.0
1996-03-07,100000000.0
1996-03-08,100000000.0
1996-03-11,100000000.0
1996-03-12,100000000.0
1996-03-13,100000000.0
1996-03-14,100000000.0
1996-03-15,100000000.0
1996-03-18,100000000.0
1996-03-19,100000000.0
1996-03-20,100000000.0
1996-03-21,100000000.0
1996-03-22,100000000.0
1996-03-25,100000000.0
1996-03-26,100000000.0
1996-03-27,100000000.0
1996-03-28,100000000.0
1996-03-29,100000000.0
1996-04-01,100000000.0
1996-04-02,100000000.0
1996-04-03,100000000.0
1996-04-04,100000000.0
1996-04-05,100000000.0
1996-04-08,100000000.0
1996-04-09,100000000.0
1996-04-10,100000000.0
1996-04-11,100000000.0
1996-04-12,100000000.0
1996-04-15,100000000.0
1996-04-16,100000000.0
1996-04-17,100000000.0
1996-04-18,100000000.0
1996-04-19,100000000.0
1996-04-22,100000000.0
1996-04-23,100000000.0
1996-04-24,100000000.0
1996-04-25,100000000.0
1996-04-26,100000000.0
1996-04-29,100000000.0
1996-04-30,100000000.0
1996-05-01,100000000.0
1996-05-02,100000000.0
1996-05-03,100000000.0
1996-05-06,100000000.0
1996-05-07,100000000.0
1996-05-08,100000000.0
1996-05-09,100000000.0
1996-05-10,100000000.0
1996-05-13,100000000.0
1996-05-14,100000000.0
1996-05-15,100000000.0
1996-05-16,100000000.0
1996-05-17,100000000.0
1996-05-20,100000000.0
1996-05-21,100000000.0
1996-05-22,100000000.0
1996-05-23,100000000.0
1996-05-24,100000000.0
1996-05-27,100000000.0
1996-05-28,100000000.0
1996-05-29,100000000.0
1996-05-30,100000000.0
1996-05-31,100000000.0
1996-06-03,100000000.0
1996-06-04,100000000.0
1996-06-05,100000000.0
1996-06-06,100000000.0
1996-06-07,100000000.0
1996-06-10,100000000.0
1996-06-11,100000000.0
1996-06-12,100000000.0
1996-06-13,100000000.0
1996-06-14,100000000.0
1996-06-17,100000000.0
1996-06-18,100000000.0
1996-06-19,100000000.0
1996-06-20,100000000.0
1996-06-21,100000000.0
1996-06-24,100000000.0
1996-06-25,100000000.0
1996-06-26,100000000.0
1996-06-27,100000000.0
1996-06-28,100000000.0
1996-07-01,100000000.0
1996-07-02,100000000.0
1996-07-03,100000000.0
1996-07-04,100000000.0
1996-07-05,100000000.0
1996-07-08,100000000.0
1996-07-09,100000000.0
1996-07-10,100000000.0
1996-07-11,100000000.0
1996-07-12,100000000.0
1996-07-15,100000000.0
1996-07-16,100000000.0
1996-07-17,100000000.0
1996-07-18,100000000.0
1996-07-19,100000000.0
1996-07-22,100000000.0
1996-07-23,100000000.0
1996-07-24,100000000.0
1996-07-25,100000000.0
1996-07-26,100000000.0
1996-07-29,100000000.0
1996-07-30,100000000.0
1996-07-31,100000000.0
1996-08-01,100000000.0
1996-08-02,100000000.0
1996-08-05,100000000.0
1996-08-06,100000000.0
1996-08-07,100000000.0
1996-08-08,100000000.0
1996-08-09,100000000.0
1996-08-12,100000000.0
1996-08-13,100000000.0
1996-08-14,100000000.0
1996-08-15,100000000.0
1996-08-16,100000000.0
1996-08-19,100000000.0
1996-08-20,100000000.0
1996-08-21,100000000.0
1996-08-22,100000000.0
1996-08-23,100000000.0
1996-08-26,100000000.0
1996-08-27,100000000.0
1996-08-28,100000000.0
1996-08-29,100000000.0
1996-08-30,100000000.0
1996-09-02,100000000.0
1996-09-03,100000000.0
1996-09-04,100000000.0
1996-09-05,100000000.0
1996-09-06,100000000.0
1996-09-09,100000000.0
1996-09-10,100000000.0
1996-09-11,100000000.0
1996-09-12,100000000.0
1996-09-13,100000000.0
1996-09-16,100000000.0
1996-09-17,100000000.0
1996-09-18,100000000.0
1996-09-19,100000000.0
1996-09-20,100000000.0
1996-09-23,100000000.0
1996-09-24,100000000.0
1996-09-25,100000000.0
1996-09-26,100000000.0
1996-09-27,100000000.0
1996-09-30,100000000.0
1996-10-01,100000000.0
1996-10-02,100000000.0
1996-10-03,100000000.0
1996-10-04,100000000.0
1996-10-07,100000000.0
1996-10-08,100000000.0
1996-10-09,100000000.0
1996-10-10,100000000.0
1996-10-11,100000000.0
1996-10-14,100000000.0
1996-10-15,100000000.0
1996-10-16,100000000.0
1996-10-17,100000000.0
1996-10-18,100000000.0
1996-10-21,100000000.0
1996-10-22,100000000.0
1996-10-23,100000000.0
1996-10-24,100000000.0
1996-10-25,100000000.0
1996-10-28,100000000.0
1996-10-29,100000000.0
1996-10-30,100000000.0
1996-10-31,100000000.0
1996-11-01,100000000.0
1996-11-04,100000000.0
1996-11-05,100000000.0
1996-11-06,100000000.0
1996-11-07,100000000.0
1996-11-08,100000000.0
1996-11-11,100000000.0
1996-11-12,100000000.0
1996-11-13,100000000.0
1996-11-14,100000000.0
1996-11-15,100000000.0
1996-11-18,100000000.0
1996-11-19,100000000.0
1996-11-20,100000000.0
1996-11-21,100000000.0
1996-11-22,100000000.0
1996-11-25,100000000.0
1996-11-26,100000000.0
1996-11-27,100000000.0
1996-11-28,100000000.0
1996-11-29,100000000.0
1996-12-02,100000000.0
1996-12-03,100000000.0
1996-12-04,100000000.0
1996-12-05,100000000.0
1996-12-06,100000000.0
1996-12-09,100000000.0
1996-12-10,100000000.0
1996-12-11,100000000.0
1996-12-12,100000000.0
1996-12-13,100000000.0
1996-12-16,100000000.0
1996-12-17,100000000.0
1996-12-18,100000000.0
1996-12-19,100000000.0
1996-12-20,100000000.0
1996-12-23,100000000.0
1996-12-24,100000000.0
1996-12-25,100000000.0
1996-12-26,100000000.0
1996-12-27,100000000.0
1996-12-30,100000000.0
1996-12-31,100000000.0
1997-01-01,100000000.0
1997-01-02,100000000.0
1997-01-03,100000000.0
1997-01-06,100000000.0
1997-01-07,100000000.0
1997-01-08,100000000.0
1997-01-09,100000000.0
1997-01-10,100000000.0
1997-01-13,100000000.0
1997-01-14,100000000.0
1997-01-15,100000000.0
1997-01-16,100000000.0
1997-01-17,100000000.0
1997-01-20,100000000.0
1997-01-21,100000000.0
1997-01-22,100000000.0
1997-01-23,100000000.0
1997-01-24,100000000.0
1997-01-27,100000000.0
1997-01-28,100000000.0
1997-01-29,100000000.0
1997-01-30,100000000.0
1997-01-31,100000000.0
1997-02-03,100000000.0
1997-02-04,100000000.0
1997-02-05,100000000.0
1997-02-06,100000000.0
1997-02-07,100000000.0
1997-02-10,100000000.0
1997-02-11,100000000.0
1997-02-12,100000000.0
1997-02-13,100000000.0
1997-02-14,100000000.0
1997-02-17,100000000.0
1997-02-18,100000000.0
1997-02-19,100000000.0
1997-02-20,100000000.0
1997-02-21,100000000.0
1997-02-24,100000000.0
1997-02-25,100000000.0
1997-02-26,100000000.0
1997-02-27,100000000.0
1997-02-28,100000000.0
1997-03-03,100000000.0
1997-03-04,100000000.0
1997-03-05,100000000.0
1997-03-06,100000000.0
1997-03-07,100000000.0
1997-03-10,100000000.0
1997-03-11,100000000.0
1997-03-12,100000000.0
1997-03-13,100000000.0
1997-03-14,100000000.0
1997-03-17,100000000.0
1997-03-18,100000000.0
1997-03-19,100000000.0
1997-03-20,100000000.0
1997-03-21,100000000.0
1997-03-24,100000000.0
1997-03-25,100000000.0
1997-03-26,100000000.0
1997-03-27,100000000.0
1997-03-28,100000000.0
1997-03-31,100000000.0
1997-04-01,100000000.0
1997-04-02,100000000.0
1997-04-03,100000000.0
1997-04-04,100000000.0
1997-04-07,100000000.0
1997-04-08,100000000.0
1997-04-09,100000000.0
1997-04-10,100000000.0
1997-04-11,100000000.0
1997-04-14,100000000.0
1997-04-15,100000000.0
1997-04-16,100000000.0
1997-04-17,100000000.0
1997-04-18,100000000.0
1997-04-21,100000000.0
1997-04-22,100000000.0
1997-04-23,100000000.0
1997-04-24,100000000.0
1997-04-25,100000000.0
1997-04-28,100000000.0
1997-04-29,100000000.0
1997-04-30,100000000.0
1997-05-01,100000000.0
1997-05-02,100000000.0
1997-05-05,100000000.0
1997-05-06,100000000.0
1997-05-07,100000000.0
1997-05-08,100000000.0
1997-05-09,100000000.0
1997-05-12,100000000.0
1997-05-13,100000000.0
1997-05-14,100000000.0
1997-05-15,100000000.0
1997-05-16,100000000.0
1997-05-19,100000000.0
1997-05-20,100000000.0
1997-05-21,100000000.0
1997-05-22,100000000.0
1997-05-23,100000000.0
1997-05-26,100000000.0
1997-05-27,100000000.0
1997-05-28,100000000.0
1997-05-29,100000000.0
1997-05-30,100000000.0
1997-06-02,100000000.0
1997-06-03,100000000.0
1997-06-04,100000000.0
1997-06-05,100000000.0
1997-06-06,100000000.0
1997-06-09,100000000.0
1997-06-10,100000000.0
1997-06-11,100000000.0
1997-06-12,100000000.0
1997-06-13,100000000.0
1997-06-16,100000000.0
1997-06-17,100000000.0
1997-06-18,100000000.0
1997-06-19,100000000.0
1997-06-20,100000000.0
1997-06-23,100000000.0
1997-06-24,100000000.0
1997-06-25,100000000.0
1997-06-26,100000000.0
1997-06-27,100000000.0
1997-06-30,100000000.0
1997-07-01,100000000.0
1997-07-02,100000000.0
1997-07-03,100000000.0
1997-07-04,100000000.0
1997-07-07,100000000.0
1997-07-08,100000000.0
1997-07-09,100000000.0
1997-07-10,100000000.0
1997-07-11,100000000.0
1997-07-14,100000000.0
1997-07-15,100000000.0
1997-07-16,100000000.0
1997-07-17,100000000.0
1997-07-18,100000000.0
1997-07-21,100000000.0
1997-07-22,100000000.0
1997-07-23,100000000.0
1997-07-24,100000000.0
1997-07-25,100000000.0
1997-07-28,100000000.0
1997-07-29,100000000.0
1997-07-30,100000000.0
1997-07-31,100000000.0
1997-08-01,100000000.0
1997-08-04,100000000.0
1997-08-05,100000000.0
1997-08-06,100000000.0
1997-08-07,100000000.0
1997-08-08,100000000.0
1997-08-11,100000000.0
1997-08-12,100000000.0
1997-08-13,100000000.0
1997-08-14,100000000.0
1997-08-15,100000000.0
1997-08-18,100000000.0
1997-08-19,100000000.0
1997-08-20,100000000.0
1997-08-21,100000000.0
1997-08-22,100000000.0
1997-08-25,100000000.0
1997-08-26,100000000.0
1997-08-27,100000000.0
1997-08-28,100000000.0
1997-08-29,100000000.0
1997-09-01,100000000.0
1997-09-02,100000000.0
1997-09-03,100000000.0
1997-09-04,100000000.0
1997-09-05,100000000.0
1997-09-08,100000000.0
1997-09-09,100000000.0
1997-09-10,100000000.0
1997-09-11,100000000.0
1997-09-12,100000000.0
1997-09-15,100000000.0
1997-09-16,100000000.0
1997-09-17,100000000.0
1997-09-18,100000000.0
1997-09-19,100000000.0
1997-09-22,100000000.0
1997-09-23,100000000.0
1997-09-24,100000000.0
1997-09-25,100000000.0
1997-09-26,100000000.0
1997-09-29,100000000.0
1997-09-30,100000000.0
1997-10-01,100000000.0
1997-10-02,100000000.0
1997-10-03,100000000.0
1997-10-06,100000000.0
1997-10-07,100000000.0
1997-10-08,100000000.0
1997-10-09,100000000.0
1997-10-10,100000000.0
1997-10-13,100000000.0
1997-10-14,100000000.0
1997-10-15,100000000.0
1997-10-16,100000000.0
1997-10-17,100000000.0
1997-10-20,100000000.0
1997-10-21,100000000.0
1997-10-22,100000000.0
1997-10-23,100000000.0
1997-10-24,100000000.0
1997-10-27,100000000.0
1997-10-28,100000000.0
1997-10-29,100000000.0
1997-10-30,100000000.0
1997-10-31,100000000.0
1997-11-03,100000000.0
1997-11-04,100000000.0
1997-11-05,100000000.0
1997-11-06,100000000.0
1997-11-07,100000000.0
1997-11-10,100000000.0
1997-11-11,100000000.0
1997-11-12,100000000.0
1997-11-13,100000000.0
1997-11-14,100000000.0
1997-11-17,100000000.0
1997-11-18,100000000.0
1997-11-19,100000000.0
1997-11-20,100000000.0
1997-11-21,100000000.0
1997-11-24,100000000.0
1997-11-25,100000000.0
1997-11-26,100000000.0
1997-11-27,100000000.0
1997-11-28,100000000.0
1997-12-01,100000000.0
1997-12-02,100000000.0
1997-12-03,100000000.0
1997-12-04,100000000.0
1997-12-05,100000000.0
1997-12-08,100000000.0
1997-12-09,100000000.0
1997-12-10,100000000.0
1997-12-11,100000000.0
1997-12-12,100000000.0
1997-12-15,100000000.0
1997-12-16,100000000.0
1997-12-17,100000000.0
1997-12-18,100000000.0
1997-12-19,100000000.0
1997-12-22,100000000.0
1997-12-23,100000000.0
1997-12-24,100000000.0
1997-12-25,100000000.0
1997-12-26,100000000.0
1997-12-29,100000000.0
1997-12-30,100000000.0
1997-12-31,100000000.0
1998-01-02,100000000.0
1998-01-05,100000000.0
1998-01-06,100000000.0
1998-01-07,100000000.0
1998-01-08,100000000.0
1998-01-09,100000000.0
1998-01-12,100000000.0
1998-01-13,100000000.0
1998-01-14,100000000.0
1998-01-15,100000000.0
1998-01-16,100000000.0
1998-01-20,100000000.0
1998-01-21,100000000.0
1998-01-22,100000000.0
1998-01-23,100000000.0
1998-01-26,100000000.0
1998-01-27,100000000.0
1998-01-28,100000000.0
1998-01-29,100000000.0
1998-01-30,100000000.0
1998-02-02,100000000.0
1998-02-03,100000000.0
1998-02-04,100000000.0
1998-02-05,100000000.0
1998-02-06,100000000.0
1998-02-09,100000000.0
1998-02-10,100000000.0
1998-02-11,100000000.0
1998-02-12,100000000.0
1998-02-13,100000000.0
1998-02-17,100000000.0
1998-02-18,100000000.0
1998-02-19,100000000.0
1998-02-20,100000000.0
1998-02-23,100000000.0
1998-02-24,100000000.0
1998-02-25,100000000.0
1998-02-26,100000000.0
1998-02-27,100000000.0
1998-03-02,100000000.0
1998-03-03,100000000.0
1998-03-04,100000000.0
1998-03-05,100000000.0
1998-03-06,100000000.0
1998-03-09,100000000.0
1998-03-10,100000000.0
1998-03-11,100000000.0
1998-03-12,100000000.0
1998-03-13,100000000.0
1998-03-16,100000000.0
1998-03-17,100000000.0
1998-03-18,100000000.0
1998-03-19,100000000.0
1998-03-20,100000000.0
1998-03-23,100000000.0
1998-03-24,100000000.0
1998-03-25,100000000.0
1998-03-26,100000000.0
1998-03-27,100000000.0
1998-03-30,100000000.0
1998-03-31,100000000.0
1998-04-01,100000000.0
1998-04-02,100000000.0
1998-04-03,100000000.0
1998-04-06,100000000.0
1998-04-07,100000000.0
1998-04-08,100000000.0
1998-04-09,100000000.0
1998-04-13,100000000.0
1998-04-14,100000000.0
1998-04-15,100000000.0
1998-04-16,100000000.0
1998-04-17,100000000.0
1998-04-20,100000000.0
1998-04-21,100000000.0
1998-04-22,100000000.0
1998-04-23,100000000.0
1998-04-24,100000000.0
1998-04-27,100000000.0
1998-04-28,100000000.0
1998-04-29,100000000.0
1998-04-30,100000000.0
1998-05-01,100000000.0
1998-05-04,100000000.0
1998-05-05,100000000.0
1998-05-06,100000000.0
1998-05-07,100000000.0
1998-05-08,100000000.0
1998-05-11,100000000.0
1998-05-12,100000000.0
1998-05-13,100000000.0
1998-05-14,100000000.0
1998-05-15,100000000.0
1998-05-18,100000000.0
1998-05-19,100000000.0
1998-05-20,100000000.0
1998-05-21,100000000.0
1998-05-22,100000000.0
1998-05-26,100000000.0
1998-05-27,100000000.0
1998-05-28,100000000.0
1998-05-29,100000000.0
1998-06-01,100000000.0
1998-06-02,100000000.0
1998-06-03,100000000.0
1998-06-04,100000000.0
1998-06-05,100000000.0
1998-06-08,100000000.0
1998-06-09,100000000.0
1998-06-10,100000000.0
1998-06-11,100000000.0
1998-06-12,100000000.0
1998-06-15,100000000.0
1998-06-16,100000000.0
1998-06-17,100000000.0
1998-06-18,100000000.0
1998-06-19,100000000.0
1998-06-22,100000000.0
1998-06-23,100000000.0
1998-06-24,100000000.0
1998-06-25,100000000.0
1998-06-26,100000000.0
1998-06-29,100000000.0
1998-06-30,100000000.0
1998-07-01,100000000.0
1998-07-02,100000000.0
1998-07-06,100000000.0
1998-07-07,100000000.0
1998-07-08,100000000.0
1998-07-09,100000000.0
1998-07-10,100000000.0
1998-07-13,100000000.0
1998-07-14,100000000.0
1998-07-15,100000000.0
1998-07-16,100000000.0
1998-07-17,100000000.0
1998-07-20,100000000.0
1998-07-21,100000000.0
1998-07-22,100000000.0
1998-07-23,100000000.0
1998-07-24,100000000.0
1998-07-27,100000000.0
1998-07-28,100000000.0
1998-07-29,100000000.0
1998-07-30,100000000.0
1998-07-31,100000000.0
1998-08-03,100000000.0
1998-08-04,100000000.0
1998-08-05,100000000.0
1998-08-06,100000000.0
1998-08-07,100000000.0
1998-08-10,100000000.0
1998-08-11,100000000.0
1998-08-12,100000000.0
1998-08-13,100000000.0
1998-08-14,100000000.0
1998-08-17,100000000.0
1998-08-18,100000000.0
1998-08-19,100000000.0
1998-08-20,100000000.0
1998-08-21,100000000.0
1998-08-24,100000000.0
1998-08-25,100000000.0
1998-08-26,100000000.0
1998-08-27,100000000.0
1998-08-28,100000000.0
1998-08-31,100000000.0
1998-09-01,100000000.0
1998-09-02,100000000.0
1998-09-03,100000000.0
1998-09-04,100000000.0
1998-09-08,100000000.0
1998-09-09,100000000.0
1998-09-10,100000000.0
1998-09-11,100000000.0
1998-09-14,100000000.0
1998-09-15,100000000.0
1998-09-16,100000000.0
1998-09-17,100000000.0
1998-09-18,100000000.0
1998-09-21,100000000.0
1998-09-22,100000000.0
1998-09-23,100000000.0
1998-09-24,100000000.0
1998-09-25,100000000.0
1998-09-28,100000000.0
1998-09-29,100000000.0
1998-09-30,100000000.0
1998-10-01,100000000.0
1998-10-02,100000000.0
1998-10-05,100000000.0
1998-10-06,100000000.0
1998-10-07,100000000.0
1998-10-08,100000000.0
1998-10-09,100000000.0
1998-10-12,100000000.0
1998-10-13,100000000.0
1998-10-14,100000000.0
1998-10-15,100000000.0
1998-10-16,100000000.0
1998-10-19,100000000.0
1998-10-20,100000000.0
1998-10-21,100000000.0
1998-10-22,100000000.0
1998-10-23,100000000.0
1998-10-26,100000000.0
1998-10-27,100000000.0
1998-10-28,100000000.0
1998-10-29,100000000.0
1998-10-30,100000000.0
1998-11-02,100000000.0
1998-11-03,100000000.0
1998-11-04,100000000.0
1998-11-05,100000000.0
1998-11-06,100000000.0
1998-11-09,100000000.0
1998-11-10,100000000.0
1998-11-11,100000000.0
1998-11-12,100000000.0
1998-11-13,100000000.0
1998-11-16,100000000.0
1998-11-17,100000000.0
1998-11-18,100000000.0
1998-11-19,100000000.0
1998-11-20,100000000.0
1998-11-23,100000000.0
1998-11-24,100000000.0
1998-11-25,100000000.0
1998-11-27,100000000.0
1998-11-30,100000000.0
1998-12-01,100000000.0
1998-12-02,100000000.0
1998-12-03,100000000.0
1998-12-04,100000000.0
1998-12-07,100000000.0
1998-12-08,100000000.0
1998-12-09,100000000.0
1998-12-10,100000000.0
1998-12-11,100000000.0
1998-12-14,100000000.0
1998-12-15,100000000.0
1998-12-16,100000000.0
1998-12-17,100000000.0
1998-12-18,100000000.0
1998-12-21,100000000.0
1998-12-22,100000000.0
1998-12-23,100000000.0
1998-12-24,100000000.0
1998-12-28,100000000.0
1998-12-29,100000000.0
1998-12-30,100000000.0
1998-12-31,100000000.0
1999-01-04,100000000.0
1999-01-05,100000000.0
1999-01-06,100000000.0
1999-01-07,100000000.0
1999-01-08,100000000.0
1999-01-11,100000000.0
1999-01-12,100000000.0
1999-01-13,100000000.0
1999-01-14,100000000.0
1999-01-15,100000000.0
1999-01-19,100000000.0
1999-01-20,100000000.0
1999-01-21,100000000.0
1999-01-22,100000000.0
1999-01-25,100000000.0
1999-01-26,100000000.0
1999-01-27,100000000.0
1999-01-28,100000000.0
1999-01-29,100000000.0
1999-02-01,100000000.0
1999-02-02,100000000.0
1999-02-03,100000000.0
1999-02-04,100000000.0
1999-02-05,100000000.0
1999-02-08,100000000.0
1999-02-09,100000000.0
1999-02-10,100000000.0
1999-02-11,100000000.0
1999-02-12,100000000.0
1999-02-16,100000000.0
1999-02-17,100000000.0
1999-02-18,100000000.0
1999-02-19,100000000.0
1999-02-22,100000000.0
1999-02-23,100000000.0
1999-02-24,100000000.0
1999-02-25,100000000.0
1999-02-26,100000000.0
1999-03-01,100000000.0
1999-03-02,100000000.0
1999-03-03,100000000.0
1999-03-04,100000000.0
1999-03-05,100000000.0
1999-03-08,100000000.0
1999-03-09,100000000.0
1999-03-10,100000000.0
1999-03-11,100000000.0
1999-03-12,100000000.0
1999-03-15,100000000.0
1999-03-16,100000000.0
1999-03-17,100000000.0
1999-03-18,100000000.0
1999-03-19,100000000.0
1999-03-22,100000000.0
1999-03-23,100000000.0
1999-03-24,100000000.0
1999-03-25,100000000.0
1999-03-26,100000000.0
1999-03-29,100000000.0
1999-03-30,100000000.0
1999-03-31,100000000.0
1999-04-01,100000000.0
1999-04-05,100000000.0
1999-04-06,100000000.0
1999-04-07,100000000.0
1999-04-08,100000000.0
1999-04-09,100000000.0
1999-04-12,100000000.0
1999-04-13,100000000.0
1999-04-14,100000000.0
1999-04-15,100000000.0
1999-04-16,100000000.0
1999-04-19,100000000.0
1999-04-20,100000000.0
1999-04-21,100000000.0
1999-04-22,100000000.0
1999-04-23,100000000.0
1999-04-26,100000000.0
1999-04-27,100000000.0
1999-04-28,100000000.0
1999-04-29,100000000.0
1999-04-30,100000000.0
1999-05-03,100000000.0
1999-05-04,100000000.0
1999-05-05,100000000.0
1999-05-06,100000000.0
1999-05-07,100000000.0
1999-05-10,100000000.0
1999-05-11,100000000.0
1999-05-12,100000000.0
1999-05-13,100000000.0
1999-05-14,100000000.0
1999-05-17,100000000.0
1999-05-18,100000000.0
1999-05-19,100000000.0
1999-05-20,100000000.0
1999-05-21,100000000.0
1999-05-24,100000000.0
1999-05-25,100000000.0
1999-05-26,100000000.0
1999-05-27,100000000.0
1999-05-28,100000000.0
1999-06-01,100000000.0
1999-06-02,100000000.0
1999-06-03,100000000.0
1999-06-04,100000000.0
1999-06-07,100000000.0
1999-06-08,100000000.0
1999-06-09,100000000.0
1999-06-10,100000000.0
1999-06-11,100000000.0
1999-06-14,100000000.0
1999-06-15,100000000.0
1999-06-16,100000000.0
1999-06-17,100000000.0
1999-06-18,100000000.0
1999-06-21,100000000.0
1999-06-22,100000000.0
1999-06-23,100000000.0
1999-06-24,100000000.0
1999-06-25,100000000.0
1999-06-28,100000000.0
1999-06-29,100000000.0
1999-06-30,100000000.0
1999-07-01,100000000.0
1999-07-02,100000000.0
1999-07-06,100000000.0
1999-07-07,100000000.0
1999-07-08,100000000.0
1999-07-09,100000000.0
1999-07-12,100000000.0
1999-07-13,100000000.0
1999-07-14,100000000.0
1999-07-15,100000000.0
1999-07-16,100000000.0
1999-07-19,100000000.0
1999-07-20,100000000.0
1999-07-21,100000000.0
1999-07-22,100000000.0
1999-07-23,100000000.0
1999-07-26,100000000.0
1999-07-27,100000000.0
1999-07-28,100000000.0
1999-07-29,100000000.0
1999-07-30,100000000.0
1999-08-02,100000000.0
1999-08-03,100000000.0
1999-08-04,100000000.0
1999-08-05,100000000.0
1999-08-06,100000000.0
1999-08-09,100000000.0
1999-08-10,100000000.0
1999-08-11,100000000.0
1999-08-12,100000000.0
1999-08-13,100000000.0
1999-08-16,100000000.0
1999-08-17,100000000.0
1999-08-18,100000000.0
1999-08-19,100000000.0
1999-08-20,100000000.0
1999-08-23,100000000.0
1999-08-24,100000000.0
1999-08-25,100000000.0
1999-08-26,100000000.0
1999-08-27,100000000.0
1999-08-30,100000000.0
1999-08-31,100000000.0
1999-09-01,100000000.0
1999-09-02,100000000.0
1999-09-03,100000000.0
1999-09-07,100000000.0
1999-09-08,100000000.0
1999-09-09,100000000.0
1999-09-10,100000000.0
1999-09-13,100000000.0
1999-09-14,100000000.0
1999-09-15,100000000.0
1999-09-16,100000000.0
1999-09-17,100000000.0
1999-09-20,100000000.0
1999-09-21,100000000.0
1999-09-22,100000000.0
1999-09-23,100000000.0
1999-09-24,100000000.0
1999-09-27,100000000.0
1999-09-28,100000000.0
1999-09-29,100000000.0
1999-09-30,100000000.0
1999-10-01,100000000.0
1999-10-04,100000000.0
1999-10-05,100000000.0
1999-10-06,100000000.0
1999-10-07,100000000.0
1999-10-08,100000000.0
1999-10-11,100000000.0
1999-10-12,100000000.0
1999-10-13,100000000.0
1999-10-14,100000000.0
1999-10-15,100000000.0
1999-10-18,100000000.0
1999-10-19,100000000.0
1999-10-20,100000000.0
1999-10-21,100000000.0
1999-10-22,100000000.0
1999-10-25,100000000.0
1999-10-26,100000000.0
1999-10-27,100000000.0
1999-10-28,100000000.0
1999-10-29,100000000.0
1999-11-01,100000000.0
1999-11-02,100000000.0
1999-11-03,100000000.0
1999-11-04,100000000.0
1999-11-05,100000000.0
1999-11-08,100000000.0
1999-11-09,100000000.0
1999-11-10,100000000.0
1999-11-11,100000000.0
1999-11-12,100000000.0
1999-11-15,100000000.0
1999-11-16,100000000.0
1999-11-17,100000000.0
1999-11-18,100000000.0
1999-11-19,100000000.0
1999-11-22,100000000.0
1999-11-23,100000000.0
1999-11-24,100000000.0
1999-11-26,100000000.0
1999-11-29,100000000.0
1999-11-30,100000000.0
1999-12-01,100000000.0
1999-12-02,100000000.0
1999-12-03,100000000.0
1999-12-06,100000000.0
1999-12-07,100000000.0
1999-12-08,100000000.0
1999-12-09,100000000.0
1999-12-10,100000000.0
1999-12-13,100000000.0
1999-12-14,100000000.0
1999-12-15,100000000.0
1999-12-16,100000000.0
1999-12-17,100000000.0
1999-12-20,100000000.0
1999-12-21,100000000.0
1999-12-22,100000000.0
1999-12-23,100000000.0
1999-12-27,100000000.0
1999-12-28,100000000.0
1999-12-29,100000000.0
1999-12-30,100000000.0
1999-12-31,100000000.0
2000-01-03,100000000.0
2000-01-04,100000000.0
2000-01-05,100000000.0
2000-01-06,100000000.0
2000-01-07,100000000.0
2000-01-10,100000000.0
2000-01-11,100000000.0
2000-01-12,100000000.0
2000-01-13,100000000.0
2000-01-14,100000000.0
2000-01-18,100000000.0
2000-01-19,100000000.0
2000-01-20,100000000.0
2000-01-21,100000000.0
2000-01-24,100000000.0
2000-01-25,100000000.0
2000-01-26,100000000.0
2000-01-27,100000000.0
2000-01-28,100000000.0
2000-01-31,100000000.0
2000-02-01,100000000.0
2000-02-02,100000000.0
2000-02-03,100000000.0
2000-02-04,100000000.0
2000-02-07,100000000.0
2000-02-08,100000000.0
2000-02-09,100000000.0
2000-02-10,100000000.0
2000-02-11,100000000.0
2000-02-14,100000000.0
2000-02-15,100000000.0
2000-02-16,100000000.0
2000-02-17,100000000.0
2000-02-18,100000000.0
2000-02-22,100000000.0
2000-02-23,100000000.0
2000-02-24,100000000.0
2000-02-25,100000000.0
2000-02-28,100000000.0
2000-02-29,100000000.0
2000-03-01,100000000.0
2000-03-02,100000000.0
2000-03-03,100000000.0
2000-03-06,100000000.0
2000-03-07,100000000.0
2000-03-08,100000000.0
2000-03-09,100000000.0
2000-03-10,100000000.0
2000-03-13,100000000.0
2000-03-14,100000000.0
2000-03-15,100000000.0
2000-03-16,100000000.0
2000-03-17,100000000.0
2000-03-20,100000000.0
2000-03-21,100000000.0
2000-03-22,100000000.0
2000-03-23,100000000.0
2000-03-24,100000000.0
2000-03-27,100000000.0
2000-03-28,100000000.0
2000-03-29,100000000.0
2000-03-30,100000000.0
2000-03-31,100000000.0
2000-04-03,100000000.0
2000-04-04,100000000.0
2000-04-05,100000000.0
2000-04-06,100000000.0
2000-04-07,100000000.0
2000-04-10,100000000.0
2000-04-11,100000000.0
2000-04-12,100000000.0
2000-04-13,100000000.0
2000-04-14,100000000.0
2000-04-17,100000000.0
2000-04-18,100000000.0
2000-04-19,100000000.0
2000-04-20,100000000.0
2000-04-24,100000000.0
2000-04-25,100000000.0
2000-04-26,100000000.0
2000-04-27,100000000.0
2000-04-28,100000000.0
2000-05-01,100000000.0
2000-05-02,100000000.0
2000-05-03,100000000.0
2000-05-04,100000000.0
2000-05-05,100000000.0
2000-05-08,100000000.0
2000-05-09,100000000.0
2000-05-10,100000000.0
2000-05-11,100000000.0
2000-05-12,100000000.0
2000-05-15,100000000.0
2000-05-16,100000000.0
2000-05-17,100000000.0
2000-05-18,100000000.0
2000-05-19,100000000.0
2000-05-22,100000000.0
2000-05-23,100000000.0
2000-05-24,100000000.0
2000-05-25,100000000.0
2000-05-26,100000000.0
2000-05-30,100000000.0
2000-05-31,100000000.0
2000-06-01,100000000.0
2000-06-02,100000000.0
2000-06-05,100000000.0
2000-06-06,100000000.0
2000-06-07,100000000.0
2000-06-08,100000000.0
2000-06-09,100000000.0
2000-06-12,100000000.0
2000-06-13,100000000.0
2000-06-14,100000000.0
2000-06-15,100000000.0
2000-06-16,100000000.0
2000-06-19,100000000.0
2000-06-20,100000000.0
2000-06-21,100000000.0
2000-06-22,100000000.0
2000-06-23,100000000.0
2000-06-26,100000000.0
2000-06-27,100000000.0
2000-06-28,100000000.0
2000-06-29,100000000.0
2000-06-30,100000000.0
2000-07-03,100000000.0
2000-07-05,100000000.0
2000-07-06,100000000.0
2000-07-07,100000000.0
2000-07-10,100000000.0
2000-07-11,100000000.0
2000-07-12,100000000.0
2000-07-13,100000000.0
2000-07-14,100000000.0
2000-07-17,100000000.0
2000-07-18,100000000.0
2000-07-19,100000000.0
2000-07-20,100000000.0
2000-07-21,100000000.0
2000-07-24,100000000.0
2000-07-25,100000000.0
2000-07-26,100000000.0
2000-07-27,100000000.0
2000-07-28,100000000.0
2000-07-31,100000000.0
2000-08-01,100000000.0
2000-08-02,100000000.0
2000-08-03,100000000.0
2000-08-04,100000000.0
2000-08-07,100000000.0
2000-08-08,100000000.0
2000-08-09,100000000.0
2000-08-10,100000000.0
2000-08-11,100000000.0
2000-08-14,100000000.0
2000-08-15,100000000.0
2000-08-16,100000000.0
2000-08-17,100000000.0
2000-08-18,100000000.0
2000-08-21,100000000.0
2000-08-22,100000000.0
2000-08-23,100000000.0
2000-08-24,100000000.0
2000-08-25,100000000.0
2000-08-28,100000000.0
2000-08-29,100000000.0
2000-08-30,100000000.0
2000-08-31,100000000.0
2000-09-01,100000000.0
2000-09-05,100000000.0
2000-09-06,100000000.0
2000-09-07,100000000.0
2000-09-08,100000000.0
2000-09-11,100000000.0
2000-09-12,100000000.0
2000-09-13,100000000.0
2000-09-14,100000000.0
2000-09-15,100000000.0
2000-09-18,100000000.0
2000-09-19,100000000.0
2000-09-20,100000000.0
2000-09-21,100000000.0
2000-09-22,100000000.0
2000-09-25,100000000.0
2000-09-26,100000000.0
2000-09-27,100000000.0
2000-09-28,100000000.0
2000-09-29,100000000.0
2000-10-02,100000000.0
2000-10-03,100000000.0
2000-10-04,100000000.0
2000-10-05,100000000.0
2000-10-06,100000000.0
2000-10-09,100000000.0
2000-10-10,100000000.0
2000-10-11,100000000.0
2000-10-12,100000000.0
2000-10-13,100000000.0
2000-10-16,100000000.0
2000-10-17,100000000.0
2000-10-18,100000000.0
2000-10-19,100000000.0
2000-10-20,100000000.0
2000-10-23,100000000.0
2000-10-24,100000000.0
2000-10-25,100000000.0
2000-10-26,100000000.0
2000-10-27,100000000.0
2000-10-30,100000000.0
2000-10-31,100000000.0
2000-11-01,100000000.0
2000-11-02,100000000.0
2000-11-03,100000000.0
2000-11-06,100000000.0
2000-11-07,100000000.0
2000-11-08,100000000.0
2000-11-09,100000000.0
2000-11-10,100000000.0
2000-11-13,100000000.0
2000-11-14,100000000.0
2000-11-15,100000000.0
2000-11-16,100000000.0
2000-11-17,100000000.0
2000-11-20,100000000.0
2000-11-21,100000000.0
2000-11-22,100000000.0
2000-11-24,100000000.0
2000-11-27,100000000.0
2000-11-28,100000000.0
2000-11-29,100000000.0
2000-11-30,100000000.0
2000-12-01,100000000.0
2000-12-04,100000000.0
2000-12-05,100000000.0
2000-12-06,100000000.0
2000-12-07,100000000.0
2000-12-08,100000000.0
2000-12-11,100000000.0
2000-12-12,100000000.0
2000-12-13,100000000.0
2000-12-14,100000000.0
2000-12-15,100000000.0
2000-12-18,100000000.0
2000-12-19,100000000.0
2000-12-20,100000000.0
2000-12-21,100000000.0
2000-12-22,100000000.0
2000-12-26,100000000.0
2000-12-27,100000000.0
2000-12-28,100000000.0
2000-12-29,100000000.0
2001-01-02,100000000.0
2001-01-03,100000000.0
2001-01-04,100000000.0
2001-01-05,100000000.0
2001-01-08,100000000.0
2001-01-09,100000000.0
2001-01-10,100000000.0
2001-01-11,100000000.0
2001-01-12,100000000.0
2001-01-16,100000000.0
2001-01-17,100000000.0
2001-01-18,100000000.0
2001-01-19,100000000.0
2001-01-22,100000000.0
2001-01-23,100000000.0
2001-01-24,100000000.0
2001-01-25,100000000.0
2001-01-26,100000000.0
2001-01-29,100000000.0
2001-01-30,100000000.0
2001-01-31,100000000.0
2001-02-01,100000000.0
2001-02-02,100000000.0
2001-02-05,100000000.0
2001-02-06,100000000.0
2001-02-07,100000000.0
2001-02-08,100000000.0
2001-02-09,100000000.0
2001-02-12,100000000.0
2001-02-13,100000000.0
2001-02-14,100000000.0
2001-02-15,100000000.0
2001-02-16,100000000.0
2001-02-20,100000000.0
2001-02-21,100000000.0
2001-02-22,100000000.0
2001-02-23,100000000.0
2001-02-26,100000000.0
2001-02-27,100000000.0
2001-02-28,100000000.0
2001-03-01,100000000.0
2001-03-02,100000000.0
2001-03-05,100000000.0
2001-03-06,100000000.0
2001-03-07,100000000.0
2001-03-08,100000000.0
2001-03-09,100000000.0
2001-03-12,100000000.0
2001-03-13,100000000.0
2001-03-14,100000000.0
2001-03-15,100000000.0
2001-03-16,100000000.0
2001-03-19,100000000.0
2001-03-20,100000000.0
2001-03-21,100000000.0
2001-03-22,100000000.0
2001-03-23,100000000.0
2001-03-26,100000000.0
2001-03-27,100000000.0
2001-03-28,100000000.0
2001-03-29,100000000.0
2001-03-30,100000000.0
2001-04-02,100000000.0
2001-04-03,100000000.0
2001-04-04,100000000.0
2001-04-05,100000000.0
2001-04-06,100000000.0
2001-04-09,100000000.0
2001-04-10,100000000.0
2001-04-11,100000000.0
2001-04-12,100000000.0
2001-04-16,100000000.0
2001-04-17,100000000.0
2001-04-18,100000000.0
2001-04-19,100000000.0
2001-04-20,100000000.0
2001-04-23,100000000.0
2001-04-24,100000000.0
2001-04-25,100000000.0
2001-04-26,100000000.0
2001-04-27,100000000.0
2001-04-30,100000000.0
2001-05-01,100000000.0
2001-05-02,100000000.0
2001-05-03,100000000.0
2001-05-04,100000000.0
2001-05-07,100000000.0
2001-05-08,100000000.0
2001-05-09,100000000.0
2001-05-10,100000000.0
2001-05-11,100000000.0
2001-05-14,100000000.0
2001-05-15,100000000.0
2001-05-16,100000000.0
2001-05-17,100000000.0
2001-05-18,100000000.0
2001-05-21,100000000.0
2001-05-22,100000000.0
2001-05-23,100000000.0
2001-05-24,100000000.0
2001-05-25,100000000.0
2001-05-29,100000000.0
2001-05-30,100000000.0
2001-05-31,100000000.0
2001-06-01,100000000.0
2001-06-04,100000000.0
2001-06-05,100000000.0
2001-06-06,100000000.0
2001-06-07,100000000.0
2001-06-08,100000000.0
2001-06-11,100000000.0
2001-06-12,100000000.0
2001-06-13,100000000.0
2001-06-14,100000000.0
2001-06-15,100000000.0
2001-06-18,100000000.0
2001-06-19,100000000.0
2001-06-20,100000000.0
2001-06-21,100000000.0
2001-06-22,100000000.0
2001-06-25,100000000.0
2001-06-26,100000000.0
2001-06-27,100000000.0
2001-06-28,100000000.0
2001-06-29,100000000.0
2001-07-02,100000000.0
2001-07-03,100000000.0
2001-07-05,100000000.0
2001-07-06,100000000.0
2001-07-09,100000000.0
2001-07-10,100000000.0
2001-07-11,100000000.0
2001-07-12,100000000.0
2001-07-13,100000000.0
2001-07-16,100000000.0
2001-07-17,100000000.0
2001-07-18,100000000.0
2001-07-19,100000000.0
2001-07-20,100000000.0
2001-07-23,100000000.0
2001-07-24,100000000.0
2001-07-25,100000000.0
2001-07-26,100000000.0
2001-07-27,100000000.0
2001-07-30,100000000.0
2001-07-31,100000000.0
2001-08-01,100000000.0
2001-08-02,100000000.0
2001-08-03,100000000.0
2001-08-06,100000000.0
2001-08-07,100000000.0
2001-08-08,100000000.0
2001-08-09,100000000.0
2001-08-10,100000000.0
2001-08-13,100000000.0
2001-08-14,100000000.0
2001-08-15,100000000.0
2001-08-16,100000000.0
2001-08-17,100000000.0
2001-08-20,100000000.0
2001-08-21,100000000.0
2001-08-22,100000000.0
2001-08-23,100000000.0
2001-08-24,100000000.0
2001-08-27,100000000.0
2001-08-28,100000000.0
2001-08-29,100000000.0
2001-08-30,100000000.0
2001-08-31,100000000.0
2001-09-04,100000000.0
2001-09-05,100000000.0
2001-09-06,100000000.0
2001-09-07,100000000.0
2001-09-10,100000000.0
2001-09-17,100000000.0
2001-09-18,100000000.0
2001-09-19,100000000.0
2001-09-20,100000000.0
2001-09-21,100000000.0
2001-09-24,100000000.0
2001-09-25,100000000.0
2001-09-26,100000000.0
2001-09-27,100000000.0
2001-09-28,100000000.0
2001-10-01,100000000.0
2001-10-02,100000000.0
2001-10-03,100000000.0
2001-10-04,100000000.0
2001-10-05,100000000.0
2001-10-08,100000000.0
2001-10-09,100000000.0
2001-10-10,100000000.0
2001-10-11,100000000.0
2001-10-12,100000000.0
2001-10-15,100000000.0
2001-10-16,100000000.0
2001-10-17,100000000.0
2001-10-18,100000000.0
2001-10-19,100000000.0
2001-10-22,100000000.0
2001-10-23,100000000.0
2001-10-24,100000000.0
2001-10-25,100000000.0
2001-10-26,100000000.0
2001-10-29,100000000.0
2001-10-30,100000000.0
2001-10-31,100000000.0
2001-11-01,100000000.0
2001-11-02,100000000.0
2001-11-05,100000000.0
2001-11-06,100000000.0
2001-11-07,100000000.0
2001-11-08,100000000.0
2001-11-09,100000000.0
2001-11-12,100000000.0
2001-11-13,100000000.0
2001-11-14,100000000.0
2001-11-15,100000000.0
2001-11-16,100000000.0
2001-11-19,100000000.0
2001-11-20,100000000.0
2001-11-21,100000000.0
2001-11-23,100000000.0
2001-11-26,100000000.0
2001-11-27,100000000.0
2001-11-28,100000000.0
2001-11-29,100000000.0
2001-11-30,100000000.0
2001-12-03,100000000.0
2001-12-04,100000000.0
2001-12-05,100000000.0
2001-12-06,100000000.0
2001-12-07,100000000.0
2001-12-10,100000000.0
2001-12-11,100000000.0
2001-12-12,100000000.0
2001-12-13,100000000.0
2001-12-14,100000000.0
2001-12-17,100000000.0
2001-12-18,100000000.0
2001-12-19,100000000.0
2001-12-20,100000000.0
2001-12-21,100000000.0
2001-12-24,100000000.0
2001-12-26,100000000.0
2001-12-27,100000000.0
2001-12-28,100000000.0
2001-12-31,100000000.0
2002-01-02,100000000.0
2002-01-03,100000000.0
2002-01-04,100000000.0
2002-01-07,100000000.0
2002-01-08,100000000.0
2002-01-09,100000000.0
2002-01-10,100000000.0
2002-01-11,100000000.0
2002-01-14,100000000.0
2002-01-15,100000000.0
2002-01-16,100000000.0
2002-01-17,100000000.0
2002-01-18,100000000.0
2002-01-22,100000000.0
2002-01-23,100000000.0
2002-01-24,100000000.0
2002-01-25,100000000.0
2002-01-28,100000000.0
2002-01-29,100000000.0
2002-01-30,100000000.0
2002-01-31,100000000.0
2002-02-01,100000000.0
2002-02-04,100000000.0
2002-02-05,100000000.0
2002-02-06,100000000.0
2002-02-07,100000000.0
2002-02-08,100000000.0
2002-02-11,100000000.0
2002-02-12,100000000.0
2002-02-13,100000000.0
2002-02-14,100000000.0
2002-02-15,100000000.0
2002-02-19,100000000.0
2002-02-20,100000000.0
2002-02-21,100000000.0
2002-02-22,100000000.0
2002-02-25,100000000.0
2002-02-26,100000000.0
2002-02-27,100000000.0
2002-02-28,100000000.0
2002-03-01,100000000.0
2002-03-04,100000000.0
2002-03-05,100000000.0
2002-03-06,100000000.0
2002-03-07,100000000.0
2002-03-08,100000000.0
2002-03-11,100000000.0
2002-03-12,100000000.0
2002-03-13,100000000.0
2002-03-14,100000000.0
2002-03-15,100000000.0
2002-03-18,100000000.0
2002-03-19,100000000.0
2002-03-20,100000000.0
2002-03-21,100000000.0
2002-03-22,100000000.0
2002-03-25,100000000.0
2002-03-26,100000000.0
2002-03-27,100000000.0
2002-03-28,100000000.0
2002-04-01,100000000.0
2002-04-02,100000000.0
2002-04-03,100000000.0
2002-04-04,100000000.0
2002-04-05,100000000.0
2002-04-08,100000000.0
2002-04-09,100000000.0
2002-04-10,100000000.0
2002-04-11,100000000.0
2002-04-12,100000000.0
2002-04-15,100000000.0
2002-04-16,100000000.0
2002-04-17,100000000.0
2002-04-18,100000000.0
2002-04-19,100000000.0
2002-04-22,100000000.0
2002-04-23,100000000.0
2002-04-24,100000000.0
2002-04-25,100000000.0
2002-04-26,100000000.0
2002-04-29,100000000.0
2002-04-30,100000000.0
2002-05-01,100000000.0
2002-05-02,100000000.0
2002-05-03,100000000.0
2002-05-06,100000000.0
2002-05-07,100000000.0
2002-05-08,100000000.0
2002-05-09,100000000.0
2002-05-10,100000000.0
2002-05-13,100000000.0
2002-05-14,100000000.0
2002-05-15,100000000.0
2002-05-16,100000000.0
2002-05-17,100000000.0
2002-05-20,100000000.0
2002-05-21,100000000.0
2002-05-22,100000000.0
2002-05-23,100000000.0
2002-05-24,100000000.0
2002-05-28,100000000.0
2002-05-29,100000000.0
2002-05-30,100000000.0
2002-05-31,100000000.0
2002-06-03,100000000.0
2002-06-04,100000000.0
2002-06-05,100000000.0
2002-06-06,100000000.0
2002-06-07,100000000.0
2002-06-10,100000000.0
2002-06-11,100000000.0
2002-06-12,100000000.0
2002-06-13,100000000.0
2002-06-14,100000000.0
2002-06-17,100000000.0
2002-06-18,100000000.0
2002-06-19,100000000.0
2002-06-20,100000000.0
2002-06-21,100000000.0
2002-06-24,100000000.0
2002-06-25,100000000.0
2002-06-26,100000000.0
2002-06-27,100000000.0
2002-06-28,100000000.0
2002-07-01,100000000.0
2002-07-02,100000000.0
2002-07-03,100000000.0
2002-07-05,100000000.0
2002-07-08,100000000.0
2002-07-09,100000000.0
2002-07-10,100000000.0
2002-07-11,100000000.0
2002-07-12,100000000.0
2002-07-15,100000000.0
2002-07-16,100000000.0
2002-07-17,100000000.0
2002-07-18,100000000.0
2002-07-19,100000000.0
2002-07-22,100000000.0
2002-07-23,100000000.0
2002-07-24,100000000.0
2002-07-25,100000000.0
2002-07-26,100000000.0
2002-07-29,100000000.0
2002-07-30,100000000.0
2002-07-31,100000000.0
2002-08-01,100000000.0
2002-08-02,100000000.0
2002-08-05,100000000.0
2002-08-06,100000000.0
2002-08-07,100000000.0
2002-08-08,100000000.0
2002-08-09,100000000.0
2002-08-12,100000000.0
2002-08-13,100000000.0
2002-08-14,100000000.0
2002-08-15,100000000.0
2002-08-16,100000000.0
2002-08-19,100000000.0
2002-08-20,100000000.0
2002-08-21,100000000.0
2002-08-22,100000000.0
2002-08-23,100000000.0
2002-08-26,100000000.0
2002-08-27,100000000.0
2002-08-28,100000000.0
2002-08-29,100000000.0
2002-08-30,100000000.0
2002-09-03,100000000.0
2002-09-04,100000000.0
2002-09-05,100000000.0
2002-09-06,100000000.0
2002-09-09,100000000.0
2002-09-10,100000000.0
2002-09-11,100000000.0
2002-09-12,100000000.0
2002-09-13,100000000.0
2002-09-16,100000000.0
2002-09-17,100000000.0
2002-09-18,100000000.0
2002-09-19,100000000.0
2002-09-20,100000000.0
2002-09-23,100000000.0
2002-09-24,100000000.0
2002-09-25,100000000.0
2002-09-26,100000000.0
2002-09-27,100000000.0
2002-09-30,100000000.0
2002-10-01,100000000.0
2002-10-02,100000000.0
2002-10-03,100000000.0
2002-10-04,100000000.0
2002-10-07,100000000.0
2002-10-08,100000000.0
2002-10-09,100000000.0
2002-10-10,100000000.0
2002-10-11,100000000.0
2002-10-14,100000000.0
2002-10-15,100000000.0
2002-10-16,100000000.0
2002-10-17,100000000.0
2002-10-18,100000000.0
2002-10-21,100000000.0
2002-10-22,100000000.0
2002-10-23,100000000.0
2002-10-24,100000000.0
2002-10-25,100000000.0
2002-10-28,100000000.0
2002-10-29,100000000.0
2002-10-30,100000000.0
2002-10-31,100000000.0
2002-11-01,100000000.0
2002-11-04,100000000.0
2002-11-05,100000000.0
2002-11-06,100000000.0
2002-11-07,100000000.0
2002-11-08,100000000.0
2002-11-11,100000000.0
2002-11-12,100000000.0
2002-11-13,100000000.0
2002-11-14,100000000.0
2002-11-15,100000000.0
2002-11-18,100000000.0
2002-11-19,100000000.0
2002-11-20,100000000.0
2002-11-21,100000000.0
2002-11-22,100000000.0
2002-11-25,100000000.0
2002-11-26,100000000.0
2002-11-27,100000000.0
2002-11-29,100000000.0
2002-12-02,100000000.0
2002-12-03,100000000.0
2002-12-04,100000000.0
2002-12-05,100000000.0
2002-12-06,100000000.0
2002-12-09,100000000.0
2002-12-10,100000000.0
2002-12-11,100000000.0
2002-12-12,100000000.0
2002-12-13,100000000.0
2002-12-16,100000000.0
2002-12-17,100000000.0
2002-12-18,100000000.0
2002-12-19,100000000.0
2002-12-20,100000000.0
2002-12-23,100000000.0
2002-12-24,100000000.0
2002-12-26,100000000.0
2002-12-27,100000000.0
2002-12-30,100000000.0
2002-12-31,100000000.0
2003-01-02,100000000.0
2003-01-03,100000000.0
2003-01-06,100000000.0
2003-01-07,100000000.0
2003-01-08,100000000.0
2003-01-09,100000000.0
2003-01-10,100000000.0
2003-01-13,100000000.0
2003-01-14,100000000.0
2003-01-15,100000000.0
2003-01-16,100000000.0
2003-01-17,100000000.0
2003-01-21,100000000.0
2003-01-22,100000000.0
2003-01-23,100000000.0
2003-01-24,100000000.0
2003-01-27,100000000.0
2003-01-28,100000000.0
2003-01-29,100000000.0
2003-01-30,100000000.0
2003-01-31,100000000.0
2003-02-03,100000000.0
2003-02-04,100000000.0
2003-02-05,100000000.0
2003-02-06,100000000.0
2003-02-07,100000000.0
2003-02-10,100000000.0
2003-02-11,100000000.0
2003-02-12,100000000.0
2003-02-13,100000000.0
2003-02-14,100000000.0
2003-02-18,100000000.0
2003-02-19,100000000.0
2003-02-20,100000000.0
2003-02-21,100000000.0
2003-02-24,100000000.0
2003-02-25,100000000.0
2003-02-26,100000000.0
2003-02-27,100000000.0
2003-02-28,100000000.0
2003-03-03,100000000.0
2003-03-04,100000000.0
2003-03-05,100000000.0
2003-03-06,100000000.0
2003-03-07,100000000.0
2003-03-10,100000000.0
2003-03-11,100000000.0
2003-03-12,100000000.0
2003-03-13,100000000.0
2003-03-14,100000000.0
2003-03-17,100000000.0
2003-03-18,100000000.0
2003-03-19,100000000.0
2003-03-20,100000000.0
2003-03-21,100000000.0
2003-03-24,100000000.0
2003-03-25,100000000.0
2003-03-26,100000000.0
2003-03-27,100000000.0
2003-03-28,100000000.0
2003-03-31,100000000.0
2003-04-01,100000000.0
2003-04-02,100000000.0
2003-04-03,100000000.0
2003-04-04,100000000.0
2003-04-07,100000000.0
2003-04-08,100000000.0
2003-04-09,100000000.0
2003-04-10,100000000.0
2003-04-11,100000000.0
2003-04-14,100000000.0
2003-04-15,100000000.0
2003-04-16,100000000.0
2003-04-17,100000000.0
2003-04-21,100000000.0
2003-04-22,100000000.0
2003-04-23,100000000.0
2003-04-24,100000000.0
2003-04-25,100000000.0
2003-04-28,100000000.0
2003-04-29,100000000.0
2003-04-30,100000000.0
2003-05-01,100000000.0
2003-05-02,100000000.0
2003-05-05,100000000.0
2003-05-06,100000000.0
2003-05-07,100000000.0
2003-05-08,100000000.0
2003-05-09,100000000.0
2003-05-12,100000000.0
2003-05-13,100000000.0
2003-05-14,100000000.0
2003-05-15,100000000.0
2003-05-16,100000000.0
2003-05-19,100000000.0
2003-05-20,100000000.0
2003-05-21,100000000.0
2003-05-22,100000000.0
2003-05-23,100000000.0
2003-05-27,100000000.0
2003-05-28,100000000.0
2003-05-29,100000000.0
2003-05-30,100000000.0
2003-06-02,100000000.0
2003-06-03,100000000.0
2003-06-04,100000000.0
2003-06-05,100000000.0
2003-06-06,100000000.0
2003-06-09,100000000.0
2003-06-10,100000000.0
2003-06-11,100000000.0
2003-06-12,100000000.0
2003-06-13,100000000.0
2003-06-16,100000000.0
2003-06-17,100000000.0
2003-06-18,100000000.0
2003-06-19,100000000.0
2003-06-20,100000000.0
2003-06-23,100000000.0
2003-06-24,100000000.0
2003-06-25,100000000.0
2003-06-26,100000000.0
2003-06-27,100000000.0
2003-06-30,100000000.0
2003-07-01,100000000.0
2003-07-02,100000000.0
2003-07-03,100000000.0
2003-07-07,100000000.0
2003-07-08,100000000.0
2003-07-09,100000000.0
2003-07-10,100000000.0
2003-07-11,100000000.0
2003-07-14,100000000.0
2003-07-15,100000000.0
2003-07-16,100000000.0
2003-07-17,100000000.0
2003-07-18,100000000.0
2003-07-21,100000000.0
2003-07-22,100000000.0
2003-07-23,100000000.0
2003-07-24,100000000.0
2003-07-25,100000000.0
2003-07-28,100000000.0
2003-07-29,100000000.0
2003-07-30,100000000.0
2003-07-31,100000000.0
2003-08-01,100000000.0
2003-08-04,100000000.0
2003-08-05,100000000.0
2003-08-06,100000000.0
2003-08-07,100000000.0
2003-08-08,100000000.0
2003-08-11,100000000.0
2003-08-12,100000000.0
2003-08-13,100000000.0
2003-08-14,100000000.0
2003-08-15,100000000.0
2003-08-18,100000000.0
2003-08-19,100000000.0
2003-08-20,100000000.0
2003-08-21,100000000.0
2003-08-22,100000000.0
2003-08-25,100000000.0
2003-08-26,100000000.0
2003-08-27,100000000.0
2003-08-28,100000000.0
2003-08-29,100000000.0
2003-09-02,100000000.0
2003-09-03,100000000.0
2003-09-04,100000000.0
2003-09-05,100000000.0
2003-09-08,100000000.0
2003-09-09,100000000.0
2003-09-10,100000000.0
2003-09-11,100000000.0
2003-09-12,100000000.0
2003-09-15,100000000.0
2003-09-16,100000000.0
2003-09-17,100000000.0
2003-09-18,100000000.0
2003-09-19,100000000.0
2003-09-22,100000000.0
2003-09-23,100000000.0
2003-09-24,100000000.0
2003-09-25,100000000.0
2003-09-26,100000000.0
2003-09-29,100000000.0
2003-09-30,100000000.0
2003-10-01,100000000.0
2003-10-02,100000000.0
2003-10-03,100000000.0
2003-10-06,100000000.0
2003-10-07,100000000.0
2003-10-08,100000000.0
2003-10-09,100000000.0
2003-10-10,100000000.0
2003-10-13,100000000.0
2003-10-14,100000000.0
2003-10-15,100000000.0
2003-10-16,100000000.0
2003-10-17,100000000.0
2003-10-20,100000000.0
2003-10-21,100000000.0
2003-10-22,100000000.0
2003-10-23,100000000.0
2003-10-24,100000000.0
2003-10-27,100000000.0
2003-10-28,100000000.0
2003-10-29,100000000.0
2003-10-30,100000000.0
2003-10-31,100000000.0
2003-11-03,100000000.0
2003-11-04,100000000.0
2003-11-05,100000000.0
2003-11-06,100000000.0
2003-11-07,100000000.0
2003-11-10,100000000.0
2003-11-11,100000000.0
2003-11-12,100000000.0
2003-11-13,100000000.0
2003-11-14,100000000.0
2003-11-17,100000000.0
2003-11-18,100000000.0
2003-11-19,100000000.0
2003-11-20,100000000.0
2003-11-21,100000000.0
2003-11-24,100000000.0
2003-11-25,100000000.0
2003-11-26,100000000.0
2003-11-28,100000000.0
2003-12-01,100000000.0
2003-12-02,100000000.0
2003-12-03,100000000.0
2003-12-04,100000000.0
2003-12-05,100000000.0
2003-12-08,100000000.0
2003-12-09,100000000.0
2003-12-10,100000000.0
2003-12-11,100000000.0
2003-12-12,100000000.0
2003-12-15,100000000.0
2003-12-16,100000000.0
2003-12-17,100000000.0
2003-12-18,100000000.0
2003-12-19,100000000.0
2003-12-22,100000000.0
2003-12-23,100000000.0
2003-12-24,100000000.0
2003-12-26,100000000.0
2003-12-29,100000000.0
2003-12-30,100000000.0
2003-12-31,100000000.0
2004-01-02,100000000.0
2004-01-05,100000000.0
2004-01-06,100000000.0
2004-01-07,100000000.0
2004-01-08,100000000.0
2004-01-09,100000000.0
2004-01-12,100000000.0
2004-01-13,100000000.0
2004-01-14,100000000.0
2004-01-15,100000000.0
2004-01-16,100000000.0
2004-01-20,100000000.0
2004-01-21,100000000.0
2004-01-22,100000000.0
2004-01-23,100000000.0
2004-01-26,100000000.0
2004-01-27,100000000.0
2004-01-28,100000000.0
2004-01-29,100000000.0
2004-01-30,100000000.0
2004-02-02,100000000.0
2004-02-03,100000000.0
2004-02-04,100000000.0
2004-02-05,100000000.0
2004-02-06,100000000.0
2004-02-09,100000000.0
2004-02-10,100000000.0
2004-02-11,100000000.0
2004-02-12,100000000.0
2004-02-13,100000000.0
2004-02-17,100000000.0
2004-02-18,100000000.0
2004-02-19,100000000.0
2004-02-20,100000000.0
2004-02-23,100000000.0
2004-02-24,100000000.0
2004-02-25,100000000.0
2004-02-26,100000000.0
2004-02-27,100000000.0
2004-03-01,100000000.0
2004-03-02,100000000.0
2004-03-03,100000000.0
2004-03-04,100000000.0
2004-03-05,100000000.0
2004-03-08,100000000.0
2004-03-09,100000000.0
2004-03-10,100000000.0
2004-03-11,100000000.0
2004-03-12,100000000.0
2004-03-15,100000000.0
2004-03-16,100000000.0
2004-03-17,100000000.0
2004-03-18,100000000.0
2004-03-19,100000000.0
2004-03-22,100000000.0
2004-03-23,100000000.0
2004-03-24,100000000.0
2004-03-25,100000000.0
2004-03-26,100000000.0
2004-03-29,100000000.0
2004-03-30,100000000.0
2004-03-31,100000000.0
2004-04-01,100000000.0
2004-04-02,100000000.0
2004-04-05,100000000.0
2004-04-06,100000000.0
2004-04-07,100000000.0
2004-04-08,100000000.0
2004-04-12,100000000.0
2004-04-13,100000000.0
2004-04-14,100000000.0
2004-04-15,100000000.0
2004-04-16,100000000.0
2004-04-19,100000000.0
2004-04-20,100000000.0
2004-04-21,100000000.0
2004-04-22,100000000.0
2004-04-23,100000000.0
2004-04-26,100000000.0
2004-04-27,100000000.0
2004-04-28,100000000.0
2004-04-29,100000000.0
2004-04-30,100000000.0
2004-05-03,100000000.0
2004-05-04,100000000.0
2004-05-05,100000000.0
2004-05-06,100000000.0
2004-05-07,100000000.0
2004-05-10,100000000.0
2004-05-11,100000000.0
2004-05-12,100000000.0
2004-05-13,100000000.0
2004-05-14,100000000.0
2004-05-17,100000000.0
2004-05-18,100000000.0
2004-05-19,100000000.0
2004-05-20,100000000.0
2004-05-21,100000000.0
2004-05-24,100000000.0
2004-05-25,100000000.0
2004-05-26,100000000.0
2004-05-27,100000000.0
2004-05-28,100000000.0
2004-06-01,100000000.0
2004-06-02,100000000.0
2004-06-03,100000000.0
2004-06-04,100000000.0
2004-06-07,100000000.0
2004-06-08,100000000.0
2004-06-09,100000000.0
2004-06-10,100000000.0
2004-06-14,100000000.0
2004-06-15,100000000.0
2004-06-16,100000000.0
2004-06-17,100000000.0
2004-06-18,100000000.0
2004-06-21,100000000.0
2004-06-22,100000000.0
2004-06-23,100000000.0
2004-06-24,100000000.0
2004-06-25,100000000.0
2004-06-28,100000000.0
2004-06-29,100000000.0
2004-06-30,100000000.0
2004-07-01,100000000.0
2004-07-02,100000000.0
2004-07-06,100000000.0
2004-07-07,100000000.0
2004-07-08,100000000.0
2004-07-09,100000000.0
2004-07-12,100000000.0
2004-07-13,100000000.0
2004-07-14,100000000.0
2004-07-15,100000000.0
2004-07-16,100000000.0
2004-07-19,100000000.0
2004-07-20,100000000.0
2004-07-21,100000000.0
2004-07-22,100000000.0
2004-07-23,100000000.0
2004-07-26,100000000.0
2004-07-27,100000000.0
2004-07-28,100000000.0
2004-07-29,100000000.0
2004-07-30,100000000.0
2004-08-02,100000000.0
2004-08-03,100000000.0
2004-08-04,100000000.0
2004-08-05,100000000.0
2004-08-06,100000000.0
2004-08-09,100000000.0
2004-08-10,100000000.0
2004-08-11,100000000.0
2004-08-12,100000000.0
2004-08-13,100000000.0
2004-08-16,100000000.0
2004-08-17,100000000.0
2004-08-18,100000000.0
2004-08-19,100000000.0
2004-08-20,100000000.0
2004-08-23,100000000.0
2004-08-24,100000000.0
2004-08-25,100000000.0
2004-08-26,100000000.0
2004-08-27,100000000.0
2004-08-30,100000000.0
2004-08-31,100000000.0
2004-09-01,100000000.0
2004-09-02,100000000.0
2004-09-03,100000000.0
2004-09-07,100000000.0
2004-09-08,100000000.0
2004-09-09,100000000.0
2004-09-10,100000000.0
2004-09-13,100000000.0
2004-09-14,100000000.0
2004-09-15,100000000.0
2004-09-16,100000000.0
2004-09-17,100000000.0
2004-09-20,100000000.0
2004-09-21,100000000.0
2004-09-22,100000000.0
2004-09-23,100000000.0
2004-09-24,100000000.0
2004-09-27,100000000.0
2004-09-28,100000000.0
2004-09-29,100000000.0
2004-09-30,100000000.0
2004-10-01,100000000.0
2004-10-04,100000000.0
2004-10-05,100000000.0
2004-10-06,100000000.0
2004-10-07,100000000.0
2004-10-08,100000000.0
2004-10-11,100000000.0
2004-10-12,100000000.0
2004-10-13,100000000.0
2004-10-14,100000000.0
2004-10-15,100000000.0
2004-10-18,100000000.0
2004-10-19,100000000.0
2004-10-20,100000000.0
2004-10-21,100000000.0
2004-10-22,100000000.0
2004-10-25,100000000.0
2004-10-26,100000000.0
2004-10-27,100000000.0
2004-10-28,100000000.0
2004-10-29,100000000.0
2004-11-01,100000000.0
2004-11-02,100000000.0
2004-11-03,100000000.0
2004-11-04,100000000.0
2004-11-05,100000000.0
2004-11-08,100000000.0
2004-11-09,100000000.0
2004-11-10,100000000.0
2004-11-11,100000000.0
2004-11-12,100000000.0
2004-11-15,100000000.0
2004-11-16,100000000.0
2004-11-17,100000000.0
2004-11-18,100000000.0
2004-11-19,100000000.0
2004-11-22,100000000.0
2004-11-23,100000000.0
2004-11-24,100000000.0
2004-11-26,100000000.0
2004-11-29,100000000.0
2004-11-30,100000000.0
2004-12-01,100000000.0
2004-12-02,100000000.0
2004-12-03,100000000.0
2004-12-06,100000000.0
2004-12-07,100000000.0
2004-12-08,100000000.0
2004-12-09,100000000.0
2004-12-10,100000000.0
2004-12-13,100000000.0
2004-12-14,100000000.0
2004-12-15,100000000.0
2004-12-16,100000000.0
2004-12-17,100000000.0
2004-12-20,100000000.0
2004-12-21,100000000.0
2004-12-22,100000000.0
2004-12-23,100000000.0
2004-12-27,100000000.0
2004-12-28,100000000.0
2004-12-29,100000000.0
2004-12-30,100000000.0
2004-12-31,100000000.0
2005-01-03,100000000.0
2005-01-04,100000000.0
2005-01-05,100000000.0
2005-01-06,100000000.0
2005-01-07,100000000.0
2005-01-10,100000000.0
2005-01-11,100000000.0
2005-01-12,100000000.0
2005-01-13,100000000.0
2005-01-14,100000000.0
2005-01-18,100000000.0
2005-01-19,100000000.0
2005-01-20,100000000.0
2005-01-21,100000000.0
2005-01-24,100000000.0
2005-01-25,100000000.0
2005-01-26,100000000.0
2005-01-27,100000000.0
2005-01-28,100000000.0
2005-01-31,100000000.0
2005-02-01,100000000.0
2005-02-02,100000000.0
2005-02-03,100000000.0
2005-02-04,100000000.0
2005-02-07,100000000.0
2005-02-08,100000000.0
2005-02-09,100000000.0
2005-02-10,100000000.0
2005-02-11,100000000.0
2005-02-14,100000000.0
2005-02-15,100000000.0
2005-02-16,100000000.0
2005-02-17,100000000.0
2005-02-18,100000000.0
2005-02-22,100000000.0
2005-02-23,100000000.0
2005-02-24,100000000.0
2005-02-25,100000000.0
2005-02-28,100000000.0
2005-03-01,100000000.0
2005-03-02,100000000.0
2005-03-03,100000000.0
2005-03-04,100000000.0
2005-03-07,100000000.0
2005-03-08,100000000.0
2005-03-09,100000000.0
2005-03-10,100000000.0
2005-03-11,100000000.0
2005-03-14,100000000.0
2005-03-15,100000000.0
2005-03-16,100000000.0
2005-03-17,100000000.0
2005-03-18,100000000.0
2005-03-21,100000000.0
2005-03-22,100000000.0
2005-03-23,100000000.0
2005-03-24,100000000.0
2005-03-28,100000000.0
2005-03-29,100000000.0
2005-03-30,100000000.0
2005-03-31,100000000.0
2005-04-01,100000000.0
2005-04-04,100000000.0
2005-04-05,100000000.0
2005-04-06,100000000.0
2005-04-07,100000000.0
2005-04-08,100000000.0
2005-04-11,100000000.0
2005-04-12,100000000.0
2005-04-13,100000000.0
2005-04-14,100000000.0
2005-04-15,100000000.0
2005-04-18,100000000.0
2005-04-19,100000000.0
2005-04-20,100000000.0
2005-04-21,100000000.0
2005-04-22,100000000.0
2005-04-25,100000000.0
2005-04-26,100000000.0
2005-04-27,100000000.0
2005-04-28,100000000.0
2005-04-29,100000000.0
2005-05-02,100000000.0
2005-05-03,100000000.0
2005-05-04,100000000.0
2005-05-05,100000000.0
2005-05-06,100000000.0
2005-05-09,100000000.0
2005-05-10,100000000.0
2005-05-11,100000000.0
2005-05-12,100000000.0
2005-05-13,100000000.0
2005-05-16,100000000.0
2005-05-17,100000000.0
2005-05-18,100000000.0
2005-05-19,100000000.0
2005-05-20,100000000.0
2005-05-23,100000000.0
2005-05-24,100000000.0
2005-05-25,100000000.0
2005-05-26,100000000.0
2005-05-27,100000000.0
2005-05-31,100000000.0
2005-06-01,100000000.0
2005-06-02,100000000.0
2005-06-03,100000000.0
2005-06-06,100000000.0
2005-06-07,100000000.0
2005-06-08,100000000.0
2005-06-09,100000000.0
2005-06-10,100000000.0
2005-06-13,100000000.0
2005-06-14,100000000.0
2005-06-15,100000000.0
2005-06-16,100000000.0
2005-06-17,100000000.0
2005-06-20,100000000.0
2005-06-21,100000000.0
2005-06-22,100000000.0
2005-06-23,100000000.0
2005-06-24,100000000.0
2005-06-27,100000000.0
2005-06-28,100000000.0
2005-06-29,100000000.0
2005-06-30,100000000.0
2005-07-01,100000000.0
2005-07-05,100000000.0
2005-07-06,100000000.0
2005-07-07,100000000.0
2005-07-08,100000000.0
2005-07-11,100000000.0
2005-07-12,100000000.0
2005-07-13,100000000.0
2005-07-14,100000000.0
2005-07-15,100000000.0
2005-07-18,100000000.0
2005-07-19,100000000.0
2005-07-20,100000000.0
2005-07-21,100000000.0
2005-07-22,100000000.0
2005-07-25,100000000.0
2005-07-26,100000000.0
2005-07-27,100000000.0
2005-07-28,100000000.0
2005-07-29,100000000.0
2005-08-01,100000000.0
2005-08-02,100000000.0
2005-08-03,100000000.0
2005-08-04,100000000.0
2005-08-05,100000000.0
2005-08-08,100000000.0
2005-08-09,100000000.0
2005-08-10,100000000.0
2005-08-11,100000000.0
2005-08-12,100000000.0
2005-08-15,100000000.0
2005-08-16,100000000.0
2005-08-17,100000000.0
2005-08-18,100000000.0
2005-08-19,100000000.0
2005-08-22,100000000.0
2005-08-23,100000000.0
2005-08-24,100000000.0
2005-08-25,100000000.0
2005-08-26,100000000.0
2005-08-29,100000000.0
2005-08-30,100000000.0
2005-08-31,100000000.0
2005-09-01,100000000.0
2005-09-02,100000000.0
2005-09-06,100000000.0
2005-09-07,100000000.0
2005-09-08,100000000.0
2005-09-09,100000000.0
2005-09-12,100000000.0
2005-09-13,100000000.0
2005-09-14,100000000.0
2005-09-15,100000000.0
2005-09-16,100000000.0
2005-09-19,100000000.0
2005-09-20,100000000.0
2005-09-21,100000000.0
2005-09-22,100000000.0
2005-09-23,100000000.0
2005-09-26,100000000.0
2005-09-27,100000000.0
2005-09-28,100000000.0
2005-09-29,100000000.0
2005-09-30,100000000.0
2005-10-03,100000000.0
2005-10-04,100000000.0
2005-10-05,100000000.0
2005-10-06,100000000.0
2005-10-07,100000000.0
2005-10-10,100000000.0
2005-10-11,100000000.0
2005-10-12,100000000.0
2005-10-13,100000000.0
2005-10-14,100000000.0
2005-10-17,100000000.0
2005-10-18,100000000.0
2005-10-19,100000000.0
2005-10-20,100000000.0
2005-10-21,100000000.0
2005-10-24,100000000.0
2005-10-25,100000000.0
2005-10-26,100000000.0
2005-10-27,100000000.0
2005-10-28,100000000.0
2005-10-31,100000000.0
2005-11-01,100000000.0
2005-11-02,100000000.0
2005-11-03,100000000.0
2005-11-04,100000000.0
2005-11-07,100000000.0
2005-11-08,100000000.0
2005-11-09,100000000.0
2005-11-10,100000000.0
2005-11-11,100000000.0
2005-11-14,100000000.0
2005-11-15,100000000.0
2005-11-16,100000000.0
2005-11-17,100000000.0
2005-11-18,100000000.0
2005-11-21,100000000.0
2005-11-22,100000000.0
2005-11-23,100000000.0
2005-11-25,100000000.0
2005-11-28,100000000.0
2005-11-29,100000000.0
2005-11-30,100000000.0
2005-12-01,100000000.0
2005-12-02,100000000.0
2005-12-05,100000000.0
2005-12-06,100000000.0
2005-12-07,100000000.0
2005-12-08,100000000.0
2005-12-09,100000000.0
2005-12-12,100000000.0
2005-12-13,100000000.0
2005-12-14,100000000.0
2005-12-15,100000000.0
2005-12-16,100000000.0
2005-12-19,100000000.0
2005-12-20,100000000.0
2005-12-21,100000000.0
2005-12-22,100000000.0
2005-12-23,100000000.0
2005-12-27,100000000.0
2005-12-28,100000000.0
2005-12-29,100000000.0
2005-12-30,100000000.0
2006-01-03,100000000.0
2006-01-04,100000000.0
2006-01-05,100000000.0
2006-01-06,100000000.0
2006-01-09,100000000.0
2006-01-10,100000000.0
2006-01-11,100000000.0
2006-01-12,100000000.0
2006-01-13,100000000.0
2006-01-17,100000000.0
2006-01-18,100000000.0
2006-01-19,100000000.0
2006-01-20,100000000.0
2006-01-23,100000000.0
2006-01-24,100000000.0
2006-01-25,100000000.0
2006-01-26,100000000.0
2006-01-27,100000000.0
2006-01-30,100000000.0
2006-01-31,100000000.0
2006-02-01,100000000.0
2006-02-02,100000000.0
2006-02-03,100000000.0
2006-02-06,100000000.0
2006-02-07,100000000.0
2006-02-08,100000000.0
2006-02-09,100000000.0
2006-02-10,100000000.0
2006-02-13,100000000.0
2006-02-14,100000000.0
2006-02-15,100000000.0
2006-02-16,100000000.0
2006-02-17,100000000.0
2006-02-21,100000000.0
2006-02-22,100000000.0
2006-02-23,100000000.0
2006-02-24,100000000.0
2006-02-27,100000000.0
2006-02-28,100000000.0
2006-03-01,100000000.0
2006-03-02,100000000.0
2006-03-03,100000000.0
2006-03-06,100000000.0
2006-03-07,100000000.0
2006-03-08,100000000.0
2006-03-09,100000000.0
2006-03-10,100000000.0
2006-03-13,100000000.0
2006-03-14,100000000.0
2006-03-15,100000000.0
2006-03-16,100000000.0
2006-03-17,100000000.0
2006-03-20,100000000.0
2006-03-21,100000000.0
2006-03-22,100000000.0
2006-03-23,100000000.0
2006-03-24,100000000.0
2006-03-27,100000000.0
2006-03-28,100000000.0
2006-03-29,100000000.0
2006-03-30,100000000.0
2006-03-31,100000000.0
2006-04-03,100000000.0
2006-04-04,100000000.0
2006-04-05,100000000.0
2006-04-06,100000000.0
2006-04-07,100000000.0
2006-04-10,100000000.0
2006-04-11,100000000.0
2006-04-12,100000000.0
2006-04-13,100000000.0
2006-04-17,100000000.0
2006-04-18,100000000.0
2006-04-19,100000000.0
2006-04-20,100000000.0
2006-04-21,100000000.0
2006-04-24,100000000.0
2006-04-25,100000000.0
2006-04-26,100000000.0
2006-04-27,100000000.0
2006-04-28,100000000.0
2006-05-01,100000000.0
2006-05-02,100000000.0
2006-05-03,100000000.0
2006-05-04,100000000.0
2006-05-05,100000000.0
2006-05-08,100000000.0
2006-05-09,100000000.0
2006-05-10,100000000.0
2006-05-11,100000000.0
2006-05-12,100000000.0
2006-05-15,100000000.0
2006-05-16,100000000.0
2006-05-17,100000000.0
2006-05-18,100000000.0
2006-05-19,100000000.0
2006-05-22,100000000.0
2006-05-23,100000000.0
2006-05-24,100000000.0
2006-05-25,100000000.0
2006-05-26,100000000.0
2006-05-30,100000000.0
2006-05-31,100000000.0
2006-06-01,100000000.0
2006-06-02,100000000.0
2006-06-05,100000000.0
2006-06-06,100000000.0
2006-06-07,100000000.0
2006-06-08,100000000.0
2006-06-09,100000000.0
2006-06-12,100000000.0
2006-06-13,100000000.0
2006-06-14,100000000.0
2006-06-15,100000000.0
2006-06-16,100000000.0
2006-06-19,100000000.0
2006-06-20,100000000.0
2006-06-21,100000000.0
2006-06-22,100000000.0
2006-06-23,100000000.0
2006-06-26,100000000.0
2006-06-27,100000000.0
2006-06-28,100000000.0
2006-06-29,100000000.0
2006-06-30,100000000.0
2006-07-03,100000000.0
2006-07-05,100000000.0
2006-07-06,100000000.0
2006-07-07,100000000.0
2006-07-10,100000000.0
2006-07-11,100000000.0
2006-07-12,100000000.0
2006-07-13,100000000.0
2006-07-14,100000000.0
2006-07-17,100000000.0
2006-07-18,100000000.0
2006-07-19,100000000.0
2006-07-20,100000000.0
2006-07-21,100000000.0
2006-07-24,100000000.0
2006-07-25,100000000.0
2006-07-26,100000000.0
2006-07-27,100000000.0
2006-07-28,100000000.0
2006-07-31,100000000.0
2006-08-01,100000000.0
2006-08-02,100000000.0
2006-08-03,100000000.0
2006-08-04,100000000.0
2006-08-07,100000000.0
2006-08-08,100000000.0
2006-08-09,100000000.0
2006-08-10,100000000.0
2006-08-11,100000000.0
2006-08-14,100000000.0
2006-08-15,100000000.0
2006-08-16,100000000.0
2006-08-17,100000000.0
2006-08-18,100000000.0
2006-08-21,100000000.0
2006-08-22,100000000.0
2006-08-23,100000000.0
2006-08-24,100000000.0
2006-08-25,100000000.0
2006-08-28,100000000.0
2006-08-29,100000000.0
2006-08-30,100000000.0
2006-08-31,100000000.0
2006-09-01,100000000.0
2006-09-05,100000000.0
2006-09-06,100000000.0
2006-09-07,100000000.0
2006-09-08,100000000.0
2006-09-11,100000000.0
2006-09-12,100000000.0
2006-09-13,100000000.0
2006-09-14,100000000.0
2006-09-15,100000000.0
2006-09-18,100000000.0
2006-09-19,100000000.0
2006-09-20,100000000.0
2006-09-21,100000000.0
2006-09-22,100000000.0
2006-09-25,100000000.0
2006-09-26,100000000.0
2006-09-27,100000000.0
2006-09-28,100000000.0
2006-09-29,100000000.0
2006-10-02,100000000.0
2006-10-03,100000000.0
2006-10-04,100000000.0
2006-10-05,100000000.0
2006-10-06,100000000.0
2006-10-09,100000000.0
2006-10-10,100000000.0
2006-10-11,100000000.0
2006-10-12,100000000.0
2006-10-13,100000000.0
2006-10-16,100000000.0
2006-10-17,100000000.0
2006-10-18,100000000.0
2006-10-19,100000000.0
2006-10-20,100000000.0
2006-10-23,100000000.0
2006-10-24,100000000.0
2006-10-25,100000000.0
2006-10-26,100000000.0
2006-10-27,100000000.0
2006-10-30,100000000.0
2006-10-31,100000000.0
2006-11-01,100000000.0
2006-11-02,100000000.0
2006-11-03,100000000.0
2006-11-06,100000000.0
2006-11-07,100000000.0
2006-11-08,100000000.0
2006-11-09,100000000.0
2006-11-10,100000000.0
2006-11-13,100000000.0
2006-11-14,100000000.0
2006-11-15,100000000.0
2006-11-16,100000000.0
2006-11-17,100000000.0
2006-11-20,100000000.0
2006-11-21,100000000.0
2006-11-22,100000000.0
2006-11-24,100000000.0
2006-11-27,100000000.0
2006-11-28,100000000.0
2006-11-29,100000000.0
2006-11-30,100000000.0
2006-12-01,100000000.0
2006-12-04,100000000.0
2006-12-05,100000000.0
2006-12-06,100000000.0
2006-12-07,100000000.0
2006-12-08,100000000.0
2006-12-11,100000000.0
2006-12-12,100000000.0
2006-12-13,100000000.0
2006-12-14,100000000.0
2006-12-15,100000000.0
2006-12-18,100000000.0
2006-12-19,100000000.0
2006-12-20,100000000.0
2006-12-21,100000000.0
2006-12-22,100000000.0
2006-12-26,100000000.0
2006-12-27,100000000.0
2006-12-28,100000000.0
2006-12-29,100000000.0
2007-01-03,100000000.0
2007-01-04,100000000.0
2007-01-05,100000000.0
2007-01-08,100000000.0
2007-01-09,100000000.0
2007-01-10,100000000.0
2007-01-11,100000000.0
2007-01-12,100000000.0
2007-01-16,100000000.0
2007-01-17,100000000.0
2007-01-18,100000000.0
2007-01-19,100000000.0
2007-01-22,100000000.0
2007-01-23,100000000.0
2007-01-24,100000000.0
2007-01-25,100000000.0
2007-01-26,100000000.0
2007-01-29,100000000.0
2007-01-30,100000000.0
2007-01-31,100000000.0
2007-02-01,100953597.0441
2007-02-02,100322399.0443
2007-02-05,99987823.6439
2007-02-06,99825942.3389
2007-02-07,99850197.2817
2007-02-08,99956155.0493
2007-02-09,99929914.6942
2007-02-12,99628252.1351
2007-02-13,101287254.4995
2007-02-14,100928970.4916
2007-02-15,100626326.5874
2007-02-16,100114626.3912
2007-02-20,100271610.9025
2007-02-21,100363990.0018
2007-02-22,101378824.0198
2007-02-23,100416870.0343
2007-02-26,99351258.1863
2007-02-27,90210036.2216
2007-02-28,92312269.29
2007-03-01,90808917.7149
2007-03-02,88807775.2132
2007-03-05,85976322.6045
2007-03-06,89532024.1179
2007-03-07,89538393.0131
2007-03-08,90663063.2568
2007-03-09,90949255.065
2007-03-12,91878369.5103
2007-03-13,88863203.3959
2007-03-14,89459157.8685
2007-03-15,89949571.1529
2007-03-16,89915255.3315
2007-03-19,91451452.7816
2007-03-20,92867853.5236
2007-03-21,95251646.4797
2007-03-22,95090266.9773
2007-03-23,95054808.6344
2007-03-26,95313161.9901
2007-03-27,94759267.5727
2007-03-28,93654714.8307
2007-03-29,94602560.2208
2007-03-30,94571111.2729
2007-04-02,95260705.8613
2007-04-03,95489745.058
2007-04-04,96032177.1318
2007-04-05,96336160.8152
2007-04-09,95328350.7959
2007-04-10,96473554.8358
2007-04-11,95989188.8539
2007-04-12,97186912.0377
2007-04-13,97644575.2989
2007-04-16,99046491.823
2007-04-17,99596349.5895
2007-04-18,99959177.8395
2007-04-19,99240361.7981
2007-04-20,100256908.1651
2007-04-23,100288381.9995
2007-04-24,100262219.6021
2007-04-25,101182812.3937
2007-04-26,99896905.9287
2007-04-27,100146511.2152
2007-04-30,100636057.3554
2007-05-01,100766037.646
2007-05-02,101842972.1746
2007-05-03,101711391.9439
2007-05-04,102977814.0289
2007-05-07,103436172.7646
2007-05-08,102614102.6777
2007-05-09,102749880.4414
2007-05-10,101470907.0322
2007-05-11,102499076.5614
2007-05-14,101848145.2986
2007-05-15,101587356.5581
2007-05-16,102140000.8995
2007-05-17,101357396.9852
2007-05-18,101791167.2388
2007-05-21,101974780.3844
2007-05-22,101261678.3315
2007-05-23,101119113.9126
2007-05-24,100084582.9483
2007-05-25,100796329.573
2007-05-29,101016004.4094
2007-05-30,101831890.4057
2007-05-31,101814985.0289
2007-06-01,102013304.9738
2007-06-04,102291377.797
2007-06-05,101713391.4446
2007-06-06,99756565.6063
2007-06-07,95963854.1645
2007-06-08,97345959.065
2007-06-11,97022184.5105
2007-06-12,94622871.1006
2007-06-13,96660120.8979
2007-06-14,97374567.9227
2007-06-15,99212054.1165
2007-06-18,99459607.5021
2007-06-19,100223218.3433
2007-06-20,98491585.6808
2007-06-21,98700096.8409
2007-06-22,98119517.5727
2007-06-25,97980172.4439
2007-06-26,97190802.5694
2007-06-27,98328578.6282
2007-06-28,98649527.7004
2007-06-29,99353869.5285
2007-07-02,101082702.523
2007-07-03,101463277.9789
2007-07-05,100889492.5444
2007-07-06,101136082.6674
2007-07-09,101681713.67
2007-07-10,101118400.402
2007-07-11,101490873.232
2007-07-12,103172912.2753
2007-07-13,103792083.5744
2007-07-16,104029098.3655
2007-07-17,103955530.0478
2007-07-18,103728303.0589
2007-07-19,104200982.1551
2007-07-20,103513667.9123
2007-07-23,104455883.5461
2007-07-24,102674066.8209
2007-07-25,102070022.3715
2007-07-26,98686166.9245
2007-07-27,95155516.0795
2007-07-30,97324894.0298
2007-07-31,96546167.7857
2007-08-01,96283353.5578
2007-08-02,97271609.2538
2007-08-03,95720595.945
2007-08-06,97112581.4963
2007-08-07,97307557.6355
2007-08-08,98806224.1996
2007-08-09,96222032.6258
2007-08-10,95027178.0499
2007-08-13,95225242.275
2007-08-14,93387967.1497
2007-08-15,90936007.7576
2007-08-16,90705904.9469
2007-08-17,92259618.101
2007-08-20,92775412.5894
2007-08-21,93231443.4935
2007-08-22,95082903.4436
2007-08-23,95948715.2519
2007-08-24,97041705.4379
2007-08-27,96643011.2495
2007-08-28,94453701.1192
2007-08-29,96905598.8797
2007-08-30,96285158.1279
2007-08-31,98067646.8005
2007-09-04,99140057.1752
2007-09-05,99051620.9104
2007-09-06,99348859.02
2007-09-07,99083617.4272
2007-09-10,98982635.8985
2007-09-11,100467954.0212
2007-09-12,100702492.2561
2007-09-13,100659567.7314
2007-09-14,100293126.6056
2007-09-17,99359079.2369
2007-09-18,102078687.7579
2007-09-19,102448518.2546
2007-09-20,101762765.0335
2007-09-21,102784390.9248
2007-09-24,103027402.2318
2007-09-25,103291699.9471
2007-09-26,103444329.7357
2007-09-27,104433843.9182
2007-09-28,104913302.8511
2007-10-01,106290438.9543
2007-10-02,104704097.6193
2007-10-03,103696130.0159
2007-10-04,104638937.3929
2007-10-05,106784686.1535
2007-10-08,104763398.0438
2007-10-09,106292947.5213
2007-10-10,106586143.4448
2007-10-11,106828491.0619
2007-10-12,108129742.6209
2007-10-15,107727323.5999
2007-10-16,106289616.8586
2007-10-17,106700199.3462
2007-10-18,108499085.5297
2007-10-19,105428836.3319
2007-10-22,104529745.7646
2007-10-23,106630841.3053
2007-10-24,106563627.2868
2007-10-25,107913906.2451
2007-10-26,110672336.7213
2007-10-29,112109908.3727
2007-10-30,110853756.0095
2007-10-31,113928495.0822
2007-11-01,111609007.0769
2007-11-02,114688748.9603
2007-11-05,113156882.8241
2007-11-06,116236352.5882
2007-11-07,115532315.0773
2007-11-08,116321850.7478
2007-11-09,115120772.392
2007-11-12,110118987.4197
2007-11-13,112381410.399
2007-11-14,112892117.5406
2007-11-15,110872952.6117
2007-11-16,111837600.8534
2007-11-19,110787396.4505
2007-11-20,113693881.5107
2007-11-21,112706160.0407
2007-11-23,113988559.0949
2007-11-26,113328168.8478
2007-11-27,112628008.3138
2007-11-28,114466239.7899
2007-11-29,113474307.2523
2007-11-30,112584542.5833
2007-12-03,113515499.9743
2007-12-04,113284449.8252
2007-12-05,112211747.1629
2007-12-06,112639928.6145
2007-12-07,111924176.756
2007-12-10,112460188.9231
2007-12-11,112184594.6847
2007-12-12,113460804.4754
2007-12-13,111642422.1906
2007-12-14,109738374.6453
2007-12-17,109211897.4293
2007-12-18,109432520.5269
2007-12-19,110018515.1122
2007-12-20,109832279.7226
2007-12-21,110350147.9437
2007-12-24,110698098.9782
2007-12-26,111019577.4087
2007-12-27,112494598.5419
2007-12-28,114101161.8409
2007-12-31,113550077.9377
2008-01-02,115499927.8591
2008-01-03,116377859.1611
2008-01-04,114990703.2154
2008-01-07,114328019.6664
2008-01-08,115030219.1174
2008-01-09,114810621.4906
2008-01-10,115582143.1218
2008-01-11,115389632.2977
2008-01-14,117268066.6502
2008-01-15,115686395.1496
2008-01-16,113390346.7211
2008-01-17,113206256.4996
2008-01-18,113258703.3286
2008-01-22,113108457.1262
2008-01-23,112401328.0691
2008-01-24,114266371.2378
2008-01-25,114364562.1205
2008-01-28,115715356.8854
2008-01-29,115517049.9593
2008-01-30,115930327.9969
2008-01-31,116885919.2347
2008-02-01,116098886.1215
2008-02-04,116400713.246
2008-02-05,116347704.4167
2008-02-06,116664397.8456
2008-02-07,114748174.6955
2008-02-08,117350900.9624
2008-02-11,118202303.9451
2008-02-12,117172077.7515
2008-02-13,116031173.6592
2008-02-14,116589766.3933
2008-02-15,116905880.3688
2008-02-19,117153555.8602
2008-02-20,117628793.5442
2008-02-21,119387132.2897
2008-02-22,119351742.8375
2008-02-25,118630348.9836
2008-02-26,120829381.7694
2008-02-27,122025502.704
2008-02-28,124964071.2438
2008-02-29,125808857.3771
2008-03-03,126854628.9603
2008-03-04,125501093.8302
2008-03-05,126555616.0277
2008-03-06,128052295.3149
2008-03-07,127846067.4162
2008-03-10,129210315.6919
2008-03-11,127565100.5177
2008-03-12,130559727.1632
2008-03-13,131008329.4878
2008-03-14,132987776.8258
2008-03-17,131916338.2965
2008-03-18,129480162.0101
2008-03-19,128607232.2104
2008-03-20,125436079.2129
2008-03-24,123272899.8723
2008-03-25,125245351.6366
2008-03-26,127603453.4383
2008-03-27,127913387.1258
2008-03-28,127611768.0262
2008-03-31,126316396.7023
2008-04-01,122327299.3329
2008-04-02,123790032.1515
2008-04-03,123853724.7739
2008-04-04,125000545.6919
2008-04-07,124574287.4931
2008-04-08,124566003.9906
2008-04-09,127050305.4782
2008-04-10,126342858.6792
2008-04-11,127468390.9315
2008-04-14,127602342.6956
2008-04-15,126866079.4524
2008-04-16,126667970.223
2008-04-17,126144458.7535
2008-04-18,124827643.1907
2008-04-21,124926614.8415
2008-04-22,126341046.4746
2008-04-23,124853100.0972
2008-04-24,122228827.0179
2008-04-25,122024844.0151
2008-04-28,122410807.4345
2008-04-29,121244006.3147
2008-04-30,122567017.9291
2008-05-01,119976703.9614
2008-05-02,119900499.984
2008-05-05,121301183.3238
2008-05-06,121568187.603
2008-05-07,121632854.7188
2008-05-08,122913437.9561
2008-05-09,124024099.2527
2008-05-12,123472860.4774
2008-05-13,121864405.5969
2008-05-14,121440979.6373
2008-05-15,122319778.7941
2008-05-16,123516371.4691
2008-05-19,123323869.5558
2008-05-20,125483196.333
2008-05-21,127017607.6222
2008-05-22,124900272.8803
2008-05-23,126354910.5351
2008-05-27,124178584.6263
2008-05-28,123422123.8873
2008-05-29,121040418.8791
2008-05-30,122012440.2784
2008-06-02,123097397.4183
2008-06-03,122217832.4423
2008-06-04,121648638.3228
2008-06-05,122025408.1384
2008-06-06,125624910.6039
2008-06-09,123652237.9546
2008-06-10,122103338.7946
2008-06-11,124402508.366
2008-06-12,122233769.3166
2008-06-13,121798458.8327
2008-06-16,122770117.2339
2008-06-17,123381555.3553
2008-06-18,124684668.3515
2008-06-19,123729878.6072
2008-06-20,125363295.3577
2008-06-23,124672057.0593
2008-06-24,125656012.5537
2008-06-25,125881238.0454
2008-06-26,128878893.372
2008-06-27,130157408.5638
2008-06-30,129377912.8412
2008-07-01,129903368.3466
2008-07-02,132030056.5294
2008-07-03,131051688.4855
2008-07-07,130654450.5657
2008-07-08,129250367.5468
2008-07-09,131297269.259
2008-07-10,131821227.0301
2008-07-11,133202964.7939
2008-07-14,134328324.7416
2008-07-15,135289267.631
2008-07-16,132642576.8041
2008-07-17,130441433.9081
2008-07-18,129160514.3521
2008-07-21,129665517.7104
2008-07-22,127072862.6597
2008-07-23,125414682.6355
2008-07-24,126947904.8868
2008-07-25,126138262.6331
2008-07-28,128164548.9125
2008-07-29,126151094.3463
2008-07-30,125941645.8022
2008-07-31,126831898.4589
2008-08-01,126891448.4298
2008-08-04,126352422.6576
2008-08-05,123466434.846
2008-08-06,122473539.5392
2008-08-07,124570148.7718
2008-08-08,121762040.4197
2008-08-11,119906479.7696
2008-08-12,121456734.6253
2008-08-13,123078037.2191
2008-08-14,122419436.432
2008-08-15,121718471.9413
2008-08-18,123037670.8297
2008-08-19,124440518.4258
2008-08-20,124472367.3273
2008-08-21,126062750.9479
2008-08-22,123675448.6311
2008-08-25,125530546.9127
2008-08-26,125022605.2021
2008-08-27,125011711.0712
2008-08-28,123914916.136
2008-08-29,124154731.6622
2008-09-02,124150830.4599
2008-09-03,124216192.5782
2008-09-04,126312186.4835
2008-09-05,125608983.0049
2008-09-08,124245252.5628
2008-09-09,125388077.6733
2008-09-10,124270331.6491
2008-09-11,123895497.6778
2008-09-12,123626595.7738
2008-09-15,129587108.8683
2008-09-16,129327573.7104
2008-09-17,137274162.3842
2008-09-18,131112402.1003
2008-09-19,127236310.8304
2008-09-22,131580947.375
2008-09-23,131792169.3314
2008-09-24,130793903.7908
2008-09-25,129905127.8257
2008-09-26,130810760.2982
2008-09-29,140391902.7212
2008-09-30,131903702.5038
2008-10-01,132156289.4339
2008-10-02,135665453.8375
2008-10-03,136615169.0488
2008-10-06,141247200.3847
2008-10-07,142820715.1628
2008-10-08,143105646.2623
2008-10-09,145159050.8366
2008-10-10,144504194.5262
2008-10-13,136706774.9264
2008-10-14,138557606.7963
2008-10-15,145008786.9387
2008-10-16,141917911.0829
2008-10-17,143100798.0799
2008-10-20,141422812.9046
2008-10-21,145055919.628
2008-10-22,149401164.2441
2008-10-23,148414204.9793
2008-10-24,151272548.5133
2008-10-27,153417738.4358
2008-10-28,147050567.2462
2008-10-29,146864730.2218
2008-10-30,143590951.1355
2008-10-31,143859810.7694
2008-11-03,144351750.8228
2008-11-04,140205952.3169
2008-11-05,143278320.7643
2008-11-06,146790032.2629
2008-11-07,145086546.8029
2008-11-10,145664223.0157
2008-11-11,148141388.7127
2008-11-12,151881806.6739
2008-11-13,147430047.8291
2008-11-14,150229557.0564
2008-11-17,151234884.3479
2008-11-18,152038836.892
2008-11-19,155393404.7689
2008-11-20,160207265.9299
2008-11-21,156909645.5353
2008-11-24,152282270.8047
2008-11-25,151991536.0491
2008-11-26,151731755.9663
2008-11-28,152735489.9862
2008-12-01,157025774.4186
2008-12-02,155612770.6852
2008-12-03,155226841.3801
2008-12-04,157045670.9627
2008-12-05,156544542.0445
2008-12-08,153401857.8495
2008-12-09,154989928.9682
2008-12-10,153646748.2875
2008-12-11,152892979.3635
2008-12-12,152445476.8781
2008-12-15,152072991.8212
2008-12-16,148253184.0621
2008-12-17,147545098.9354
2008-12-18,149185740.1194
2008-12-19,150766231.1587
2008-12-22,150386862.0431
2008-12-23,150372729.7668
2008-12-24,150119368.454
2008-12-26,149451335.2765
2008-12-29,149604349.536
2008-12-30,148891011.4311
2008-12-31,146947847.4901
2009-01-02,144838387.5626
2009-01-05,144270065.9218
2009-01-06,142886127.0474
2009-01-07,144695993.1818
2009-01-08,144310321.3419
2009-01-09,145758127.5834
2009-01-12,148375646.4028
2009-01-13,149047425.5876
2009-01-14,150830206.4109
2009-01-15,150253407.0461
2009-01-16,149336532.2802
2009-01-20,153017022.3604
2009-01-21,150324049.421
2009-01-22,151187850.0396
2009-01-23,150681455.8376
2009-01-26,149676236.7197
2009-01-27,149839536.8905
2009-01-28,147787078.7992
2009-01-29,148866840.0385
2009-01-30,149623331.7986
2009-02-02,150978356.7224
2009-02-03,149002060.3968
2009-02-04,149399710.4397
2009-02-05,148188187.3773
2009-02-06,145952386.9545
2009-02-09,145611605.6721
2009-02-10,149081940.1746
2009-02-11,149053868.3187
2009-02-12,149296384.9724
2009-02-13,148880190.8255
2009-02-17,152692761.1594
2009-02-18,152626645.409
2009-02-19,152091817.1225
2009-02-20,152024500.8808
2009-02-23,153958395.7842
2009-02-24,152160726.4307
2009-02-25,152936587.7465
2009-02-26,152939864.1144
2009-02-27,153979310.435
2009-03-02,158319233.2659
2009-03-03,157949798.5116
2009-03-04,155242344.2286
2009-03-05,157979649.5798
2009-03-06,157139726.908
2009-03-09,158664335.372
2009-03-10,155749383.382
2009-03-11,155555595.1589
2009-03-12,153335919.4537
2009-03-13,152960840.1422
2009-03-16,151986886.7047
2009-03-17,150335902.3275
2009-03-18,148151222.562
2009-03-19,146902360.7998
2009-03-20,147823742.7858
2009-03-23,143614902.1239
2009-03-24,145431785.5286
2009-03-25,144424770.1182
2009-03-26,143297094.0846
2009-03-27,146034938.6826
2009-03-30,149398502.5049
2009-03-31,147938039.9249
2009-04-01,147158343.3864
2009-04-02,143791645.1731
2009-04-03,142651124.4407
2009-04-06,144226256.3143
2009-04-07,145789741.0731
2009-04-08,145297229.1844
2009-04-09,143123207.1688
2009-04-13,142125723.7713
2009-04-14,143129757.9229
2009-04-15,142710488.8791
2009-04-16,142426569.9775
2009-04-17,142670570.5145
2009-04-20,146228108.6984
2009-04-21,144735983.3729
2009-04-22,144696678.5918
2009-04-23,142733044.2669
2009-04-24,140955459.894
2009-04-27,142743050.0809
2009-04-28,142783128.3862
2009-04-29,140439567.6515
2009-04-30,140658654.4082
2009-05-01,139235310.8297
2009-05-04,136775326.7885
2009-05-05,137094365.7512
2009-05-06,135541714.0891
2009-05-07,135816952.7798
2009-05-08,132869874.194
2009-05-11,134685565.3447
2009-05-12,134078366.4652
2009-05-13,136662380.0851
2009-05-14,135674225.4362
2009-05-15,137135969.7832
2009-05-18,134192957.7306
2009-05-19,133249037.7461
2009-05-20,132276155.7935
2009-05-21,132198637.4461
2009-05-22,130956768.3378
2009-05-26,129467082.4679
2009-05-27,129794545.687
2009-05-28,128763536.737
2009-05-29,126917058.1708
2009-06-01,124041326.2546
2009-06-02,123385233.9215
2009-06-03,126081802.8971
2009-06-04,124699686.4187
2009-06-05,124794058.9815
2009-06-08,124903439.5337
2009-06-09,123878677.1218
2009-06-10,123556584.5561
2009-06-11,122561393.456
2009-06-12,123615110.3253
2009-06-15,126611361.7792
2009-06-16,127315455.8247
2009-06-17,127290345.7465
2009-06-18,126859311.99
2009-06-19,126483082.5159
2009-06-22,129094547.6478
2009-06-23,128102454.0622
2009-06-24,128084887.1698
2009-06-25,127419401.7865
2009-06-26,127291316.5946
2009-06-29,126729059.1425
2009-06-30,127308055.0038
2009-07-01,126377794.6296
2009-07-02,129170336.6929
2009-07-06,130217399.0787
2009-07-07,132224306.1155
2009-07-08,133747855.5561
2009-07-09,132373160.5861
2009-07-10,133572932.6498
2009-07-13,132208970.1284
2009-07-14,131360606.5057
2009-07-15,127498748.8007
2009-07-16,127632205.1361
2009-07-17,127160012.2086
2009-07-20,125304642.3834
2009-07-21,126268461.6857
2009-07-22,125698014.7465
2009-07-23,123671176.7488
2009-07-24,123669603.0949
2009-07-27,122838479.3502
2009-07-28,123795257.9318
2009-07-29,125244055.3959
2009-07-30,123755407.6289
2009-07-31,122662076.5149
2009-08-03,119796917.8538
2009-08-04,119569431.8871
2009-08-05,119465606.4354
2009-08-06,120508415.3285
2009-08-07,120015786.8673
2009-08-10,121054812.5517
2009-08-11,122288301.3344
2009-08-12,121085202.8225
2009-08-13,120678553.6639
2009-08-14,122349312.2137
2009-08-17,125207515.9412
2009-08-18,123567835.3355
2009-08-19,123064285.4744
2009-08-20,122713636.8072
2009-08-21,120903459.7866
2009-08-24,121254126.4219
2009-08-25,121448411.8721
2009-08-26,122053047.2609
2009-08-27,121337682.2611
2009-08-28,121455883.5066
2009-08-31,122412239.9608
2009-09-01,123832642.9098
2009-09-02,124894368.6569
2009-09-03,124444320.7177
2009-09-04,123631880.6247
2009-09-08,122563007.3872
2009-09-09,122139537.0338
2009-09-10,121862305.1955
2009-09-11,122550624.6861
2009-09-14,122015612.0134
2009-09-15,121528758.1022
2009-09-16,120538493.6018
2009-09-17,121174864.6805
2009-09-18,120903763.9489
2009-09-21,121477240.3866
2009-09-22,121041727.0185
2009-09-23,121829488.2031
2009-09-24,122833848.8418
2009-09-25,123548699.3949
2009-09-28,122676395.9545
2009-09-29,122672660.9881
2009-09-30,122729375.1962
2009-10-01,122672207.5066
2009-10-02,122920964.854
2009-10-05,123428950.0274
2009-10-06,123857003.0649
2009-10-07,124476657.8123
2009-10-08,124489785.484
2009-10-09,123021422.1225
2009-10-12,123213127.3907
2009-10-13,123626864.6216
2009-10-14,123244138.297
2009-10-15,122078536.1522
2009-10-16,122276398.8797
2009-10-19,122875333.0636
2009-10-20,123234852.5142
2009-10-21,122787884.4148
2009-10-22,122584536.8075
2009-10-23,122465193.4932
2009-10-26,121597929.2807
2009-10-27,122222254.6733
2009-10-28,122257698.6404
2009-10-29,121982744.2682
2009-10-30,123046270.9809
2009-11-02,123758795.3345
2009-11-03,123895850.5301
2009-11-04,124766030.1194
2009-11-05,125725328.5454
2009-11-06,126598418.4276
2009-11-09,129424611.8318
2009-11-10,129129971.8241
2009-11-11,129813982.7678
2009-11-12,128049312.9082
2009-11-13,130098860.4572
2009-11-16,132622438.7642
2009-11-17,132270244.6841
2009-11-18,131960343.4951
2009-11-19,130796333.0008
2009-11-20,130118705.2709
2009-11-23,131936110.0239
2009-11-24,132146049.4496
2009-11-25,134432480.5839
2009-11-27,131900014.4105
2009-11-30,132797933.3098
2009-12-01,135066376.6561
2009-12-02,134916007.0439
2009-12-03,134034813.8873
2009-12-04,131343987.5821
2009-12-07,131310492.1769
2009-12-08,129972468.552
2009-12-09,130003829.3555
2009-12-10,130218974.9343
2009-12-11,129159760.6345
2009-12-14,130615341.1137
2009-12-15,128893873.0457
2009-12-16,130046596.6483
2009-12-17,127674571.7154
2009-12-18,127976621.3332
2009-12-21,126787474.1034
2009-12-22,126451924.7971
2009-12-23,127576442.6833
2009-12-24,128097622.2464
2009-12-28,128069438.3449
2009-12-29,127811941.7757
2009-12-30,127675093.0378
2009-12-31,127020505.7981
2010-01-04,130395235.2223
2010-01-05,130779625.8937
2010-01-06,132038310.8564
2010-01-07,131375536.917
2010-01-08,132792734.9147
2010-01-11,133549043.458
2010-01-12,131616457.8966
2010-01-13,132667363.4122
2010-01-14,133153344.4478
2010-01-15,131159883.9564
2010-01-19,132354613.6842
2010-01-20,128939895.4731
2010-01-21,126615339.3526
2010-01-22,124574455.5365
2010-01-25,125512867.674
2010-01-26,124166315.2487
2010-01-27,123524742.5706
2010-01-28,122137185.8078
2010-01-29,120430925.5859
2010-02-01,122616081.523
2010-02-02,124299660.4453
2010-02-03,123240901.4822
2010-02-04,118034661.9661
2010-02-05,117234609.5668
2010-02-08,116382664.3659
2010-02-09,118948008.2975
2010-02-10,118157828.4808
2010-02-11,119935608.768
2010-02-12,119121668.0716
2010-02-16,122840394.8542
2010-02-17,122402654.516
2010-02-18,123279890.7988
2010-02-19,122957617.8525
2010-02-22,122961641.8032
2010-02-23,120456345.8249
2010-02-24,121509018.054
2010-02-25,120710255.2564
2010-02-26,122058146.973
2010-03-01,122449883.7545
2010-03-02,123889256.0225
2010-03-03,125353748.8727
2010-03-04,124429199.7053
2010-03-05,125966140.7885
2010-03-08,125790526.5617
2010-03-09,125844721.0684
2010-03-10,126052891.1077
2010-03-11,126455537.8212
2010-03-12,127250165.7675
2010-03-15,126294077.7007
2010-03-16,128811678.802
2010-03-17,129704492.0479
2010-03-18,128637128.524
2010-03-19,126493372.8431
2010-03-22,127477978.6638
2010-03-23,127813878.29
2010-03-24,124101803.5513
2010-03-25,123430327.977
2010-03-26,124801352.4435
2010-03-29,126693734.4847
2010-03-30,126686184.6367
2010-03-31,127118764.167
2010-04-01,129135743.8087
2010-04-05,128870488.7303
2010-04-06,129268411.8844
2010-04-07,129131868.6968
2010-04-08,129191214.6793
2010-04-09,130866826.9242
2010-04-12,131117523.4896
2010-04-13,131322285.0141
2010-04-14,133381011.9992
2010-04-15,133602755.303
2010-04-16,130891807.4701
2010-04-19,129894078.2065
2010-04-20,131041470.7767
2010-04-21,131026641.9127
2010-04-22,130100213.3217
2010-04-23,131376972.8202
2010-04-26,131329944.7389
2010-04-27,127630058.1979
2010-04-28,128019022.2133
2010-04-29,130326592.7568
2010-04-30,129675739.72
2010-05-03,129694373.7051
2010-05-04,124690765.486
2010-05-05,121956306.7081
2010-05-06,118187849.8905
2010-05-07,117316873.88
2010-05-10,122312009.3165
2010-05-11,122470345.4487
2010-05-12,123777336.7821
2010-05-13,122233709.1323
2010-05-14,119473022.9728
2010-05-17,118497340.933
2010-05-18,116338282.5125
2010-05-19,115136888.7907
2010-05-20,111000997.5752
2010-05-21,113257504.7239
2010-05-24,111681409.1396
2010-05-25,111020070.3446
2010-05-26,110065520.5189
2010-05-27,115159914.7844
2010-05-28,114152172.1789
2010-06-01,113383456.7227
2010-06-02,114297181.0383
2010-06-03,114034025.7276
2010-06-04,114142525.4975
2010-06-07,114078598.6793
2010-06-08,114246355.4415
2010-06-09,113743785.7184
2010-06-10,113964985.5699
2010-06-11,115289935.1408
2010-06-14,114834312.0482
2010-06-15,115663394.3301
2010-06-16,115942346.6978
2010-06-17,116646978.3573
2010-06-18,116782807.8895
2010-06-21,116986050.5694
2010-06-22,116743454.9513
2010-06-23,117095324.2174
2010-06-24,115694093.0017
2010-06-25,116020888.2144
2010-06-28,116413122.3946
2010-06-29,114936964.7505
2010-06-30,114430462.7328
2010-07-01,113516875.4887
2010-07-02,113032287.801
2010-07-06,113931087.4326
2010-07-07,114762180.8333
2010-07-08,114875531.4233
2010-07-09,115303353.0729
2010-07-12,115429059.8061
2010-07-13,115564859.6996
2010-07-14,116103368.2539
2010-07-15,116190876.0238
2010-07-16,115095953.0361
2010-07-19,114972653.3749
2010-07-20,115987827.9485
2010-07-21,116647314.0682
2010-07-22,117510750.3876
2010-07-23,117165458.7237
2010-07-26,117711965.6961
2010-07-27,116819623.8677
2010-07-28,116638118.8412
2010-07-29,116820333.5832
2010-07-30,117551757.3171
2010-08-02,117890996.6201
2010-08-03,118100073.9491
2010-08-04,118043901.6836
2010-08-05,118492192.234
2010-08-06,118985996.855
2010-08-09,119052339.8837
2010-08-10,119392904.7424
2010-08-11,118376952.542
2010-08-12,118398077.6788
2010-08-13,118952617.0984
2010-08-16,120732709.8139
2010-08-17,121007912.6661
2010-08-18,121067543.7023
2010-08-19,121007929.7001
2010-08-20,120816329.9138
2010-08-23,121008477.9338
2010-08-24,121419962.6938
2010-08-25,121211994.5668
2010-08-26,121439445.5204
2010-08-27,120652289.282
2010-08-30,121643548.0061
2010-08-31,123057743.5567
2010-09-01,122694315.2697
2010-09-02,122799027.1273
2010-09-03,122208791.2053
2010-09-07,123828659.9327
2010-09-08,123542283.7961
2010-09-09,122567390.7235
2010-09-10,122475960.5972
2010-09-13,123610523.6595
2010-09-14,124377559.7591
2010-09-15,123620645.6774
2010-09-16,123073626.5802
2010-09-17,123493921.3296
2010-09-20,124657675.0181
2010-09-21,125975844.5019
2010-09-22,125921736.2591
2010-09-23,126022462.2495
2010-09-24,125526822.1613
2010-09-27,126204951.4987
2010-09-28,127341999.4832
2010-09-29,127083837.8464
2010-09-30,127084386.5671
2010-10-01,127093154.2175
2010-10-04,126370715.0874
2010-10-05,129271572.9792
2010-10-06,130517304.1149
2010-10-07,130264524.5458
2010-10-08,132568224.8524
2010-10-11,132764160.1941
2010-10-12,132641814.6659
2010-10-13,133935930.3551
2010-10-14,133499113.2577
2010-10-15,132603184.24
2010-10-18,133781610.8493
2010-10-19,131751577.2635
2010-10-20,133509635.0416
2010-10-21,132357484.5659
2010-10-22,132777247.6288
2010-10-25,134249135.4316
2010-10-26,132920902.696
2010-10-27,131381186.4115
2010-10-28,132656940.2602
2010-10-29,133748464.3803
2010-11-01,133358957.6049
2010-11-02,135618401.6587
2010-11-03,135757568.9001
2010-11-04,140515620.1589
2010-11-05,139816364.7715
2010-11-08,140102282.5638
2010-11-09,137021338.7369
2010-11-10,137506535.5248
2010-11-11,136038572.2641
2010-11-12,132133116.9323
2010-11-15,129907456.2445
2010-11-16,128016129.8196
2010-11-17,128685569.8852
2010-11-18,131794127.375
2010-11-19,132168857.8756
2010-11-22,133064526.9965
2010-11-23,130932561.8638
2010-11-24,131331033.7043
2010-11-26,130063497.9918
2010-11-29,130416987.684
2010-11-30,130261414.4476
2010-12-01,131233258.3427
2010-12-02,132140176.5461
2010-12-03,133039609.8789
2010-12-06,134522491.4955
2010-12-07,132006399.2925
2010-12-08,130381029.5466
2010-12-09,130938521.3385
2010-12-10,130605512.4573
2010-12-13,131547030.2917
2010-12-14,130493578.2414
2010-12-15,129326271.4947
2010-12-16,130324707.7545
2010-12-17,132094128.2749
2010-12-20,132527177.6214
2010-12-21,133731166.8183
2010-12-22,133814506.8566
2010-12-23,133524422.4133
2010-12-27,134030243.5232
2010-12-28,133383659.3572
2010-12-29,135568714.5789
2010-12-30,134722748.5851
2010-12-31,135846151.652
2011-01-03,136404133.3627
2011-01-04,135076298.6544
2011-01-05,133238111.3711
2011-01-06,133013153.6806
2011-01-07,133339032.4175
2011-01-10,133882136.4513
2011-01-11,134131669.4345
2011-01-12,135791865.6624
2011-01-13,136074965.0142
2011-01-14,135781943.4275
2011-01-18,136417535.0684
2011-01-19,135906365.2153
2011-01-20,133035807.5237
2011-01-21,133779387.5746
2011-01-24,134819348.847
2011-01-25,135614391.2549
2011-01-26,136262596.4996
2011-01-27,136138548.5688
2011-01-28,134932188.5092
2011-01-31,135429625.1966
2011-02-01,137867751.1865
2011-02-02,137509359.3365
2011-02-03,137244388.3303
2011-02-04,136235879.8637
2011-02-07,136621141.494
2011-02-08,136741114.4198
2011-02-09,136807172.8308
2011-02-10,135355931.3951
2011-02-11,136320940.8685
2011-02-14,137168768.0992
2011-02-15,136492898.0897
2011-02-16,137944042.8543
2011-02-17,139938347.9198
2011-02-18,140627635.2691
2011-02-22,138933215.972
2011-02-23,139485414.4252
2011-02-24,139687797.3209
2011-02-25,142969812.6904
2011-02-28,144062537.4774
2011-03-01,143179887.6036
2011-03-02,143832916.4076
2011-03-03,144319184.1178
2011-03-04,145504677.7445
2011-03-07,143646091.0847
2011-03-08,143229288.2338
2011-03-09,143719743.7959
2011-03-10,140102731.6157
2011-03-11,141149575.4697
2011-03-14,140302748.0874
2011-03-15,136783249.7556
2011-03-16,135310247.4684
2011-03-17,139636822.2696
2011-03-18,141403915.7849
2011-03-21,143932519.677
2011-03-22,144212962.6469
2011-03-23,144099450.1221
2011-03-24,144849956.5911
2011-03-25,143436624.4187
2011-03-28,142547356.941
2011-03-29,142754526.1177
2011-03-30,144860684.0459
2011-03-31,145199256.171
2011-04-01,146628743.277
2011-04-04,147728011.655
2011-04-05,147384459.1497
2011-04-06,147848213.2169
2011-04-07,147932649.7485
2011-04-08,149596178.9985
2011-04-11,148267147.8884
2011-04-12,147547770.5578
2011-04-13,148974794.6051
2011-04-14,149771870.7801
2011-04-15,151408811.9432
2011-04-18,149363470.0943
2011-04-19,151120837.0191
2011-04-20,155022610.3195
2011-04-21,156981990.0759
2011-04-25,157176044.8156
2011-04-26,158850272.1719
2011-04-27,160906166.3533
2011-04-28,162061408.2738
2011-04-29,163549535.8429
2011-05-02,162309840.9229
2011-05-03,160230823.2882
2011-05-04,158263124.4469
2011-05-05,152434310.5879
2011-05-06,153009337.5087
2011-05-09,156179305.557
2011-05-10,156642766.977
2011-05-11,152354941.6211
2011-05-12,152099455.5076
2011-05-13,149824348.7979
2011-05-16,149600004.9045
2011-05-17,150612130.6261
2011-05-18,151908284.7661
2011-05-19,152294597.4479
2011-05-20,151153944.7643
2011-05-23,147224152.8729
2011-05-24,149105118.4664
2011-05-25,150631999.6347
2011-05-26,153371518.3363
2011-05-27,156009610.5461
2011-05-31,158217702.8621
2011-06-01,155842685.4901
2011-06-02,155295240.36
2011-06-03,156129069.3593
2011-06-06,153673710.3969
2011-06-07,155609449.5637
2011-06-08,154451055.5249
2011-06-09,154763390.6721
2011-06-10,150881695.3607
2011-06-13,150807051.6803
2011-06-14,152244542.6311
2011-06-15,148508558.5272
2011-06-16,147439463.2834
2011-06-17,149126795.1653
2011-06-20,149395913.7675
2011-06-21,153031084.6645
2011-06-22,151099512.4484
2011-06-23,150642648.5118
2011-06-24,148730663.5051
2011-06-27,148559551.0168
2011-06-28,149884057.4392
2011-06-29,152360605.3748
2011-06-30,153702480.1856
2011-07-01,154937698.148
2011-07-05,156348761.0793
2011-07-06,156247122.9091
2011-07-07,157699171.1894
2011-07-08,158226033.6124
2011-07-11,154677728.5317
2011-07-12,154959052.1854
2011-07-13,159349543.0426
2011-07-14,157248794.9986
2011-07-15,158864009.0531
2011-07-18,157060252.7188
2011-07-19,159493110.7397
2011-07-20,160478928.6159
2011-07-21,162557885.1019
2011-07-22,163857840.8173
2011-07-25,163114130.4855
2011-07-26,165237850.5665
2011-07-27,161184728.9382
2011-07-28,161200908.1815
2011-07-29,163369159.4719
2011-08-01,162730431.7617
2011-08-02,161941264.7931
2011-08-03,162194879.9991
2011-08-04,152820721.1931
2011-08-05,151378859.8211
2011-08-08,142850098.3426
2011-08-09,153714867.3218
2011-08-10,150710881.563
2011-08-11,151757284.0513
2011-08-12,153694680.8112
2011-08-15,157782657.7111
2011-08-16,157130844.6368
2011-08-17,159879951.0837
2011-08-18,153380827.5912
2011-08-19,153018013.4608
2011-08-22,153510841.369
2011-08-23,155758969.4021
2011-08-24,151635840.5105
2011-08-25,150357690.2287
2011-08-26,154672080.3347
2011-08-29,157019942.7609
2011-08-30,159052816.0075
2011-08-31,159982791.8438
2011-09-01,159793796.6262
2011-09-02,159348330.6438
2011-09-06,155207959.1345
2011-09-07,157289466.3771
2011-09-08,155958127.9881
2011-09-09,152651587.4415
2011-09-12,151542401.7871
2011-09-13,152257626.295
2011-09-14,153031104.8578
2011-09-15,153956930.766
2011-09-16,154015879.5707
2011-09-19,152164889.3479
2011-09-20,152449565.6696
2011-09-21,148949224.9539
2011-09-22,144291431.8184
2011-09-23,142798748.9827
2011-09-26,143738172.8955
2011-09-27,145824332.2914
2011-09-28,142408990.8381
2011-09-29,143944243.2733
2011-09-30,140388180.8501
2011-10-03,142868604.3792
2011-10-04,141345136.3617
2011-10-05,140736325.5847
2011-10-06,139435328.1703
2011-10-07,138751121.5274
2011-10-10,137094894.2159
2011-10-11,138102612.9524
2011-10-12,136710722.1752
2011-10-13,137469338.268
2011-10-14,136899177.9373
2011-10-17,138212144.3778
2011-10-18,137667035.0172
2011-10-19,138054165.2249
2011-10-20,137904090.6014
2011-10-21,137167775.3412
2011-10-24,136296708.3206
2011-10-25,138543085.0912
2011-10-26,137241011.7777
2011-10-27,134875957.9429
2011-10-28,135888858.3472
2011-10-31,137681383.9549
2011-11-01,137645083.5868
2011-11-02,138213330.6992
2011-11-03,138767170.7893
2011-11-04,138896088.4892
2011-11-07,139357840.5378
2011-11-08,139313955.7742
2011-11-09,138004302.5443
2011-11-10,137762526.9374
2011-11-11,138539498.0476
2011-11-14,138207713.3654
2011-11-15,138212305.1555
2011-11-16,137639472.8431
2011-11-17,136260587.664
2011-11-18,136056960.8347
2011-11-21,135115241.3689
2011-11-22,135388938.1496
2011-11-23,134387948.0786
2011-11-25,133241340.1699
2011-11-28,134409939.2582
2011-11-29,134909325.073
2011-11-30,135858265.8459
2011-12-01,135931076.1551
2011-12-02,136529878.2655
2011-12-05,136966200.1508
2011-12-06,136757568.5877
2011-12-07,137385608.7252
2011-12-08,136658542.2595
2011-12-09,136776964.1683
2011-12-12,135848462.0689
2011-12-13,135358524.3148
2011-12-14,134528119.7868
2011-12-15,134630375.5986
2011-12-16,135929785.6079
2011-12-19,135694023.6266
2011-12-20,136648549.6567
2011-12-21,136044397.1246
2011-12-22,136244854.1194
2011-12-23,136001360.649
2011-12-27,136521128.1458
2011-12-28,135586104.1456
2011-12-29,136040029.7649
2011-12-30,136499588.797
2012-01-03,134326043.761
2012-01-04,134527270.5286
2012-01-05,135509297.7855
2012-01-06,136554604.7881
2012-01-09,136095574.3297
2012-01-10,135268993.1874
2012-01-11,136345986.0152
2012-01-12,136473428.1116
2012-01-13,137499118.3973
2012-01-17,137346358.2168
2012-01-18,136262191.4062
2012-01-19,135119402.55
2012-01-20,134614242.7456
2012-01-23,133807835.6034
2012-01-24,133761184.7981
2012-01-25,133902758.6723
2012-01-26,134709302.3403
2012-01-27,135035098.3572
2012-01-30,136259821.6723
2012-01-31,136724373.7568
2012-02-01,136251720.5703
2012-02-02,136582069.1923
2012-02-03,135037698.2092
2012-02-06,135439306.8317
2012-02-07,134896007.2548
2012-02-08,134725211.6657
2012-02-09,133910353.1234
2012-02-10,135017382.5485
2012-02-13,134668567.9007
2012-02-14,134896630.4718
2012-02-15,134499920.3834
2012-02-16,133610564.3226
2012-02-17,132781845.0306
2012-02-21,132245154.6206
2012-02-22,133001207.9477
2012-02-23,133351946.7698
2012-02-24,132504873.0407
2012-02-27,133765899.2543
2012-02-28,133837259.5732
2012-02-29,132646405.2448
2012-03-01,131966756.5991
2012-03-02,132478723.7227
2012-03-05,132292339.3813
2012-03-06,133802979.5156
2012-03-07,133549063.1186
2012-03-08,132446449.2253
2012-03-09,132379546.5571
2012-03-12,132505677.5202
2012-03-13,130521560.0587
2012-03-14,128419325.6215
2012-03-15,128375387.7578
2012-03-16,128401011.4187
2012-03-19,127802977.8064
2012-03-20,128081904.1522
2012-03-21,129067269.1463
2012-03-22,129743406.6316
2012-03-23,130168438.07
2012-03-26,129794111.2899
2012-03-27,130535855.5447
2012-03-28,130680208.1284
2012-03-29,131619347.0209
2012-03-30,130288555.5667
2012-04-02,130014004.6972
2012-04-03,129274643.3662
2012-04-04,130901333.8401
2012-04-05,131737182.6924
2012-04-09,133392760.6583
2012-04-10,135083096.0415
2012-04-11,134309908.1271
2012-04-12,133144491.9461
2012-04-13,135085794.4961
2012-04-16,134978149.48
2012-04-17,134410962.8602
2012-04-18,134715495.8102
2012-04-19,134347250.0589
2012-04-20,133839632.8157
2012-04-23,134950645.7764
2012-04-24,134211469.5162
2012-04-25,134099850.8764
2012-04-26,134596896.3754
2012-04-27,134304514.7401
2012-04-30,134574581.2264
2012-05-01,134237062.6519
2012-05-02,135843203.8946
2012-05-03,136785529.8707
2012-05-04,139044131.325
2012-05-07,138953953.7962
2012-05-08,140550285.8193
2012-05-09,141482405.1084
2012-05-10,140810404.3026
2012-05-11,142200298.5286
2012-05-14,144122600.1647
2012-05-15,145071373.8427
2012-05-16,145600925.2511
2012-05-17,146166996.2559
2012-05-18,146355676.6491
2012-05-21,145147944.6246
2012-05-22,146012142.0636
2012-05-23,147768836.9745
2012-05-24,147876266.181
2012-05-25,148566125.9347
2012-05-29,147920808.4651
2012-05-30,151751002.5103
2012-05-31,152693762.0009
2012-06-01,156754537.1496
2012-06-04,154705268.3646
2012-06-05,153862281.6615
2012-06-06,148593821.0761
2012-06-07,148892100.1651
2012-06-08,149788482.0785
2012-06-11,151686388.7253
2012-06-12,149001749.4053
2012-06-13,150462128.1618
2012-06-14,149082105.0449
2012-06-15,148640957.4901
2012-06-18,148726850.3464
2012-06-19,145630980.587
2012-06-20,145901732.0564
2012-06-21,149949877.826
2012-06-22,148479523.7661
2012-06-25,151060721.3317
2012-06-26,149568755.9837
2012-06-27,149020558.2902
2012-06-28,150051398.8582
2012-06-29,143764757.1564
2012-07-02,144538844.5615
2012-07-03,142455843.6414
2012-07-05,145086748.1472
2012-07-06,147795840.5136
2012-07-09,147452375.643
2012-07-10,148845397.9822
2012-07-11,148274643.8808
2012-07-12,150128591.9006
2012-07-13,148644814.3062
2012-07-16,148397064.339
2012-07-17,147638594.9997
2012-07-18,147721134.442
2012-07-19,146733259.9647
2012-07-20,149218731.7429
2012-07-23,151630040.6534
2012-07-24,153033665.4431
2012-07-25,152034633.8553
2012-07-26,149629199.1664
2012-07-27,146615659.0746
2012-07-30,147409858.3224
2012-07-31,148544397.6198
2012-08-01,149541029.752
2012-08-02,150908762.7286
2012-08-03,146429945.5415
2012-08-06,145995818.1698
2012-08-07,144340494.825
2012-08-08,143633840.975
2012-08-09,143489872.2923
2012-08-10,143808295.7612
2012-08-13,144543306.0699
2012-08-14,143690261.9845
2012-08-15,142288532.5926
2012-08-16,140593781.4961
2012-08-17,141178752.455
2012-08-20,140727598.3796
2012-08-21,139496595.4256
2012-08-22,140200447.3026
2012-08-23,140858821.0027
2012-08-24,141609071.187
2012-08-27,142397439.8776
2012-08-28,142057421.2328
2012-08-29,142113495.6276
2012-08-30,143539469.7083
2012-08-31,142968123.4014
2012-09-04,142533890.4744
2012-09-05,142735460.1459
2012-09-06,142098350.4634
2012-09-07,140733562.8505
2012-09-10,140734756.605
2012-09-11,140139115.5772
2012-09-12,139179548.9978
2012-09-13,139385600.7925
2012-09-14,137572667.9123
2012-09-17,138948934.1002
2012-09-18,139270350.273
2012-09-19,139373041.8334
2012-09-20,139543937.2269
2012-09-21,139527293.8958
2012-09-24,140280294.0047
2012-09-25,140111974.2093
2012-09-26,140922096.3311
2012-09-27,140651347.4813
2012-09-28,141139528.8309
2012-10-01,141974674.0035
2012-10-02,141939158.1079
2012-10-03,141449863.1081
2012-10-04,142833771.7025
2012-10-05,141389583.7451
2012-10-08,141092202.6283
2012-10-09,140185358.5439
2012-10-10,140090775.7109
2012-10-11,141183508.3731
2012-10-12,140877395.1642
2012-10-15,141524629.851
2012-10-16,141946660.8542
2012-10-17,141863125.8685
2012-10-18,140764389.3805
2012-10-19,139217282.5752
2012-10-22,138769051.0089
2012-10-23,137635313.845
2012-10-24,137240452.5726
2012-10-25,137747005.584
2012-10-26,138519000.9133
2012-10-31,139874549.425
2012-11-01,140330815.5056
2012-11-02,140604326.2737
2012-11-05,141066313.5894
2012-11-06,140055619.5042
2012-11-07,140117902.2483
2012-11-08,139158217.2709
2012-11-09,138761800.9467
2012-11-12,139436461.6266
2012-11-13,139047761.8239
2012-11-14,137612314.1992
2012-11-15,137435510.9085
2012-11-16,137879424.8205
2012-11-19,138812919.1003
2012-11-20,138453282.0137
2012-11-21,138503022.0812
2012-11-23,139162536.5719
2012-11-26,139355254.8449
2012-11-27,139604627.5349
2012-11-28,140779211.2714
2012-11-29,141137993.9107
2012-11-30,141560841.8168
2012-12-03,141903101.6827
2012-12-04,142392621.8232
2012-12-05,142990619.1095
2012-12-06,143762984.8371
2012-12-07,143455772.2594
2012-12-10,144172673.0221
2012-12-11,144549660.8483
2012-12-12,144275372.1091
2012-12-13,143018469.4861
2012-12-14,143414871.9113
2012-12-17,143445569.3539
2012-12-18,143825781.6174
2012-12-19,144286294.8479
2012-12-20,145144281.175
2012-12-21,144240242.4664
2012-12-24,143610833.9656
2012-12-26,143876480.4919
2012-12-27,144782558.4367
2012-12-28,144336597.9471
2012-12-31,145833449.9723
2013-01-02,148930304.4177
2013-01-03,144876872.3851
2013-01-04,145951703.4199
2013-01-07,145743486.4002
2013-01-08,145220808.3119
2013-01-09,146096097.2079
2013-01-10,149141956.1576
2013-01-11,149699713.5209
2013-01-14,149964388.8913
2013-01-15,149415645.8908
2013-01-16,148684133.3182
2013-01-17,149663936.5945
2013-01-18,149640507.4364
2013-01-22,150135629.3926
2013-01-23,150109053.5867
2013-01-24,149899471.5102
2013-01-25,149635610.4256
2013-01-28,147851368.0851
2013-01-29,149184883.8458
2013-01-30,149688365.5546
2013-01-31,150061629.2599
2013-02-01,150890841.1706
2013-02-04,149417429.9716
2013-02-05,149906917.3915
2013-02-06,150223788.4883
2013-02-07,149207962.1188
2013-02-08,150505729.605
2013-02-11,150164985.9701
2013-02-12,150636263.0335
2013-02-13,150705312.8482
2013-02-14,150442970.8779
2013-02-15,150597833.2063
2013-02-19,151919972.7029
2013-02-20,149569761.1164
2013-02-21,147802103.8464
2013-02-22,149850510.276
2013-02-25,146895302.9834
2013-02-26,147372959.7822
2013-02-27,149669299.195
2013-02-28,149417628.941
2013-03-01,151564924.901
2013-03-04,151561577.6098
2013-03-05,151822923.735
2013-03-06,152249183.5118
2013-03-07,150615493.774
2013-03-08,151011223.5097
2013-03-11,150920036.4872
2013-03-12,150794388.649
2013-03-13,151699510.7898
2013-03-14,151465681.5735
2013-03-15,151627753.0992
2013-03-18,152622732.5391
2013-03-19,153324579.5264
2013-03-20,152679974.9644
2013-03-21,152046359.0318
2013-03-22,151977231.423
2013-03-25,151942950.4613
2013-03-26,152330950.0687
2013-03-27,153397920.916
2013-03-28,153749449.7767
2013-04-01,152204003.6051
2013-04-02,154092071.196
2013-04-03,153630325.8234
2013-04-04,156274361.6904
2013-04-05,156005967.7382
2013-04-08,156632455.4335
2013-04-09,156491393.8788
2013-04-10,158684321.2536
2013-04-11,159427050.3908
2013-04-12,161492862.5698
2013-04-15,161185654.5543
2013-04-16,161805076.4487
2013-04-17,160994586.0752
2013-04-18,159112414.5293
2013-04-19,160977680.8814
2013-04-22,161506685.6228
2013-04-23,164663604.2031
2013-04-24,165326917.8141
2013-04-25,164250724.0064
2013-04-26,164760304.2075
2013-04-29,165057936.4614
2013-04-30,165533250.0682
2013-05-01,165269935.6257
2013-05-02,166373768.8545
2013-05-03,165648473.8912
2013-05-06,165672524.941
2013-05-07,165963664.2113
2013-05-08,166684272.9518
2013-05-09,166481444.5945
2013-05-10,166226843.4299
2013-05-13,165346378.3376
2013-05-14,165931815.3945
2013-05-15,167732259.8188
2013-05-16,168151974.6743
2013-05-17,168769781.2131
2013-05-20,167970448.0066
2013-05-21,169733312.5772
2013-05-22,166515003.2197
2013-05-23,164077272.4722
2013-05-24,162388916.8175
2013-05-28,160325942.6082
2013-05-29,158378682.0428
2013-05-30,157923507.8393
2013-05-31,154735365.6289
2013-06-03,156070689.9869
2013-06-04,155520386.6652
2013-06-05,151420996.582
2013-06-06,153189299.2802
2013-06-07,155013178.7512
2013-06-10,154996760.0472
2013-06-11,152273197.6133
2013-06-12,152072669.2173
2013-06-13,156050892.6232
2013-06-14,154696003.7654
2013-06-17,156696239.3654
2013-06-18,157901689.7401
2013-06-19,153168073.6309
2013-06-20,148167146.3893
2013-06-21,147645746.3601
2013-06-24,144344567.5101
2013-06-25,146855489.5065
2013-06-26,149065175.3461
2013-06-27,151429137.6453
2013-06-28,149979736.7958
2013-07-01,150826356.6516
2013-07-02,150760338.471
2013-07-03,150575549.7555
2013-07-05,154412738.5708
2013-07-08,154067388.5641
2013-07-09,154365308.6406
2013-07-10,155396681.4598
2013-07-11,156475084.2604
2013-07-12,156888642.9971
2013-07-15,157205592.0674
2013-07-16,156331019.2589
2013-07-17,157121094.3481
2013-07-18,158502775.3557
2013-07-19,157504574.7524
2013-07-22,156854208.3375
2013-07-23,157037318.4379
2013-07-24,157940309.0127
2013-07-25,158260302.2836
2013-07-26,157749173.3941
2013-07-29,157326265.945
2013-07-30,157742966.742
2013-07-31,157813492.0714
2013-08-01,160779923.2707
2013-08-02,160967510.7831
2013-08-05,160678588.1413
2013-08-06,159995719.5208
2013-08-07,158306637.3365
2013-08-08,158688989.1064
2013-08-09,158269673.8048
2013-08-12,157752978.7684
2013-08-13,159732301.7447
2013-08-14,158929009.4254
2013-08-15,157681746.0786
2013-08-16,158068523.9975
2013-08-19,157457160.1347
2013-08-20,157809048.3483
2013-08-21,157032582.8286
2013-08-22,158414484.2184
2013-08-23,158095786.4374
2013-08-26,156545082.0985
2013-08-27,153582875.0504
2013-08-28,153927166.5403
2013-08-29,154148946.5132
2013-08-30,153789597.9364
2013-09-03,155153791.3001
2013-09-04,157322468.816
2013-09-05,158777034.151
2013-09-06,157939948.9174
2013-09-09,159389671.2772
2013-09-10,161383399.8764
2013-09-11,160775031.3706
2013-09-12,160762893.7255
2013-09-13,160932467.0406
2013-09-16,161710472.9796
2013-09-17,161975582.1626
2013-09-18,160982035.4651
2013-09-19,161617389.6119
2013-09-20,161524611.7142
2013-09-23,160446520.6541
2013-09-24,159728023.5903
2013-09-25,159125186.8045
2013-09-26,160164113.5543
2013-09-27,159595921.0978
2013-09-30,159002301.4001
2013-10-01,160648097.0649
2013-10-02,160196499.5242
2013-10-03,159134840.5847
2013-10-04,159699771.5611
2013-10-07,157515587.9617
2013-10-08,155627060.1775
2013-10-09,156308361.644
2013-10-10,159493504.7011
2013-10-11,160943020.4349
2013-10-14,162068894.7232
2013-10-15,160767271.9145
2013-10-16,161764316.5627
2013-10-17,162508485.4234
2013-10-18,163420080.0851
2013-10-21,163581009.0306
2013-10-22,164113916.5477
2013-10-23,163108648.4071
2013-10-24,164026995.5648
2013-10-25,164277101.2421
2013-10-28,164641236.238
2013-10-29,165142116.2161
2013-10-30,164567260.1861
2013-10-31,163876147.975
2013-11-01,164174798.4477
2013-11-04,165036541.7934
2013-11-05,164375585.1419
2013-11-06,165259240.1699
2013-11-07,162368825.3539
2013-11-08,165250026.9871
2013-11-11,165842010.3339
2013-11-12,165985150.6244
2013-11-13,166382406.1853
2013-11-14,166439725.2769
2013-11-15,167647391.1659
2013-11-18,167219375.6767
2013-11-19,167445272.5713
2013-11-20,167593844.778
2013-11-21,168949743.662
2013-11-22,169547897.4348
2013-11-25,168822809.2486
2013-11-26,169083276.4324
2013-11-27,169673330.5592
2013-11-29,170039953.2948
2013-12-02,170047052.4992
2013-12-03,169201974.0681
2013-12-04,169276403.7281
2013-12-05,169779091.632
2013-12-06,171525280.6719
2013-12-09,171777891.8368
2013-12-10,170659053.0655
2013-12-11,168917181.0725
2013-12-12,169092188.9765
2013-12-13,168523761.8653
2013-12-16,170080063.3397
2013-12-17,169344898.484
2013-12-18,172477329.9319
2013-12-19,172760195.2396
2013-12-20,172416628.2478
2013-12-23,174577096.0898
2013-12-24,175379318.5453
2013-12-26,176454068.5151
2013-12-27,177412231.4088
2013-12-30,178540566.8846
2013-12-31,179639466.5774
2014-01-02,175957283.1879
2014-01-03,174438776.3782
2014-01-06,173416519.2965
2014-01-07,174266447.3594
2014-01-08,174789376.6745
2014-01-09,174919089.6535
2014-01-10,174238298.6271
2014-01-13,171529357.1093
2014-01-14,174102948.3867
2014-01-15,175081679.8207
2014-01-16,174879986.7828
2014-01-17,173641049.7648
2014-01-21,175502762.3247
2014-01-22,175845869.5774
2014-01-23,175060305.5144
2014-01-24,170042482.8019
2014-01-27,169657634.5585
2014-01-28,170414540.397
2014-01-29,167840093.0023
2014-01-30,168917876.6582
2014-01-31,165641735.1486
2014-02-03,162103766.3563
2014-02-04,161916258.5393
2014-02-05,161274099.4891
2014-02-06,162242067.0634
2014-02-07,162794461.392
2014-02-10,162751482.6651
2014-02-11,163452537.0966
2014-02-12,163439303.3757
2014-02-13,163333458.1233
2014-02-14,162477675.5231
2014-02-18,161637102.5955
2014-02-19,160711917.7678
2014-02-20,160935526.4352
2014-02-21,161315155.4408
2014-02-24,161091583.2738
2014-02-25,160959553.6029
2014-02-26,162037349.9916
2014-02-27,162079002.7546
2014-02-28,161316231.7763
2014-03-03,158668381.2072
2014-03-04,161408163.293
2014-03-05,161342537.9752
2014-03-06,162296095.3218
2014-03-07,162498895.8518
2014-03-10,162100327.3458
2014-03-11,161433254.2543
2014-03-12,160865116.7504
2014-03-13,158130818.5693
2014-03-14,157666750.4967
2014-03-17,159131632.2825
2014-03-18,160075828.7883
2014-03-19,159242649.9068
2014-03-20,158954598.0467
2014-03-21,157791276.2893
2014-03-24,157458901.6167
2014-03-25,158106648.992
2014-03-26,157270102.938
2014-03-27,156919704.2092
2014-03-28,158312277.4258
2014-03-31,159628866.7661
2014-04-01,160956746.6169
2014-04-02,161047178.5948
2014-04-03,160045329.4488
2014-04-04,158384054.6567
2014-04-07,157398878.8091
2014-04-08,158283858.4277
2014-04-09,161200653.8837
2014-04-10,157538251.5295
2014-04-11,155636914.04
2014-04-14,156287192.0027
2014-04-15,156525493.3285
2014-04-16,158046917.9619
2014-04-17,159250803.4059
2014-04-21,159659636.0912
2014-04-22,160552210.2478
2014-04-23,160324372.8092
2014-04-24,160181364.3859
2014-04-25,158861075.2481
2014-04-28,159889710.4306
2014-04-29,160764692.5723
2014-04-30,161688269.6827
2014-05-01,161165871.1434
2014-05-02,160450651.1087
2014-05-05,160548816.2536
2014-05-06,160089613.8948
2014-05-07,161069113.1904
2014-05-08,160042350.1501
2014-05-09,158857224.4543
2014-05-12,160074060.7229
2014-05-13,159534525.5062
2014-05-14,158104490.4531
2014-05-15,157199562.045
2014-05-16,157599542.8263
2014-05-19,158701614.1149
2014-05-20,158253093.1874
2014-05-21,159424300.4026
2014-05-22,159162397.0173
2014-05-23,158863459.8257
2014-05-27,159603497.7613
2014-05-28,157913443.3518
2014-05-29,158377309.742
2014-05-30,158991817.3569
2014-06-02,157343502.7328
2014-06-03,155965486.2566
2014-06-04,155632889.8131
2014-06-05,157755206.7839
2014-06-06,159075281.9595
2014-06-09,158487476.146
2014-06-10,157065497.5288
2014-06-11,156797268.016
2014-06-12,157922710.1481
2014-06-13,158303103.6419
2014-06-16,158873924.3415
2014-06-17,157405041.7084
2014-06-18,160821641.6609
2014-06-19,160520636.5285
2014-06-20,161428305.3168
2014-06-23,160851873.287
2014-06-24,160675698.673
2014-06-25,161862233.12
2014-06-26,162527111.7387
2014-06-27,163256295.6634
2014-06-30,163335331.1868
2014-07-01,164036436.8185
2014-07-02,162735219.3336
2014-07-03,162131856.5852
2014-07-07,160595182.7395
2014-07-08,160116700.9735
2014-07-09,161161487.4152
2014-07-10,159186888.4879
2014-07-11,159323891.622
2014-07-14,159822667.5724
2014-07-15,157283912.907
2014-07-16,158343936.2886
2014-07-17,157855307.5769
2014-07-18,158951843.1987
2014-07-21,158915674.5112
2014-07-22,159541719.7552
2014-07-23,160988496.1975
2014-07-24,159132523.2309
2014-07-25,159305241.9135
2014-07-28,158914591.3796
2014-07-29,157870941.1638
2014-07-30,155185584.0829
2014-07-31,150107027.4715
2014-08-01,150641121.399
2014-08-04,151987557.4388
2014-08-05,149523918.0504
2014-08-06,149759373.1957
2014-08-07,148623214.1806
2014-08-08,149707831.7962
2014-08-11,151172218.9133
2014-08-12,150546239.4198
2014-08-13,152300768.0887
2014-08-14,154617964.7365
2014-08-15,155920534.6373
2014-08-18,156899053.1528
2014-08-19,156239973.8243
2014-08-20,154646604.1922
2014-08-21,155928928.0513
2014-08-22,155132472.9671
2014-08-25,155960672.8036
2014-08-26,156144932.2755
2014-08-27,157628655.0304
2014-08-28,157396997.5936
2014-08-29,157287080.7105
2014-09-02,156798047.4361
2014-09-03,157382866.9595
2014-09-04,154995976.1201
2014-09-05,155406284.7758
2014-09-08,152443901.5334
2014-09-09,150507728.3623
2014-09-10,151075585.3771
2014-09-11,150160815.0978
2014-09-12,148431046.6688
2014-09-15,147628659.8764
2014-09-16,149011998.5573
2014-09-17,147001942.6285
2014-09-18,149553235.4803
2014-09-19,149420582.5463
2014-09-22,148289753.468
2014-09-23,147334636.713
2014-09-24,147643432.8256
2014-09-25,144407179.8824
2014-09-26,144286462.2233
2014-09-29,143340906.2186
2014-09-30,143983530.013
2014-10-01,144089255.0734
2014-10-02,142322826.8793
2014-10-03,146758005.6616
2014-10-06,145040458.1952
2014-10-07,143841803.8833
2014-10-08,146553788.0034
2014-10-09,143437191.3433
2014-10-10,142667044.9076
2014-10-13,141097331.4791
2014-10-14,143962564.3515
2014-10-15,141707196.8729
2014-10-16,140712102.2391
2014-10-17,142583944.5034
2014-10-20,143607213.9301
2014-10-21,146253296.6016
2014-10-22,145970139.2112
2014-10-23,146794262.7607
2014-10-24,147359012.739
2014-10-27,146460952.9664
2014-10-28,147406099.4881
2014-10-29,147892093.3008
2014-10-30,149887044.314
2014-10-31,154774047.1183
2014-11-03,156501787.1063
2014-11-04,155368424.5577
2014-11-05,157143667.568
2014-11-06,157539597.6639
2014-11-07,157471514.023
2014-11-10,157896401.0517
2014-11-11,157126747.7598
2014-11-12,158346948.0137
2014-11-13,159106859.421
2014-11-14,158052863.6905
2014-11-17,158057562.9574
2014-11-18,158150493.5618
2014-11-19,157938927.4654
2014-11-20,158105179.8331
2014-11-21,160087104.7176
2014-11-24,160517048.0125
2014-11-25,161639654.8428
2014-11-26,161761027.9693
2014-11-28,166033966.0774
2014-12-01,161991006.5916
2014-12-02,162909624.9101
2014-12-03,163812189.1373
2014-12-04,164323818.9031
2014-12-05,164508781.4594
2014-12-08,165292137.4924
2014-12-09,165383366.8322
2014-12-10,165065553.6943
2014-12-11,166313367.1804
2014-12-12,168000247.6174
2014-12-15,170072095.3419
2014-12-16,169214846.1802
2014-12-17,171674937.3294
2014-12-18,171001380.2558
2014-12-19,171908935.2174
2014-12-22,173440904.7481
2014-12-23,172255049.7331
2014-12-24,172633756.4395
2014-12-26,172422128.0173
2014-12-29,175070461.6878
2014-12-30,174356155.4575
2014-12-31,175568207.3089
2015-01-02,179245781.1921
2015-01-05,181707237.2573
2015-01-06,183273628.5913
2015-01-07,183942135.6941
2015-01-08,183307913.0764
2015-01-09,183115882.27
2015-01-12,183877002.675
2015-01-13,183443652.2331
2015-01-14,183855084.5214
2015-01-15,179700712.4171
2015-01-16,176335727.5173
2015-01-20,178315195.8014
2015-01-21,175653254.3896
2015-01-22,178153369.0598
2015-01-23,181605464.743
2015-01-26,181403464.26
2015-01-27,179556301.8368
2015-01-28,182789655.8243
2015-01-29,183965140.4258
2015-01-30,185382810.2152
2015-02-02,184405288.5934
2015-02-03,179241551.0054
2015-02-04,181767653.2671
2015-02-05,178902764.6842
2015-02-06,177436187.3281
2015-02-09,176282418.4779
2015-02-10,177280859.2302
2015-02-11,178701709.5913
2015-02-12,176321354.662
2015-02-13,174955272.9361
2015-02-17,173200183.867
2015-02-18,175234707.2425
2015-02-19,175704699.4837
2015-02-20,176142184.0724
2015-02-23,177757238.9636
2015-02-24,179161204.6202
2015-02-25,178255171.2547
2015-02-26,179546393.5211
2015-02-27,179606505.5674
2015-03-02,179000835.9843
2015-03-03,178551133.7023
2015-03-04,179046960.8969
2015-03-05,180381876.4217
2015-03-06,180523748.9272
2015-03-09,181104652.6815
2015-03-10,183887119.9538
2015-03-11,186316550.3644
2015-03-12,185892974.9942
2015-03-13,187640483.6495
2015-03-16,187237246.3063
2015-03-17,188508106.9684
2015-03-18,187220913.5727
2015-03-19,189235988.2346
2015-03-20,186298002.1966
2015-03-23,184271342.1003
2015-03-24,185672925.0907
2015-03-25,183772109.6503
2015-03-26,182538157.8335
2015-03-27,184885474.2752
2015-03-30,187373926.1064
2015-03-31,188814831.5624
2015-04-01,188396504.087
2015-04-02,187175337.0689
2015-04-06,186338478.1481
2015-04-07,187367414.7373
2015-04-08,188459766.2884
2015-04-09,189215618.4694
2015-04-10,188956662.4562
2015-04-13,190155367.3816
2015-04-14,189366563.9864
2015-04-15,188352066.0269
2015-04-16,186860574.7285
2015-04-17,186979340.5676
2015-04-20,188317033.0454
2015-04-21,188445823.6283
2015-04-22,187764232.8842
2015-04-23,186709948.9524
2015-04-24,186827658.1317
2015-04-27,185260993.8351
2015-04-28,182396499.7403
2015-04-29,180286198.6879
2015-04-30,180091092.3993
2015-05-01,181191150.921
2015-05-04,180713340.3906
2015-05-05,178332944.9812
2015-05-06,175591431.3887
2015-05-07,178165681.5317
2015-05-08,179485849.9054
2015-05-11,176915298.9262
2015-05-12,175298365.5151
2015-05-13,173312996.3258
2015-05-14,173847674.6706
2015-05-15,175738566.5534
2015-05-18,175989541.0815
2015-05-19,177829090.8095
2015-05-20,178604609.0416
2015-05-21,178898412.2213
2015-05-22,180638826.9694
2015-05-26,183579266.8146
2015-05-27,185060073.0823
2015-05-28,184756443.9462
2015-05-29,184356168.4337
2015-06-01,185139054.9793
2015-06-02,180946423.1755
2015-06-03,180283053.0117
2015-06-04,182363856.0176
2015-06-05,183123476.7329
2015-06-08,181402473.6333
2015-06-09,180201688.982
2015-06-10,177512413.8435
2015-06-11,180017954.6412
2015-06-12,180192206.1273
2015-06-15,180366797.6455
2015-06-16,181140598.7171
2015-06-17,179712043.2864
2015-06-18,178979066.8742
2015-06-19,180726614.3565
2015-06-22,179148889.415
2015-06-23,179571146.4726
2015-06-24,180089158.3068
2015-06-25,179308436.9307
2015-06-26,178917834.3304
2015-06-29,180482374.4375
2015-06-30,180223225.8263
2015-07-01,181461987.8425
2015-07-02,181427524.8178
2015-07-06,185245052.4971
2015-07-07,187555140.8427
2015-07-08,188603852.6513
2015-07-09,186541913.2921
2015-07-10,183353375.8949
2015-07-13,184743863.2981
2015-07-14,184534618.9184
2015-07-15,186799214.6335
2015-07-16,187499296.7799
2015-07-17,188996041.3327
2015-07-20,190492373.1556
2015-07-21,190159388.3262
2015-07-22,192127708.5718
2015-07-23,193329472.7819
2015-07-24,194435915.0108
2015-07-27,195579388.415
2015-07-28,193872628.2001
2015-07-29,193393257.0465
2015-07-30,194012449.1696
2015-07-31,194752474.7179
2015-08-03,196929051.1631
2015-08-04,195226954.892
2015-08-05,195143875.4938
2015-08-06,195362632.7057
2015-08-07,195448842.4757
2015-08-10,192825594.5966
2015-08-11,195514590.0013
2015-08-12,194457171.4667
2015-08-13,194838232.8886
2015-08-14,195274344.0446
2015-08-17,197062589.851
2015-08-18,197305608.649
2015-08-19,197612877.9873
2015-08-20,196222032.3376
2015-08-21,196182393.3145
2015-08-24,195977165.4021
2015-08-25,194792670.1838
2015-08-26,197799042.7205
2015-08-27,197071042.731
2015-08-28,196542076.0652
2015-08-31,195007032.7756
2015-09-01,197061546.1492
2015-09-02,197297756.9067
2015-09-03,197656309.4139
2015-09-04,199324337.2708
2015-09-08,196632087.0457
2015-09-09,197449451.221
2015-09-10,195897819.4816
2015-09-11,196317591.8836
2015-09-14,196718058.3912
2015-09-15,196792445.8592
2015-09-16,193895122.5319
2015-09-17,193610356.4659
2015-09-18,195855609.8076
2015-09-21,196286954.6172
2015-09-22,199621536.7373
2015-09-23,201005641.3779
2015-09-24,200100595.3445
2015-09-25,200112934.0286
2015-09-28,202809440.9895
2015-09-29,202507541.3506
2015-09-30,202089989.3785
2015-10-01,202259280.3763
2015-10-02,200066565.8463
2015-10-05,196526156.6022
2015-10-06,193731805.9861
2015-10-07,191724147.193
2015-10-08,189702914.4889
2015-10-09,188608968.4277
2015-10-12,189617886.4598
2015-10-13,191106165.5937
2015-10-14,189603491.5082
2015-10-15,188622125.672
2015-10-16,189324753.6818
2015-10-19,191091117.7924
2015-10-20,190073053.8232
2015-10-21,192240030.4037
2015-10-22,192509082.7608
2015-10-23,192346067.4584
2015-10-26,192849399.4692
2015-10-27,194507476.1099
2015-10-28,194149811.6319
2015-10-29,194005817.0912
2015-10-30,193502604.7898
2015-11-02,193385476.8781
2015-11-03,192586875.5842
2015-11-04,194413370.148
2015-11-05,196276674.2123
2015-11-06,198584920.2382
2015-11-09,198921239.659
2015-11-10,200422400.2168
2015-11-11,199595601.7598
2015-11-12,199685652.6912
2015-11-13,201344216.8554
2015-11-16,201543370.8325
2015-11-17,202166062.4407
2015-11-18,202303451.5448
2015-11-19,200585787.882
2015-11-20,201450308.9759
2015-11-23,202265956.0155
2015-11-24,201328436.2644
2015-11-25,201960535.649
2015-11-27,203906673.1624
2015-11-30,203803543.698
2015-12-01,202032250.6349
2015-12-02,204332461.6357
2015-12-03,199323898.5408
2015-12-04,200144552.5444
2015-12-07,204102157.9713
2015-12-08,205835573.3161
2015-12-09,203497023.0911
2015-12-10,204670997.5064
2015-12-11,207323491.5929
2015-12-14,208169311.9987
2015-12-15,207965080.4008
2015-12-16,206650270.732
2015-12-17,210586826.2514
2015-12-18,208765547.2695
2015-12-21,208350271.6722
2015-12-22,207388808.2419
2015-12-23,204984590.1174
2015-12-24,203936845.2607
2015-12-28,205731299.2961
2015-12-29,204728897.9235
2015-12-30,205405829.8558
2015-12-31,206236895.3507
2016-01-04,208299976.2745
2016-01-05,209682261.8833
2016-01-06,211487186.8657
2016-01-07,212098835.2179
2016-01-08,213888236.2891
2016-01-11,216365302.5765
2016-01-12,216450309.918
2016-01-13,217433135.0732
2016-01-14,217931726.8678
2016-01-15,221458306.5956
2016-01-19,221737007.8362
2016-01-20,222766703.4737
2016-01-21,220900995.2705
2016-01-22,219052600.516
2016-01-25,220470004.6861
2016-01-26,217210165.6716
2016-01-27,217306652.1142
2016-01-28,215791691.8156
2016-01-29,216612837.3471
2016-02-01,216316969.6193
2016-02-02,219187264.1424
2016-02-03,212722809.4253
2016-02-04,210832721.2441
2016-02-05,213579496.4902
2016-02-08,214313570.9252
2016-02-09,215120396.2211
2016-02-10,213356269.2396
2016-02-11,212640245.6617
2016-02-12,211156289.7416
2016-02-16,213532562.3721
2016-02-17,210608308.4443
2016-02-18,209451728.8723
2016-02-19,209260857.6462
2016-02-22,208706007.6776
2016-02-23,209810238.5394
2016-02-24,209932670.8595
2016-02-25,208301017.2905
2016-02-26,210486569.2631
2016-02-29,208903938.7818
2016-03-01,203166979.462
2016-03-02,201125433.5018
2016-03-03,198445345.8381
2016-03-04,195141054.8441
2016-03-07,193990036.6014
2016-03-08,197560149.1484
2016-03-09,195157879.1327
2016-03-10,193937280.5577
2016-03-11,188122497.0757
2016-03-14,189384600.9493
2016-03-15,192225673.4506
2016-03-16,188609188.6032
2016-03-17,184715022.6337
2016-03-18,185164278.9913
2016-03-21,184972219.9748
2016-03-22,185253441.8507
2016-03-23,189557368.2284
2016-03-24,190403898.4358
2016-03-28,189335127.406
2016-03-29,187019312.4214
2016-03-30,185825254.0322
2016-03-31,186772402.4417
2016-04-01,188990985.2897
2016-04-04,190366405.3814
2016-04-05,193063136.0074
2016-04-06,191447835.196
2016-04-07,194176237.1149
2016-04-08,191167289.3989
2016-04-11,190508592.7582
2016-04-12,187203271.8818
2016-04-13,185422411.4589
2016-04-14,184827443.8505
2016-04-15,186381403.6369
2016-04-18,185261538.9455
2016-04-19,182479353.8651
2016-04-20,180119788.9672
2016-04-21,180563578.307
2016-04-22,179561107.2045
2016-04-25,179615133.8617
2016-04-26,177949180.9092
2016-04-27,178663844.7522
2016-04-28,181431143.6655
2016-04-29,181984192.6613
2016-05-02,180516814.9551
2016-05-03,184600963.7948
2016-05-04,185862839.0669
2016-05-05,187012683.007
2016-05-06,186444373.2815
2016-05-09,186760572.2787
2016-05-10,184463238.7064
2016-05-11,185280396.8499
2016-05-12,184107520.1799
2016-05-13,186445081.8815
2016-05-16,183737912.4244
2016-05-17,183851831.6844
2016-05-18,180903270.4612
2016-05-19,182146715.0662
2016-05-20,181497223.2148
2016-05-23,182322158.2275
2016-05-24,179455305.073
2016-05-25,178003661.3222
2016-05-26,178608382.9926
2016-05-27,177607961.5928
2016-05-31,178408527.5041
2016-06-01,178364162.4641
2016-06-02,179130731.6123
2016-06-03,180842989.4506
2016-06-06,178676381.6799
2016-06-07,177463361.8241
2016-06-08,176648750.6984
2016-06-09,178409085.9524
2016-06-10,182070299.2799
2016-06-13,184052593.9587
2016-06-14,184841064.3068
2016-06-15,185705186.9862
2016-06-16,186921509.3449
2016-06-17,184402629.852
2016-06-20,180618709.2159
2016-06-21,179231045.5773
2016-06-22,179999033.5723
2016-06-23,175893452.7423
2016-06-24,189006678.6104
2016-06-27,194032178.5364
2016-06-28,191822526.4042
2016-06-29,188598913.8716
2016-06-30,188236017.7594
2016-07-01,189968141.2766
2016-07-05,193891289.34
2016-07-06,194604253.6025
2016-07-07,195750434.9139
2016-07-08,196087874.4331
2016-07-11,193245868.0504
2016-07-12,189185417.1036
2016-07-13,190760427.4069
2016-07-14,188352632.716
2016-07-15,187902844.5662
2016-07-18,187755400.6197
2016-07-19,189877848.5176
2016-07-20,188685082.0134
2016-07-21,190284819.2621
2016-07-22,190194917.3692
2016-07-25,189833843.1993
2016-07-26,190027417.1334
2016-07-27,191957045.5592
2016-07-28,191762936.6215
2016-07-29,192321829.2551
2016-08-01,190968994.3078
2016-08-02,190826919.9087
2016-08-03,190599386.3093
2016-08-04,191690843.3782
2016-08-05,188953049.6838
2016-08-08,188847366.5739
2016-08-09,190390085.2542
2016-08-10,191910639.4979
2016-08-11,189629006.6517
2016-08-12,190358187.3367
2016-08-15,189052689.6486
2016-08-16,188699189.8269
2016-08-17,189308870.0716
2016-08-18,189667925.0355
2016-08-19,188277650.3163
2016-08-22,189047488.8394
2016-08-23,189115516.205
2016-08-24,188697283.4674
2016-08-25,188475202.5838
2016-08-26,187280038.4598
2016-08-29,189066540.7121
2016-08-30,188143544.6833
2016-08-31,188452440.2176
2016-09-01,189825235.5443
2016-09-02,190398694.1432
2016-09-06,193679110.8309
2016-09-07,193192323.036
2016-09-08,190066078.558
2016-09-09,184490411.1303
2016-09-12,186206896.2059
2016-09-13,182542941.2193
2016-09-14,183457995.0482
2016-09-15,185273541.2989
2016-09-16,185056149.7093
2016-09-19,185381398.8521
2016-09-20,185776727.2347
2016-09-21,189989487.7178
2016-09-22,192093955.2119
2016-09-23,191548444.7605
2016-09-26,190644168.2247
2016-09-27,192473135.8638
2016-09-28,192955348.5436
2016-09-29,191037019.582
2016-09-30,191651146.5283
2016-10-03,190624107.8293
2016-10-04,186778021.6414
2016-10-05,186266483.3157
2016-10-06,185489655.4603
2016-10-07,185648383.1024
2016-10-10,186252464.5721
2016-10-11,183654127.5884
2016-10-12,183968734.2417
2016-10-13,183738013.7083
2016-10-14,182968196.0847
2016-10-17,183672387.4345
2016-10-18,186031048.7766
2016-10-19,187154460.1231
2016-10-20,186579089.7142
2016-10-21,186647387.5162
2016-10-24,186106923.4482
2016-10-25,186484774.2546
2016-10-26,184435490.1772
2016-10-27,182091273.3854
2016-10-28,181857115.0375
2016-10-31,183371937.6595
2016-11-01,182510305.1824
2016-11-02,182445653.2979
2016-11-03,181642170.0269
2016-11-04,182230427.9326
2016-11-07,184174467.6402
2016-11-08,183992667.8342
2016-11-09,179510966.2888
2016-11-10,177281927.7434
2016-11-11,175627181.3179
2016-11-14,174802237.5602
2016-11-15,176411476.6402
2016-11-16,177110783.7046
2016-11-17,176109724.5592
2016-11-18,174440759.0241
2016-11-21,174480009.9597
2016-11-22,176130111.5778
2016-11-23,174742307.8561
2016-11-25,174693797.7496
2016-11-28,176531910.0862
2016-11-29,177146427.4255
2016-11-30,173823731.8844
2016-12-01,171862840.5502
2016-12-02,173330501.0958
2016-12-05,173031638.3753
2016-12-06,173540583.1736
2016-12-07,175299415.4154
2016-12-08,176371022.7695
2016-12-09,175348413.2992
2016-12-12,174053174.3681
2016-12-13,174702854.7072
2016-12-14,171396035.099
2016-12-15,171331057.2038
2016-12-16,170337327.0558
2016-12-19,172097300.0857
2016-12-20,172647353.7917
2016-12-21,172640675.7257
2016-12-22,172671427.6487
2016-12-23,172922207.7178
2016-12-27,172774126.6272
2016-12-28,173874652.0113
2016-12-29,174711492.0452
2016-12-30,173825978.1833
2017-01-03,176097275.6866
2017-01-04,177294819.3282
2017-01-05,178721951.2429
2017-01-06,178016564.962
2017-01-09,178493039.1462
2017-01-10,178418603.4386
2017-01-11,179969095.7867
2017-01-12,179765501.1481
2017-01-13,179296796.08
2017-01-17,179249925.1397
2017-01-18,177481655.4294
2017-01-19,175780513.419
2017-01-20,176769748.0121
2017-01-23,177675912.7138
2017-01-24,178088671.4456
2017-01-25,177813442.3744
2017-01-26,178412933.5113
2017-01-27,178530309.745
2017-01-30,177604763.9886
2017-01-31,178061369.8225
2017-02-01,178804359.7307
2017-02-02,179659374.0402
2017-02-03,180739770.0383
2017-02-06,180603927.9827
2017-02-07,179530149.456
2017-02-08,180614456.8529
2017-02-09,180994159.0202
2017-02-10,182795090.5905
2017-02-13,182612079.5637
2017-02-14,182677339.109
2017-02-15,184183919.703
2017-02-16,184646081.3929
2017-02-17,184613450.0865
2017-02-21,185693615.5566
2017-02-22,185865511.4993
2017-02-23,186467529.3376
2017-02-24,185784313.2389
2017-02-27,184982026.776
2017-02-28,184174823.7654
2017-03-01,188332500.7668
2017-03-02,185348820.9912
2017-03-03,185538876.4088
2017-03-06,184660015.1879
2017-03-07,183115907.9652
2017-03-08,180655646.0247
2017-03-09,179278884.2502
2017-03-10,179898269.999
2017-03-13,180911541.7238
2017-03-14,179397524.6977
2017-03-15,183475170.8851
2017-03-16,183368665.5061
2017-03-17,183696228.4904
2017-03-20,183749338.0223
2017-03-21,179672975.3976
2017-03-22,180126924.2931
2017-03-23,180102745.6767
2017-03-24,180820116.0325
2017-03-27,180388879.7957
2017-03-28,183025155.4549
2017-03-29,184632058.1972
2017-03-30,185198986.6247
2017-03-31,184903142.0133
2017-04-03,184059214.9406
2017-04-04,184958159.3142
2017-04-05,183654680.8645
2017-04-06,184237809.7879
2017-04-07,184756362.7308
2017-04-10,184774622.1778
2017-04-11,185007989.7564
2017-04-12,184129969.0956
2017-04-13,183028917.1658
2017-04-17,184567277.8433
2017-04-18,181203683.1823
2017-04-19,179925846.3167
2017-04-20,182106367.0247
2017-04-21,181626209.5389
2017-04-24,184942984.3616
2017-04-25,185594300.8939
2017-04-26,184623517.3545
2017-04-27,183971307.1123
2017-04-28,182873483.1547
2017-05-01,184137818.4007
2017-05-02,184271374.0597
2017-05-03,184533646.2533
2017-05-04,184030241.3092
2017-05-05,185844930.4083
2017-05-08,186239236.4798
2017-05-09,187691925.0899
2017-05-10,188571694.3844
2017-05-11,188017446.7952
2017-05-12,187100353.7034
2017-05-15,187917111.6061
2017-05-16,187375667.8593
2017-05-17,181615332.3084
2017-05-18,183198188.6455
2017-05-19,183992345.7088
2017-05-22,184540316.953
2017-05-23,185586027.3139
2017-05-24,185582022.2543
2017-05-25,186178186.8899
2017-05-26,186154406.6461
2017-05-30,185373231.1888
2017-05-31,184770777.2809
2017-06-01,186657016.073
2017-06-02,189776490.1819
2017-06-05,189081344.5247
2017-06-06,188621127.2294
2017-06-07,188705762.545
2017-06-08,188812370.184
2017-06-09,187391397.5406
2017-06-12,187117008.7022
2017-06-13,188769785.3684
2017-06-14,189236663.2406
2017-06-15,187084890.5163
2017-06-16,187738545.114
2017-06-19,189747967.5766
2017-06-20,187898604.2456
2017-06-21,188104469.5877
2017-06-22,189343419.5448
2017-06-23,190339725.073
2017-06-26,190523919.4241
2017-06-27,188061107.5144
2017-06-28,190919444.0205
2017-06-29,187343569.086
2017-06-30,186214612.5991
2017-07-03,186652234.2936
2017-07-05,186855573.6939
2017-07-06,185933060.8216
2017-07-07,188352628.8143
2017-07-10,188397594.1906
2017-07-11,188490149.396
2017-07-12,190077661.0611
2017-07-13,191425980.2256
2017-07-14,192646201.239
2017-07-17,191955095.787
2017-07-18,192494801.4901
2017-07-19,193221445.4187
2017-07-20,194849165.308
2017-07-21,193873611.2152
2017-07-24,194036302.5345
2017-07-25,195597078.773
2017-07-26,195432721.6392
2017-07-27,193566293.441
2017-07-28,192510338.0057
2017-07-31,192717663.6279
2017-08-01,192917901.6002
2017-08-02,193479215.9268
2017-08-03,191666700.1293
2017-08-04,193305844.0369
2017-08-07,193559371.4427
2017-08-08,191952813.4586
2017-08-09,189467605.2322
2017-08-10,183490874.8923
2017-08-11,183533043.7857
2017-08-14,187077784.6831
2017-08-15,188150311.462
2017-08-16,188705274.2033
2017-08-17,183744430.6147
2017-08-18,185583243.3295
2017-08-21,185006565.4314
2017-08-22,187941956.4327
2017-08-23,187332671.4173
2017-08-24,187647572.1287
2017-08-25,188546271.4646
2017-08-28,187619296.1876
2017-08-29,186846311.8132
2017-08-30,186981123.2339
2017-08-31,188915723.8331
2017-09-01,189609397.217
2017-09-05,186662502.5047
2017-09-06,188230263.2346
2017-09-07,189835764.7312
2017-09-08,189017911.4836
2017-09-11,191765028.8799
2017-09-12,192839728.3038
2017-09-13,191605919.8003
2017-09-14,191585258.1342
2017-09-15,191952909.4185
2017-09-18,192966673.7944
2017-09-19,194597478.3351
2017-09-20,193939994.8626
2017-09-21,193131356.274
2017-09-22,193711824.2574
2017-09-25,192150826.8813
2017-09-26,191642948.8246
2017-09-27,192229590.7386
2017-09-28,193172180.5653
2017-09-29,194855611.0533
2017-10-02,194995983.9584
2017-10-03,196275151.3609
2017-10-04,195686242.266
2017-10-05,196166977.6366
2017-10-06,195730788.7205
2017-10-09,195421645.9558
2017-10-10,197194286.2382
2017-10-11,197830847.8043
2017-10-12,197455105.1485
2017-10-13,198003863.4064
2017-10-16,198834191.4471
2017-10-17,198829629.1635
2017-10-18,200609204.3141
2017-10-19,199079089.4917
2017-10-20,200879722.3971
2017-10-23,199307659.9665
2017-10-24,200664482.8643
2017-10-25,199472666.7231
2017-10-26,198878965.5976
2017-10-27,199709664.0264
2017-10-30,198881644.8304
2017-10-31,200424727.7511
2017-11-01,200470504.9386
2017-11-02,200600028.5463
2017-11-03,201160771.9332
2017-11-06,202186113.9212
2017-11-07,200899918.0509
2017-11-08,201598575.3272
2017-11-09,199801001.3735
2017-11-10,200139361.2715
2017-11-13,198605397.047
2017-11-14,197074346.3131
2017-11-15,194977942.4816
2017-11-16,199321067.0915
2017-11-17,198329539.987
2017-11-20,199892127.4098
2017-11-21,203108802.3538
2017-11-22,203405454.9764
2017-11-24,205928316.7213
2017-11-27,203354848.2144
2017-11-28,205578927.4078
2017-11-29,204466135.4642
2017-11-30,206775143.5633
2017-12-01,209089957.9922
2017-12-04,206800011.5674
2017-12-05,206679571.5453
2017-12-06,205202466.5669
2017-12-07,205202847.2429
2017-12-08,206440371.0618
2017-12-11,207701187.9341
2017-12-12,207521241.8304
2017-12-13,211416266.4662
2017-12-14,210544643.1167
2017-12-15,210779756.6417
2017-12-18,213814680.8912
2017-12-19,211207957.0492
2017-12-20,209874641.2282
2017-12-21,212298206.7998
2017-12-22,213390226.2864
2017-12-26,214429248.2514
2017-12-27,217159685.4483
2017-12-28,218779143.804
2017-12-29,220145374.1107
2018-01-02,223772170.6183
2018-01-03,226173165.9668
2018-01-04,229855639.1779
2018-01-05,231422528.3333
2018-01-08,230583674.7217
2018-01-09,228286278.1546
2018-01-10,228164718.1333
2018-01-11,232728699.7456
2018-01-12,239039771.5442
2018-01-16,240053320.7089
2018-01-17,240962106.8731
2018-01-18,239514839.3482
2018-01-19,240236673.3018
2018-01-22,243307097.9472
2018-01-23,247335856.5636
2018-01-24,251315860.2299
2018-01-25,250329070.6179
2018-01-26,254787463.5019
2018-01-29,248765340.0704
2018-01-30,243695485.442
2018-01-31,245591704.2839
2018-02-01,245203131.155
2018-02-02,232952238.1978
2018-02-05,216155896.7643
2018-02-06,221868406.1429
2018-02-07,214363799.2735
2018-02-08,202037661.5022
2018-02-09,202617347.7555
2018-02-12,209480844.0742
2018-02-13,210952376.5689
2018-02-14,220487057.9026
2018-02-15,227075933.2056
2018-02-16,227164564.9337
2018-02-20,221793308.9227
2018-02-21,217044726.2237
2018-02-22,219904921.6248
2018-02-23,225804646.617
2018-02-26,229673229.6025
2018-02-27,221513751.4316
2018-02-28,216101892.142
2018-03-01,211713495.5162
2018-03-02,214906239.1176
2018-03-05,216422613.7422
2018-03-06,218668341.9365
2018-03-07,218516894.1682
2018-03-08,216452305.149
2018-03-09,220695814.8923
2018-03-12,220854916.9306
2018-03-13,218540350.0452
2018-03-14,218309665.0325
2018-03-15,216978746.7077
2018-03-16,217586477.2201
2018-03-19,216560540.4761
2018-03-20,216836354.4699
2018-03-21,220001768.0501
2018-03-22,213509743.1183
2018-03-23,211433233.4119
2018-03-26,217548675.6756
2018-03-27,212303992.6632
2018-03-28,210056452.6292
2018-03-29,212383586.5871
2018-04-02,208190909.9842
2018-04-03,209888707.327
2018-04-04,211847035.4158
2018-04-05,211666466.621
2018-04-06,209673521.203
2018-04-09,211970430.835
2018-04-10,216607750.8255
2018-04-11,216653304.5752
2018-04-12,217008751.7457
2018-04-13,216959762.6945
2018-04-16,218510845.6478
2018-04-17,219406812.5033
2018-04-18,219875004.0344
2018-04-19,216855098.8063
2018-04-20,214243846.4134
2018-04-23,212811881.2469
2018-04-24,211013677.4417
2018-04-25,209356549.1396
2018-04-26,210612415.9561
2018-04-27,210602218.0751
2018-04-30,208840740.7861
2018-05-01,207947113.7552
2018-05-02,207266822.2478
2018-05-03,207389275.538
2018-05-04,209282486.2963
2018-05-07,210026466.0289
2018-05-08,209578187.9683
2018-05-09,212049072.7775
2018-05-10,213645100.0998
2018-05-11,213696547.0577
2018-05-14,215005956.7935
2018-05-15,214309557.003
2018-05-16,215984354.8802
2018-05-17,216707491.2803
2018-05-18,213546419.7796
2018-05-21,215244645.07
2018-05-22,214505832.4846
2018-05-23,211288951.5503
2018-05-24,209600246.8137
2018-05-25,205443652.8831
2018-05-29,197111599.1806
2018-05-30,203535489.9403
2018-05-31,202481320.0052
2018-06-01,204395102.219
2018-06-04,206775741.041
2018-06-05,206834051.4637
2018-06-06,210203468.2971
2018-06-07,208010007.3254
2018-06-08,208609791.5661
2018-06-11,209817486.68
2018-06-12,208642749.0703
2018-06-13,209375395.5218
2018-06-14,206760747.7187
2018-06-15,204637615.9964
2018-06-18,204271385.3147
2018-06-19,201603241.9074
2018-06-20,203491346.0432
2018-06-21,201619734.0211
2018-06-22,204145353.3261
2018-06-25,200584340.1218
2018-06-26,200677769.0865
2018-06-27,196986409.8764
2018-06-28,198161206.0765
2018-06-29,200240260.0783
2018-07-02,200165581.8003
2018-07-03,198844771.6716
2018-07-05,199811191.997
2018-07-06,200809692.0115
2018-07-09,203251024.385
2018-07-10,203681652.9743
2018-07-11,200753376.9866
2018-07-12,202110125.3289
2018-07-13,202479752.0218
2018-07-16,201530112.0035
2018-07-17,203181589.5
2018-07-18,203706432.1393
2018-07-19,202990443.9412
2018-07-20,203289345.9431
2018-07-23,204548479.3291
2018-07-24,204684430.3853
2018-07-25,205835132.6878
2018-07-26,205974260.4631
2018-07-27,204972093.8207
2018-07-30,204814612.5243
2018-07-31,204783101.0029
2018-08-01,205428796.2064
2018-08-02,206244307.1891
2018-08-03,205143850.5694
2018-08-06,205523289.4095
2018-08-07,207033184.9411
2018-08-08,206056286.5872
2018-08-09,205713963.6751
2018-08-10,202990004.3688
2018-08-13,202995022.173
2018-08-14,204869654.9818
2018-08-15,201233440.7315
2018-08-16,202463543.3171
2018-08-17,202015886.7123
2018-08-20,200966623.6888
2018-08-21,201272092.8474
2018-08-22,201678995.4523
2018-08-23,202647640.5635
2018-08-24,202025694.6693
2018-08-27,204192262.5837
2018-08-28,205724505.1343
2018-08-29,206546050.0446
2018-08-30,204671667.5732
2018-08-31,204833909.1097
2018-09-04,205919837.2994
2018-09-05,204444495.0209
2018-09-06,202108628.4407
2018-09-07,204248549.2494
2018-09-10,204097012.4673
2018-09-11,206944079.3356
2018-09-12,205731803.3856
2018-09-13,205360449.9522
2018-09-14,207776932.4363
2018-09-17,206231020.5209
2018-09-18,210066557.0051
2018-09-19,210697334.5083
2018-09-20,209175285.2536
2018-09-21,210104004.7062
2018-09-24,211437156.8536
2018-09-25,211618673.8387
2018-09-26,210373396.9109
2018-09-27,213035024.3261
2018-09-28,213669781.8119
2018-10-01,216418540.0349
2018-10-02,213851257.5574
2018-10-03,218810543.446
2018-10-04,217849739.9119
2018-10-05,217061984.0126
2018-10-08,217140813.1244
2018-10-09,215402545.194
2018-10-10,209613132.8708
2018-10-11,202112393.9738
2018-10-12,204599862.7292
2018-10-15,202961027.9812
2018-10-16,206455020.534
2018-10-17,208098327.1029
2018-10-18,205607926.1256
2018-10-19,206558178.3746
2018-10-22,207097318.6902
2018-10-23,203099875.7181
2018-10-24,196718504.5422
2018-10-25,201130836.7301
2018-10-26,196013935.7714
2018-10-29,196395707.4649
2018-10-30,201178037.8972
2018-10-31,203856498.4614
2018-11-01,197735266.554
2018-11-02,199855161.7085
2018-11-05,198992738.2585
2018-11-06,198449675.9178
2018-11-07,196410237.9029
2018-11-08,199890373.6081
2018-11-09,200659988.8404
2018-11-12,202787732.1372
2018-11-13,200343657.4262
2018-11-14,198773314.3979
2018-11-15,198891130.7254
2018-11-16,195630776.997
2018-11-19,195315319.2968
2018-11-20,197781700.8066
2018-11-21,195399034.5804
2018-11-23,196571704.4334
2018-11-26,196269676.2954
2018-11-27,197741128.1933
2018-11-28,193465503.3112
2018-11-29,193323393.4958
2018-11-30,194829038.6785
2018-12-03,190747757.28
2018-12-04,191593456.2329
2018-12-06,192235710.5119
2018-12-07,190894204.2557
2018-12-10,194029662.6863
2018-12-11,194786322.2214
2018-12-12,192480197.4118
2018-12-13,191704766.4711
2018-12-14,194652057.3525
2018-12-17,194086644.5867
2018-12-18,193282838.249
2018-12-19,194298446.5948
2018-12-20,193935652.0563
2018-12-21,197921159.1066
2018-12-24,196836934.6923
2018-12-26,195589051.0045
2018-12-27,194022610.6326
2018-12-28,189868527.7689
2018-12-31,187861692.605
2019-01-02,188560330.933
2019-01-03,187058021.6208
2019-01-04,182619820.7812
2019-01-07,180646258.5621
2019-01-08,179532409.1983
2019-01-09,174987100.9965
2019-01-10,176318849.6365
2019-01-11,175849060.5624
2019-01-14,177585131.8478
2019-01-15,176677796.1747
2019-01-16,176020938.5627
2019-01-17,174897435.1845
2019-01-18,174449107.7922
2019-01-22,176816992.2748
2019-01-23,175463385.7994
2019-01-24,174577630.7285
2019-01-25,170921644.1131
2019-01-28,172431309.7959
2019-01-29,171183673.8916
2019-01-30,165999705.6227
2019-01-31,163584336.675
2019-02-01,163328193.5844
2019-02-04,163261043.1876
2019-02-05,162978325.0313
2019-02-06,165013404.0401
2019-02-07,167166302.9177
2019-02-08,167887318.424
2019-02-11,169201750.7531
2019-02-12,166919374.9035
2019-02-13,167505474.6776
2019-02-14,167608027.5935
2019-02-15,164722271.7111
2019-02-19,163031128.2182
2019-02-20,162656842.4545
2019-02-21,163406119.4556
2019-02-22,162480333.6293
2019-02-25,162536525.8768
2019-02-26,161756031.4168
2019-02-27,162071019.1442
2019-02-28,163078258.4703
2019-03-01,164031801.8395
2019-03-04,164889689.0772
2019-03-05,164822610.2957
2019-03-06,165589340.6436
2019-03-07,168520283.1735
2019-03-08,167724973.0288
2019-03-11,167456402.8195
2019-03-12,167536501.7322
2019-03-13,165655803.5708
2019-03-14,166353083.2298
2019-03-15,165415116.2609
2019-03-18,164660903.5121
2019-03-19,164209924.8855
2019-03-20,164016426.2897
2019-03-21,165451004.0945
2019-03-22,167967846.0502
2019-03-25,167913650.8446
2019-03-26,168546831.6602
2019-03-27,170250747.8773
2019-03-28,172070507.6297
2019-03-29,171694351.0699
2019-04-01,169182283.6183
2019-04-02,169497139.6173
2019-04-03,167451866.7426
2019-04-04,167928567.0058
2019-04-05,168579949.4673
2019-04-08,167417903.0212
2019-04-09,167891776.0998
2019-04-10,168789634.0826
2019-04-11,169784888.4927
2019-04-12,168223324.0158
2019-04-15,168382191.4955
2019-04-16,168280259.6502
2019-04-17,168347459.6426
2019-04-18,169738271.0948
2019-04-22,169174190.4113
2019-04-23,171402824.9233
2019-04-24,174304841.9725
2019-04-25,174415701.0202
2019-04-26,175443249.513
2019-04-29,174259557.0395
2019-04-30,173952055.979
2019-05-01,174450667.5196
2019-05-02,174138646.6097
2019-05-03,173616093.282
2019-05-06,175242674.2405
2019-05-07,176512438.8439
2019-05-08,176168368.4297
2019-05-09,176738586.7228
2019-05-10,176659546.9701
2019-05-13,177468037.3961
2019-05-14,177106226.0691
2019-05-15,178355226.994
2019-05-16,178564725.6668
2019-05-17,180043191.732
2019-05-20,178933932.2935
2019-05-21,179654230.4204
2019-05-22,181154814.0317
2019-05-23,182172213.3872
2019-05-24,180493777.5159
2019-05-28,182139621.2208
2019-05-29,182678249.9932
2019-05-30,183765564.1252
2019-05-31,185165150.8893
2019-06-03,183842876.4969
2019-06-04,182002314.0836
2019-06-05,184157553.3923
2019-06-06,182646763.3532
2019-06-07,182577172.1872
2019-06-10,181910868.0878
2019-06-11,181400934.3703
2019-06-12,183692707.7741
2019-06-13,183885488.8633
2019-06-14,185764566.8192
2019-06-17,185525797.7104
2019-06-18,185381900.138
2019-06-19,185807021.2664
2019-06-20,182670663.4814
2019-06-21,180439130.1785
2019-06-24,180344671.5931
2019-06-25,180770120.4017
2019-06-26,179744919.3293
2019-06-27,180991262.3272
2019-06-28,180774804.7084
2019-07-01,181695577.3381
2019-07-02,183639659.5611
2019-07-03,184063029.784
2019-07-05,183736451.9675
2019-07-08,183836763.2268
2019-07-09,184278633.8666
2019-07-10,183479919.6746
2019-07-11,181547683.1654
2019-07-12,180893423.7167
2019-07-15,182277173.8035
2019-07-16,182984026.9602
2019-07-17,184552468.8074
2019-07-18,184082665.4974
2019-07-19,183704647.8104
2019-07-22,184544244.9534
2019-07-23,184565752.2224
2019-07-24,185297378.4942
2019-07-25,186128957.2158
2019-07-26,186952927.7572
2019-07-29,187129095.0096
2019-07-30,187952528.8337
2019-07-31,190050723.5858
2019-08-01,195214690.4773
2019-08-02,195473767.1638
2019-08-05,198569550.2049
2019-08-06,200652735.9354
2019-08-07,201309923.9227
2019-08-08,200904104.6822
2019-08-09,200306146.8264
2019-08-12,204046256.4504
2019-08-13,203162630.7333
2019-08-14,208088729.1213
2019-08-15,210769870.368
2019-08-16,209268148.4263
2019-08-19,207312364.7938
2019-08-20,208886783.9684
2019-08-21,208171664.2442
2019-08-22,207096101.3052
2019-08-23,210153505.9409
2019-08-26,210509844.8372
2019-08-27,212923852.5763
2019-08-28,213652073.8581
2019-08-29,212887873.2001
2019-08-30,213555960.6719
2019-09-03,216096519.8111
2019-09-04,212648813.0451
2019-09-05,206907164.1807
2019-09-06,206621450.9847
2019-09-09,202816702.5767
2019-09-10,199061609.2405
2019-09-11,198566198.1353
2019-09-12,196393328.8613
2019-09-13,190894502.0937
2019-09-16,193002811.0786
2019-09-17,193497038.5557
2019-09-18,194733645.142
2019-09-19,194517639.1544
2019-09-20,198494322.3133
2019-09-23,199926968.0718
2019-09-24,202036178.2105
2019-09-25,200266203.4878
2019-09-26,201186824.2142
2019-09-27,201712199.9205
2019-09-30,202070723.7725
2019-10-01,203100213.3466
2019-10-02,204834377.645
2019-10-03,205994288.4013
2019-10-04,206352944.7327
2019-10-07,205570630.1338
2019-10-08,206649037.42
2019-10-09,205744029.8003
2019-10-10,202009988.3726
2019-10-11,197246807.5221
2019-10-14,199349354.0714
2019-10-15,196373508.4529
2019-10-16,196193097.5277
2019-10-17,194712445.6054
2019-10-18,194033439.6212
2019-10-21,192779081.1979
2019-10-22,194037471.2065
2019-10-23,193354766.6682
2019-10-24,194740578.8677
2019-10-25,194771212.1288
2019-10-28,192679754.1451
2019-10-29,192128271.5983
2019-10-30,192428473.5074
2019-10-31,194653169.7756
2019-11-01,195713238.2577
2019-11-04,196225863.7691
2019-11-05,194344805.8738
2019-11-06,195799015.4893
2019-11-07,194147429.4699
2019-11-08,193837473.2604
2019-11-11,193537584.8882
2019-11-12,193903577.6435
2019-11-13,194015857.4933
2019-11-14,195532935.9641
2019-11-15,195950226.6319
2019-11-18,196684144.2428
2019-11-19,197725593.9599
2019-11-20,196984298.3981
2019-11-21,195867220.3423
2019-11-22,197303881.8727
2019-11-25,199166290.0193
2019-11-26,199995660.7152
2019-11-27,200550098.6112
2019-11-29,199451666.3507
2019-12-02,195792482.3295
2019-12-03,196760675.2944
2019-12-04,197379629.0043
2019-12-05,196360846.5713
2019-12-06,197815421.7985
2019-12-09,196934007.2377
2019-12-10,196282805.8719
2019-12-11,198285100.0951
2019-12-12,197577526.2117
2019-12-13,200414128.0145
2019-12-16,200856312.868
2019-12-17,201517218.2662
2019-12-18,201376874.0234
2019-12-19,202060219.9493
2019-12-20,202781785.8994
2019-12-23,203270249.5363
2019-12-24,203793596.2837
2019-12-26,205111524.5696
2019-12-27,203888790.0815
2019-12-30,202229223.3896
2019-12-31,201497734.7165
2020-01-02,206296004.0528
2020-01-03,206431332.2659
2020-01-06,206977138.6344
2020-01-07,207035979.6505
2020-01-08,207156847.6321
2020-01-09,208633956.6899
2020-01-10,208571834.0802
2020-01-13,209290136.8166
2020-01-14,209722959.2798
2020-01-15,210190018.4928
2020-01-16,212288551.9747
2020-01-17,213000506.4351
2020-01-21,212290495.5372
2020-01-22,212753089.8524
2020-01-23,212905228.0923
2020-01-24,212534137.624
2020-01-27,208825317.6495
2020-01-28,210643906.9717
2020-01-29,212046768.1706
2020-01-30,211995737.0235
2020-01-31,208027511.0278
2020-02-03,210304267.3934
2020-02-04,212301896.873
2020-02-05,214052602.5067
2020-02-06,215979882.6131
2020-02-07,216450533.6128
2020-02-10,218753064.1696
2020-02-11,218174771.5768
2020-02-12,218740101.5558
2020-02-13,218605003.2201
2020-02-14,219306127.0377
2020-02-18,220151601.9742
2020-02-19,222261165.7711
2020-02-20,224124386.4814
2020-02-21,222422914.1231
2020-02-24,217429872.6735
2020-02-25,211488626.667
2020-02-26,211666303.5087
2020-02-27,202955673.3556
2020-02-28,202557026.1411
2020-03-02,199897335.2353
2020-03-03,205241405.1898
2020-03-04,203283220.3061
2020-03-05,209125127.5152
2020-03-06,215304698.3553
2020-03-09,228016873.2207
2020-03-10,215213663.2232
2020-03-11,214943978.3382
2020-03-12,220516408.324
2020-03-13,219831070.5315
2020-03-16,232552017.8465
2020-03-17,222617438.3301
2020-03-18,221622958.4674
2020-03-19,220142089.2092
2020-03-20,227798308.8994
2020-03-23,239091316.1035
2020-03-24,231770529.0162
2020-03-25,232232966.9626
2020-03-26,230898821.4199
2020-03-27,236063834.9311
2020-03-30,234951795.2322
2020-03-31,232902312.2201
2020-04-01,237590068.9829
2020-04-02,236139607.6487
2020-04-03,237666663.6287
2020-04-06,234034368.1373
2020-04-07,232792991.8816
2020-04-08,231271748.3727
2020-04-09,230067921.02
2020-04-13,230720398.1913
2020-04-14,229713262.0641
2020-04-15,233902619.4457
2020-04-16,234447204.9776
2020-04-17,231786521.8864
2020-04-20,233955597.5737
2020-04-21,237882524.9292
2020-04-22,236885998.05
2020-04-23,236620426.4188
2020-04-24,236696260.6226
2020-04-27,235024759.9631
2020-04-28,234783551.1196
2020-04-29,231991360.8396
2020-04-30,231980363.62
2020-05-01,234503938.2215
2020-05-04,234703814.6562
2020-05-05,233560423.6878
2020-05-06,234369419.3847
2020-05-07,233628931.734
2020-05-08,231053819.9767
2020-05-11,231181938.6341
2020-05-12,232903479.9509
2020-05-13,234619157.8501
2020-05-14,234796945.3889
2020-05-15,234623989.8786
2020-05-18,229386904.3482
2020-05-19,230041312.8474
2020-05-20,228502296.9137
2020-05-21,229057417.4276
2020-05-22,230111456.3142
2020-05-26,226377606.3704
2020-05-27,225879318.4987
2020-05-28,225407648.7362
2020-05-29,225271990.3619
2020-06-01,223381820.3419
2020-06-02,222220189.4411
2020-06-03,219379378.6058
2020-06-04,218621671.7741
2020-06-05,216688719.6433
2020-06-08,216431643.0378
2020-06-09,217551283.5373
2020-06-10,218844652.6543
2020-06-11,222360975.0381
2020-06-12,221748253.9098
2020-06-15,221146988.7392
2020-06-16,220863421.6553
2020-06-17,221308308.1017
2020-06-18,222218148.4993
2020-06-19,222753229.8162
2020-06-22,221573971.2335
2020-06-23,221237573.4647
2020-06-24,223013632.5984
2020-06-25,222838186.8783
2020-06-26,224524349.8025
2020-06-29,223564116.294
2020-06-30,223409052.6543
2020-07-01,222251151.8283
2020-07-02,222071080.0439
2020-07-06,221210877.7433
2020-07-07,222621925.0157
2020-07-08,221421474.7107
2020-07-09,222944648.2581
2020-07-10,222219010.3279
2020-07-13,223186355.8195
2020-07-14,222720467.5491
2020-07-15,220953961.5024
2020-07-16,221550315.563
2020-07-17,221308906.3863
2020-07-20,221664286.7726
2020-07-21,221048036.1456
2020-07-22,221821856.0289
2020-07-23,222372698.6499
2020-07-24,222171915.3366
2020-07-27,221458837.2144
2020-07-28,222315896.1997
2020-07-29,221321060.7158
2020-07-30,221194226.9084
2020-07-31,222927201.193
2020-08-03,222617387.8449
2020-08-04,224762086.465
2020-08-05,225105502.6295
2020-08-06,226752506.2718
2020-08-07,224674718.8869
2020-08-10,223949291.3195
2020-08-11,220482207.7047
2020-08-12,220325435.5658
2020-08-13,220669978.3282
2020-08-14,220771421.4437
2020-08-17,222347159.191
2020-08-18,224470238.2581
2020-08-19,221040280.8293
2020-08-20,222989899.1263
2020-08-21,222394551.991
2020-08-24,222010272.2608
2020-08-25,222073597.296
2020-08-26,223294336.9597
2020-08-27,221484690.581
2020-08-28,224174431.1436
2020-08-31,225111598.0557
2020-09-01,226003773.1304
2020-09-02,226492742.3434
2020-09-03,224134256.2917
2020-09-04,222671770.8464
2020-09-08,220400363.7892
2020-09-09,222555533.0675
2020-09-10,221429805.0274
2020-09-11,221887114.5573
2020-09-14,223378152.7149
2020-09-15,223432454.8726
2020-09-16,222352648.3161
2020-09-17,221984514.1569
2020-09-18,220682301.7956
2020-09-21,218416669.8699
2020-09-22,218135558.458
2020-09-23,215206678.9649
2020-09-24,215287092.7885
2020-09-25,215321868.432
2020-09-28,217911901.137
2020-09-29,219455260.8402
2020-09-30,218419653.2742
2020-10-01,219779052.9052
2020-10-02,219023837.9899
2020-10-05,218068792.2571
2020-10-06,217160351.1178
2020-10-07,216454301.2963
2020-10-08,216772769.2855
2020-10-09,219057098.076
2020-10-12,220654663.7418
2020-10-13,219069323.7566
2020-10-14,219398490.1043
2020-10-15,217967676.1272
2020-10-16,217939286.6825
2020-10-19,217958744.378
2020-10-20,217972482.6447
2020-10-21,219979129.6083
2020-10-22,217828644.3269
2020-10-23,218848152.9405
2020-10-26,218641744.1831
2020-10-27,219976795.4951
2020-10-28,218902621.4743
2020-10-29,217905332.4087
2020-10-30,216714851.1912
2020-11-02,216820995.0145
2020-11-03,216409708.2956
2020-11-04,219144108.5981
2020-11-05,221149098.5096
2020-11-06,220997173.4538
2020-11-09,213798234.0606
2020-11-10,210893345.3324
2020-11-11,210889933.0262
2020-11-12,213453221.208
2020-11-13,214049225.8978
2020-11-16,213672905.053
2020-11-17,213693492.0559
2020-11-18,213407857.4009
2020-11-19,214127348.5122
2020-11-20,214365362.1437
2020-11-23,212441620.8065
2020-11-24,211278358.1387
2020-11-25,211463218.0264
2020-11-27,212805621.2013
2020-11-30,212796605.999
2020-12-01,215981669.8803
2020-12-02,216106279.6321
2020-12-03,218501591.0552
2020-12-04,218222344.9885
2020-12-07,218854528.7043
2020-12-08,219333529.7488
2020-12-09,217819319.201
2020-12-10,219471492.36
2020-12-11,219118755.5147
2020-12-14,219362848.6552
2020-12-15,221784037.5524
2020-12-16,222379169.6328
2020-12-17,224333802.6723
2020-12-18,223144383.1296
2020-12-21,222056348.2903
2020-12-22,220998613.87
2020-12-23,222274484.4236
2020-12-24,222380705.778
2020-12-28,223342547.348
2020-12-29,224217718.9926
2020-12-30,226026558.3261
2020-12-31,225417710.5874
2021-01-04,225523319.6083
2021-01-05,226876711.1508
2021-01-06,225200933.4592
2021-01-07,224218861.0084
2021-01-08,222741766.6492
2021-01-11,219466869.951
2021-01-12,221296904.8653
2021-01-13,221605851.9148
2021-01-14,221856972.4922
2021-01-15,219099573.9221
2021-01-19,221768544.2307
2021-01-20,224295453.9841
2021-01-21,225081856.8024
2021-01-22,224608857.8594
2021-01-25,225211301.6428
2021-01-26,225253770.7208
2021-01-27,220546460.9132
2021-01-28,222405044.5856
2021-01-29,218851788.6684
2021-02-01,220948340.917
2021-02-02,220946573.9677
2021-02-03,220973252.3441
2021-02-04,220283055.9395
2021-02-05,222812541.1194
2021-02-08,225474280.6504
2021-02-09,227297949.032
2021-02-10,227560661.3626
2021-02-11,227900373.0304
2021-02-12,227267235.423
2021-02-16,225062976.0658
2021-02-17,223786192.8313
2021-02-18,223475399.9308
2021-02-19,223968251.9123
2021-02-22,223673012.0442
2021-02-23,223115144.7213
2021-02-24,224138271.6153
2021-02-25,214548724.0547
2021-02-26,214072555.6493
2021-03-01,217664177.9882
2021-03-02,218438091.4899
2021-03-03,215091373.5159
2021-03-04,210074478.5604
2021-03-05,211112664.0847
2021-03-08,207312758.0116
2021-03-09,212432803.3269
2021-03-10,214148043.1994
2021-03-11,217678039.8505
2021-03-12,215962760.3931
2021-03-15,216398763.5843
2021-03-16,216660945.3677
2021-03-17,219221547.6535
2021-03-18,214069952.174
2021-03-19,214589391.2478
2021-03-22,215457237.5298
2021-03-23,211010477.8118
2021-03-24,209358016.3056
2021-03-25,209616691.2014
2021-03-26,212874840.1257
2021-03-29,211083818.316
2021-03-30,208747323.5753
2021-03-31,210487334.1686
2021-04-01,214105918.2977
2021-04-05,215762498.5079
2021-04-06,216127634.5432
2021-04-07,215684681.0308
2021-04-08,218045138.5388
2021-04-09,217706271.8245
2021-04-12,216745542.015
2021-04-13,219037678.227
2021-04-14,220369969.9954
2021-04-15,222888718.8545
2021-04-16,223572430.6668
2021-04-19,223512750.8378
2021-04-20,220901424.9288
2021-04-21,223464834.0011
2021-04-22,221966259.1543
2021-04-23,225122453.8647
2021-04-26,226592829.3009
2021-04-27,226507956.1072
2021-04-28,228062005.6405
2021-04-29,228313414.6709
2021-04-30,224786406.1357
2021-05-03,228103197.4787
2021-05-04,225410101.1532
2021-05-05,227839456.8056
2021-05-06,230954786.6618
2021-05-07,235142427.8797
2021-05-10,233815165.8105
2021-05-11,232891224.9371
2021-05-12,227934737.9275
2021-05-13,227720669.2107
2021-05-14,232028801.4447
2021-05-17,233164545.4404
2021-05-18,234010284.8086
2021-05-19,230316753.5122
2021-05-20,232932679.1847
2021-05-21,232566686.842
2021-05-24,234795459.2926
2021-05-25,234458863.2301
2021-05-26,234297174.5925
2021-05-27,236570422.8825
2021-05-28,236629098.0545
2021-06-01,238945404.1318
2021-06-02,240002302.7991
2021-06-03,236090074.9875
2021-06-04,239606883.3119
2021-06-07,240356142.6812
2021-06-08,240198784.9082
2021-06-09,238446427.2805
2021-06-10,240199201.9588
2021-06-11,239082922.2576
2021-06-14,239288169.5356
2021-06-15,238728346.3714
2021-06-16,234168908.4823
2021-06-17,228104663.3064
2021-06-18,222478591.3332
2021-06-21,227968239.338
2021-06-22,229136019.8731
2021-06-23,228530349.2427
2021-06-24,230194644.7162
2021-06-25,231309222.803
2021-06-28,230209121.988
2021-06-29,229213545.6433
2021-06-30,228954927.0553
2021-07-01,229452833.8343
2021-07-02,230815027.2461
2021-07-06,225858645.3045
2021-07-07,224942069.6307
2021-07-08,221799202.9107
2021-07-09,227898232.2833
2021-07-12,228934667.2982
2021-07-13,227833108.2978
2021-07-14,227364089.5638
2021-07-15,224294276.9959
2021-07-16,222185104.7017
2021-07-19,213781016.7493
2021-07-20,216799570.3934
2021-07-21,222735890.2615
2021-07-22,222821145.419
2021-07-23,224743417.8516
2021-07-26,226444909.0158
2021-07-27,223942168.8659
2021-07-28,226024207.9768
2021-07-29,228937470.1616
2021-07-30,225916045.7969
2021-08-02,224924636.452
2021-08-03,226360585.2917
2021-08-04,225207796.238
2021-08-05,227866614.3101
2021-08-06,228620641.9634
2021-08-09,228063905.1995
2021-08-10,229884731.4798
2021-08-11,231072252.8452
2021-08-12,230593873.3347
2021-08-13,229945101.6606
2021-08-16,227949770.6201
2021-08-17,224626892.4145
2021-08-18,222967037.92
2021-08-19,219390219.1698
2021-08-20,219315878.5127
2021-08-23,223841842.3121
2021-08-24,226759435.3429
2021-08-25,228470289.9336
2021-08-26,226178647.8876
2021-08-27,229019440.9255
2021-08-30,229479186.7397
2021-08-31,229152060.8022
2021-09-01,230305027.0692
2021-09-02,231726372.0293
2021-09-03,232072156.1957
2021-09-07,232859798.5682
2021-09-08,231704341.6925
2021-09-09,230315968.7881
2021-09-10,230620704.093
2021-09-13,232142474.9567
2021-09-14,229626618.7139
2021-09-15,232332742.2088
2021-09-16,233550027.0156
2021-09-17,231502469.1943
2021-09-20,224690290.1026
2021-09-21,225568178.1136
2021-09-22,228385105.9663
2021-09-23,233522950.9556
2021-09-24,233312648.6279
2021-09-27,234799692.8298
2021-09-28,230128935.3151
2021-09-29,230464036.1557
2021-09-30,228402358.5426
2021-10-01,230031747.377
2021-10-04,228332841.5922
2021-10-05,231435824.1582
2021-10-06,229468943.7508
2021-10-07,233764953.7497
2021-10-08,234332199.742
2021-10-11,235042970.2714
2021-10-12,234532722.6753
2021-10-13,235619694.9751
2021-10-14,239071077.3269
2021-10-15,242594663.6099
2021-10-18,242489287.2472
2021-10-19,244537978.107
2021-10-20,245242492.0514
2021-10-21,244427657.45
2021-10-22,243896753.4079
2021-10-25,245123661.8626
2021-10-26,246239151.9152
2021-10-27,243643646.1942
2021-10-28,245517419.8849
2021-10-29,243999022.4144
2021-11-01,246070672.9768
2021-11-02,244601776.9204
2021-11-03,246765480.9322
2021-11-04,244543236.9982
2021-11-05,245045106.5956
2021-11-08,247353458.4043
2021-11-09,245664609.4224
2021-11-10,244277017.5841
2021-11-11,246033243.2942
2021-11-12,247588337.0866
2021-11-15,248372784.7885
2021-11-16,248929303.3577
2021-11-17,246712186.5821
2021-11-18,246802358.2703
2021-11-19,244132376.5754
2021-11-22,244416434.7253
2021-11-23,246021432.1978
2021-11-24,244732224.8835
2021-11-26,229277392.9412
2021-11-29,231339024.1345
2021-11-30,225538836.5889
2021-12-01,223067371.6712
2021-12-02,228593886.5099
2021-12-03,225557761.5015
2021-12-06,230839629.8736
2021-12-07,237050291.3153
2021-12-08,237502008.677
2021-12-09,234600909.7767
2021-12-10,235078567.7227
2021-12-13,232233299.3158
2021-12-14,231739216.6849
2021-12-15,234210227.8165
2021-12-16,231809960.6891
2021-12-17,230524750.8838
2021-12-20,228395307.9377
2021-12-21,233831832.142
2021-12-22,235414970.5657
2021-12-23,237377341.0526
2021-12-27,240357633.0792
2021-12-28,240066714.6209
2021-12-29,240503182.7075
2021-12-30,239697418.7926
2021-12-31,238213053.1775
2022-01-03,244336948.7279
2022-01-04,244313021.9672
2022-01-05,242279689.5019
2022-01-06,243648519.1925
2022-01-07,242750300.5322
2022-01-10,242561619.7132
2022-01-11,243675427.1389
2022-01-12,242196443.755
2022-01-13,239096570.5069
2022-01-14,242812956.6004
2022-01-18,243620331.0118
2022-01-19,240736742.2091
2022-01-20,238958579.5728
2022-01-21,234217994.015
2022-01-24,235093521.7703
2022-01-25,234777251.0921
2022-01-26,238175167.1088
2022-01-27,239395225.3038
2022-01-28,241715924.9486
2022-01-31,242926106.7924
2022-02-01,243028004.2006
2022-02-02,242749873.4066
2022-02-03,241335854.4683
2022-02-04,244325257.8699
2022-02-07,243457642.887
2022-02-08,244958581.166
2022-02-09,246829774.9814
2022-02-10,248492232.6374
2022-02-11,244743853.0071
2022-02-14,246570334.9665
2022-02-15,247711924.4208
2022-02-16,246210894.5791
2022-02-17,243172648.8638
2022-02-18,242764007.5195
2022-02-22,243028673.0259
2022-02-23,243633885.3882
2022-02-24,245581981.0023
2022-02-25,246146776.5549
2022-02-28,242905347.918
2022-03-01,244303664.1693
2022-03-02,250792448.4188
2022-03-03,250608050.5578
2022-03-04,252128143.2744
2022-03-07,257368276.5514
2022-03-08,259740015.3108
2022-03-09,254514809.1948
2022-03-10,256799645.6399
2022-03-11,259342487.8156
2022-03-14,260443178.9519
2022-03-15,258755953.0807
2022-03-16,256872852.7614
2022-03-17,260227494.5442
2022-03-18,260277465.6674
2022-03-21,266100853.7711
2022-03-22,267211113.7534
2022-03-23,267911974.0984
2022-03-24,268801842.0015
2022-03-25,271462048.5996
2022-03-28,270322578.8189
2022-03-29,267998652.7494
2022-03-30,267504084.1201
2022-03-31,266418104.6537
2022-04-01,266790201.3461
2022-04-04,267838374.6524
2022-04-05,271420097.3761
2022-04-06,272125601.1682
2022-04-07,273686673.9808
2022-04-08,276632443.2662
2022-04-11,278514087.8605
2022-04-12,278885512.8752
2022-04-13,278223518.5937
2022-04-14,280711409.8646
2022-04-18,283831152.0083
2022-04-19,284504797.9051
2022-04-20,281746500.6577
2022-04-21,283020795.4471
2022-04-22,282050257.8916
2022-04-25,279282931.1299
2022-04-26,278960879.4685
2022-04-27,281378589.371
2022-04-28,284818892.0846
2022-04-29,283157858.9388
2022-05-02,284833074.4557
2022-05-03,283157448.2199
2022-05-04,277975382.1996
2022-05-05,287515703.2086
2022-05-06,290339316.1645
2022-05-09,290048285.7197
2022-05-10,289133879.0941
2022-05-11,291175457.7806
2022-05-12,292788775.2237
2022-05-13,291929142.8292
2022-05-16,292219633.0919
2022-05-17,289647292.8709
2022-05-18,290162984.9735
2022-05-19,284592897.7939
2022-05-20,284022460.6376
2022-05-23,282193501.2478
2022-05-24,279345817.5559
2022-05-25,277928050.7866
2022-05-26,276489882.3852
2022-05-27,274193182.7837
2022-05-31,277381515.0263
2022-06-01,280606728.0899
2022-06-02,276206500.1219
2022-06-03,280358406.534
2022-06-06,283423975.3334
2022-06-07,281850629.0073
2022-06-08,286111805.0045
2022-06-09,290675489.1379
2022-06-10,296917754.4019
2022-06-13,310052530.8171
2022-06-14,313015772.2995
2022-06-15,303805061.6078
2022-06-16,302217849.8307
2022-06-17,304107685.8552
2022-06-21,303916317.2902
2022-06-22,300361725.2174
2022-06-23,297280757.3036
2022-06-24,295215565.5688
2022-06-27,297347210.7471
2022-06-28,300886161.2539
2022-06-29,300789413.2788
2022-06-30,298796077.748
2022-07-01,296236758.5499
2022-07-05,298126876.583
2022-07-06,300753694.388
2022-07-07,299056794.4862
2022-07-08,300845246.8921
2022-07-11,305713241.1503
2022-07-12,303265342.9259
2022-07-13,302557107.1214
2022-07-14,306999061.4741
2022-07-15,301690013.2378
2022-07-18,302640412.2762
2022-07-19,296866987.7526
2022-07-20,297163313.2674
2022-07-21,291069622.0845
2022-07-22,288524647.6004
2022-07-25,289335589.2323
2022-07-26,292929658.5898
2022-07-27,286134919.9339
2022-07-28,281508769.5625
2022-07-29,278346208.2761
2022-08-01,275034139.5501
2022-08-02,282080615.7419
2022-08-03,279050116.3765
2022-08-04,276064234.5789
2022-08-05,282702203.5206
2022-08-08,279849888.0196
2022-08-09,282023074.408
2022-08-10,274941285.5234
2022-08-11,277603630.7882
2022-08-12,273933311.7508
2022-08-15,276271775.012
2022-08-16,276065773.8046
2022-08-17,280708287.8838
2022-08-18,281935790.0051
2022-08-19,288550408.5045
2022-08-22,294438938.849
2022-08-23,293640624.522
2022-08-24,294773744.9849
2022-08-25,289441548.9246
2022-08-26,296775563.3457
2022-08-29,299607801.2967
2022-08-30,301599175.0388
2022-08-31,304266108.9209
2022-09-01,309181366.3044
2022-09-02,308776864.6588
2022-09-06,314916501.4096
2022-09-07,307470400.9668
2022-09-08,308182489.4385
2022-09-09,302415556.329
2022-09-12,298634093.7338
2022-09-13,312299615.4715
2022-09-14,310544710.2777
2022-09-15,314068828.2281
2022-09-16,315270164.8361
2022-09-19,314420658.9927
2022-09-20,320038262.6659
2022-09-21,323231731.6379
2022-09-22,328030190.3541
2022-09-23,338212511.5907
2022-09-26,347231661.6506
2022-09-27,350286720.7401
2022-09-28,337492878.4298
2022-09-29,341159947.2718
2022-09-30,343877540.3958
2022-10-03,332606226.2235
2022-10-04,321013181.5195
2022-10-05,328028965.4436
2022-10-06,334973525.0748
2022-10-07,343781233.9781
2022-10-10,349329008.5501
2022-10-11,351161850.1609
2022-10-12,350529716.6154
2022-10-13,346859875.0909
2022-10-14,354603779.6179
2022-10-17,345541579.1111
2022-10-18,342631505.3145
2022-10-19,350533241.8445
2022-10-20,352955669.9258
2022-10-21,344000076.9745
2022-10-24,346015374.0341
2022-10-25,336075208.7001
2022-10-26,330808815.3985
2022-10-27,331633081.4816
2022-10-28,330725731.9399
2022-10-31,336227272.7501
2022-11-01,334398096.8749
2022-11-02,340506742.6233
2022-11-03,345814659.8457
2022-11-04,334431651.2205
2022-11-07,333414286.7059
2022-11-08,327439576.7202
2022-11-09,332356205.6715
2022-11-10,306669546.6932
2022-11-11,299500681.7058
2022-11-14,302881036.0758
2022-11-15,297915964.2641
2022-11-16,296985709.372
2022-11-17,300147160.5689
2022-11-18,301112007.197
2022-11-21,304859300.4052
2022-11-22,298831949.1954
2022-11-23,290478040.8496
2022-11-25,289895423.1191
2022-11-28,295601081.3527
2022-11-29,296145263.4585
2022-11-30,285738170.8053
2022-12-01,279434520.8396
2022-12-02,277721944.8165
2022-12-05,284002243.5876
2022-12-06,283526585.356
2022-12-07,279926010.2738
2022-12-08,278848638.3759
2022-12-09,280688573.7857
2022-12-12,281496966.8348
2022-12-13,276627396.3502
2022-12-14,276408031.684
2022-12-15,281466402.0693
2022-12-16,282209525.3816
2022-12-19,284888596.965
2022-12-20,283401741.4139
2022-12-21,282707130.7859
2022-12-22,285118713.3783
2022-12-23,286253062.4323
2022-12-27,288034723.5698
2022-12-28,290756579.9153
2022-12-29,285622661.6246
2022-12-30,286908074.7656
2023-01-03,285743464.9958
2023-01-04,279437379.8679
2023-01-05,283044831.9408
2023-01-06,272710920.1111
2023-01-09,270270929.0394
2023-01-10,270583941.1231
2023-01-11,268006558.4497
2023-01-12,261728045.0827
2023-01-13,262102837.837
2023-01-17,262793912.4601
2023-01-18,260780522.836
2023-01-19,260831062.0864
2023-01-20,260364471.8125
2023-01-23,259682614.3605
2023-01-24,258304329.9706
2023-01-25,256346559.2111
2023-01-26,256770416.7567
2023-01-27,256887958.8289
2023-01-30,260407285.7801
2023-01-31,257764636.0074
2023-02-01,252972707.4668
2023-02-02,251858500.4949
2023-02-03,257035198.7512
2023-02-06,261421328.5472
2023-02-07,259832144.4705
2023-02-08,260713682.7189
2023-02-09,261686157.6595
2023-02-10,263817615.5393
2023-02-13,260962579.4471
2023-02-14,261390646.6928
2023-02-15,262820492.6734
2023-02-16,264925514.1739
2023-02-17,263716341.4944
2023-02-21,268366470.8356
2023-02-22,268384928.6335
2023-02-23,266717899.4862
2023-02-24,271721987.6841
2023-02-27,268950251.411
2023-02-28,270486806.2475
2023-03-01,269661314.8299
2023-03-02,270582730.7942
2023-03-03,263099034.5512
2023-03-06,264812605.1155
2023-03-07,273266788.1863
2023-03-08,273297046.8675
2023-03-09,274142342.4875
2023-03-10,269811033.4129
2023-03-13,264989148.6287
2023-03-14,265696466.9794
2023-03-15,269604051.8867
2023-03-16,267781945.995
2023-03-17,265680593.4624
2023-03-20,263242968.4054
2023-03-21,262442399.5151
2023-03-22,258645840.7384
2023-03-23,257278256.1144
2023-03-24,257978274.3946
2023-03-27,258668829.1056
2023-03-28,256899612.2581
2023-03-29,255730453.9595
2023-03-30,251293535.6169
2023-03-31,248214165.6287
2023-04-03,244107112.2047
2023-04-04,242548393.0869
2023-04-05,243132430.2608
2023-04-06,242771593.5699
2023-04-10,245661909.3377
2023-04-11,243555589.9231
2023-04-12,241724805.8621
2023-04-13,237989824.3034
2023-04-14,241751764.4856
2023-04-17,243384566.4798
2023-04-18,241864722.8935
2023-04-19,244105055.5822
2023-04-20,243399353.9579
2023-04-21,244210073.7464
2023-04-24,242062186.5481
2023-04-25,244391794.3817
2023-04-26,246011596.9242
2023-04-27,244598030.0452
2023-04-28,242743731.2
2023-05-01,245779695.4429
2023-05-02,245719103.6758
2023-05-03,246151600.2986
2023-05-04,246019012.9266
2023-05-05,243960171.5004
2023-05-08,244998295.4434
2023-05-09,245256194.1585
2023-05-10,243390715.7959
2023-05-11,243156759.3401
2023-05-12,244761019.2709
2023-05-15,244275295.8161
2023-05-16,245965334.8993
2023-05-17,245569701.5095
2023-05-18,246434590.5952
2023-05-19,247632359.7492
2023-05-22,247490529.7844
2023-05-23,246768330.172
2023-05-24,247473291.3604
2023-05-25,249579777.8952
2023-05-26,248520229.8866
2023-05-30,247881798.6426
2023-05-31,247391804.5727
2023-06-01,244231545.4276
2023-06-02,243799968.5875
2023-06-05,244412010.9415
2023-06-06,243435378.9013
2023-06-07,243556037.7568
2023-06-08,241499088.0166
2023-06-09,242675876.983
2023-06-12,243108298.0328
2023-06-13,242674332.6197
2023-06-14,242076154.4434
2023-06-15,237360863.4957
2023-06-16,237464981.5641
2023-06-20,237357587.4963
2023-06-21,236306109.797
2023-06-22,239490651.011
2023-06-23,240941260.3771
2023-06-26,240216325.4188
2023-06-27,240852491.5169
2023-06-28,241741243.5727
2023-06-29,243404303.5908
2023-06-30,241168380.1122
2023-07-03,242035326.48
2023-07-05,240750147.9604
2023-07-06,239855489.4156
2023-07-07,241330734.9924
2023-07-10,241500500.1871
2023-07-11,242817765.0228
2023-07-12,244640082.9136
2023-07-13,246820751.7502
2023-07-14,247680587.1991
2023-07-17,247987321.7346
2023-07-18,249697087.1655
2023-07-19,249247287.2886
2023-07-20,247729908.2402
2023-07-21,247825229.351
2023-07-24,246845626.0495
2023-07-25,247756479.8602
2023-07-26,248510785.0011
2023-07-27,246601957.3016
2023-07-28,247975831.1826
2023-07-31,247837450.8476
2023-08-01,247334034.1222
2023-08-02,243800400.7304
2023-08-03,244350405.4093
2023-08-04,242484166.8529
2023-08-07,243740223.1628
2023-08-08,240511070.1644
2023-08-09,239483855.6128
2023-08-10,241742233.6599
2023-08-11,241531941.3053
2023-08-14,241098646.9863
2023-08-15,239446375.5549
2023-08-16,239038021.4297
2023-08-17,238180381.0598
2023-08-18,237249146.5012
2023-08-21,240054695.4359
2023-08-22,238559001.8147
2023-08-23,238887007.3806
2023-08-24,236661480.3725
2023-08-25,237377257.5943
2023-08-28,239168601.1179
2023-08-29,240974720.7803
2023-08-30,241989196.3174
2023-08-31,239526967.0503
2023-09-01,239877986.8049
2023-09-05,238766934.3309
2023-09-06,237531138.2395
2023-09-07,235670879.6272
2023-09-08,235158322.0043
2023-09-11,237591092.3761
2023-09-12,236361221.1919
2023-09-13,235727871.8101
2023-09-14,237203067.7269
2023-09-15,237387985.6063
2023-09-18,236773519.2381
2023-09-19,237145225.5557
2023-09-20,236384996.4789
2023-09-21,233853160.1696
2023-09-22,232444294.3915
2023-09-25,233383127.0989
2023-09-26,230294257.8501
2023-09-27,229443851.6259
2023-09-28,231195730.1367
2023-09-29,229868069.8745
2023-10-02,227008848.6446
2023-10-03,225205042.9469
2023-10-04,223358557.9152
2023-10-05,224477401.2261
2023-10-06,229534843.3163
2023-10-09,229008756.8307
2023-10-10,231866754.4962
2023-10-11,231677517.8213
2023-10-12,230454412.0244
2023-10-13,230377319.1775
2023-10-16,234032619.384
2023-10-17,236361190.651
2023-10-18,234214932.8643
2023-10-19,235068785.0384
2023-10-20,231740177.8918
2023-10-23,230791650.604
2023-10-24,229880681.6928
2023-10-25,229244395.4358
2023-10-26,225414490.4023
2023-10-27,225729235.3404
2023-10-30,227771576.527
2023-10-31,228178963.0239
2023-11-01,226425664.9194
2023-11-02,227467186.1502
2023-11-03,228957078.3053
2023-11-06,230014068.0675
2023-11-07,228188708.2878
2023-11-08,227420255.052
2023-11-09,228577922.6314
2023-11-10,229225601.4457
2023-11-13,229922940.3217
2023-11-14,231546822.8544
2023-11-15,232799066.3734
2023-11-16,232110392.7196
2023-11-17,233075440.389
2023-11-20,232974734.6964
2023-11-21,233137320.93
2023-11-22,232892167.0461
2023-11-24,235060989.2834
2023-11-27,233727723.6509
2023-11-28,234270294.4056
2023-11-29,233560655.1652
2023-11-30,233606992.5898
2023-12-01,232505390.9517
2023-12-04,231381283.1231
2023-12-05,229938127.9652
2023-12-06,229459173.595
2023-12-07,229531947.0465
2023-12-08,229625653.8174
2023-12-11,229871023.5944
2023-12-12,231092484.4492
2023-12-13,228846041.821
2023-12-14,227229316.968
2023-12-15,225534798.1595
2023-12-18,226653070.3379
2023-12-19,227289466.3593
2023-12-20,225320364.4532
2023-12-21,226685394.5528
2023-12-22,227394098.7811
2023-12-26,227338591.2229
2023-12-27,227681256.9087
2023-12-28,227553953.2895
2023-12-29,227806539.9132
2024-01-02,225482553.0324
2024-01-03,223147007.6902
2024-01-04,223975699.1494
2024-01-05,223985468.3759
2024-01-08,227104943.4822
2024-01-09,225652776.5398
2024-01-10,227157204.1627
2024-01-11,226683626.2851
2024-01-12,226487714.5543
2024-01-16,224174371.188
2024-01-17,222328806.1665
2024-01-18,224119349.3547
2024-01-19,226191914.3598
2024-01-22,226873222.0806
2024-01-23,227208548.938
2024-01-24,228181640.354
2024-01-25,228060477.6765
2024-01-26,228391135.0781
2024-01-29,229612369.0665
2024-01-30,229378467.962
2024-01-31,226870594.5726
2024-02-01,226124067.0767
2024-02-02,230997574.6731
2024-02-05,233497963.5132
2024-02-06,230834781.9336
2024-02-07,231981893.5148
2024-02-08,232607343.177
2024-02-09,232918762.3901
2024-02-12,232222950.1692
2024-02-13,236499669.4155
2024-02-14,234952091.865
2024-02-15,232815011.0916
2024-02-16,232364508.6731
2024-02-20,232587794.3788
2024-02-21,233606118.9359
2024-02-22,235044993.3283
2024-02-23,234387288.4461
2024-02-26,235084980.9987
2024-02-27,235410797.2773
2024-02-28,235330462.7135
2024-02-29,234459544.5587
2024-03-01,237022726.3974
2024-03-04,237952332.6638
2024-03-05,235682245.3576
2024-03-06,237846872.9491
2024-03-07,239795368.9939
2024-03-08,238852959.8027
2024-03-11,238549338.4723
2024-03-12,240922538.0511
2024-03-13,241597784.4734
2024-03-14,241211656.2099
2024-03-15,241884765.6767
2024-03-18,242774615.6328
2024-03-19,243489839.2566
2024-03-20,246218462.3832
2024-03-21,246006283.8479
2024-03-22,245054656.6055
2024-03-25,245610067.6884
2024-03-26,245066045.1771
2024-03-27,247187453.8531
2024-03-28,248375579.0146
2024-04-01,250860925.6042
2024-04-02,248756992.7824
2024-04-03,248103177.7488
2024-04-04,244912651.7009
2024-04-05,248279020.7815
2024-04-08,249447225.8399
2024-04-09,248917216.7935
2024-04-10,250898756.4811
2024-04-11,251938295.9039
2024-04-12,248333810.7249
2024-04-15,248671915.3853
2024-04-16,247375238.0609
2024-04-17,245243937.323
2024-04-18,246560523.2323
2024-04-19,245731674.7448
2024-04-22,247993357.9087
2024-04-23,249777133.452
2024-04-24,251039236.8498
2024-04-25,250531606.8445
2024-04-26,253099074.7302
2024-04-29,251525105.1783
2024-04-30,249993979.6051
2024-05-01,247687163.9516
2024-05-02,246349929.2474
2024-05-03,246274424.6273
2024-05-06,247526831.7384
2024-05-07,248399662.8469
2024-05-08,249243242.5673
2024-05-09,249052967.1957
2024-05-10,250419863.4235
2024-05-13,248886265.7224
2024-05-14,249093365.3024
2024-05-15,247374741.2504
2024-05-16,246901419.2085
2024-05-17,247575326.7715
2024-05-20,248719852.6205
2024-05-21,247789583.5042
2024-05-22,248195132.9505
2024-05-23,247971962.9835
2024-05-24,248760484.5735
2024-05-28,249268432.093
2024-05-29,248584872.8946
2024-05-30,247045790.8318
2024-05-31,247356321.1726
2024-06-03,244403720.2764
2024-06-04,240396836.9082
2024-06-05,243360057.5726
2024-06-06,244756920.06
2024-06-07,244801300.4544
2024-06-10,247248683.7113
2024-06-11,244905149.7681
2024-06-12,246489884.4451
2024-06-13,242703919.0273
2024-06-14,241123866.4061
2024-06-17,243347994.1903
2024-06-18,242894770.2802
2024-06-20,244908479.811
2024-06-21,243243687.3559
2024-06-24,243855166.3711
2024-06-25,243663558.0033
2024-06-26,244584319.9477
2024-06-27,245364392.4967
2024-06-28,246483735.595
2024-07-01,249218671.9904
2024-07-02,249386177.8286
2024-07-03,249863175.0362
2024-07-05,249016118.2464
2024-07-08,247918851.7372
2024-07-09,248173768.4286
2024-07-10,250796176.7551
2024-07-11,249295211.768
2024-07-12,248886545.016
2024-07-15,249251651.946
2024-07-16,250399254.8522
2024-07-17,245671120.8207
2024-07-18,244652767.0645
2024-07-19,242872405.4959
2024-07-22,246328177.2705
2024-07-23,245421266.5364
2024-07-24,240962360.7264
2024-07-25,238655376.6265
2024-07-26,240291573.2692
2024-07-29,238922422.1431
2024-07-30,238688613.6958
2024-07-31,241069600.7532
2024-08-01,235324771.3082
2024-08-02,224401040.4285
2024-08-05,216826741.7938
2024-08-06,220871013.499
2024-08-07,223156524.989
2024-08-08,227592894.5144
2024-08-09,227650194.8508
2024-08-12,227533582.8773
2024-08-13,228593172.9374
2024-08-14,229466760.6968
2024-08-15,235138696.4418
2024-08-16,234288603.4944
2024-08-19,234846009.7145
2024-08-20,231618909.2218
2024-08-21,231998062.0381
2024-08-22,232698106.9683
2024-08-23,232916138.9581
2024-08-26,233745124.6202
2024-08-27,232824127.3457
2024-08-28,232891185.4283
2024-08-29,234889488.5232
2024-08-30,237003155.6745
2024-09-03,233335535.2664
2024-09-04,234329826.5231
2024-09-05,235619073.3191
2024-09-06,231266677.4924
2024-09-09,234421176.9852
2024-09-10,235037951.6759
2024-09-11,236987546.4302
2024-09-12,239352483.7064
2024-09-13,241543290.2011
2024-09-16,243702216.7698
2024-09-17,242791396.5837
2024-09-18,241824371.8395
2024-09-19,247208808.7284
2024-09-20,246657891.4066
2024-09-23,247972737.909
2024-09-24,250925284.8095
2024-09-25,248664693.8245
2024-09-26,253402661.059
2024-09-27,252578033.9724
2024-09-30,251636748.7566
2024-10-01,249501709.2072
2024-10-02,248801514.9366
2024-10-03,243219016.8987
2024-10-04,240679175.3084
2024-10-07,236163940.9967
2024-10-08,237352835.6722
2024-10-09,236349983.5348
2024-10-10,236036068.6181
2024-10-11,238355896.6863
2024-10-14,238573598.1751
2024-10-15,238686493.0734
2024-10-16,239779532.0498
2024-10-17,237782554.4535
2024-10-18,240926135.249
2024-10-21,234957960.8664
2024-10-22,234088678.3003
2024-10-23,229840199.8805
2024-10-24,232257165.5363
2024-10-25,229761718.9255
2024-10-28,232671788.2064
2024-10-29,233459092.4498
2024-10-30,231904513.9623
2024-10-31,227524511.0557
2024-11-01,227537299.5912
2024-11-04,228492792.2581
2024-11-05,231577898.8257
2024-11-06,230023538.057
2024-11-07,235841706.6754
2024-11-08,235064227.0592
2024-11-11,234624729.4777
2024-11-12,229767707.1326
2024-11-13,228794736.5978
2024-11-14,228552487.8308
2024-11-15,226782473.5357
2024-11-18,228702645.318
2024-11-19,229954201.691
2024-11-20,229467235.3274
2024-11-21,230134663.338
2024-11-22,231977870.3793
2024-11-25,235428621.2851
2024-11-26,234245640.3764
2024-11-27,236027254.2314
2024-11-29,239798672.2773
2024-12-02,241600326.9521
2024-12-03,240899918.3037
2024-12-04,243252120.894
2024-12-05,242827969.2605
2024-12-06,243845831.1768
2024-12-09,243271856.6431
2024-12-10,242498194.3848
2024-12-11,243591950.5004
2024-12-12,240649625.6907
2024-12-13,238805566.579
2024-12-16,239007335.0543
2024-12-17,238108645.3886
2024-12-18,231706671.296
2024-12-19,229726021.0483
2024-12-20,230846419.0754
2024-12-23,231813992.0059
2024-12-24,234386131.9464
2024-12-26,235064306.5566
2024-12-27,231593405.8749
2024-12-30,231001796.5859
2024-12-31,231206703.3603
2025-01-02,233053151.1571
2025-01-03,233844536.1888
2025-01-06,233628857.09
2025-01-07,234764900.0073
2025-01-08,234971112.0189
2025-01-10,236253004.8689
2025-01-13,236267576.5529
2025-01-14,235665513.3251
2025-01-15,235370551.2267
2025-01-16,234275551.9428
2025-01-17,236326496.3797
2025-01-21,235088647.0305
2025-01-22,236487000.83
2025-01-23,237361974.0824
2025-01-24,235696560.5857
2025-01-27,231608626.8222
2025-01-28,234167780.1076
2025-01-29,235210230.4231
2025-01-30,236386969.2918
2025-01-31,236406785.5887
2025-02-03,234274417.0374
2025-02-04,234725955.9843
2025-02-05,234199526.3946
2025-02-06,235212532.1939
2025-02-07,235018396.2524
2025-02-10,237996736.9881
2025-02-11,238218449.2896
2025-02-12,240912277.8812
2025-02-13,239831757.5958
2025-02-14,237160840.813
2025-02-18,240980825.6977
2025-02-19,238761991.9505
2025-02-20,236066601.2365
2025-02-21,231518326.6721
2025-02-24,230045706.2562
2025-02-25,226968309.2183
2025-02-26,227671274.9558
2025-02-27,226011543.1985
2025-02-28,225740347.7546
2025-03-03,223371423.9707
2025-03-04,221315511.1459
2025-03-05,222143917.7133
2025-03-06,219352572.9452
2025-03-07,220140035.7266
2025-03-10,217014942.0878
2025-03-11,215935448.0215
2025-03-12,216611445.6149
2025-03-13,216354499.4598
2025-03-14,219056017.0135
2025-03-17,220160041.0178
2025-03-18,219919392.8448
2025-03-19,222493818.874
2025-03-20,222129414.0111
2025-03-21,221468556.2439
2025-03-24,222780529.5948
2025-03-25,223375297.3152
2025-03-26,221745964.885
2025-03-27,221863811.2277
2025-03-28,220396481.0378
2025-03-31,221343229.0884
2025-04-01,221512291.5092
2025-04-02,221466753.6717
2025-04-03,217229040.4042
2025-04-04,211877524.2081
2025-04-07,211157576.3888
2025-04-08,210891000.0943
2025-04-09,218133767.0396
2025-04-10,213491371.5296
2025-04-11,214682588.1821
2025-04-14,214880552.1429
2025-04-15,216171977.5948
2025-04-16,214250531.7051
2025-04-17,215592523.3514
2025-04-21,214711148.2069
2025-04-22,217802023.2889
2025-04-23,220281849.5826
2025-04-24,220948718.2275
2025-04-25,220845702.7449
2025-04-28,220497468.0924
2025-04-29,221386878.5136
2025-04-30,222232835.7652
2025-05-01,219224511.8247
2025-05-02,219707287.7155
2025-05-05,220637751.6403
2025-05-06,222263358.1627
2025-05-07,221545634.8014
2025-05-08,217611292.8601
2025-05-09,218814990.1811
2025-05-12,215615081.6456
2025-05-13,216803934.4574
2025-05-14,215167465.5323
2025-05-15,219263849.7831
2025-05-16,218859357.1507
2025-05-19,220802120.2376
2025-05-20,221579993.8919
2025-05-21,220070005.0059
2025-05-22,220380256.9145
2025-05-23,222250572.7405
2025-05-27,224082601.2744
2025-05-28,221799137.8342
2025-05-29,224206310.9423
2025-05-30,225189458.392
2025-06-02,226855026.2581
2025-06-03,225143730.3857
2025-06-04,227873234.9859
2025-06-05,227270870.1069
2025-06-06,225423323.8247
2025-06-09,226310762.4104
2025-06-10,226380137.3972
2025-06-11,227013283.0287
2025-06-12,229664733.5814
2025-06-13,226377518.9241
2025-06-16,226767694.378
2025-06-17,224408297.0147
2025-06-18,223981454.7392
2025-06-20,223257728.6989
2025-06-23,227451468.8188
2025-06-24,230903402.3242
2025-06-25,230908768.7198
2025-06-26,233719273.4871
2025-06-27,233342789.6217
2025-06-30,235359894.1606
2025-07-01,234439282.4308
2025-07-02,234756961.5498
2025-07-03,234328435.8679
2025-07-07,231130366.3506
2025-07-08,231002533.2569
2025-07-09,233172971.5385
2025-07-10,233310870.4723
2025-07-11,231150977.3657
2025-07-14,231523381.0022
2025-07-15,228243870.2086
2025-07-16,230917026.2899
2025-07-17,231130504.6442
2025-07-18,231738421.9312
2025-07-21,234523113.9485
2025-07-22,236922365.6744
2025-07-23,238756967.7741
2025-07-24,236808446.7175
2025-07-25,236486798.4065
2025-07-28,232741695.9644
2025-07-29,232957231.9963
2025-07-30,229045363.6455
2025-07-31,227918557.2363
2025-08-01,224690046.872
2025-08-04,226261506.2745
2025-08-05,226880674.6768
2025-08-06,229137761.0314
2025-08-07,230684480.7812
2025-08-08,231889271.2793
2025-08-11,230886891.8249
2025-08-12,233268142.7932
2025-08-13,233095930.01
2025-08-14,232949738.2447
2025-08-15,234656536.4683
2025-08-18,234767971.0962
2025-08-19,233039537.3134
2025-08-20,233532727.8528
2025-08-21,233420348.1637
2025-08-22,235120266.4059
2025-08-25,233215559.3423
2025-08-26,233291310.5573
2025-08-27,232872226.229
2025-08-28,233359765.3919
2025-08-29,233883430.9943
2025-09-02,232913225.9011
2025-09-03,232874899.5712
2025-09-04,232853797.4358
2025-09-05,233130783.7649
2025-09-08,234441549.9427
2025-09-09,233731745.9904
2025-09-10,233470688.2971
2025-09-11,235683060.6531
2025-09-12,235735332.5656
2025-09-15,237909730.5225
2025-09-16,238125742.8185
2025-09-17,236840350.9557
2025-09-18,237826766.2529
2025-09-19,237650452.5544
2025-09-22,239957719.8063
2025-09-23,239088598.7426
2025-09-24,237714975.6622
2025-09-25,236654545.6335
2025-09-26,238682990.1313
2025-09-29,239676546.8119
2025-09-30,240198349.0268
2025-10-01,240068131.1335
2025-10-02,239410130.7162
2025-10-03,241567681.7138
2025-10-06,244713298.9772
2025-10-07,242445892.674
2025-10-08,244121485.9349
2025-10-09,242044602.5096
2025-10-10,235298963.5425
2025-10-13,238608849.698
2025-10-14,238723644.9614
2025-10-15,241390373.3539
2025-10-16,240252872.2414
2025-10-17,239531571.9996
2025-10-20,242417439.3366
2025-10-21,237556072.9389
2025-10-22,237913642.3461
2025-10-23,241224900.8592
2025-10-24,241853203.2224
2025-10-27,241511393.5986
2025-10-28,240868316.6841
2025-10-29,242619007.8259
2025-10-30,243075505.7908
2025-10-31,243179102.0035
2025-11-03,243509577.4797
2025-11-04,239081229.2383
2025-11-05,240529249.1524
2025-11-06,240589866.592
2025-11-07,241789437.5016
2025-11-10,246359367.3846
2025-11-11,248498373.3919
2025-11-12,249500462.474
2025-11-13,244906866.4569
2025-11-14,243347739.2257
2025-11-17,240548278.477
2025-11-18,239187986.7507
2025-11-19,237893575.9116
2025-11-20,235039556.888
2025-11-21,238705553.8668
2025-11-24,241380248.1075
2025-11-25,245249452.5949
2025-11-26,249427469.9462
2025-11-28,251253148.3659
2025-12-01,249347094.7476
2025-12-02,250365558.8054
2025-12-03,252371038.1527
2025-12-04,251050690.218
2025-12-05,251217920.7605
2025-12-08,249814917.2327
2025-12-09,249624697.4145
2025-12-10,253677793.1568
2025-12-11,255442546.8247
2025-12-12,253155568.5093
2025-12-15,254798845.3496
2025-12-16,255010755.9925
2025-12-17,254764613.8773
2025-12-18,256695477.614
2025-12-19,257955318.2592
2025-12-22,259302128.1819
2025-12-23,261058395.4443
2025-12-24,261906939.6798
2025-12-26,264636641.1605
2025-12-29,262609065.111
2025-12-30,263217597.0926
2025-12-31,260720526.4575
2026-01-02,263017050.0028
2026-01-05,268266759.0264
2026-01-06,269753828.7205
2026-01-07,267319347.6406
2026-01-08,266053501.774
2026-01-09,268596707.4504
2026-01-12,272709111.4191
2026-01-13,271705466.9059
2026-01-14,273880554.015
2026-01-15,272343044.6686
2026-01-16,271076285.9642
2026-01-20,270613899.4941
2026-01-21,274695984.8508
2026-01-22,278797331.1204
2026-01-23,283252595.1081
2026-01-26,286864758.184
2026-01-27,294471201.586
2026-01-28,294066917.6106
2026-01-29,295158780.1277
2026-01-30,282058150.4026
2026-02-02,280838892.5001
2026-02-03,284065668.2316
2026-02-04,283452021.8913
2026-02-05,277649857.0833
2026-02-06,287215924.6934
2026-02-09,294589597.4685
2026-02-10,294017875.5294
2026-02-11,294942535.465
2026-02-12,290896757.2248
2026-02-13,295084418.5531
2026-02-17,292546687.3254
2026-02-18,292863154.0032
2026-02-19,292429608.7488
2026-02-20,296507782.6575
2026-02-23,296102246.2233
2026-02-24,297269615.8043
2026-02-25,301776523.2379
2026-02-26,302020485.4459
2026-02-27,303111378.923
2026-03-02,297346237.1702
2026-03-03,287665092.1187
2026-03-04,291704075.1407
2026-03-05,284443331.2978
2026-03-06,284369900.4583
2026-03-09,289125289.5649
2026-03-10,288999338.1884
2026-03-11,286764574.4196
2026-03-12,279469420.9027
2026-03-13,273481336.6481
2026-03-16,281851983.9764
2026-03-17,286239309.4499
2026-03-18,276302002.3913
2026-03-19,276582678.6757
2026-03-20,263474714.0888
2026-03-23,269400642.3265
2026-03-24,265634784.7012
2026-03-25,270536530.8375
2026-03-26,259287453.4841
2026-03-27,258866990.4361
2026-03-30,261124172.9716
2026-03-31,272792399.9571
2026-04-01,276195084.2872
2026-04-02,275388865.0154
2026-04-06,277562446.2961
2026-04-07,278029434.8716
2026-04-08,286250597.3453
2026-04-09,287541034.5405
2026-04-10,287687549.5254
2026-04-13,290938408.4674
2026-04-14,294194041.8123
2026-04-15,295434089.1477
2026-04-16,295252083.0083
2026-04-17,296608799.0088
2026-04-20,297139419.7486
2026-04-21,293211763.4177
2026-04-22,295217312.2484
2026-04-23,293620283.1757
2026-04-24,295480282.9988
2026-04-27,295999589.7691
2026-04-28,294963826.255
2026-04-29,294025903.6695
2026-04-30,299951383.258
2026-05-01,299383840.1515
2026-05-04,297468913.228
2026-05-05,300284081.448
2026-05-06,305220022.6691
2026-05-07,301547241.5803
2026-05-08,305127620.2941
2026-05-11,307383523.9947
2026-05-12,306250285.9241
2026-05-13,307032029.8812
2026-05-14,305042873.7275
2026-05-15,298581686.5344
2026-05-18,301746908.7856
2026-05-19,299071739.583
2026-05-20,302517629.2395
2026-05-21,302925383.5217
2026-05-22,302337644.5555
2026-05-26,304821175.1571
2026-05-27,302850901.8714
2026-05-28,304136014.6999
2026-05-29,304570966.4645
2026-06-01,305047892.5356
2026-06-02,306921313.3715
2026-06-03,303667765.008
2026-06-04,304407417.8685
2026-06-05,293922877.9785
2026-06-08,295185843.7733
2026-06-09,293780606.3391
2026-06-10,289917197.737
2026-06-11,297257945.6725
2026-06-12,298087519.661
2026-06-15,301627159.6664
2026-06-16,300875362.439
2026-06-17,298162592.0683
2026-06-18,301443742.0256
2026-06-22,300543169.7969
2026-06-23,295035933.519
2026-06-24,293997881.5196
2026-06-25,297026255.8243
2026-06-26,295410946.2126
2026-06-29,296524259.2979
2026-06-30,297605971.8076
