date,portfolio_value
1993-01-29,100000000.0
1993-02-01,100000000.0
1993-02-02,100000000.0
1993-02-03,100000000.0
1993-02-04,100000000.0
1993-02-05,100000000.0
1993-02-08,100000000.0
1993-02-09,100000000.0
1993-02-10,100000000.0
1993-02-11,100000000.0
1993-02-12,100000000.0
1993-02-15,100000000.0
1993-02-16,100000000.0
1993-02-17,100000000.0
1993-02-18,100000000.0
1993-02-19,100000000.0
1993-02-22,100000000.0
1993-02-23,100000000.0
1993-02-24,100000000.0
1993-02-25,100000000.0
1993-02-26,100000000.0
1993-03-01,100000000.0
1993-03-02,100000000.0
1993-03-03,100000000.0
1993-03-04,100000000.0
1993-03-05,100000000.0
1993-03-08,100000000.0
1993-03-09,100000000.0
1993-03-10,100000000.0
1993-03-11,100000000.0
1993-03-12,100000000.0
1993-03-15,100000000.0
1993-03-16,100000000.0
1993-03-17,100000000.0
1993-03-18,100000000.0
1993-03-19,100000000.0
1993-03-22,100000000.0
1993-03-23,100000000.0
1993-03-24,100000000.0
1993-03-25,100000000.0
1993-03-26,100000000.0
1993-03-29,100000000.0
1993-03-30,100000000.0
1993-03-31,100000000.0
1993-04-01,100000000.0
1993-04-02,100000000.0
1993-04-05,100000000.0
1993-04-06,100000000.0
1993-04-07,100000000.0
1993-04-08,100000000.0
1993-04-09,100000000.0
1993-04-12,100000000.0
1993-04-13,100000000.0
1993-04-14,100000000.0
1993-04-15,100000000.0
1993-04-16,100000000.0
1993-04-19,100000000.0
1993-04-20,100000000.0
1993-04-21,100000000.0
1993-04-22,100000000.0
1993-04-23,100000000.0
1993-04-26,100000000.0
1993-04-27,100000000.0
1993-04-28,100000000.0
1993-04-29,100000000.0
1993-04-30,100000000.0
1993-05-03,100000000.0
1993-05-04,100000000.0
1993-05-05,100000000.0
1993-05-06,100000000.0
1993-05-07,100000000.0
1993-05-10,100000000.0
1993-05-11,100000000.0
1993-05-12,100000000.0
1993-05-13,100000000.0
1993-05-14,100000000.0
1993-05-17,100000000.0
1993-05-18,100000000.0
1993-05-19,100000000.0
1993-05-20,100000000.0
1993-05-21,100000000.0
1993-05-24,100000000.0
1993-05-25,100000000.0
1993-05-26,100000000.0
1993-05-27,100000000.0
1993-05-28,100000000.0
1993-05-31,100000000.0
1993-06-01,100000000.0
1993-06-02,100000000.0
1993-06-03,100000000.0
1993-06-04,100000000.0
1993-06-07,100000000.0
1993-06-08,100000000.0
1993-06-09,100000000.0
1993-06-10,100000000.0
1993-06-11,100000000.0
1993-06-14,100000000.0
1993-06-15,100000000.0
1993-06-16,100000000.0
1993-06-17,100000000.0
1993-06-18,100000000.0
1993-06-21,100000000.0
1993-06-22,100000000.0
1993-06-23,100000000.0
1993-06-24,100000000.0
1993-06-25,100000000.0
1993-06-28,100000000.0
1993-06-29,100000000.0
1993-06-30,100000000.0
1993-07-01,100000000.0
1993-07-02,100000000.0
1993-07-05,100000000.0
1993-07-06,100000000.0
1993-07-07,100000000.0
1993-07-08,100000000.0
1993-07-09,100000000.0
1993-07-12,100000000.0
1993-07-13,100000000.0
1993-07-14,100000000.0
1993-07-15,100000000.0
1993-07-16,100000000.0
1993-07-19,100000000.0
1993-07-20,100000000.0
1993-07-21,100000000.0
1993-07-22,100000000.0
1993-07-23,100000000.0
1993-07-26,100000000.0
1993-07-27,100000000.0
1993-07-28,100000000.0
1993-07-29,100000000.0
1993-07-30,100000000.0
1993-08-02,100000000.0
1993-08-03,100000000.0
1993-08-04,100000000.0
1993-08-05,100000000.0
1993-08-06,100000000.0
1993-08-09,100000000.0
1993-08-10,100000000.0
1993-08-11,100000000.0
1993-08-12,100000000.0
1993-08-13,100000000.0
1993-08-16,100000000.0
1993-08-17,100000000.0
1993-08-18,100000000.0
1993-08-19,100000000.0
1993-08-20,100000000.0
1993-08-23,100000000.0
1993-08-24,100000000.0
1993-08-25,100000000.0
1993-08-26,100000000.0
1993-08-27,100000000.0
1993-08-30,100000000.0
1993-08-31,100000000.0
1993-09-01,100000000.0
1993-09-02,100000000.0
1993-09-03,100000000.0
1993-09-06,100000000.0
1993-09-07,100000000.0
1993-09-08,100000000.0
1993-09-09,100000000.0
1993-09-10,100000000.0
1993-09-13,100000000.0
1993-09-14,100000000.0
1993-09-15,100000000.0
1993-09-16,100000000.0
1993-09-17,100000000.0
1993-09-20,100000000.0
1993-09-21,100000000.0
1993-09-22,100000000.0
1993-09-23,100000000.0
1993-09-24,100000000.0
1993-09-27,100000000.0
1993-09-28,100000000.0
1993-09-29,100000000.0
1993-09-30,100000000.0
1993-10-01,100000000.0
1993-10-04,100000000.0
1993-10-05,100000000.0
1993-10-06,100000000.0
1993-10-07,100000000.0
1993-10-08,100000000.0
1993-10-11,100000000.0
1993-10-12,100000000.0
1993-10-13,100000000.0
1993-10-14,100000000.0
1993-10-15,100000000.0
1993-10-18,100000000.0
1993-10-19,100000000.0
1993-10-20,100000000.0
1993-10-21,100000000.0
1993-10-22,100000000.0
1993-10-25,100000000.0
1993-10-26,100000000.0
1993-10-27,100000000.0
1993-10-28,100000000.0
1993-10-29,100000000.0
1993-11-01,100000000.0
1993-11-02,100000000.0
1993-11-03,100000000.0
1993-11-04,100000000.0
1993-11-05,100000000.0
1993-11-08,100000000.0
1993-11-09,100000000.0
1993-11-10,100000000.0
1993-11-11,100000000.0
1993-11-12,100000000.0
1993-11-15,100000000.0
1993-11-16,100000000.0
1993-11-17,100000000.0
1993-11-18,100000000.0
1993-11-19,100000000.0
1993-11-22,100000000.0
1993-11-23,100000000.0
1993-11-24,100000000.0
1993-11-25,100000000.0
1993-11-26,100000000.0
1993-11-29,100000000.0
1993-11-30,100000000.0
1993-12-01,100000000.0
1993-12-02,100000000.0
1993-12-03,100000000.0
1993-12-06,100000000.0
1993-12-07,100000000.0
1993-12-08,100000000.0
1993-12-09,100000000.0
1993-12-10,100000000.0
1993-12-13,100000000.0
1993-12-14,100000000.0
1993-12-15,100000000.0
1993-12-16,100000000.0
1993-12-17,100000000.0
1993-12-20,100000000.0
1993-12-21,100000000.0
1993-12-22,100000000.0
1993-12-23,100000000.0
1993-12-24,100000000.0
1993-12-27,100000000.0
1993-12-28,100000000.0
1993-12-29,100000000.0
1993-12-30,100000000.0
1993-12-31,100000000.0
1994-01-03,100000000.0
1994-01-04,100000000.0
1994-01-05,100000000.0
1994-01-06,100000000.0
1994-01-07,100000000.0
1994-01-10,100000000.0
1994-01-11,100000000.0
1994-01-12,100000000.0
1994-01-13,100000000.0
1994-01-14,100000000.0
1994-01-17,100000000.0
1994-01-18,100000000.0
1994-01-19,100000000.0
1994-01-20,100000000.0
1994-01-21,100000000.0
1994-01-24,100000000.0
1994-01-25,100000000.0
1994-01-26,100000000.0
1994-01-27,100000000.0
1994-01-28,100000000.0
1994-01-31,100000000.0
1994-02-01,100000000.0
1994-02-02,100000000.0
1994-02-03,100000000.0
1994-02-04,100000000.0
1994-02-07,100000000.0
1994-02-08,100000000.0
1994-02-09,100000000.0
1994-02-10,100000000.0
1994-02-11,100000000.0
1994-02-14,100000000.0
1994-02-15,100000000.0
1994-02-16,100000000.0
1994-02-17,100000000.0
1994-02-18,100000000.0
1994-02-21,100000000.0
1994-02-22,100000000.0
1994-02-23,100000000.0
1994-02-24,100000000.0
1994-02-25,100000000.0
1994-02-28,100000000.0
1994-03-01,100000000.0
1994-03-02,100000000.0
1994-03-03,100000000.0
1994-03-04,100000000.0
1994-03-07,100000000.0
1994-03-08,100000000.0
1994-03-09,100000000.0
1994-03-10,100000000.0
1994-03-11,100000000.0
1994-03-14,100000000.0
1994-03-15,100000000.0
1994-03-16,100000000.0
1994-03-17,100000000.0
1994-03-18,100000000.0
1994-03-21,100000000.0
1994-03-22,100000000.0
1994-03-23,100000000.0
1994-03-24,100000000.0
1994-03-25,100000000.0
1994-03-28,100000000.0
1994-03-29,100000000.0
1994-03-30,100000000.0
1994-03-31,100000000.0
1994-04-01,100000000.0
1994-04-04,100000000.0
1994-04-05,100000000.0
1994-04-06,100000000.0
1994-04-07,100000000.0
1994-04-08,100000000.0
1994-04-11,100000000.0
1994-04-12,100000000.0
1994-04-13,100000000.0
1994-04-14,100000000.0
1994-04-15,100000000.0
1994-04-18,100000000.0
1994-04-19,100000000.0
1994-04-20,100000000.0
1994-04-21,100000000.0
1994-04-22,100000000.0
1994-04-25,100000000.0
1994-04-26,100000000.0
1994-04-27,100000000.0
1994-04-28,100000000.0
1994-04-29,100000000.0
1994-05-02,100000000.0
1994-05-03,100000000.0
1994-05-04,100000000.0
1994-05-05,100000000.0
1994-05-06,100000000.0
1994-05-09,100000000.0
1994-05-10,100000000.0
1994-05-11,100000000.0
1994-05-12,100000000.0
1994-05-13,100000000.0
1994-05-16,100000000.0
1994-05-17,100000000.0
1994-05-18,100000000.0
1994-05-19,100000000.0
1994-05-20,100000000.0
1994-05-23,100000000.0
1994-05-24,100000000.0
1994-05-25,100000000.0
1994-05-26,100000000.0
1994-05-27,100000000.0
1994-05-30,100000000.0
1994-05-31,100000000.0
1994-06-01,100000000.0
1994-06-02,100000000.0
1994-06-03,100000000.0
1994-06-06,100000000.0
1994-06-07,100000000.0
1994-06-08,100000000.0
1994-06-09,100000000.0
1994-06-10,100000000.0
1994-06-13,100000000.0
1994-06-14,100000000.0
1994-06-15,100000000.0
1994-06-16,100000000.0
1994-06-17,100000000.0
1994-06-20,100000000.0
1994-06-21,100000000.0
1994-06-22,100000000.0
1994-06-23,100000000.0
1994-06-24,100000000.0
1994-06-27,100000000.0
1994-06-28,100000000.0
1994-06-29,100000000.0
1994-06-30,100000000.0
1994-07-01,100000000.0
1994-07-04,100000000.0
1994-07-05,100000000.0
1994-07-06,100000000.0
1994-07-07,100000000.0
1994-07-08,100000000.0
1994-07-11,100000000.0
1994-07-12,100000000.0
1994-07-13,100000000.0
1994-07-14,100000000.0
1994-07-15,100000000.0
1994-07-18,100000000.0
1994-07-19,100000000.0
1994-07-20,100000000.0
1994-07-21,100000000.0
1994-07-22,100000000.0
1994-07-25,100000000.0
1994-07-26,100000000.0
1994-07-27,100000000.0
1994-07-28,100000000.0
1994-07-29,100000000.0
1994-08-01,100000000.0
1994-08-02,100000000.0
1994-08-03,100000000.0
1994-08-04,100000000.0
1994-08-05,100000000.0
1994-08-08,100000000.0
1994-08-09,100000000.0
1994-08-10,100000000.0
1994-08-11,100000000.0
1994-08-12,100000000.0
1994-08-15,100000000.0
1994-08-16,100000000.0
1994-08-17,100000000.0
1994-08-18,100000000.0
1994-08-19,100000000.0
1994-08-22,100000000.0
1994-08-23,100000000.0
1994-08-24,100000000.0
1994-08-25,100000000.0
1994-08-26,100000000.0
1994-08-29,100000000.0
1994-08-30,100000000.0
1994-08-31,100000000.0
1994-09-01,100000000.0
1994-09-02,100000000.0
1994-09-05,100000000.0
1994-09-06,100000000.0
1994-09-07,100000000.0
1994-09-08,100000000.0
1994-09-09,100000000.0
1994-09-12,100000000.0
1994-09-13,100000000.0
1994-09-14,100000000.0
1994-09-15,100000000.0
1994-09-16,100000000.0
1994-09-19,100000000.0
1994-09-20,100000000.0
1994-09-21,100000000.0
1994-09-22,100000000.0
1994-09-23,100000000.0
1994-09-26,100000000.0
1994-09-27,100000000.0
1994-09-28,100000000.0
1994-09-29,100000000.0
1994-09-30,100000000.0
1994-10-03,100000000.0
1994-10-04,100000000.0
1994-10-05,100000000.0
1994-10-06,100000000.0
1994-10-07,100000000.0
1994-10-10,100000000.0
1994-10-11,100000000.0
1994-10-12,100000000.0
1994-10-13,100000000.0
1994-10-14,100000000.0
1994-10-17,100000000.0
1994-10-18,100000000.0
1994-10-19,100000000.0
1994-10-20,100000000.0
1994-10-21,100000000.0
1994-10-24,100000000.0
1994-10-25,100000000.0
1994-10-26,100000000.0
1994-10-27,100000000.0
1994-10-28,100000000.0
1994-10-31,100000000.0
1994-11-01,100000000.0
1994-11-02,100000000.0
1994-11-03,100000000.0
1994-11-04,100000000.0
1994-11-07,100000000.0
1994-11-08,100000000.0
1994-11-09,100000000.0
1994-11-10,100000000.0
1994-11-11,100000000.0
1994-11-14,100000000.0
1994-11-15,100000000.0
1994-11-16,100000000.0
1994-11-17,100000000.0
1994-11-18,100000000.0
1994-11-21,100000000.0
1994-11-22,100000000.0
1994-11-23,100000000.0
1994-11-24,100000000.0
1994-11-25,100000000.0
1994-11-28,100000000.0
1994-11-29,100000000.0
1994-11-30,100000000.0
1994-12-01,100000000.0
1994-12-02,100000000.0
1994-12-05,100000000.0
1994-12-06,100000000.0
1994-12-07,100000000.0
1994-12-08,100000000.0
1994-12-09,100000000.0
1994-12-12,100000000.0
1994-12-13,100000000.0
1994-12-14,100000000.0
1994-12-15,100000000.0
1994-12-16,100000000.0
1994-12-19,100000000.0
1994-12-20,100000000.0
1994-12-21,100000000.0
1994-12-22,100000000.0
1994-12-23,100000000.0
1994-12-26,100000000.0
1994-12-27,100000000.0
1994-12-28,100000000.0
1994-12-29,100000000.0
1994-12-30,100000000.0
1995-01-02,100000000.0
1995-01-03,100000000.0
1995-01-04,100000000.0
1995-01-05,100000000.0
1995-01-06,100000000.0
1995-01-09,100000000.0
1995-01-10,100000000.0
1995-01-11,100000000.0
1995-01-12,100000000.0
1995-01-13,100000000.0
1995-01-16,100000000.0
1995-01-17,100000000.0
1995-01-18,100000000.0
1995-01-19,100000000.0
1995-01-20,100000000.0
1995-01-23,100000000.0
1995-01-24,100000000.0
1995-01-25,100000000.0
1995-01-26,100000000.0
1995-01-27,100000000.0
1995-01-30,100000000.0
1995-01-31,100000000.0
1995-02-01,100000000.0
1995-02-02,100000000.0
1995-02-03,100000000.0
1995-02-06,100000000.0
1995-02-07,100000000.0
1995-02-08,100000000.0
1995-02-09,100000000.0
1995-02-10,100000000.0
1995-02-13,100000000.0
1995-02-14,100000000.0
1995-02-15,100000000.0
1995-02-16,100000000.0
1995-02-17,100000000.0
1995-02-20,100000000.0
1995-02-21,100000000.0
1995-02-22,100000000.0
1995-02-23,100000000.0
1995-02-24,100000000.0
1995-02-27,100000000.0
1995-02-28,100000000.0
1995-03-01,100000000.0
1995-03-02,100000000.0
1995-03-03,100000000.0
1995-03-06,100000000.0
1995-03-07,100000000.0
1995-03-08,100000000.0
1995-03-09,100000000.0
1995-03-10,100000000.0
1995-03-13,100000000.0
1995-03-14,100000000.0
1995-03-15,100000000.0
1995-03-16,100000000.0
1995-03-17,100000000.0
1995-03-20,100000000.0
1995-03-21,100000000.0
1995-03-22,100000000.0
1995-03-23,100000000.0
1995-03-24,100000000.0
1995-03-27,100000000.0
1995-03-28,100000000.0
1995-03-29,100000000.0
1995-03-30,100000000.0
1995-03-31,100000000.0
1995-04-03,100000000.0
1995-04-04,100000000.0
1995-04-05,100000000.0
1995-04-06,100000000.0
1995-04-07,100000000.0
1995-04-10,100000000.0
1995-04-11,100000000.0
1995-04-12,100000000.0
1995-04-13,100000000.0
1995-04-14,100000000.0
1995-04-17,100000000.0
1995-04-18,100000000.0
1995-04-19,100000000.0
1995-04-20,100000000.0
1995-04-21,100000000.0
1995-04-24,100000000.0
1995-04-25,100000000.0
1995-04-26,100000000.0
1995-04-27,100000000.0
1995-04-28,100000000.0
1995-05-01,100000000.0
1995-05-02,100000000.0
1995-05-03,100000000.0
1995-05-04,100000000.0
1995-05-05,100000000.0
1995-05-08,100000000.0
1995-05-09,100000000.0
1995-05-10,100000000.0
1995-05-11,100000000.0
1995-05-12,100000000.0
1995-05-15,100000000.0
1995-05-16,100000000.0
1995-05-17,100000000.0
1995-05-18,100000000.0
1995-05-19,100000000.0
1995-05-22,100000000.0
1995-05-23,100000000.0
1995-05-24,100000000.0
1995-05-25,100000000.0
1995-05-26,100000000.0
1995-05-29,100000000.0
1995-05-30,100000000.0
1995-05-31,100000000.0
1995-06-01,100000000.0
1995-06-02,100000000.0
1995-06-05,100000000.0
1995-06-06,100000000.0
1995-06-07,100000000.0
1995-06-08,100000000.0
1995-06-09,100000000.0
1995-06-12,100000000.0
1995-06-13,100000000.0
1995-06-14,100000000.0
1995-06-15,100000000.0
1995-06-16,100000000.0
1995-06-19,100000000.0
1995-06-20,100000000.0
1995-06-21,100000000.0
1995-06-22,100000000.0
1995-06-23,100000000.0
1995-06-26,100000000.0
1995-06-27,100000000.0
1995-06-28,100000000.0
1995-06-29,100000000.0
1995-06-30,100000000.0
1995-07-03,100000000.0
1995-07-04,100000000.0
1995-07-05,100000000.0
1995-07-06,100000000.0
1995-07-07,100000000.0
1995-07-10,100000000.0
1995-07-11,100000000.0
1995-07-12,100000000.0
1995-07-13,100000000.0
1995-07-14,100000000.0
1995-07-17,100000000.0
1995-07-18,100000000.0
1995-07-19,100000000.0
1995-07-20,100000000.0
1995-07-21,100000000.0
1995-07-24,100000000.0
1995-07-25,100000000.0
1995-07-26,100000000.0
1995-07-27,100000000.0
1995-07-28,100000000.0
1995-07-31,100000000.0
1995-08-01,100000000.0
1995-08-02,100000000.0
1995-08-03,100000000.0
1995-08-04,100000000.0
1995-08-07,100000000.0
1995-08-08,100000000.0
1995-08-09,100000000.0
1995-08-10,100000000.0
1995-08-11,100000000.0
1995-08-14,100000000.0
1995-08-15,100000000.0
1995-08-16,100000000.0
1995-08-17,100000000.0
1995-08-18,100000000.0
1995-08-21,100000000.0
1995-08-22,100000000.0
1995-08-23,100000000.0
1995-08-24,100000000.0
1995-08-25,100000000.0
1995-08-28,100000000.0
1995-08-29,100000000.0
1995-08-30,100000000.0
1995-08-31,100000000.0
1995-09-01,100000000.0
1995-09-04,100000000.0
1995-09-05,100000000.0
1995-09-06,100000000.0
1995-09-07,100000000.0
1995-09-08,100000000.0
1995-09-11,100000000.0
1995-09-12,100000000.0
1995-09-13,100000000.0
1995-09-14,100000000.0
1995-09-15,100000000.0
1995-09-18,100000000.0
1995-09-19,100000000.0
1995-09-20,100000000.0
1995-09-21,100000000.0
1995-09-22,100000000.0
1995-09-25,100000000.0
1995-09-26,100000000.0
1995-09-27,100000000.0
1995-09-28,100000000.0
1995-09-29,100000000.0
1995-10-02,100000000.0
1995-10-03,100000000.0
1995-10-04,100000000.0
1995-10-05,100000000.0
1995-10-06,100000000.0
1995-10-09,100000000.0
1995-10-10,100000000.0
1995-10-11,100000000.0
1995-10-12,100000000.0
1995-10-13,100000000.0
1995-10-16,100000000.0
1995-10-17,100000000.0
1995-10-18,100000000.0
1995-10-19,100000000.0
1995-10-20,100000000.0
1995-10-23,100000000.0
1995-10-24,100000000.0
1995-10-25,100000000.0
1995-10-26,100000000.0
1995-10-27,100000000.0
1995-10-30,100000000.0
1995-10-31,100000000.0
1995-11-01,100000000.0
1995-11-02,100000000.0
1995-11-03,100000000.0
1995-11-06,100000000.0
1995-11-07,100000000.0
1995-11-08,100000000.0
1995-11-09,100000000.0
1995-11-10,100000000.0
1995-11-13,100000000.0
1995-11-14,100000000.0
1995-11-15,100000000.0
1995-11-16,100000000.0
1995-11-17,100000000.0
1995-11-20,100000000.0
1995-11-21,100000000.0
1995-11-22,100000000.0
1995-11-23,100000000.0
1995-11-24,100000000.0
1995-11-27,100000000.0
1995-11-28,100000000.0
1995-11-29,100000000.0
1995-11-30,100000000.0
1995-12-01,100000000.0
1995-12-04,100000000.0
1995-12-05,100000000.0
1995-12-06,100000000.0
1995-12-07,100000000.0
1995-12-08,100000000.0
1995-12-11,100000000.0
1995-12-12,100000000.0
1995-12-13,100000000.0
1995-12-14,100000000.0
1995-12-15,100000000.0
1995-12-18,100000000.0
1995-12-19,100000000.0
1995-12-20,100000000.0
1995-12-21,100000000.0
1995-12-22,100000000.0
1995-12-25,100000000.0
1995-12-26,100000000.0
1995-12-27,100000000.0
1995-12-28,100000000.0
1995-12-29,100000000.0
1996-01-01,100000000.0
1996-01-02,100000000.0
1996-01-03,100000000.0
1996-01-04,100000000.0
1996-01-05,100000000.0
1996-01-08,100000000.0
1996-01-09,100000000.0
1996-01-10,100000000.0
1996-01-11,100000000.0
1996-01-12,100000000.0
1996-01-15,100000000.0
1996-01-16,100000000.0
1996-01-17,100000000.0
1996-01-18,100000000.0
1996-01-19,100000000.0
1996-01-22,100000000.0
1996-01-23,100000000.0
1996-01-24,100000000.0
1996-01-25,100000000.0
1996-01-26,100000000.0
1996-01-29,100000000.0
1996-01-30,100000000.0
1996-01-31,100000000.0
1996-02-01,100000000.0
1996-02-02,100000000.0
1996-02-05,100000000.0
1996-02-06,100000000.0
1996-02-07,100000000.0
1996-02-08,100000000.0
1996-02-09,100000000.0
1996-02-12,100000000.0
1996-02-13,100000000.0
1996-02-14,100000000.0
1996-02-15,100000000.0
1996-02-16,100000000.0
1996-02-19,100000000.0
1996-02-20,100000000.0
1996-02-21,100000000.0
1996-02-22,100000000.0
1996-02-23,100000000.0
1996-02-26,100000000.0
1996-02-27,100000000.0
1996-02-28,100000000.0
1996-02-29,100000000.0
1996-03-01,100000000.0
1996-03-04,100000000.0
1996-03-05,100000000.0
1996-03-06,100000000.0
1996-03-07,100000000.0
1996-03-08,100000000.0
1996-03-11,100000000.0
1996-03-12,100000000.0
1996-03-13,100000000.0
1996-03-14,100000000.0
1996-03-15,100000000.0
1996-03-18,100000000.0
1996-03-19,100000000.0
1996-03-20,100000000.0
1996-03-21,100000000.0
1996-03-22,100000000.0
1996-03-25,100000000.0
1996-03-26,100000000.0
1996-03-27,100000000.0
1996-03-28,100000000.0
1996-03-29,100000000.0
1996-04-01,100000000.0
1996-04-02,100000000.0
1996-04-03,100000000.0
1996-04-04,100000000.0
1996-04-05,100000000.0
1996-04-08,100000000.0
1996-04-09,100000000.0
1996-04-10,100000000.0
1996-04-11,100000000.0
1996-04-12,100000000.0
1996-04-15,100000000.0
1996-04-16,100000000.0
1996-04-17,100000000.0
1996-04-18,100000000.0
1996-04-19,100000000.0
1996-04-22,100000000.0
1996-04-23,100000000.0
1996-04-24,100000000.0
1996-04-25,100000000.0
1996-04-26,100000000.0
1996-04-29,100000000.0
1996-04-30,100000000.0
1996-05-01,100000000.0
1996-05-02,100000000.0
1996-05-03,100000000.0
1996-05-06,100000000.0
1996-05-07,100000000.0
1996-05-08,100000000.0
1996-05-09,100000000.0
1996-05-10,100000000.0
1996-05-13,100000000.0
1996-05-14,100000000.0
1996-05-15,100000000.0
1996-05-16,100000000.0
1996-05-17,100000000.0
1996-05-20,100000000.0
1996-05-21,100000000.0
1996-05-22,100000000.0
1996-05-23,100000000.0
1996-05-24,100000000.0
1996-05-27,100000000.0
1996-05-28,100000000.0
1996-05-29,100000000.0
1996-05-30,100000000.0
1996-05-31,100000000.0
1996-06-03,100000000.0
1996-06-04,100000000.0
1996-06-05,100000000.0
1996-06-06,100000000.0
1996-06-07,100000000.0
1996-06-10,100000000.0
1996-06-11,100000000.0
1996-06-12,100000000.0
1996-06-13,100000000.0
1996-06-14,100000000.0
1996-06-17,100000000.0
1996-06-18,100000000.0
1996-06-19,100000000.0
1996-06-20,100000000.0
1996-06-21,100000000.0
1996-06-24,100000000.0
1996-06-25,100000000.0
1996-06-26,100000000.0
1996-06-27,100000000.0
1996-06-28,100000000.0
1996-07-01,100000000.0
1996-07-02,100000000.0
1996-07-03,100000000.0
1996-07-04,100000000.0
1996-07-05,100000000.0
1996-07-08,100000000.0
1996-07-09,100000000.0
1996-07-10,100000000.0
1996-07-11,100000000.0
1996-07-12,100000000.0
1996-07-15,100000000.0
1996-07-16,100000000.0
1996-07-17,100000000.0
1996-07-18,100000000.0
1996-07-19,100000000.0
1996-07-22,100000000.0
1996-07-23,100000000.0
1996-07-24,100000000.0
1996-07-25,100000000.0
1996-07-26,100000000.0
1996-07-29,100000000.0
1996-07-30,100000000.0
1996-07-31,100000000.0
1996-08-01,100000000.0
1996-08-02,100000000.0
1996-08-05,100000000.0
1996-08-06,100000000.0
1996-08-07,100000000.0
1996-08-08,100000000.0
1996-08-09,100000000.0
1996-08-12,100000000.0
1996-08-13,100000000.0
1996-08-14,100000000.0
1996-08-15,100000000.0
1996-08-16,100000000.0
1996-08-19,100000000.0
1996-08-20,100000000.0
1996-08-21,100000000.0
1996-08-22,100000000.0
1996-08-23,100000000.0
1996-08-26,100000000.0
1996-08-27,100000000.0
1996-08-28,100000000.0
1996-08-29,100000000.0
1996-08-30,100000000.0
1996-09-02,100000000.0
1996-09-03,100000000.0
1996-09-04,100000000.0
1996-09-05,100000000.0
1996-09-06,100000000.0
1996-09-09,100000000.0
1996-09-10,100000000.0
1996-09-11,100000000.0
1996-09-12,100000000.0
1996-09-13,100000000.0
1996-09-16,100000000.0
1996-09-17,100000000.0
1996-09-18,100000000.0
1996-09-19,100000000.0
1996-09-20,100000000.0
1996-09-23,100000000.0
1996-09-24,100000000.0
1996-09-25,100000000.0
1996-09-26,100000000.0
1996-09-27,100000000.0
1996-09-30,100000000.0
1996-10-01,100000000.0
1996-10-02,100000000.0
1996-10-03,100000000.0
1996-10-04,100000000.0
1996-10-07,100000000.0
1996-10-08,100000000.0
1996-10-09,100000000.0
1996-10-10,100000000.0
1996-10-11,100000000.0
1996-10-14,100000000.0
1996-10-15,100000000.0
1996-10-16,100000000.0
1996-10-17,100000000.0
1996-10-18,100000000.0
1996-10-21,100000000.0
1996-10-22,100000000.0
1996-10-23,100000000.0
1996-10-24,100000000.0
1996-10-25,100000000.0
1996-10-28,100000000.0
1996-10-29,100000000.0
1996-10-30,100000000.0
1996-10-31,100000000.0
1996-11-01,100000000.0
1996-11-04,100000000.0
1996-11-05,100000000.0
1996-11-06,100000000.0
1996-11-07,100000000.0
1996-11-08,100000000.0
1996-11-11,100000000.0
1996-11-12,100000000.0
1996-11-13,100000000.0
1996-11-14,100000000.0
1996-11-15,100000000.0
1996-11-18,100000000.0
1996-11-19,100000000.0
1996-11-20,100000000.0
1996-11-21,100000000.0
1996-11-22,100000000.0
1996-11-25,100000000.0
1996-11-26,100000000.0
1996-11-27,100000000.0
1996-11-28,100000000.0
1996-11-29,100000000.0
1996-12-02,100000000.0
1996-12-03,100000000.0
1996-12-04,100000000.0
1996-12-05,100000000.0
1996-12-06,100000000.0
1996-12-09,100000000.0
1996-12-10,100000000.0
1996-12-11,100000000.0
1996-12-12,100000000.0
1996-12-13,100000000.0
1996-12-16,100000000.0
1996-12-17,100000000.0
1996-12-18,100000000.0
1996-12-19,100000000.0
1996-12-20,100000000.0
1996-12-23,100000000.0
1996-12-24,100000000.0
1996-12-25,100000000.0
1996-12-26,100000000.0
1996-12-27,100000000.0
1996-12-30,100000000.0
1996-12-31,100000000.0
1997-01-01,100000000.0
1997-01-02,100000000.0
1997-01-03,100000000.0
1997-01-06,100000000.0
1997-01-07,100000000.0
1997-01-08,100000000.0
1997-01-09,100000000.0
1997-01-10,100000000.0
1997-01-13,100000000.0
1997-01-14,100000000.0
1997-01-15,100000000.0
1997-01-16,100000000.0
1997-01-17,100000000.0
1997-01-20,100000000.0
1997-01-21,100000000.0
1997-01-22,100000000.0
1997-01-23,100000000.0
1997-01-24,100000000.0
1997-01-27,100000000.0
1997-01-28,100000000.0
1997-01-29,100000000.0
1997-01-30,100000000.0
1997-01-31,100000000.0
1997-02-03,100000000.0
1997-02-04,100000000.0
1997-02-05,100000000.0
1997-02-06,100000000.0
1997-02-07,100000000.0
1997-02-10,100000000.0
1997-02-11,100000000.0
1997-02-12,100000000.0
1997-02-13,100000000.0
1997-02-14,100000000.0
1997-02-17,100000000.0
1997-02-18,100000000.0
1997-02-19,100000000.0
1997-02-20,100000000.0
1997-02-21,100000000.0
1997-02-24,100000000.0
1997-02-25,100000000.0
1997-02-26,100000000.0
1997-02-27,100000000.0
1997-02-28,100000000.0
1997-03-03,100000000.0
1997-03-04,100000000.0
1997-03-05,100000000.0
1997-03-06,100000000.0
1997-03-07,100000000.0
1997-03-10,100000000.0
1997-03-11,100000000.0
1997-03-12,100000000.0
1997-03-13,100000000.0
1997-03-14,100000000.0
1997-03-17,100000000.0
1997-03-18,100000000.0
1997-03-19,100000000.0
1997-03-20,100000000.0
1997-03-21,100000000.0
1997-03-24,100000000.0
1997-03-25,100000000.0
1997-03-26,100000000.0
1997-03-27,100000000.0
1997-03-28,100000000.0
1997-03-31,100000000.0
1997-04-01,100000000.0
1997-04-02,100000000.0
1997-04-03,100000000.0
1997-04-04,100000000.0
1997-04-07,100000000.0
1997-04-08,100000000.0
1997-04-09,100000000.0
1997-04-10,100000000.0
1997-04-11,100000000.0
1997-04-14,100000000.0
1997-04-15,100000000.0
1997-04-16,100000000.0
1997-04-17,100000000.0
1997-04-18,100000000.0
1997-04-21,100000000.0
1997-04-22,100000000.0
1997-04-23,100000000.0
1997-04-24,100000000.0
1997-04-25,100000000.0
1997-04-28,100000000.0
1997-04-29,100000000.0
1997-04-30,100000000.0
1997-05-01,100000000.0
1997-05-02,100000000.0
1997-05-05,100000000.0
1997-05-06,100000000.0
1997-05-07,100000000.0
1997-05-08,100000000.0
1997-05-09,100000000.0
1997-05-12,100000000.0
1997-05-13,100000000.0
1997-05-14,100000000.0
1997-05-15,100000000.0
1997-05-16,100000000.0
1997-05-19,100000000.0
1997-05-20,100000000.0
1997-05-21,100000000.0
1997-05-22,100000000.0
1997-05-23,100000000.0
1997-05-26,100000000.0
1997-05-27,100000000.0
1997-05-28,100000000.0
1997-05-29,100000000.0
1997-05-30,100000000.0
1997-06-02,100000000.0
1997-06-03,100000000.0
1997-06-04,100000000.0
1997-06-05,100000000.0
1997-06-06,100000000.0
1997-06-09,100000000.0
1997-06-10,100000000.0
1997-06-11,100000000.0
1997-06-12,100000000.0
1997-06-13,100000000.0
1997-06-16,100000000.0
1997-06-17,100000000.0
1997-06-18,100000000.0
1997-06-19,100000000.0
1997-06-20,100000000.0
1997-06-23,100000000.0
1997-06-24,100000000.0
1997-06-25,100000000.0
1997-06-26,100000000.0
1997-06-27,100000000.0
1997-06-30,100000000.0
1997-07-01,100000000.0
1997-07-02,100000000.0
1997-07-03,100000000.0
1997-07-04,100000000.0
1997-07-07,100000000.0
1997-07-08,100000000.0
1997-07-09,100000000.0
1997-07-10,100000000.0
1997-07-11,100000000.0
1997-07-14,100000000.0
1997-07-15,100000000.0
1997-07-16,100000000.0
1997-07-17,100000000.0
1997-07-18,100000000.0
1997-07-21,100000000.0
1997-07-22,100000000.0
1997-07-23,100000000.0
1997-07-24,100000000.0
1997-07-25,100000000.0
1997-07-28,100000000.0
1997-07-29,100000000.0
1997-07-30,100000000.0
1997-07-31,100000000.0
1997-08-01,100000000.0
1997-08-04,100000000.0
1997-08-05,100000000.0
1997-08-06,100000000.0
1997-08-07,100000000.0
1997-08-08,100000000.0
1997-08-11,100000000.0
1997-08-12,100000000.0
1997-08-13,100000000.0
1997-08-14,100000000.0
1997-08-15,100000000.0
1997-08-18,100000000.0
1997-08-19,100000000.0
1997-08-20,100000000.0
1997-08-21,100000000.0
1997-08-22,100000000.0
1997-08-25,100000000.0
1997-08-26,100000000.0
1997-08-27,100000000.0
1997-08-28,100000000.0
1997-08-29,100000000.0
1997-09-01,100000000.0
1997-09-02,100000000.0
1997-09-03,100000000.0
1997-09-04,100000000.0
1997-09-05,100000000.0
1997-09-08,100000000.0
1997-09-09,100000000.0
1997-09-10,100000000.0
1997-09-11,100000000.0
1997-09-12,100000000.0
1997-09-15,100000000.0
1997-09-16,100000000.0
1997-09-17,100000000.0
1997-09-18,100000000.0
1997-09-19,100000000.0
1997-09-22,100000000.0
1997-09-23,100000000.0
1997-09-24,100000000.0
1997-09-25,100000000.0
1997-09-26,100000000.0
1997-09-29,100000000.0
1997-09-30,100000000.0
1997-10-01,100000000.0
1997-10-02,100000000.0
1997-10-03,100000000.0
1997-10-06,100000000.0
1997-10-07,100000000.0
1997-10-08,100000000.0
1997-10-09,100000000.0
1997-10-10,100000000.0
1997-10-13,100000000.0
1997-10-14,100000000.0
1997-10-15,100000000.0
1997-10-16,100000000.0
1997-10-17,100000000.0
1997-10-20,100000000.0
1997-10-21,100000000.0
1997-10-22,100000000.0
1997-10-23,100000000.0
1997-10-24,100000000.0
1997-10-27,100000000.0
1997-10-28,100000000.0
1997-10-29,100000000.0
1997-10-30,100000000.0
1997-10-31,100000000.0
1997-11-03,100000000.0
1997-11-04,100000000.0
1997-11-05,100000000.0
1997-11-06,100000000.0
1997-11-07,100000000.0
1997-11-10,100000000.0
1997-11-11,100000000.0
1997-11-12,100000000.0
1997-11-13,100000000.0
1997-11-14,100000000.0
1997-11-17,100000000.0
1997-11-18,100000000.0
1997-11-19,100000000.0
1997-11-20,100000000.0
1997-11-21,100000000.0
1997-11-24,100000000.0
1997-11-25,100000000.0
1997-11-26,100000000.0
1997-11-27,100000000.0
1997-11-28,100000000.0
1997-12-01,100000000.0
1997-12-02,100000000.0
1997-12-03,100000000.0
1997-12-04,100000000.0
1997-12-05,100000000.0
1997-12-08,100000000.0
1997-12-09,100000000.0
1997-12-10,100000000.0
1997-12-11,100000000.0
1997-12-12,100000000.0
1997-12-15,100000000.0
1997-12-16,100000000.0
1997-12-17,100000000.0
1997-12-18,100000000.0
1997-12-19,100000000.0
1997-12-22,100000000.0
1997-12-23,100000000.0
1997-12-24,100000000.0
1997-12-25,100000000.0
1997-12-26,100000000.0
1997-12-29,100000000.0
1997-12-30,100000000.0
1997-12-31,100000000.0
1998-01-02,100000000.0
1998-01-05,100000000.0
1998-01-06,100000000.0
1998-01-07,100000000.0
1998-01-08,100000000.0
1998-01-09,100000000.0
1998-01-12,100000000.0
1998-01-13,100000000.0
1998-01-14,100000000.0
1998-01-15,100000000.0
1998-01-16,100000000.0
1998-01-20,100000000.0
1998-01-21,100000000.0
1998-01-22,100000000.0
1998-01-23,100000000.0
1998-01-26,100000000.0
1998-01-27,100000000.0
1998-01-28,100000000.0
1998-01-29,100000000.0
1998-01-30,100000000.0
1998-02-02,100000000.0
1998-02-03,100000000.0
1998-02-04,100000000.0
1998-02-05,100000000.0
1998-02-06,100000000.0
1998-02-09,100000000.0
1998-02-10,100000000.0
1998-02-11,100000000.0
1998-02-12,100000000.0
1998-02-13,100000000.0
1998-02-17,100000000.0
1998-02-18,100000000.0
1998-02-19,100000000.0
1998-02-20,100000000.0
1998-02-23,100000000.0
1998-02-24,100000000.0
1998-02-25,100000000.0
1998-02-26,100000000.0
1998-02-27,100000000.0
1998-03-02,100000000.0
1998-03-03,100000000.0
1998-03-04,100000000.0
1998-03-05,100000000.0
1998-03-06,100000000.0
1998-03-09,100000000.0
1998-03-10,100000000.0
1998-03-11,100000000.0
1998-03-12,100000000.0
1998-03-13,100000000.0
1998-03-16,100000000.0
1998-03-17,100000000.0
1998-03-18,100000000.0
1998-03-19,100000000.0
1998-03-20,100000000.0
1998-03-23,100000000.0
1998-03-24,100000000.0
1998-03-25,100000000.0
1998-03-26,100000000.0
1998-03-27,100000000.0
1998-03-30,100000000.0
1998-03-31,100000000.0
1998-04-01,100000000.0
1998-04-02,100000000.0
1998-04-03,100000000.0
1998-04-06,100000000.0
1998-04-07,100000000.0
1998-04-08,100000000.0
1998-04-09,100000000.0
1998-04-13,100000000.0
1998-04-14,100000000.0
1998-04-15,100000000.0
1998-04-16,100000000.0
1998-04-17,100000000.0
1998-04-20,100000000.0
1998-04-21,100000000.0
1998-04-22,100000000.0
1998-04-23,100000000.0
1998-04-24,100000000.0
1998-04-27,100000000.0
1998-04-28,100000000.0
1998-04-29,100000000.0
1998-04-30,100000000.0
1998-05-01,100000000.0
1998-05-04,100000000.0
1998-05-05,100000000.0
1998-05-06,100000000.0
1998-05-07,100000000.0
1998-05-08,100000000.0
1998-05-11,100000000.0
1998-05-12,100000000.0
1998-05-13,100000000.0
1998-05-14,100000000.0
1998-05-15,100000000.0
1998-05-18,100000000.0
1998-05-19,100000000.0
1998-05-20,100000000.0
1998-05-21,100000000.0
1998-05-22,100000000.0
1998-05-26,100000000.0
1998-05-27,100000000.0
1998-05-28,100000000.0
1998-05-29,100000000.0
1998-06-01,100000000.0
1998-06-02,100000000.0
1998-06-03,100000000.0
1998-06-04,100000000.0
1998-06-05,100000000.0
1998-06-08,100000000.0
1998-06-09,100000000.0
1998-06-10,100000000.0
1998-06-11,100000000.0
1998-06-12,100000000.0
1998-06-15,100000000.0
1998-06-16,100000000.0
1998-06-17,100000000.0
1998-06-18,100000000.0
1998-06-19,100000000.0
1998-06-22,100000000.0
1998-06-23,100000000.0
1998-06-24,100000000.0
1998-06-25,100000000.0
1998-06-26,100000000.0
1998-06-29,100000000.0
1998-06-30,100000000.0
1998-07-01,100000000.0
1998-07-02,100000000.0
1998-07-06,100000000.0
1998-07-07,100000000.0
1998-07-08,100000000.0
1998-07-09,100000000.0
1998-07-10,100000000.0
1998-07-13,100000000.0
1998-07-14,100000000.0
1998-07-15,100000000.0
1998-07-16,100000000.0
1998-07-17,100000000.0
1998-07-20,100000000.0
1998-07-21,100000000.0
1998-07-22,100000000.0
1998-07-23,100000000.0
1998-07-24,100000000.0
1998-07-27,100000000.0
1998-07-28,100000000.0
1998-07-29,100000000.0
1998-07-30,100000000.0
1998-07-31,100000000.0
1998-08-03,100000000.0
1998-08-04,100000000.0
1998-08-05,100000000.0
1998-08-06,100000000.0
1998-08-07,100000000.0
1998-08-10,100000000.0
1998-08-11,100000000.0
1998-08-12,100000000.0
1998-08-13,100000000.0
1998-08-14,100000000.0
1998-08-17,100000000.0
1998-08-18,100000000.0
1998-08-19,100000000.0
1998-08-20,100000000.0
1998-08-21,100000000.0
1998-08-24,100000000.0
1998-08-25,100000000.0
1998-08-26,100000000.0
1998-08-27,100000000.0
1998-08-28,100000000.0
1998-08-31,100000000.0
1998-09-01,100000000.0
1998-09-02,100000000.0
1998-09-03,100000000.0
1998-09-04,100000000.0
1998-09-08,100000000.0
1998-09-09,100000000.0
1998-09-10,100000000.0
1998-09-11,100000000.0
1998-09-14,100000000.0
1998-09-15,100000000.0
1998-09-16,100000000.0
1998-09-17,100000000.0
1998-09-18,100000000.0
1998-09-21,100000000.0
1998-09-22,100000000.0
1998-09-23,100000000.0
1998-09-24,100000000.0
1998-09-25,100000000.0
1998-09-28,100000000.0
1998-09-29,100000000.0
1998-09-30,100000000.0
1998-10-01,100000000.0
1998-10-02,100000000.0
1998-10-05,100000000.0
1998-10-06,100000000.0
1998-10-07,100000000.0
1998-10-08,100000000.0
1998-10-09,100000000.0
1998-10-12,100000000.0
1998-10-13,100000000.0
1998-10-14,100000000.0
1998-10-15,100000000.0
1998-10-16,100000000.0
1998-10-19,100000000.0
1998-10-20,100000000.0
1998-10-21,100000000.0
1998-10-22,100000000.0
1998-10-23,100000000.0
1998-10-26,100000000.0
1998-10-27,100000000.0
1998-10-28,100000000.0
1998-10-29,100000000.0
1998-10-30,100000000.0
1998-11-02,100000000.0
1998-11-03,100000000.0
1998-11-04,100000000.0
1998-11-05,100000000.0
1998-11-06,100000000.0
1998-11-09,100000000.0
1998-11-10,100000000.0
1998-11-11,100000000.0
1998-11-12,100000000.0
1998-11-13,100000000.0
1998-11-16,100000000.0
1998-11-17,100000000.0
1998-11-18,100000000.0
1998-11-19,100000000.0
1998-11-20,100000000.0
1998-11-23,100000000.0
1998-11-24,100000000.0
1998-11-25,100000000.0
1998-11-27,100000000.0
1998-11-30,100000000.0
1998-12-01,100000000.0
1998-12-02,100000000.0
1998-12-03,100000000.0
1998-12-04,100000000.0
1998-12-07,100000000.0
1998-12-08,100000000.0
1998-12-09,100000000.0
1998-12-10,100000000.0
1998-12-11,100000000.0
1998-12-14,100000000.0
1998-12-15,100000000.0
1998-12-16,100000000.0
1998-12-17,100000000.0
1998-12-18,100000000.0
1998-12-21,100000000.0
1998-12-22,100000000.0
1998-12-23,100000000.0
1998-12-24,100000000.0
1998-12-28,100000000.0
1998-12-29,100000000.0
1998-12-30,100000000.0
1998-12-31,100000000.0
1999-01-04,100000000.0
1999-01-05,100000000.0
1999-01-06,100000000.0
1999-01-07,100000000.0
1999-01-08,100000000.0
1999-01-11,100000000.0
1999-01-12,100000000.0
1999-01-13,100000000.0
1999-01-14,100000000.0
1999-01-15,100000000.0
1999-01-19,100000000.0
1999-01-20,100000000.0
1999-01-21,100000000.0
1999-01-22,100000000.0
1999-01-25,100000000.0
1999-01-26,100000000.0
1999-01-27,100000000.0
1999-01-28,100000000.0
1999-01-29,100000000.0
1999-02-01,100000000.0
1999-02-02,100000000.0
1999-02-03,100000000.0
1999-02-04,100000000.0
1999-02-05,100000000.0
1999-02-08,100000000.0
1999-02-09,100000000.0
1999-02-10,100000000.0
1999-02-11,100000000.0
1999-02-12,100000000.0
1999-02-16,100000000.0
1999-02-17,100000000.0
1999-02-18,100000000.0
1999-02-19,100000000.0
1999-02-22,100000000.0
1999-02-23,100000000.0
1999-02-24,100000000.0
1999-02-25,100000000.0
1999-02-26,100000000.0
1999-03-01,100000000.0
1999-03-02,100000000.0
1999-03-03,100000000.0
1999-03-04,100000000.0
1999-03-05,100000000.0
1999-03-08,100000000.0
1999-03-09,100000000.0
1999-03-10,100000000.0
1999-03-11,100000000.0
1999-03-12,100000000.0
1999-03-15,100000000.0
1999-03-16,100000000.0
1999-03-17,100000000.0
1999-03-18,100000000.0
1999-03-19,100000000.0
1999-03-22,100000000.0
1999-03-23,100000000.0
1999-03-24,100000000.0
1999-03-25,100000000.0
1999-03-26,100000000.0
1999-03-29,100000000.0
1999-03-30,100000000.0
1999-03-31,100000000.0
1999-04-01,100000000.0
1999-04-05,100000000.0
1999-04-06,100000000.0
1999-04-07,100000000.0
1999-04-08,100000000.0
1999-04-09,100000000.0
1999-04-12,100000000.0
1999-04-13,100000000.0
1999-04-14,100000000.0
1999-04-15,100000000.0
1999-04-16,100000000.0
1999-04-19,100000000.0
1999-04-20,100000000.0
1999-04-21,100000000.0
1999-04-22,100000000.0
1999-04-23,100000000.0
1999-04-26,100000000.0
1999-04-27,100000000.0
1999-04-28,100000000.0
1999-04-29,100000000.0
1999-04-30,100000000.0
1999-05-03,100000000.0
1999-05-04,100000000.0
1999-05-05,100000000.0
1999-05-06,100000000.0
1999-05-07,100000000.0
1999-05-10,100000000.0
1999-05-11,100000000.0
1999-05-12,100000000.0
1999-05-13,100000000.0
1999-05-14,100000000.0
1999-05-17,100000000.0
1999-05-18,100000000.0
1999-05-19,100000000.0
1999-05-20,100000000.0
1999-05-21,100000000.0
1999-05-24,100000000.0
1999-05-25,100000000.0
1999-05-26,100000000.0
1999-05-27,100000000.0
1999-05-28,100000000.0
1999-06-01,100000000.0
1999-06-02,100000000.0
1999-06-03,100000000.0
1999-06-04,100000000.0
1999-06-07,100000000.0
1999-06-08,100000000.0
1999-06-09,100000000.0
1999-06-10,100000000.0
1999-06-11,100000000.0
1999-06-14,100000000.0
1999-06-15,100000000.0
1999-06-16,100000000.0
1999-06-17,100000000.0
1999-06-18,100000000.0
1999-06-21,100000000.0
1999-06-22,100000000.0
1999-06-23,100000000.0
1999-06-24,100000000.0
1999-06-25,100000000.0
1999-06-28,100000000.0
1999-06-29,100000000.0
1999-06-30,100000000.0
1999-07-01,100000000.0
1999-07-02,100000000.0
1999-07-06,100000000.0
1999-07-07,100000000.0
1999-07-08,100000000.0
1999-07-09,100000000.0
1999-07-12,100000000.0
1999-07-13,100000000.0
1999-07-14,100000000.0
1999-07-15,100000000.0
1999-07-16,100000000.0
1999-07-19,100000000.0
1999-07-20,100000000.0
1999-07-21,100000000.0
1999-07-22,100000000.0
1999-07-23,100000000.0
1999-07-26,100000000.0
1999-07-27,100000000.0
1999-07-28,100000000.0
1999-07-29,100000000.0
1999-07-30,100000000.0
1999-08-02,100000000.0
1999-08-03,100000000.0
1999-08-04,100000000.0
1999-08-05,100000000.0
1999-08-06,100000000.0
1999-08-09,100000000.0
1999-08-10,100000000.0
1999-08-11,100000000.0
1999-08-12,100000000.0
1999-08-13,100000000.0
1999-08-16,100000000.0
1999-08-17,100000000.0
1999-08-18,100000000.0
1999-08-19,100000000.0
1999-08-20,100000000.0
1999-08-23,100000000.0
1999-08-24,100000000.0
1999-08-25,100000000.0
1999-08-26,100000000.0
1999-08-27,100000000.0
1999-08-30,100000000.0
1999-08-31,100000000.0
1999-09-01,100000000.0
1999-09-02,100000000.0
1999-09-03,100000000.0
1999-09-07,100000000.0
1999-09-08,100000000.0
1999-09-09,100000000.0
1999-09-10,100000000.0
1999-09-13,100000000.0
1999-09-14,100000000.0
1999-09-15,100000000.0
1999-09-16,100000000.0
1999-09-17,100000000.0
1999-09-20,100000000.0
1999-09-21,100000000.0
1999-09-22,100000000.0
1999-09-23,100000000.0
1999-09-24,100000000.0
1999-09-27,100000000.0
1999-09-28,100000000.0
1999-09-29,100000000.0
1999-09-30,100000000.0
1999-10-01,100000000.0
1999-10-04,100000000.0
1999-10-05,100000000.0
1999-10-06,100000000.0
1999-10-07,100000000.0
1999-10-08,100000000.0
1999-10-11,100000000.0
1999-10-12,100000000.0
1999-10-13,100000000.0
1999-10-14,100000000.0
1999-10-15,100000000.0
1999-10-18,100000000.0
1999-10-19,100000000.0
1999-10-20,100000000.0
1999-10-21,100000000.0
1999-10-22,100000000.0
1999-10-25,100000000.0
1999-10-26,100000000.0
1999-10-27,100000000.0
1999-10-28,100000000.0
1999-10-29,100000000.0
1999-11-01,100000000.0
1999-11-02,100000000.0
1999-11-03,100000000.0
1999-11-04,100000000.0
1999-11-05,100000000.0
1999-11-08,100000000.0
1999-11-09,100000000.0
1999-11-10,100000000.0
1999-11-11,100000000.0
1999-11-12,100000000.0
1999-11-15,100000000.0
1999-11-16,100000000.0
1999-11-17,100000000.0
1999-11-18,100000000.0
1999-11-19,100000000.0
1999-11-22,100000000.0
1999-11-23,100000000.0
1999-11-24,100000000.0
1999-11-26,100000000.0
1999-11-29,100000000.0
1999-11-30,100000000.0
1999-12-01,100000000.0
1999-12-02,100000000.0
1999-12-03,100000000.0
1999-12-06,100000000.0
1999-12-07,100000000.0
1999-12-08,100000000.0
1999-12-09,100000000.0
1999-12-10,100000000.0
1999-12-13,100000000.0
1999-12-14,100000000.0
1999-12-15,100000000.0
1999-12-16,100000000.0
1999-12-17,100000000.0
1999-12-20,100000000.0
1999-12-21,100000000.0
1999-12-22,100000000.0
1999-12-23,100000000.0
1999-12-27,100000000.0
1999-12-28,100000000.0
1999-12-29,100000000.0
1999-12-30,100000000.0
1999-12-31,100000000.0
2000-01-03,100000000.0
2000-01-04,100000000.0
2000-01-05,100000000.0
2000-01-06,100000000.0
2000-01-07,100000000.0
2000-01-10,100000000.0
2000-01-11,100000000.0
2000-01-12,100000000.0
2000-01-13,100000000.0
2000-01-14,100000000.0
2000-01-18,100000000.0
2000-01-19,100000000.0
2000-01-20,100000000.0
2000-01-21,100000000.0
2000-01-24,100000000.0
2000-01-25,100000000.0
2000-01-26,100000000.0
2000-01-27,100000000.0
2000-01-28,100000000.0
2000-01-31,100000000.0
2000-02-01,100000000.0
2000-02-02,100000000.0
2000-02-03,100000000.0
2000-02-04,100000000.0
2000-02-07,100000000.0
2000-02-08,100000000.0
2000-02-09,100000000.0
2000-02-10,100000000.0
2000-02-11,100000000.0
2000-02-14,100000000.0
2000-02-15,100000000.0
2000-02-16,100000000.0
2000-02-17,100000000.0
2000-02-18,100000000.0
2000-02-22,100000000.0
2000-02-23,100000000.0
2000-02-24,100000000.0
2000-02-25,100000000.0
2000-02-28,100000000.0
2000-02-29,100000000.0
2000-03-01,100000000.0
2000-03-02,100000000.0
2000-03-03,100000000.0
2000-03-06,100000000.0
2000-03-07,100000000.0
2000-03-08,100000000.0
2000-03-09,100000000.0
2000-03-10,100000000.0
2000-03-13,100000000.0
2000-03-14,100000000.0
2000-03-15,100000000.0
2000-03-16,100000000.0
2000-03-17,100000000.0
2000-03-20,100000000.0
2000-03-21,100000000.0
2000-03-22,100000000.0
2000-03-23,100000000.0
2000-03-24,100000000.0
2000-03-27,100000000.0
2000-03-28,100000000.0
2000-03-29,100000000.0
2000-03-30,100000000.0
2000-03-31,100000000.0
2000-04-03,100000000.0
2000-04-04,100000000.0
2000-04-05,100000000.0
2000-04-06,100000000.0
2000-04-07,100000000.0
2000-04-10,100000000.0
2000-04-11,100000000.0
2000-04-12,100000000.0
2000-04-13,100000000.0
2000-04-14,100000000.0
2000-04-17,100000000.0
2000-04-18,100000000.0
2000-04-19,100000000.0
2000-04-20,100000000.0
2000-04-24,100000000.0
2000-04-25,100000000.0
2000-04-26,100000000.0
2000-04-27,100000000.0
2000-04-28,100000000.0
2000-05-01,100000000.0
2000-05-02,100000000.0
2000-05-03,100000000.0
2000-05-04,100000000.0
2000-05-05,100000000.0
2000-05-08,100000000.0
2000-05-09,100000000.0
2000-05-10,100000000.0
2000-05-11,100000000.0
2000-05-12,100000000.0
2000-05-15,100000000.0
2000-05-16,100000000.0
2000-05-17,100000000.0
2000-05-18,100000000.0
2000-05-19,100000000.0
2000-05-22,100000000.0
2000-05-23,100000000.0
2000-05-24,100000000.0
2000-05-25,100000000.0
2000-05-26,100000000.0
2000-05-30,100000000.0
2000-05-31,100000000.0
2000-06-01,100000000.0
2000-06-02,100000000.0
2000-06-05,100000000.0
2000-06-06,100000000.0
2000-06-07,100000000.0
2000-06-08,100000000.0
2000-06-09,100000000.0
2000-06-12,100000000.0
2000-06-13,100000000.0
2000-06-14,100000000.0
2000-06-15,100000000.0
2000-06-16,100000000.0
2000-06-19,100000000.0
2000-06-20,100000000.0
2000-06-21,100000000.0
2000-06-22,100000000.0
2000-06-23,100000000.0
2000-06-26,100000000.0
2000-06-27,100000000.0
2000-06-28,100000000.0
2000-06-29,100000000.0
2000-06-30,100000000.0
2000-07-03,100000000.0
2000-07-05,100000000.0
2000-07-06,100000000.0
2000-07-07,100000000.0
2000-07-10,100000000.0
2000-07-11,100000000.0
2000-07-12,100000000.0
2000-07-13,100000000.0
2000-07-14,100000000.0
2000-07-17,100000000.0
2000-07-18,100000000.0
2000-07-19,100000000.0
2000-07-20,100000000.0
2000-07-21,100000000.0
2000-07-24,100000000.0
2000-07-25,100000000.0
2000-07-26,100000000.0
2000-07-27,100000000.0
2000-07-28,100000000.0
2000-07-31,100000000.0
2000-08-01,100000000.0
2000-08-02,100000000.0
2000-08-03,100000000.0
2000-08-04,100000000.0
2000-08-07,100000000.0
2000-08-08,100000000.0
2000-08-09,100000000.0
2000-08-10,100000000.0
2000-08-11,100000000.0
2000-08-14,100000000.0
2000-08-15,100000000.0
2000-08-16,100000000.0
2000-08-17,100000000.0
2000-08-18,100000000.0
2000-08-21,100000000.0
2000-08-22,100000000.0
2000-08-23,100000000.0
2000-08-24,100000000.0
2000-08-25,100000000.0
2000-08-28,100000000.0
2000-08-29,100000000.0
2000-08-30,100000000.0
2000-08-31,100000000.0
2000-09-01,100000000.0
2000-09-05,100000000.0
2000-09-06,100000000.0
2000-09-07,100000000.0
2000-09-08,100000000.0
2000-09-11,100000000.0
2000-09-12,100000000.0
2000-09-13,100000000.0
2000-09-14,100000000.0
2000-09-15,100000000.0
2000-09-18,100000000.0
2000-09-19,100000000.0
2000-09-20,100000000.0
2000-09-21,100000000.0
2000-09-22,100000000.0
2000-09-25,100000000.0
2000-09-26,100000000.0
2000-09-27,100000000.0
2000-09-28,100000000.0
2000-09-29,100000000.0
2000-10-02,100000000.0
2000-10-03,100000000.0
2000-10-04,100000000.0
2000-10-05,100000000.0
2000-10-06,100000000.0
2000-10-09,100000000.0
2000-10-10,100000000.0
2000-10-11,100000000.0
2000-10-12,100000000.0
2000-10-13,100000000.0
2000-10-16,100000000.0
2000-10-17,100000000.0
2000-10-18,100000000.0
2000-10-19,100000000.0
2000-10-20,100000000.0
2000-10-23,100000000.0
2000-10-24,100000000.0
2000-10-25,100000000.0
2000-10-26,100000000.0
2000-10-27,100000000.0
2000-10-30,100000000.0
2000-10-31,100000000.0
2000-11-01,100000000.0
2000-11-02,100000000.0
2000-11-03,100000000.0
2000-11-06,100000000.0
2000-11-07,100000000.0
2000-11-08,100000000.0
2000-11-09,100000000.0
2000-11-10,100000000.0
2000-11-13,100000000.0
2000-11-14,100000000.0
2000-11-15,100000000.0
2000-11-16,100000000.0
2000-11-17,100000000.0
2000-11-20,100000000.0
2000-11-21,100000000.0
2000-11-22,100000000.0
2000-11-24,100000000.0
2000-11-27,100000000.0
2000-11-28,100000000.0
2000-11-29,100000000.0
2000-11-30,100000000.0
2000-12-01,100000000.0
2000-12-04,100000000.0
2000-12-05,100000000.0
2000-12-06,100000000.0
2000-12-07,100000000.0
2000-12-08,100000000.0
2000-12-11,100000000.0
2000-12-12,100000000.0
2000-12-13,100000000.0
2000-12-14,100000000.0
2000-12-15,100000000.0
2000-12-18,100000000.0
2000-12-19,100000000.0
2000-12-20,100000000.0
2000-12-21,100000000.0
2000-12-22,100000000.0
2000-12-26,100000000.0
2000-12-27,100000000.0
2000-12-28,100000000.0
2000-12-29,100000000.0
2001-01-02,100000000.0
2001-01-03,100000000.0
2001-01-04,100000000.0
2001-01-05,100000000.0
2001-01-08,100000000.0
2001-01-09,100000000.0
2001-01-10,100000000.0
2001-01-11,100000000.0
2001-01-12,100000000.0
2001-01-16,100000000.0
2001-01-17,100000000.0
2001-01-18,100000000.0
2001-01-19,100000000.0
2001-01-22,100000000.0
2001-01-23,100000000.0
2001-01-24,100000000.0
2001-01-25,100000000.0
2001-01-26,100000000.0
2001-01-29,100000000.0
2001-01-30,100000000.0
2001-01-31,100000000.0
2001-02-01,100000000.0
2001-02-02,100000000.0
2001-02-05,100000000.0
2001-02-06,100000000.0
2001-02-07,100000000.0
2001-02-08,100000000.0
2001-02-09,100000000.0
2001-02-12,100000000.0
2001-02-13,100000000.0
2001-02-14,100000000.0
2001-02-15,100000000.0
2001-02-16,100000000.0
2001-02-20,100000000.0
2001-02-21,100000000.0
2001-02-22,100000000.0
2001-02-23,100000000.0
2001-02-26,100000000.0
2001-02-27,100000000.0
2001-02-28,100000000.0
2001-03-01,100000000.0
2001-03-02,100000000.0
2001-03-05,100000000.0
2001-03-06,100000000.0
2001-03-07,100000000.0
2001-03-08,100000000.0
2001-03-09,100000000.0
2001-03-12,100000000.0
2001-03-13,100000000.0
2001-03-14,100000000.0
2001-03-15,100000000.0
2001-03-16,100000000.0
2001-03-19,100000000.0
2001-03-20,100000000.0
2001-03-21,100000000.0
2001-03-22,100000000.0
2001-03-23,100000000.0
2001-03-26,100000000.0
2001-03-27,100000000.0
2001-03-28,100000000.0
2001-03-29,100000000.0
2001-03-30,100000000.0
2001-04-02,100000000.0
2001-04-03,100000000.0
2001-04-04,100000000.0
2001-04-05,100000000.0
2001-04-06,100000000.0
2001-04-09,100000000.0
2001-04-10,100000000.0
2001-04-11,100000000.0
2001-04-12,100000000.0
2001-04-16,100000000.0
2001-04-17,100000000.0
2001-04-18,100000000.0
2001-04-19,100000000.0
2001-04-20,100000000.0
2001-04-23,100000000.0
2001-04-24,100000000.0
2001-04-25,100000000.0
2001-04-26,100000000.0
2001-04-27,100000000.0
2001-04-30,100000000.0
2001-05-01,100000000.0
2001-05-02,100000000.0
2001-05-03,100000000.0
2001-05-04,100000000.0
2001-05-07,100000000.0
2001-05-08,100000000.0
2001-05-09,100000000.0
2001-05-10,100000000.0
2001-05-11,100000000.0
2001-05-14,100000000.0
2001-05-15,100000000.0
2001-05-16,100000000.0
2001-05-17,100000000.0
2001-05-18,100000000.0
2001-05-21,100000000.0
2001-05-22,100000000.0
2001-05-23,100000000.0
2001-05-24,100000000.0
2001-05-25,100000000.0
2001-05-29,100000000.0
2001-05-30,100000000.0
2001-05-31,100000000.0
2001-06-01,100000000.0
2001-06-04,100000000.0
2001-06-05,100000000.0
2001-06-06,100000000.0
2001-06-07,100000000.0
2001-06-08,100000000.0
2001-06-11,100000000.0
2001-06-12,100000000.0
2001-06-13,100000000.0
2001-06-14,100000000.0
2001-06-15,100000000.0
2001-06-18,100000000.0
2001-06-19,100000000.0
2001-06-20,100000000.0
2001-06-21,100000000.0
2001-06-22,100000000.0
2001-06-25,100000000.0
2001-06-26,100000000.0
2001-06-27,100000000.0
2001-06-28,100000000.0
2001-06-29,100000000.0
2001-07-02,100000000.0
2001-07-03,100000000.0
2001-07-05,100000000.0
2001-07-06,100000000.0
2001-07-09,100000000.0
2001-07-10,100000000.0
2001-07-11,100000000.0
2001-07-12,100000000.0
2001-07-13,100000000.0
2001-07-16,100000000.0
2001-07-17,100000000.0
2001-07-18,100000000.0
2001-07-19,100000000.0
2001-07-20,100000000.0
2001-07-23,100000000.0
2001-07-24,100000000.0
2001-07-25,100000000.0
2001-07-26,100000000.0
2001-07-27,100000000.0
2001-07-30,100000000.0
2001-07-31,100000000.0
2001-08-01,100000000.0
2001-08-02,100000000.0
2001-08-03,100000000.0
2001-08-06,100000000.0
2001-08-07,100000000.0
2001-08-08,100000000.0
2001-08-09,100000000.0
2001-08-10,100000000.0
2001-08-13,100000000.0
2001-08-14,100000000.0
2001-08-15,100000000.0
2001-08-16,100000000.0
2001-08-17,100000000.0
2001-08-20,100000000.0
2001-08-21,100000000.0
2001-08-22,100000000.0
2001-08-23,100000000.0
2001-08-24,100000000.0
2001-08-27,100000000.0
2001-08-28,100000000.0
2001-08-29,100000000.0
2001-08-30,100000000.0
2001-08-31,100000000.0
2001-09-04,100000000.0
2001-09-05,100000000.0
2001-09-06,100000000.0
2001-09-07,100000000.0
2001-09-10,100000000.0
2001-09-17,100000000.0
2001-09-18,100000000.0
2001-09-19,100000000.0
2001-09-20,100000000.0
2001-09-21,100000000.0
2001-09-24,100000000.0
2001-09-25,100000000.0
2001-09-26,100000000.0
2001-09-27,100000000.0
2001-09-28,100000000.0
2001-10-01,100000000.0
2001-10-02,100000000.0
2001-10-03,100000000.0
2001-10-04,100000000.0
2001-10-05,100000000.0
2001-10-08,100000000.0
2001-10-09,100000000.0
2001-10-10,100000000.0
2001-10-11,100000000.0
2001-10-12,100000000.0
2001-10-15,100000000.0
2001-10-16,100000000.0
2001-10-17,100000000.0
2001-10-18,100000000.0
2001-10-19,100000000.0
2001-10-22,100000000.0
2001-10-23,100000000.0
2001-10-24,100000000.0
2001-10-25,100000000.0
2001-10-26,100000000.0
2001-10-29,100000000.0
2001-10-30,100000000.0
2001-10-31,100000000.0
2001-11-01,100000000.0
2001-11-02,100000000.0
2001-11-05,100000000.0
2001-11-06,100000000.0
2001-11-07,100000000.0
2001-11-08,100000000.0
2001-11-09,100000000.0
2001-11-12,100000000.0
2001-11-13,100000000.0
2001-11-14,100000000.0
2001-11-15,100000000.0
2001-11-16,100000000.0
2001-11-19,100000000.0
2001-11-20,100000000.0
2001-11-21,100000000.0
2001-11-23,100000000.0
2001-11-26,100000000.0
2001-11-27,100000000.0
2001-11-28,100000000.0
2001-11-29,100000000.0
2001-11-30,100000000.0
2001-12-03,100000000.0
2001-12-04,100000000.0
2001-12-05,100000000.0
2001-12-06,100000000.0
2001-12-07,100000000.0
2001-12-10,100000000.0
2001-12-11,100000000.0
2001-12-12,100000000.0
2001-12-13,100000000.0
2001-12-14,100000000.0
2001-12-17,100000000.0
2001-12-18,100000000.0
2001-12-19,100000000.0
2001-12-20,100000000.0
2001-12-21,100000000.0
2001-12-24,100000000.0
2001-12-26,100000000.0
2001-12-27,100000000.0
2001-12-28,100000000.0
2001-12-31,100000000.0
2002-01-02,100000000.0
2002-01-03,100000000.0
2002-01-04,100000000.0
2002-01-07,100000000.0
2002-01-08,100000000.0
2002-01-09,100000000.0
2002-01-10,100000000.0
2002-01-11,100000000.0
2002-01-14,100000000.0
2002-01-15,100000000.0
2002-01-16,100000000.0
2002-01-17,100000000.0
2002-01-18,100000000.0
2002-01-22,100000000.0
2002-01-23,100000000.0
2002-01-24,100000000.0
2002-01-25,100000000.0
2002-01-28,100000000.0
2002-01-29,100000000.0
2002-01-30,100000000.0
2002-01-31,100000000.0
2002-02-01,100000000.0
2002-02-04,100000000.0
2002-02-05,100000000.0
2002-02-06,100000000.0
2002-02-07,100000000.0
2002-02-08,100000000.0
2002-02-11,100000000.0
2002-02-12,100000000.0
2002-02-13,100000000.0
2002-02-14,100000000.0
2002-02-15,100000000.0
2002-02-19,100000000.0
2002-02-20,100000000.0
2002-02-21,100000000.0
2002-02-22,100000000.0
2002-02-25,100000000.0
2002-02-26,100000000.0
2002-02-27,100000000.0
2002-02-28,100000000.0
2002-03-01,100000000.0
2002-03-04,100000000.0
2002-03-05,100000000.0
2002-03-06,100000000.0
2002-03-07,100000000.0
2002-03-08,100000000.0
2002-03-11,100000000.0
2002-03-12,100000000.0
2002-03-13,100000000.0
2002-03-14,100000000.0
2002-03-15,100000000.0
2002-03-18,100000000.0
2002-03-19,100000000.0
2002-03-20,100000000.0
2002-03-21,100000000.0
2002-03-22,100000000.0
2002-03-25,100000000.0
2002-03-26,100000000.0
2002-03-27,100000000.0
2002-03-28,100000000.0
2002-04-01,100000000.0
2002-04-02,100000000.0
2002-04-03,100000000.0
2002-04-04,100000000.0
2002-04-05,100000000.0
2002-04-08,100000000.0
2002-04-09,100000000.0
2002-04-10,100000000.0
2002-04-11,100000000.0
2002-04-12,100000000.0
2002-04-15,100000000.0
2002-04-16,100000000.0
2002-04-17,100000000.0
2002-04-18,100000000.0
2002-04-19,100000000.0
2002-04-22,100000000.0
2002-04-23,100000000.0
2002-04-24,100000000.0
2002-04-25,100000000.0
2002-04-26,100000000.0
2002-04-29,100000000.0
2002-04-30,100000000.0
2002-05-01,100000000.0
2002-05-02,100000000.0
2002-05-03,100000000.0
2002-05-06,100000000.0
2002-05-07,100000000.0
2002-05-08,100000000.0
2002-05-09,100000000.0
2002-05-10,100000000.0
2002-05-13,100000000.0
2002-05-14,100000000.0
2002-05-15,100000000.0
2002-05-16,100000000.0
2002-05-17,100000000.0
2002-05-20,100000000.0
2002-05-21,100000000.0
2002-05-22,100000000.0
2002-05-23,100000000.0
2002-05-24,100000000.0
2002-05-28,100000000.0
2002-05-29,100000000.0
2002-05-30,100000000.0
2002-05-31,100000000.0
2002-06-03,100000000.0
2002-06-04,100000000.0
2002-06-05,100000000.0
2002-06-06,100000000.0
2002-06-07,100000000.0
2002-06-10,100000000.0
2002-06-11,100000000.0
2002-06-12,100000000.0
2002-06-13,100000000.0
2002-06-14,100000000.0
2002-06-17,100000000.0
2002-06-18,100000000.0
2002-06-19,100000000.0
2002-06-20,100000000.0
2002-06-21,100000000.0
2002-06-24,100000000.0
2002-06-25,100000000.0
2002-06-26,100000000.0
2002-06-27,100000000.0
2002-06-28,100000000.0
2002-07-01,100000000.0
2002-07-02,100000000.0
2002-07-03,100000000.0
2002-07-05,100000000.0
2002-07-08,100000000.0
2002-07-09,100000000.0
2002-07-10,100000000.0
2002-07-11,100000000.0
2002-07-12,100000000.0
2002-07-15,100000000.0
2002-07-16,100000000.0
2002-07-17,100000000.0
2002-07-18,100000000.0
2002-07-19,100000000.0
2002-07-22,100000000.0
2002-07-23,100000000.0
2002-07-24,100000000.0
2002-07-25,100000000.0
2002-07-26,100000000.0
2002-07-29,100000000.0
2002-07-30,100000000.0
2002-07-31,100000000.0
2002-08-01,100000000.0
2002-08-02,100000000.0
2002-08-05,100000000.0
2002-08-06,100000000.0
2002-08-07,100000000.0
2002-08-08,100000000.0
2002-08-09,100000000.0
2002-08-12,100000000.0
2002-08-13,100000000.0
2002-08-14,100000000.0
2002-08-15,100000000.0
2002-08-16,100000000.0
2002-08-19,100000000.0
2002-08-20,100000000.0
2002-08-21,100000000.0
2002-08-22,100000000.0
2002-08-23,100000000.0
2002-08-26,100000000.0
2002-08-27,100000000.0
2002-08-28,100000000.0
2002-08-29,100000000.0
2002-08-30,100000000.0
2002-09-03,100000000.0
2002-09-04,100000000.0
2002-09-05,100000000.0
2002-09-06,100000000.0
2002-09-09,100000000.0
2002-09-10,100000000.0
2002-09-11,100000000.0
2002-09-12,100000000.0
2002-09-13,100000000.0
2002-09-16,100000000.0
2002-09-17,100000000.0
2002-09-18,100000000.0
2002-09-19,100000000.0
2002-09-20,100000000.0
2002-09-23,100000000.0
2002-09-24,100000000.0
2002-09-25,100000000.0
2002-09-26,100000000.0
2002-09-27,100000000.0
2002-09-30,100000000.0
2002-10-01,100000000.0
2002-10-02,100000000.0
2002-10-03,100000000.0
2002-10-04,100000000.0
2002-10-07,100000000.0
2002-10-08,100000000.0
2002-10-09,100000000.0
2002-10-10,100000000.0
2002-10-11,100000000.0
2002-10-14,100000000.0
2002-10-15,100000000.0
2002-10-16,100000000.0
2002-10-17,100000000.0
2002-10-18,100000000.0
2002-10-21,100000000.0
2002-10-22,100000000.0
2002-10-23,100000000.0
2002-10-24,100000000.0
2002-10-25,100000000.0
2002-10-28,100000000.0
2002-10-29,100000000.0
2002-10-30,100000000.0
2002-10-31,100000000.0
2002-11-01,100000000.0
2002-11-04,100000000.0
2002-11-05,100000000.0
2002-11-06,100000000.0
2002-11-07,100000000.0
2002-11-08,100000000.0
2002-11-11,100000000.0
2002-11-12,100000000.0
2002-11-13,100000000.0
2002-11-14,100000000.0
2002-11-15,100000000.0
2002-11-18,100000000.0
2002-11-19,100000000.0
2002-11-20,100000000.0
2002-11-21,100000000.0
2002-11-22,100000000.0
2002-11-25,100000000.0
2002-11-26,100000000.0
2002-11-27,100000000.0
2002-11-29,100000000.0
2002-12-02,100000000.0
2002-12-03,100000000.0
2002-12-04,100000000.0
2002-12-05,100000000.0
2002-12-06,100000000.0
2002-12-09,100000000.0
2002-12-10,100000000.0
2002-12-11,100000000.0
2002-12-12,100000000.0
2002-12-13,100000000.0
2002-12-16,100000000.0
2002-12-17,100000000.0
2002-12-18,100000000.0
2002-12-19,100000000.0
2002-12-20,100000000.0
2002-12-23,100000000.0
2002-12-24,100000000.0
2002-12-26,100000000.0
2002-12-27,100000000.0
2002-12-30,100000000.0
2002-12-31,100000000.0
2003-01-02,100000000.0
2003-01-03,100000000.0
2003-01-06,100000000.0
2003-01-07,100000000.0
2003-01-08,100000000.0
2003-01-09,100000000.0
2003-01-10,100000000.0
2003-01-13,100000000.0
2003-01-14,100000000.0
2003-01-15,100000000.0
2003-01-16,100000000.0
2003-01-17,100000000.0
2003-01-21,100000000.0
2003-01-22,100000000.0
2003-01-23,100000000.0
2003-01-24,100000000.0
2003-01-27,100000000.0
2003-01-28,100000000.0
2003-01-29,100000000.0
2003-01-30,100000000.0
2003-01-31,100000000.0
2003-02-03,100000000.0
2003-02-04,100000000.0
2003-02-05,100000000.0
2003-02-06,100000000.0
2003-02-07,100000000.0
2003-02-10,100000000.0
2003-02-11,100000000.0
2003-02-12,100000000.0
2003-02-13,100000000.0
2003-02-14,100000000.0
2003-02-18,100000000.0
2003-02-19,100000000.0
2003-02-20,100000000.0
2003-02-21,100000000.0
2003-02-24,100000000.0
2003-02-25,100000000.0
2003-02-26,100000000.0
2003-02-27,100000000.0
2003-02-28,100000000.0
2003-03-03,100000000.0
2003-03-04,100000000.0
2003-03-05,100000000.0
2003-03-06,100000000.0
2003-03-07,100000000.0
2003-03-10,100000000.0
2003-03-11,100000000.0
2003-03-12,100000000.0
2003-03-13,100000000.0
2003-03-14,100000000.0
2003-03-17,100000000.0
2003-03-18,100000000.0
2003-03-19,100000000.0
2003-03-20,100000000.0
2003-03-21,100000000.0
2003-03-24,100000000.0
2003-03-25,100000000.0
2003-03-26,100000000.0
2003-03-27,100000000.0
2003-03-28,100000000.0
2003-03-31,100000000.0
2003-04-01,100000000.0
2003-04-02,100000000.0
2003-04-03,100000000.0
2003-04-04,100000000.0
2003-04-07,100000000.0
2003-04-08,100000000.0
2003-04-09,100000000.0
2003-04-10,100000000.0
2003-04-11,100000000.0
2003-04-14,100000000.0
2003-04-15,100000000.0
2003-04-16,100000000.0
2003-04-17,100000000.0
2003-04-21,100000000.0
2003-04-22,100000000.0
2003-04-23,100000000.0
2003-04-24,100000000.0
2003-04-25,100000000.0
2003-04-28,100000000.0
2003-04-29,100000000.0
2003-04-30,100000000.0
2003-05-01,100000000.0
2003-05-02,100000000.0
2003-05-05,100000000.0
2003-05-06,100000000.0
2003-05-07,100000000.0
2003-05-08,100000000.0
2003-05-09,100000000.0
2003-05-12,100000000.0
2003-05-13,100000000.0
2003-05-14,100000000.0
2003-05-15,100000000.0
2003-05-16,100000000.0
2003-05-19,100000000.0
2003-05-20,100000000.0
2003-05-21,100000000.0
2003-05-22,100000000.0
2003-05-23,100000000.0
2003-05-27,100000000.0
2003-05-28,100000000.0
2003-05-29,100000000.0
2003-05-30,100000000.0
2003-06-02,100000000.0
2003-06-03,100000000.0
2003-06-04,100000000.0
2003-06-05,100000000.0
2003-06-06,100000000.0
2003-06-09,100000000.0
2003-06-10,100000000.0
2003-06-11,100000000.0
2003-06-12,100000000.0
2003-06-13,100000000.0
2003-06-16,100000000.0
2003-06-17,100000000.0
2003-06-18,100000000.0
2003-06-19,100000000.0
2003-06-20,100000000.0
2003-06-23,100000000.0
2003-06-24,100000000.0
2003-06-25,100000000.0
2003-06-26,100000000.0
2003-06-27,100000000.0
2003-06-30,100000000.0
2003-07-01,100000000.0
2003-07-02,100000000.0
2003-07-03,100000000.0
2003-07-07,100000000.0
2003-07-08,100000000.0
2003-07-09,100000000.0
2003-07-10,100000000.0
2003-07-11,100000000.0
2003-07-14,100000000.0
2003-07-15,100000000.0
2003-07-16,100000000.0
2003-07-17,100000000.0
2003-07-18,100000000.0
2003-07-21,100000000.0
2003-07-22,100000000.0
2003-07-23,100000000.0
2003-07-24,100000000.0
2003-07-25,100000000.0
2003-07-28,100000000.0
2003-07-29,100000000.0
2003-07-30,100000000.0
2003-07-31,100000000.0
2003-08-01,100000000.0
2003-08-04,100000000.0
2003-08-05,100000000.0
2003-08-06,100000000.0
2003-08-07,100000000.0
2003-08-08,100000000.0
2003-08-11,100000000.0
2003-08-12,100000000.0
2003-08-13,100000000.0
2003-08-14,100000000.0
2003-08-15,100000000.0
2003-08-18,100000000.0
2003-08-19,100000000.0
2003-08-20,100000000.0
2003-08-21,100000000.0
2003-08-22,100000000.0
2003-08-25,100000000.0
2003-08-26,100000000.0
2003-08-27,100000000.0
2003-08-28,100000000.0
2003-08-29,100000000.0
2003-09-02,100000000.0
2003-09-03,100000000.0
2003-09-04,100000000.0
2003-09-05,100000000.0
2003-09-08,100000000.0
2003-09-09,100000000.0
2003-09-10,100000000.0
2003-09-11,100000000.0
2003-09-12,100000000.0
2003-09-15,100000000.0
2003-09-16,100000000.0
2003-09-17,100000000.0
2003-09-18,100000000.0
2003-09-19,100000000.0
2003-09-22,100000000.0
2003-09-23,100000000.0
2003-09-24,100000000.0
2003-09-25,100000000.0
2003-09-26,100000000.0
2003-09-29,100000000.0
2003-09-30,100000000.0
2003-10-01,100000000.0
2003-10-02,100000000.0
2003-10-03,100000000.0
2003-10-06,100000000.0
2003-10-07,100000000.0
2003-10-08,100000000.0
2003-10-09,100000000.0
2003-10-10,100000000.0
2003-10-13,100000000.0
2003-10-14,100000000.0
2003-10-15,100000000.0
2003-10-16,100000000.0
2003-10-17,100000000.0
2003-10-20,100000000.0
2003-10-21,100000000.0
2003-10-22,100000000.0
2003-10-23,100000000.0
2003-10-24,100000000.0
2003-10-27,100000000.0
2003-10-28,100000000.0
2003-10-29,100000000.0
2003-10-30,100000000.0
2003-10-31,100000000.0
2003-11-03,100000000.0
2003-11-04,100000000.0
2003-11-05,100000000.0
2003-11-06,100000000.0
2003-11-07,100000000.0
2003-11-10,100000000.0
2003-11-11,100000000.0
2003-11-12,100000000.0
2003-11-13,100000000.0
2003-11-14,100000000.0
2003-11-17,100000000.0
2003-11-18,100000000.0
2003-11-19,100000000.0
2003-11-20,100000000.0
2003-11-21,100000000.0
2003-11-24,100000000.0
2003-11-25,100000000.0
2003-11-26,100000000.0
2003-11-28,100000000.0
2003-12-01,100000000.0
2003-12-02,100000000.0
2003-12-03,100000000.0
2003-12-04,100000000.0
2003-12-05,100000000.0
2003-12-08,100000000.0
2003-12-09,100000000.0
2003-12-10,100000000.0
2003-12-11,100000000.0
2003-12-12,100000000.0
2003-12-15,100000000.0
2003-12-16,100000000.0
2003-12-17,100000000.0
2003-12-18,100000000.0
2003-12-19,100000000.0
2003-12-22,100000000.0
2003-12-23,100000000.0
2003-12-24,100000000.0
2003-12-26,100000000.0
2003-12-29,100000000.0
2003-12-30,100000000.0
2003-12-31,100000000.0
2004-01-02,100000000.0
2004-01-05,100000000.0
2004-01-06,100000000.0
2004-01-07,100000000.0
2004-01-08,100000000.0
2004-01-09,100000000.0
2004-01-12,100000000.0
2004-01-13,100000000.0
2004-01-14,100000000.0
2004-01-15,100000000.0
2004-01-16,100000000.0
2004-01-20,100000000.0
2004-01-21,100000000.0
2004-01-22,100000000.0
2004-01-23,100000000.0
2004-01-26,100000000.0
2004-01-27,100000000.0
2004-01-28,100000000.0
2004-01-29,100000000.0
2004-01-30,100000000.0
2004-02-02,100000000.0
2004-02-03,100000000.0
2004-02-04,100000000.0
2004-02-05,100000000.0
2004-02-06,100000000.0
2004-02-09,100000000.0
2004-02-10,100000000.0
2004-02-11,100000000.0
2004-02-12,100000000.0
2004-02-13,100000000.0
2004-02-17,100000000.0
2004-02-18,100000000.0
2004-02-19,100000000.0
2004-02-20,100000000.0
2004-02-23,100000000.0
2004-02-24,100000000.0
2004-02-25,100000000.0
2004-02-26,100000000.0
2004-02-27,100000000.0
2004-03-01,100000000.0
2004-03-02,100000000.0
2004-03-03,100000000.0
2004-03-04,100000000.0
2004-03-05,100000000.0
2004-03-08,100000000.0
2004-03-09,100000000.0
2004-03-10,100000000.0
2004-03-11,100000000.0
2004-03-12,100000000.0
2004-03-15,100000000.0
2004-03-16,100000000.0
2004-03-17,100000000.0
2004-03-18,100000000.0
2004-03-19,100000000.0
2004-03-22,100000000.0
2004-03-23,100000000.0
2004-03-24,100000000.0
2004-03-25,100000000.0
2004-03-26,100000000.0
2004-03-29,100000000.0
2004-03-30,100000000.0
2004-03-31,100000000.0
2004-04-01,100000000.0
2004-04-02,100000000.0
2004-04-05,100000000.0
2004-04-06,100000000.0
2004-04-07,100000000.0
2004-04-08,100000000.0
2004-04-12,100000000.0
2004-04-13,100000000.0
2004-04-14,100000000.0
2004-04-15,100000000.0
2004-04-16,100000000.0
2004-04-19,100000000.0
2004-04-20,100000000.0
2004-04-21,100000000.0
2004-04-22,100000000.0
2004-04-23,100000000.0
2004-04-26,100000000.0
2004-04-27,100000000.0
2004-04-28,100000000.0
2004-04-29,100000000.0
2004-04-30,100000000.0
2004-05-03,100000000.0
2004-05-04,100000000.0
2004-05-05,100000000.0
2004-05-06,100000000.0
2004-05-07,100000000.0
2004-05-10,100000000.0
2004-05-11,100000000.0
2004-05-12,100000000.0
2004-05-13,100000000.0
2004-05-14,100000000.0
2004-05-17,100000000.0
2004-05-18,100000000.0
2004-05-19,100000000.0
2004-05-20,100000000.0
2004-05-21,100000000.0
2004-05-24,100000000.0
2004-05-25,100000000.0
2004-05-26,100000000.0
2004-05-27,100000000.0
2004-05-28,100000000.0
2004-06-01,100000000.0
2004-06-02,100000000.0
2004-06-03,100000000.0
2004-06-04,100000000.0
2004-06-07,100000000.0
2004-06-08,100000000.0
2004-06-09,100000000.0
2004-06-10,100000000.0
2004-06-14,100000000.0
2004-06-15,100000000.0
2004-06-16,100000000.0
2004-06-17,100000000.0
2004-06-18,100000000.0
2004-06-21,100000000.0
2004-06-22,100000000.0
2004-06-23,100000000.0
2004-06-24,100000000.0
2004-06-25,100000000.0
2004-06-28,100000000.0
2004-06-29,100000000.0
2004-06-30,100000000.0
2004-07-01,100000000.0
2004-07-02,100000000.0
2004-07-06,100000000.0
2004-07-07,100000000.0
2004-07-08,100000000.0
2004-07-09,100000000.0
2004-07-12,100000000.0
2004-07-13,100000000.0
2004-07-14,100000000.0
2004-07-15,100000000.0
2004-07-16,100000000.0
2004-07-19,100000000.0
2004-07-20,100000000.0
2004-07-21,100000000.0
2004-07-22,100000000.0
2004-07-23,100000000.0
2004-07-26,100000000.0
2004-07-27,100000000.0
2004-07-28,100000000.0
2004-07-29,100000000.0
2004-07-30,100000000.0
2004-08-02,100000000.0
2004-08-03,100000000.0
2004-08-04,100000000.0
2004-08-05,100000000.0
2004-08-06,100000000.0
2004-08-09,100000000.0
2004-08-10,100000000.0
2004-08-11,100000000.0
2004-08-12,100000000.0
2004-08-13,100000000.0
2004-08-16,100000000.0
2004-08-17,100000000.0
2004-08-18,100000000.0
2004-08-19,100000000.0
2004-08-20,100000000.0
2004-08-23,100000000.0
2004-08-24,100000000.0
2004-08-25,100000000.0
2004-08-26,100000000.0
2004-08-27,100000000.0
2004-08-30,100000000.0
2004-08-31,100000000.0
2004-09-01,100000000.0
2004-09-02,100000000.0
2004-09-03,100000000.0
2004-09-07,100000000.0
2004-09-08,100000000.0
2004-09-09,100000000.0
2004-09-10,100000000.0
2004-09-13,100000000.0
2004-09-14,100000000.0
2004-09-15,100000000.0
2004-09-16,100000000.0
2004-09-17,100000000.0
2004-09-20,100000000.0
2004-09-21,100000000.0
2004-09-22,100000000.0
2004-09-23,100000000.0
2004-09-24,100000000.0
2004-09-27,100000000.0
2004-09-28,100000000.0
2004-09-29,100000000.0
2004-09-30,100000000.0
2004-10-01,100000000.0
2004-10-04,100000000.0
2004-10-05,100000000.0
2004-10-06,100000000.0
2004-10-07,100000000.0
2004-10-08,100000000.0
2004-10-11,100000000.0
2004-10-12,100000000.0
2004-10-13,100000000.0
2004-10-14,100000000.0
2004-10-15,100000000.0
2004-10-18,100000000.0
2004-10-19,100000000.0
2004-10-20,100000000.0
2004-10-21,100000000.0
2004-10-22,100000000.0
2004-10-25,100000000.0
2004-10-26,100000000.0
2004-10-27,100000000.0
2004-10-28,100000000.0
2004-10-29,100000000.0
2004-11-01,100000000.0
2004-11-02,100000000.0
2004-11-03,100000000.0
2004-11-04,100000000.0
2004-11-05,100000000.0
2004-11-08,100000000.0
2004-11-09,100000000.0
2004-11-10,100000000.0
2004-11-11,100000000.0
2004-11-12,100000000.0
2004-11-15,100000000.0
2004-11-16,100000000.0
2004-11-17,100000000.0
2004-11-18,100000000.0
2004-11-19,100000000.0
2004-11-22,100000000.0
2004-11-23,100000000.0
2004-11-24,100000000.0
2004-11-26,100000000.0
2004-11-29,100000000.0
2004-11-30,100000000.0
2004-12-01,100000000.0
2004-12-02,100000000.0
2004-12-03,100000000.0
2004-12-06,100000000.0
2004-12-07,100000000.0
2004-12-08,100000000.0
2004-12-09,100000000.0
2004-12-10,100000000.0
2004-12-13,100000000.0
2004-12-14,100000000.0
2004-12-15,100000000.0
2004-12-16,100000000.0
2004-12-17,100000000.0
2004-12-20,100000000.0
2004-12-21,100000000.0
2004-12-22,100000000.0
2004-12-23,100000000.0
2004-12-27,100000000.0
2004-12-28,100000000.0
2004-12-29,100000000.0
2004-12-30,100000000.0
2004-12-31,100000000.0
2005-01-03,100000000.0
2005-01-04,100000000.0
2005-01-05,100000000.0
2005-01-06,100000000.0
2005-01-07,100000000.0
2005-01-10,100000000.0
2005-01-11,100000000.0
2005-01-12,100000000.0
2005-01-13,100000000.0
2005-01-14,100000000.0
2005-01-18,100000000.0
2005-01-19,100000000.0
2005-01-20,100000000.0
2005-01-21,100000000.0
2005-01-24,100000000.0
2005-01-25,100000000.0
2005-01-26,100000000.0
2005-01-27,100000000.0
2005-01-28,100000000.0
2005-01-31,100000000.0
2005-02-01,100000000.0
2005-02-02,100000000.0
2005-02-03,100000000.0
2005-02-04,100000000.0
2005-02-07,100000000.0
2005-02-08,100000000.0
2005-02-09,100000000.0
2005-02-10,100000000.0
2005-02-11,100000000.0
2005-02-14,100000000.0
2005-02-15,100000000.0
2005-02-16,100000000.0
2005-02-17,100000000.0
2005-02-18,100000000.0
2005-02-22,100000000.0
2005-02-23,100000000.0
2005-02-24,100000000.0
2005-02-25,100000000.0
2005-02-28,100000000.0
2005-03-01,100000000.0
2005-03-02,100000000.0
2005-03-03,100000000.0
2005-03-04,100000000.0
2005-03-07,100000000.0
2005-03-08,100000000.0
2005-03-09,100000000.0
2005-03-10,100000000.0
2005-03-11,100000000.0
2005-03-14,100000000.0
2005-03-15,100000000.0
2005-03-16,100000000.0
2005-03-17,100000000.0
2005-03-18,100000000.0
2005-03-21,100000000.0
2005-03-22,100000000.0
2005-03-23,100000000.0
2005-03-24,100000000.0
2005-03-28,100000000.0
2005-03-29,100000000.0
2005-03-30,100000000.0
2005-03-31,100000000.0
2005-04-01,100000000.0
2005-04-04,100000000.0
2005-04-05,100000000.0
2005-04-06,100000000.0
2005-04-07,100000000.0
2005-04-08,100000000.0
2005-04-11,100000000.0
2005-04-12,100000000.0
2005-04-13,100000000.0
2005-04-14,100000000.0
2005-04-15,100000000.0
2005-04-18,100000000.0
2005-04-19,100000000.0
2005-04-20,100000000.0
2005-04-21,100000000.0
2005-04-22,100000000.0
2005-04-25,100000000.0
2005-04-26,100000000.0
2005-04-27,100000000.0
2005-04-28,100000000.0
2005-04-29,100000000.0
2005-05-02,100000000.0
2005-05-03,100000000.0
2005-05-04,100000000.0
2005-05-05,100000000.0
2005-05-06,100000000.0
2005-05-09,100000000.0
2005-05-10,100000000.0
2005-05-11,100000000.0
2005-05-12,100000000.0
2005-05-13,100000000.0
2005-05-16,100000000.0
2005-05-17,100000000.0
2005-05-18,100000000.0
2005-05-19,100000000.0
2005-05-20,100000000.0
2005-05-23,100000000.0
2005-05-24,100000000.0
2005-05-25,100000000.0
2005-05-26,100000000.0
2005-05-27,100000000.0
2005-05-31,100000000.0
2005-06-01,100000000.0
2005-06-02,100000000.0
2005-06-03,100000000.0
2005-06-06,100000000.0
2005-06-07,100000000.0
2005-06-08,100000000.0
2005-06-09,100000000.0
2005-06-10,100000000.0
2005-06-13,100000000.0
2005-06-14,100000000.0
2005-06-15,100000000.0
2005-06-16,100000000.0
2005-06-17,100000000.0
2005-06-20,100000000.0
2005-06-21,100000000.0
2005-06-22,100000000.0
2005-06-23,100000000.0
2005-06-24,100000000.0
2005-06-27,100000000.0
2005-06-28,100000000.0
2005-06-29,100000000.0
2005-06-30,100000000.0
2005-07-01,100000000.0
2005-07-05,100000000.0
2005-07-06,100000000.0
2005-07-07,100000000.0
2005-07-08,100000000.0
2005-07-11,100000000.0
2005-07-12,100000000.0
2005-07-13,100000000.0
2005-07-14,100000000.0
2005-07-15,100000000.0
2005-07-18,100000000.0
2005-07-19,100000000.0
2005-07-20,100000000.0
2005-07-21,100000000.0
2005-07-22,100000000.0
2005-07-25,100000000.0
2005-07-26,100000000.0
2005-07-27,100000000.0
2005-07-28,100000000.0
2005-07-29,100000000.0
2005-08-01,100000000.0
2005-08-02,100000000.0
2005-08-03,100000000.0
2005-08-04,100000000.0
2005-08-05,100000000.0
2005-08-08,100000000.0
2005-08-09,100000000.0
2005-08-10,100000000.0
2005-08-11,100000000.0
2005-08-12,100000000.0
2005-08-15,100000000.0
2005-08-16,100000000.0
2005-08-17,100000000.0
2005-08-18,100000000.0
2005-08-19,100000000.0
2005-08-22,100000000.0
2005-08-23,100000000.0
2005-08-24,100000000.0
2005-08-25,100000000.0
2005-08-26,100000000.0
2005-08-29,100000000.0
2005-08-30,100000000.0
2005-08-31,100000000.0
2005-09-01,100000000.0
2005-09-02,100000000.0
2005-09-06,100000000.0
2005-09-07,100000000.0
2005-09-08,100000000.0
2005-09-09,100000000.0
2005-09-12,100000000.0
2005-09-13,100000000.0
2005-09-14,100000000.0
2005-09-15,100000000.0
2005-09-16,100000000.0
2005-09-19,100000000.0
2005-09-20,100000000.0
2005-09-21,100000000.0
2005-09-22,100000000.0
2005-09-23,100000000.0
2005-09-26,100000000.0
2005-09-27,100000000.0
2005-09-28,100000000.0
2005-09-29,100000000.0
2005-09-30,100000000.0
2005-10-03,100000000.0
2005-10-04,100000000.0
2005-10-05,100000000.0
2005-10-06,100000000.0
2005-10-07,100000000.0
2005-10-10,100000000.0
2005-10-11,100000000.0
2005-10-12,100000000.0
2005-10-13,100000000.0
2005-10-14,100000000.0
2005-10-17,100000000.0
2005-10-18,100000000.0
2005-10-19,100000000.0
2005-10-20,100000000.0
2005-10-21,100000000.0
2005-10-24,100000000.0
2005-10-25,100000000.0
2005-10-26,100000000.0
2005-10-27,100000000.0
2005-10-28,100000000.0
2005-10-31,100000000.0
2005-11-01,100000000.0
2005-11-02,100000000.0
2005-11-03,100000000.0
2005-11-04,100000000.0
2005-11-07,100000000.0
2005-11-08,100000000.0
2005-11-09,100000000.0
2005-11-10,100000000.0
2005-11-11,100000000.0
2005-11-14,100000000.0
2005-11-15,100000000.0
2005-11-16,100000000.0
2005-11-17,100000000.0
2005-11-18,100000000.0
2005-11-21,100000000.0
2005-11-22,100000000.0
2005-11-23,100000000.0
2005-11-25,100000000.0
2005-11-28,100000000.0
2005-11-29,100000000.0
2005-11-30,100000000.0
2005-12-01,100000000.0
2005-12-02,100000000.0
2005-12-05,100000000.0
2005-12-06,100000000.0
2005-12-07,100000000.0
2005-12-08,100000000.0
2005-12-09,100000000.0
2005-12-12,100000000.0
2005-12-13,100000000.0
2005-12-14,100000000.0
2005-12-15,100000000.0
2005-12-16,100000000.0
2005-12-19,100000000.0
2005-12-20,100000000.0
2005-12-21,100000000.0
2005-12-22,100000000.0
2005-12-23,100000000.0
2005-12-27,100000000.0
2005-12-28,100000000.0
2005-12-29,100000000.0
2005-12-30,100000000.0
2006-01-03,100000000.0
2006-01-04,100000000.0
2006-01-05,100000000.0
2006-01-06,100000000.0
2006-01-09,100000000.0
2006-01-10,100000000.0
2006-01-11,100000000.0
2006-01-12,100000000.0
2006-01-13,100000000.0
2006-01-17,100000000.0
2006-01-18,100000000.0
2006-01-19,100000000.0
2006-01-20,100000000.0
2006-01-23,100000000.0
2006-01-24,100000000.0
2006-01-25,100000000.0
2006-01-26,100000000.0
2006-01-27,100000000.0
2006-01-30,100000000.0
2006-01-31,100000000.0
2006-02-01,100000000.0
2006-02-02,100000000.0
2006-02-03,100000000.0
2006-02-06,100000000.0
2006-02-07,100000000.0
2006-02-08,100000000.0
2006-02-09,100000000.0
2006-02-10,100000000.0
2006-02-13,100000000.0
2006-02-14,100000000.0
2006-02-15,100000000.0
2006-02-16,100000000.0
2006-02-17,100000000.0
2006-02-21,100000000.0
2006-02-22,100000000.0
2006-02-23,100000000.0
2006-02-24,100000000.0
2006-02-27,100000000.0
2006-02-28,100000000.0
2006-03-01,100000000.0
2006-03-02,100000000.0
2006-03-03,100000000.0
2006-03-06,100000000.0
2006-03-07,100000000.0
2006-03-08,100000000.0
2006-03-09,100000000.0
2006-03-10,100000000.0
2006-03-13,100000000.0
2006-03-14,100000000.0
2006-03-15,100000000.0
2006-03-16,100000000.0
2006-03-17,100000000.0
2006-03-20,100000000.0
2006-03-21,100000000.0
2006-03-22,100000000.0
2006-03-23,100000000.0
2006-03-24,100000000.0
2006-03-27,100000000.0
2006-03-28,100000000.0
2006-03-29,100000000.0
2006-03-30,100000000.0
2006-03-31,100000000.0
2006-04-03,100000000.0
2006-04-04,100000000.0
2006-04-05,100000000.0
2006-04-06,100000000.0
2006-04-07,100000000.0
2006-04-10,100000000.0
2006-04-11,100000000.0
2006-04-12,100000000.0
2006-04-13,100000000.0
2006-04-17,100000000.0
2006-04-18,100000000.0
2006-04-19,100000000.0
2006-04-20,100000000.0
2006-04-21,100000000.0
2006-04-24,100000000.0
2006-04-25,100000000.0
2006-04-26,100000000.0
2006-04-27,100000000.0
2006-04-28,100000000.0
2006-05-01,100000000.0
2006-05-02,100000000.0
2006-05-03,100000000.0
2006-05-04,100000000.0
2006-05-05,100000000.0
2006-05-08,100000000.0
2006-05-09,100000000.0
2006-05-10,100000000.0
2006-05-11,100000000.0
2006-05-12,100000000.0
2006-05-15,100000000.0
2006-05-16,100000000.0
2006-05-17,100000000.0
2006-05-18,100000000.0
2006-05-19,100000000.0
2006-05-22,100000000.0
2006-05-23,100000000.0
2006-05-24,100000000.0
2006-05-25,100000000.0
2006-05-26,100000000.0
2006-05-30,100000000.0
2006-05-31,100000000.0
2006-06-01,100000000.0
2006-06-02,100000000.0
2006-06-05,100000000.0
2006-06-06,100000000.0
2006-06-07,100000000.0
2006-06-08,100000000.0
2006-06-09,100000000.0
2006-06-12,100000000.0
2006-06-13,100000000.0
2006-06-14,100000000.0
2006-06-15,100000000.0
2006-06-16,100000000.0
2006-06-19,100000000.0
2006-06-20,100000000.0
2006-06-21,100000000.0
2006-06-22,100000000.0
2006-06-23,100000000.0
2006-06-26,100000000.0
2006-06-27,100000000.0
2006-06-28,100000000.0
2006-06-29,100000000.0
2006-06-30,100000000.0
2006-07-03,100000000.0
2006-07-05,100000000.0
2006-07-06,100000000.0
2006-07-07,100000000.0
2006-07-10,100000000.0
2006-07-11,100000000.0
2006-07-12,100000000.0
2006-07-13,100000000.0
2006-07-14,100000000.0
2006-07-17,100000000.0
2006-07-18,100000000.0
2006-07-19,100000000.0
2006-07-20,100000000.0
2006-07-21,100000000.0
2006-07-24,100000000.0
2006-07-25,100000000.0
2006-07-26,100000000.0
2006-07-27,100000000.0
2006-07-28,100000000.0
2006-07-31,100000000.0
2006-08-01,100000000.0
2006-08-02,100000000.0
2006-08-03,100000000.0
2006-08-04,100000000.0
2006-08-07,100000000.0
2006-08-08,100000000.0
2006-08-09,100000000.0
2006-08-10,100000000.0
2006-08-11,100000000.0
2006-08-14,100000000.0
2006-08-15,100000000.0
2006-08-16,100000000.0
2006-08-17,100000000.0
2006-08-18,100000000.0
2006-08-21,100000000.0
2006-08-22,100000000.0
2006-08-23,100000000.0
2006-08-24,100000000.0
2006-08-25,100000000.0
2006-08-28,100000000.0
2006-08-29,100000000.0
2006-08-30,100000000.0
2006-08-31,100000000.0
2006-09-01,100000000.0
2006-09-05,100000000.0
2006-09-06,100000000.0
2006-09-07,100000000.0
2006-09-08,100000000.0
2006-09-11,100000000.0
2006-09-12,100000000.0
2006-09-13,100000000.0
2006-09-14,100000000.0
2006-09-15,100000000.0
2006-09-18,100000000.0
2006-09-19,100000000.0
2006-09-20,100000000.0
2006-09-21,100000000.0
2006-09-22,100000000.0
2006-09-25,100000000.0
2006-09-26,100000000.0
2006-09-27,100000000.0
2006-09-28,100000000.0
2006-09-29,100000000.0
2006-10-02,100000000.0
2006-10-03,100000000.0
2006-10-04,100000000.0
2006-10-05,100000000.0
2006-10-06,100000000.0
2006-10-09,100000000.0
2006-10-10,100000000.0
2006-10-11,100000000.0
2006-10-12,100000000.0
2006-10-13,100000000.0
2006-10-16,100000000.0
2006-10-17,100000000.0
2006-10-18,100000000.0
2006-10-19,100000000.0
2006-10-20,100000000.0
2006-10-23,100000000.0
2006-10-24,100000000.0
2006-10-25,100000000.0
2006-10-26,100000000.0
2006-10-27,100000000.0
2006-10-30,100000000.0
2006-10-31,100000000.0
2006-11-01,100000000.0
2006-11-02,100000000.0
2006-11-03,100000000.0
2006-11-06,100000000.0
2006-11-07,100000000.0
2006-11-08,100000000.0
2006-11-09,100000000.0
2006-11-10,100000000.0
2006-11-13,100000000.0
2006-11-14,100000000.0
2006-11-15,100000000.0
2006-11-16,100000000.0
2006-11-17,100000000.0
2006-11-20,100000000.0
2006-11-21,100000000.0
2006-11-22,100000000.0
2006-11-24,100000000.0
2006-11-27,100000000.0
2006-11-28,100000000.0
2006-11-29,100000000.0
2006-11-30,100000000.0
2006-12-01,100000000.0
2006-12-04,100000000.0
2006-12-05,100000000.0
2006-12-06,100000000.0
2006-12-07,100000000.0
2006-12-08,100000000.0
2006-12-11,100000000.0
2006-12-12,100000000.0
2006-12-13,100000000.0
2006-12-14,100000000.0
2006-12-15,100000000.0
2006-12-18,100000000.0
2006-12-19,100000000.0
2006-12-20,100000000.0
2006-12-21,100000000.0
2006-12-22,100000000.0
2006-12-26,100000000.0
2006-12-27,100000000.0
2006-12-28,100000000.0
2006-12-29,100000000.0
2007-01-03,100000000.0
2007-01-04,100000000.0
2007-01-05,100000000.0
2007-01-08,100000000.0
2007-01-09,100000000.0
2007-01-10,100000000.0
2007-01-11,100000000.0
2007-01-12,100000000.0
2007-01-16,100000000.0
2007-01-17,100000000.0
2007-01-18,100000000.0
2007-01-19,100000000.0
2007-01-22,100000000.0
2007-01-23,100000000.0
2007-01-24,100000000.0
2007-01-25,100000000.0
2007-01-26,100000000.0
2007-01-29,100000000.0
2007-01-30,100000000.0
2007-01-31,100000000.0
2007-02-01,100953439.1807
2007-02-02,100322123.0785
2007-02-05,99988197.1089
2007-02-06,99825845.6099
2007-02-07,99850247.0495
2007-02-08,99956202.7533
2007-02-09,99929750.0769
2007-02-12,99628412.9911
2007-02-13,101287130.2662
2007-02-14,100928922.8522
2007-02-15,100626389.5077
2007-02-16,100114463.4295
2007-02-20,100271622.4107
2007-02-21,100364367.883
2007-02-22,101378773.2842
2007-02-23,100416845.7621
2007-02-26,99351298.7052
2007-02-27,90210271.1208
2007-02-28,92312698.7106
2007-03-01,90809370.9693
2007-03-02,88808354.0148
2007-03-05,85976643.3312
2007-03-06,89532374.192
2007-03-07,89538826.4296
2007-03-08,90663639.3942
2007-03-09,90949743.3824
2007-03-12,91878759.4025
2007-03-13,88863456.7738
2007-03-14,89459760.9246
2007-03-15,89950090.5015
2007-03-16,89915651.4821
2007-03-19,91452073.0368
2007-03-20,92868112.924
2007-03-21,95252141.6218
2007-03-22,95091041.5668
2007-03-23,95055099.023
2007-03-26,95313825.5116
2007-03-27,94759891.7862
2007-03-28,93655128.8479
2007-03-29,94603099.3085
2007-03-30,94571811.1802
2007-04-02,95261494.4472
2007-04-03,95490297.3837
2007-04-04,96033144.441
2007-04-05,96336538.4468
2007-04-09,95329212.8368
2007-04-10,96474328.3576
2007-04-11,95989756.9174
2007-04-12,97187658.3353
2007-04-13,97645387.1749
2007-04-16,99047251.7212
2007-04-17,99597004.8213
2007-04-18,99959884.704
2007-04-19,99241246.9061
2007-04-20,100257894.5231
2007-04-23,100289526.9357
2007-04-24,100263108.7614
2007-04-25,101183804.1484
2007-04-26,99897812.6599
2007-04-27,100147428.6044
2007-04-30,100637048.6326
2007-05-01,100766955.3747
2007-05-02,101843811.3444
2007-05-03,101711959.3299
2007-05-04,102979039.5578
2007-05-07,103437236.4956
2007-05-08,102614873.7014
2007-05-09,102750656.8275
2007-05-10,101472027.6258
2007-05-11,102499910.7436
2007-05-14,101848573.7854
2007-05-15,101588274.9108
2007-05-16,102140928.8364
2007-05-17,101358122.7869
2007-05-18,101792017.9221
2007-05-21,101976021.811
2007-05-22,101262813.7522
2007-05-23,101120185.2978
2007-05-24,100085147.586
2007-05-25,100797182.8818
2007-05-29,101017105.3208
2007-05-30,101832757.164
2007-05-31,101815262.6302
2007-06-01,102013881.0343
2007-06-04,102292160.4469
2007-06-05,101714253.611
2007-06-06,99757010.1764
2007-06-07,95964822.7673
2007-06-08,97346825.0131
2007-06-11,97022807.7812
2007-06-12,94623797.1405
2007-06-13,96661254.8527
2007-06-14,97375135.5711
2007-06-15,99212734.0704
2007-06-18,99460462.4324
2007-06-19,100223802.9285
2007-06-20,98492353.6768
2007-06-21,98700839.7344
2007-06-22,98120393.2019
2007-06-25,97980962.089
2007-06-26,97191642.519
2007-06-27,98329283.2876
2007-06-28,98650138.8543
2007-06-29,99355200.5495
2007-07-02,101083653.7112
2007-07-03,101464306.633
2007-07-05,100890342.8489
2007-07-06,101136986.3507
2007-07-09,101682831.5623
2007-07-10,101119217.6067
2007-07-11,101492009.5495
2007-07-12,103174070.2219
2007-07-13,103793235.1068
2007-07-16,104030367.379
2007-07-17,103956899.5906
2007-07-18,103729543.9158
2007-07-19,104202154.7974
2007-07-20,103514840.6213
2007-07-23,104457194.8961
2007-07-24,102675090.3874
2007-07-25,102071423.5293
2007-07-26,98687491.5102
2007-07-27,95156853.6744
2007-07-30,97326017.5742
2007-07-31,96547508.2783
2007-08-01,96284500.3465
2007-08-02,97272956.5574
2007-08-03,95721554.608
2007-08-06,97113753.309
2007-08-07,97308802.7972
2007-08-08,98807421.2898
2007-08-09,96223121.2825
2007-08-10,95028382.8593
2007-08-13,95226169.1223
2007-08-14,93388896.2995
2007-08-15,90936686.7907
2007-08-16,90706627.0352
2007-08-17,92260748.0596
2007-08-20,92776099.0895
2007-08-21,93232051.4561
2007-08-22,95083535.2452
2007-08-23,95949559.1801
2007-08-24,97042635.2949
2007-08-27,96643866.4418
2007-08-28,94454375.6547
2007-08-29,96906489.8944
2007-08-30,96285799.6066
2007-08-31,98068391.0157
2007-09-04,99140816.9506
2007-09-05,99052362.3525
2007-09-06,99349622.6439
2007-09-07,99084064.9695
2007-09-10,98983362.0057
2007-09-11,100468425.4028
2007-09-12,100703069.9099
2007-09-13,100660191.0289
2007-09-14,100293897.8724
2007-09-17,99359742.9582
2007-09-18,102079321.5479
2007-09-19,102449008.0978
2007-09-20,101763366.9314
2007-09-21,102785263.4391
2007-09-24,103028076.8411
2007-09-25,103292505.8569
2007-09-26,103444815.7955
2007-09-27,104434383.7276
2007-09-28,104913964.5872
2007-10-01,106291011.8424
2007-10-02,104704868.33
2007-10-03,103696640.164
2007-10-04,104639650.4635
2007-10-05,106785346.896
2007-10-08,104764112.0727
2007-10-09,106293681.9349
2007-10-10,106586987.8018
2007-10-11,106829230.8897
2007-10-12,108130490.3343
2007-10-15,107728125.3887
2007-10-16,106290280.1215
2007-10-17,106700839.0165
2007-10-18,108499745.314
2007-10-19,105429588.9665
2007-10-22,104530269.7527
2007-10-23,106631458.4916
2007-10-24,106564401.625
2007-10-25,107914582.919
2007-10-26,110672964.4492
2007-10-29,112110527.9667
2007-10-30,110854337.537
2007-10-31,113929132.7201
2007-11-01,111609720.9941
2007-11-02,114689208.4073
2007-11-05,113157308.6289
2007-11-06,116236788.976
2007-11-07,115532947.1237
2007-11-08,116322419.8424
2007-11-09,115121025.6969
2007-11-12,110119265.4246
2007-11-13,112381786.3736
2007-11-14,112892358.6599
2007-11-15,110873291.024
2007-11-16,111837872.0301
2007-11-19,110787460.6093
2007-11-20,113694188.4425
2007-11-21,112706308.4373
2007-11-23,113988644.2241
2007-11-26,113328267.5
2007-11-27,112628255.6026
2007-11-28,114466423.1402
2007-11-29,113474386.0375
2007-11-30,112584622.464
2007-12-03,113515759.929
2007-12-04,113284358.082
2007-12-05,112211802.376
2007-12-06,112640148.1482
2007-12-07,111924323.7267
2007-12-10,112460187.1419
2007-12-11,112184753.8837
2007-12-12,113460892.6137
2007-12-13,111642409.8004
2007-12-14,109738294.6481
2007-12-17,109212026.5377
2007-12-18,109432587.7466
2007-12-19,110018597.8558
2007-12-20,109832495.9467
2007-12-21,110350163.9328
2007-12-24,110698171.2126
2007-12-26,111019615.1583
2007-12-27,112494688.7358
2007-12-28,114101222.1817
2007-12-31,113550166.595
2008-01-02,115499789.0502
2008-01-03,116377856.4485
2008-01-04,114990655.0741
2008-01-07,114327834.8181
2008-01-08,115030030.3813
2008-01-09,114810645.3434
2008-01-10,115582214.5002
2008-01-11,115389619.9818
2008-01-14,117268031.4528
2008-01-15,115686332.4052
2008-01-16,113390281.1229
2008-01-17,113206313.3805
2008-01-18,113258712.3863
2008-01-22,113108372.0146
2008-01-23,112401141.3164
2008-01-24,114266330.4583
2008-01-25,114364545.1362
2008-01-28,115715171.7517
2008-01-29,115516835.0479
2008-01-30,115930233.1414
2008-01-31,116885886.1769
2008-02-01,116098860.9324
2008-02-04,116400678.4663
2008-02-05,116347522.0663
2008-02-06,116664224.3281
2008-02-07,114747978.9935
2008-02-08,117350837.0711
2008-02-11,118201927.4809
2008-02-12,117171977.8548
2008-02-13,116031037.3442
2008-02-14,116589544.6333
2008-02-15,116905672.7709
2008-02-19,117153371.9224
2008-02-20,117628686.5205
2008-02-21,119386875.9473
2008-02-22,119351564.2632
2008-02-25,118630235.9628
2008-02-26,120829341.7004
2008-02-27,122025332.8697
2008-02-28,124963975.3347
2008-02-29,125808697.098
2008-03-03,126854358.4047
2008-03-04,125500962.4264
2008-03-05,126555224.9176
2008-03-06,128052110.0926
2008-03-07,127845773.699
2008-03-10,129210021.8249
2008-03-11,127565012.8753
2008-03-12,130559626.3474
2008-03-13,131008092.13
2008-03-14,132987572.096
2008-03-17,131916048.5948
2008-03-18,129479922.55
2008-03-19,128606997.9689
2008-03-20,125435722.5245
2008-03-24,123272570.0185
2008-03-25,125245218.1834
2008-03-26,127603181.6696
2008-03-27,127913069.7859
2008-03-28,127611533.0663
2008-03-31,126316166.109
2008-04-01,122327096.9337
2008-04-02,123789725.2531
2008-04-03,123853491.5973
2008-04-04,125000307.0767
2008-04-07,124574072.1996
2008-04-08,124565659.2035
2008-04-09,127049971.9149
2008-04-10,126342754.3323
2008-04-11,127468179.7952
2008-04-14,127601979.7119
2008-04-15,126865900.5216
2008-04-16,126667827.8354
2008-04-17,126144274.604
2008-04-18,124827421.2248
2008-04-21,124926299.5378
2008-04-22,126340759.6051
2008-04-23,124852864.0594
2008-04-24,122228631.4333
2008-04-25,122024766.3517
2008-04-28,122410655.4928
2008-04-29,121243805.6245
2008-04-30,122566726.6819
2008-05-01,119976581.0075
2008-05-02,119900303.2161
2008-05-05,121301142.763
2008-05-06,121567950.4788
2008-05-07,121632715.3323
2008-05-08,122913166.824
2008-05-09,124023904.5423
2008-05-12,123472648.444
2008-05-13,121864270.4811
2008-05-14,121440801.6
2008-05-15,122319694.0686
2008-05-16,123516243.2977
2008-05-19,123323528.793
2008-05-20,125483020.7584
2008-05-21,127017426.2698
2008-05-22,124900016.4739
2008-05-23,126354695.055
2008-05-27,124178261.5686
2008-05-28,123421793.2132
2008-05-29,121040186.034
2008-05-30,122012251.2714
2008-06-02,123097210.9962
2008-06-03,122217556.9359
2008-06-04,121648326.8201
2008-06-05,122025193.2934
2008-06-06,125624735.4359
2008-06-09,123651937.3171
2008-06-10,122103104.7678
2008-06-11,124402331.3342
2008-06-12,122233539.3337
2008-06-13,121798149.0449
2008-06-16,122769918.7122
2008-06-17,123381339.6939
2008-06-18,124684437.4471
2008-06-19,123729799.591
2008-06-20,125363068.2717
2008-06-23,124671723.0465
2008-06-24,125655777.1027
2008-06-25,125881202.8092
2008-06-26,128878683.8426
2008-06-27,130157186.5375
2008-06-30,129377692.0531
2008-07-01,129903163.7747
2008-07-02,132029811.3064
2008-07-03,131051498.8586
2008-07-07,130654289.5508
2008-07-08,129250170.097
2008-07-09,131296872.7205
2008-07-10,131820944.0514
2008-07-11,133202711.2778
2008-07-14,134328090.6737
2008-07-15,135289102.7302
2008-07-16,132642366.9877
2008-07-17,130441006.1286
2008-07-18,129160459.3369
2008-07-21,129665326.4634
2008-07-22,127072690.1113
2008-07-23,125414438.2072
2008-07-24,126947643.2266
2008-07-25,126138183.5043
2008-07-28,128164304.3207
2008-07-29,126150690.6052
2008-07-30,125941608.2067
2008-07-31,126831737.3255
2008-08-01,126891124.3732
2008-08-04,126352293.4729
2008-08-05,123466219.1781
2008-08-06,122473334.665
2008-08-07,124570019.0532
2008-08-08,121761884.5857
2008-08-11,119906314.9779
2008-08-12,121456619.5516
2008-08-13,123077886.8582
2008-08-14,122419225.7694
2008-08-15,121718370.9302
2008-08-18,123037556.0406
2008-08-19,124440368.1595
2008-08-20,124472290.0957
2008-08-21,126062699.6654
2008-08-22,123675262.0074
2008-08-25,125530429.7414
2008-08-26,125022503.1664
2008-08-27,125011701.8217
2008-08-28,123914645.8101
2008-08-29,124154791.3971
2008-09-02,124150546.0605
2008-09-03,124216021.8777
2008-09-04,126312188.6146
2008-09-05,125608813.2786
2008-09-08,124245070.7765
2008-09-09,125387926.3632
2008-09-10,124270164.0251
2008-09-11,123895336.2915
2008-09-12,123626527.5552
2008-09-15,129587020.0982
2008-09-16,129327384.0476
2008-09-17,137273923.1521
2008-09-18,131112205.3647
2008-09-19,127236246.6273
2008-09-22,131580762.0834
2008-09-23,131792202.4734
2008-09-24,130793740.7465
2008-09-25,129905152.7289
2008-09-26,130810742.9678
2008-09-29,140391780.0888
2008-09-30,131903578.8248
2008-10-01,132156095.04
2008-10-02,135665244.9731
2008-10-03,136615088.0536
2008-10-06,141247269.155
2008-10-07,142820675.9884
2008-10-08,143105521.6202
2008-10-09,145158904.2061
2008-10-10,144504095.4343
2008-10-13,136706606.5229
2008-10-14,138557620.4392
2008-10-15,145008785.646
2008-10-16,141917837.6733
2008-10-17,143100670.6009
2008-10-20,141422760.8191
2008-10-21,145055829.1105
2008-10-22,149401084.0295
2008-10-23,148414036.965
2008-10-24,151272584.69
2008-10-27,153417725.137
2008-10-28,147050376.0487
2008-10-29,146864645.3525
2008-10-30,143590875.5923
2008-10-31,143859801.6626
2008-11-03,144351660.6663
2008-11-04,140205884.6667
2008-11-05,143278308.6866
2008-11-06,146789979.6398
2008-11-07,145086471.1596
2008-11-10,145664296.2171
2008-11-11,148141318.9029
2008-11-12,151881930.4928
2008-11-13,147430159.8213
2008-11-14,150229544.8157
2008-11-17,151234927.2451
2008-11-18,152038888.8733
2008-11-19,155393548.3999
2008-11-20,160207309.1463
2008-11-21,156909704.826
2008-11-24,152282369.793
2008-11-25,151991550.3444
2008-11-26,151731934.2922
2008-11-28,152735599.689
2008-12-01,157025844.4545
2008-12-02,155612911.8801
2008-12-03,155226864.5526
2008-12-04,157045897.4205
2008-12-05,156544610.5969
2008-12-08,153401975.8148
2008-12-09,154990110.7197
2008-12-10,153647025.2029
2008-12-11,152893145.3114
2008-12-12,152445616.4085
2008-12-15,152073171.4578
2008-12-16,148253290.9805
2008-12-17,147545225.7039
2008-12-18,149185929.6612
2008-12-19,150766295.1611
2008-12-22,150387064.7235
2008-12-23,150373017.1405
2008-12-24,150119597.1133
2008-12-26,149451509.4103
2008-12-29,149604532.985
2008-12-30,148891117.43
2008-12-31,146947972.8906
2009-01-02,144838398.756
2009-01-05,144270206.5527
2009-01-06,142886215.5616
2009-01-07,144696121.4652
2009-01-08,144310482.7577
2009-01-09,145758274.8932
2009-01-12,148375815.2002
2009-01-13,149047565.1576
2009-01-14,150830330.4601
2009-01-15,150253551.5668
2009-01-16,149336715.2224
2009-01-20,153017123.7653
2009-01-21,150324165.5466
2009-01-22,151187919.4627
2009-01-23,150681688.2795
2009-01-26,149676356.4521
2009-01-27,149839610.1465
2009-01-28,147787169.5175
2009-01-29,148866978.1664
2009-01-30,149623407.584
2009-02-02,150978487.0227
2009-02-03,149002204.4158
2009-02-04,149399847.9227
2009-02-05,148188134.8479
2009-02-06,145952458.5043
2009-02-09,145611737.79
2009-02-10,149082011.421
2009-02-11,149053968.4385
2009-02-12,149296498.1843
2009-02-13,148880305.1714
2009-02-17,152693022.2709
2009-02-18,152626639.1723
2009-02-19,152091924.6744
2009-02-20,152024595.0559
2009-02-23,153958499.5716
2009-02-24,152160843.6538
2009-02-25,152936720.0127
2009-02-26,152939932.1641
2009-02-27,153979415.877
2009-03-02,158319296.0969
2009-03-03,157949843.4696
2009-03-04,155242441.925
2009-03-05,157979758.2417
2009-03-06,157139767.6594
2009-03-09,158664390.6617
2009-03-10,155749503.9375
2009-03-11,155555674.474
2009-03-12,153336180.9407
2009-03-13,152960943.0413
2009-03-16,151987165.4095
2009-03-17,150336146.9055
2009-03-18,148151343.9595
2009-03-19,146902458.8881
2009-03-20,147823848.0203
2009-03-23,143615104.2919
2009-03-24,145432031.1573
2009-03-25,144424823.3558
2009-03-26,143297251.0532
2009-03-27,146035192.7007
2009-03-30,149398608.7773
2009-03-31,147938219.5589
2009-04-01,147158585.4827
2009-04-02,143791601.238
2009-04-03,142651185.4088
2009-04-06,144226472.0768
2009-04-07,145789943.7242
2009-04-08,145297429.905
2009-04-09,143123278.0097
2009-04-13,142125801.3288
2009-04-14,143129844.2275
2009-04-15,142710404.1752
2009-04-16,142426684.3669
2009-04-17,142670766.0327
2009-04-20,146228173.6754
2009-04-21,144736080.6837
2009-04-22,144696824.9922
2009-04-23,142733239.7075
2009-04-24,140955704.7247
2009-04-27,142743193.8536
2009-04-28,142783425.0738
2009-04-29,140439620.2796
2009-04-30,140658666.8955
2009-05-01,139235364.2455
2009-05-04,136775541.9551
2009-05-05,137094431.1021
2009-05-06,135541954.4677
2009-05-07,135817001.5203
2009-05-08,132869957.0428
2009-05-11,134685629.9788
2009-05-12,134078428.498
2009-05-13,136662442.2785
2009-05-14,135674286.7866
2009-05-15,137135884.9938
2009-05-18,134193215.6544
2009-05-19,133249160.7884
2009-05-20,132276281.5366
2009-05-21,132198660.7896
2009-05-22,130956655.534
2009-05-26,129467140.5885
2009-05-27,129794549.1476
2009-05-28,128763623.9857
2009-05-29,126917114.642
2009-06-01,124041492.2512
2009-06-02,123385441.2422
2009-06-03,126081784.821
2009-06-04,124699767.0989
2009-06-05,124794003.2097
2009-06-08,124903484.5408
2009-06-09,123878746.3609
2009-06-10,123556607.9888
2009-06-11,122561362.9202
2009-06-12,123615176.4452
2009-06-15,126611322.1493
2009-06-16,127315644.8355
2009-06-17,127290342.8654
2009-06-18,126859533.4981
2009-06-19,126483242.5473
2009-06-22,129094465.5224
2009-06-23,128102389.9011
2009-06-24,128085121.6313
2009-06-25,127419494.9828
2009-06-26,127291553.0556
2009-06-29,126729267.5512
2009-06-30,127308176.0021
2009-07-01,126377943.8282
2009-07-02,129170479.3106
2009-07-06,130217488.9019
2009-07-07,132224472.2494
2009-07-08,133748040.8995
2009-07-09,132373387.4103
2009-07-10,133573170.9621
2009-07-13,132209090.2615
2009-07-14,131360607.6591
2009-07-15,127498898.4066
2009-07-16,127632299.2818
2009-07-17,127160127.4427
2009-07-20,125304755.0555
2009-07-21,126268444.5151
2009-07-22,125698187.0805
2009-07-23,123671310.512
2009-07-24,123669597.0715
2009-07-27,122838721.7132
2009-07-28,123795473.0063
2009-07-29,125244201.7199
2009-07-30,123755546.6114
2009-07-31,122662181.8957
2009-08-03,119797031.5101
2009-08-04,119569500.1889
2009-08-05,119465447.5891
2009-08-06,120508296.0768
2009-08-07,120015797.1867
2009-08-10,121055003.6878
2009-08-11,122288322.467
2009-08-12,121085275.5979
2009-08-13,120678646.8911
2009-08-14,122349400.4215
2009-08-17,125207727.5069
2009-08-18,123568008.3316
2009-08-19,123064576.5516
2009-08-20,122713881.3776
2009-08-21,120903386.7333
2009-08-24,121254440.678
2009-08-25,121448637.453
2009-08-26,122053246.4708
2009-08-27,121337849.8621
2009-08-28,121455911.6689
2009-08-31,122412435.4238
2009-09-01,123832976.9548
2009-09-02,124894607.1535
2009-09-03,124444531.7198
2009-09-04,123632006.9162
2009-09-08,122563249.351
2009-09-09,122139729.9814
2009-09-10,121862396.6024
2009-09-11,122550906.9854
2009-09-14,122015808.5967
2009-09-15,121529065.3933
2009-09-16,120538696.0032
2009-09-17,121175135.8581
2009-09-18,120904043.7143
2009-09-21,121477373.0194
2009-09-22,121041920.0534
2009-09-23,121829789.6825
2009-09-24,122834096.2916
2009-09-25,123548901.483
2009-09-28,122676758.2219
2009-09-29,122672722.5948
2009-09-30,122729626.238
2009-10-01,122672257.7467
2009-10-02,122921011.8254
2009-10-05,123429048.8321
2009-10-06,123857077.9024
2009-10-07,124476943.348
2009-10-08,124490052.1436
2009-10-09,123021826.2034
2009-10-12,123213629.1097
2009-10-13,123627270.1373
2009-10-14,123244224.7205
2009-10-15,122078859.4406
2009-10-16,122276540.5652
2009-10-19,122875418.0988
2009-10-20,123235032.3006
2009-10-21,122787970.7711
2009-10-22,122584971.5064
2009-10-23,122465374.7329
2009-10-26,121598149.8966
2009-10-27,122222468.1092
2009-10-28,122257650.2758
2009-10-29,121982874.4119
2009-10-30,123046299.882
2009-11-02,123759105.8362
2009-11-03,123895871.959
2009-11-04,124766359.6064
2009-11-05,125725535.359
2009-11-06,126598607.1413
2009-11-09,129424878.9285
2009-11-10,129130181.2113
2009-11-11,129814259.6951
2009-11-12,128049464.0797
2009-11-13,130099321.3787
2009-11-16,132622769.5574
2009-11-17,132270504.7606
2009-11-18,131960665.1937
2009-11-19,130796624.224
2009-11-20,130119000.8143
2009-11-23,131936366.5687
2009-11-24,132146421.03
2009-11-25,134432762.3109
2009-11-27,131900250.2041
2009-11-30,132798268.6356
2009-12-01,135066705.3791
2009-12-02,134916283.9628
2009-12-03,134035251.2228
2009-12-04,131344258.1088
2009-12-07,131310674.2745
2009-12-08,129972668.0449
2009-12-09,130004075.443
2009-12-10,130219146.5284
2009-12-11,129159985.6971
2009-12-14,130615447.7028
2009-12-15,128894116.7422
2009-12-16,130046917.2872
2009-12-17,127674726.2666
2009-12-18,127976846.199
2009-12-21,126787806.5262
2009-12-22,126452204.4156
2009-12-23,127576720.9657
2009-12-24,128097964.9287
2009-12-28,128069666.2317
2009-12-29,127812211.178
2009-12-30,127675349.0865
2009-12-31,127020799.4745
2010-01-04,130395526.5685
2010-01-05,130779885.0784
2010-01-06,132038508.1945
2010-01-07,131375758.4122
2010-01-08,132792844.0738
2010-01-11,133549516.4705
2010-01-12,131616702.8755
2010-01-13,132667790.9945
2010-01-14,133153853.9695
2010-01-15,131160018.2536
2010-01-19,132354610.8743
2010-01-20,128939926.5465
2010-01-21,126615481.603
2010-01-22,124574619.0452
2010-01-25,125513009.8768
2010-01-26,124166518.9395
2010-01-27,123524860.0932
2010-01-28,122137343.5271
2010-01-29,120431366.2579
2010-02-01,122616240.1909
2010-02-02,124299762.3215
2010-02-03,123240919.7303
2010-02-04,118034774.5851
2010-02-05,117234789.4991
2010-02-08,116382786.4136
2010-02-09,118948318.9161
2010-02-10,118158164.3643
2010-02-11,119935753.3683
2010-02-12,119121825.9842
2010-02-16,122840564.0846
2010-02-17,122402772.5961
2010-02-18,123279915.2488
2010-02-19,122957823.6745
2010-02-22,122961626.9702
2010-02-23,120456502.256
2010-02-24,121509135.8278
2010-02-25,120710436.6677
2010-02-26,122058309.3508
2010-03-01,122450140.718
2010-03-02,123889345.5151
2010-03-03,125353932.7873
2010-03-04,124429629.8709
2010-03-05,125966430.0074
2010-03-08,125790888.3561
2010-03-09,125844962.6706
2010-03-10,126052998.5195
2010-03-11,126455840.054
2010-03-12,127250405.6827
2010-03-15,126294243.1597
2010-03-16,128812044.2768
2010-03-17,129704713.9217
2010-03-18,128637130.9729
2010-03-19,126493608.4976
2010-03-22,127478357.9835
2010-03-23,127814089.6822
2010-03-24,124102219.4174
2010-03-25,123430668.7159
2010-03-26,124801564.1623
2010-03-29,126694102.5099
2010-03-30,126686382.7896
2010-03-31,127119195.7194
2010-04-01,129136140.5739
2010-04-05,128870545.019
2010-04-06,129268622.8432
2010-04-07,129132138.4042
2010-04-08,129191383.1026
2010-04-09,130867126.737
2010-04-12,131117941.7773
2010-04-13,131322535.4101
2010-04-14,133381366.095
2010-04-15,133603179.2626
2010-04-16,130891920.8779
2010-04-19,129894244.6697
2010-04-20,131041557.6358
2010-04-21,131027053.0539
2010-04-22,130100431.9553
2010-04-23,131377139.1205
2010-04-26,131329953.2281
2010-04-27,127630314.8003
2010-04-28,128019482.0591
2010-04-29,130327048.656
2010-04-30,129676173.3774
2010-05-03,129694764.1987
2010-05-04,124691112.038
2010-05-05,121956548.8753
2010-05-06,118187935.4125
2010-05-07,117317049.1334
2010-05-10,122312183.733
2010-05-11,122470711.9864
2010-05-12,123777371.368
2010-05-13,122233740.2567
2010-05-14,119473055.1594
2010-05-17,118497228.4023
2010-05-18,116338257.3676
2010-05-19,115136997.8962
2010-05-20,111000960.5485
2010-05-21,113257538.9452
2010-05-24,111681547.2283
2010-05-25,111020208.5526
2010-05-26,110065467.748
2010-05-27,115160074.6727
2010-05-28,114152191.4102
2010-06-01,113383737.5856
2010-06-02,114297409.011
2010-06-03,114034338.1524
2010-06-04,114142681.878
2010-06-07,114078941.5016
2010-06-08,114246617.5025
2010-06-09,113744125.9215
2010-06-10,113965359.3908
2010-06-11,115290232.7045
2010-06-14,114834799.0424
2010-06-15,115663681.0823
2010-06-16,115942483.4791
2010-06-17,116647154.6315
2010-06-18,116783038.3959
2010-06-21,116986114.079
2010-06-22,116743965.9335
2010-06-23,117095639.4295
2010-06-24,115694429.4869
2010-06-25,116021044.0682
2010-06-28,116413396.6309
2010-06-29,114937232.9032
2010-06-30,114430802.2601
2010-07-01,113517095.9618
2010-07-02,113032587.5199
2010-07-06,113931293.0608
2010-07-07,114762361.7461
2010-07-08,114875771.0675
2010-07-09,115303759.4962
2010-07-12,115429437.7654
2010-07-13,115565144.1775
2010-07-14,116103817.6178
2010-07-15,116191193.9421
2010-07-16,115096106.1432
2010-07-19,114972876.8551
2010-07-20,115988048.3038
2010-07-21,116647579.9888
2010-07-22,117511039.7369
2010-07-23,117165682.705
2010-07-26,117712088.8891
2010-07-27,116819769.8348
2010-07-28,116638315.3319
2010-07-29,116820624.3973
2010-07-30,117552083.3215
2010-08-02,117891261.9156
2010-08-03,118100285.6646
2010-08-04,118044131.1585
2010-08-05,118492614.0727
2010-08-06,118986214.637
2010-08-09,119052580.9985
2010-08-10,119393087.7965
2010-08-11,118377475.0951
2010-08-12,118398428.4792
2010-08-13,118953124.3057
2010-08-16,120732983.3517
2010-08-17,121008207.414
2010-08-18,121067862.4589
2010-08-19,121008199.1231
2010-08-20,120816613.9901
2010-08-23,121008810.3861
2010-08-24,121420122.6248
2010-08-25,121212238.2935
2010-08-26,121439824.3184
2010-08-27,120652779.9305
2010-08-30,121643812.9678
2010-08-31,123057800.3731
2010-09-01,122694686.9349
2010-09-02,122799220.5349
2010-09-03,122209036.2234
2010-09-07,123828932.5135
2010-09-08,123542780.3461
2010-09-09,122567933.6933
2010-09-10,122476079.9053
2010-09-13,123610777.6831
2010-09-14,124377830.9053
2010-09-15,123620950.6888
2010-09-16,123073965.3917
2010-09-17,123494229.4307
2010-09-20,124657892.5947
2010-09-21,125976526.0702
2010-09-22,125921828.4921
2010-09-23,126022946.2458
2010-09-24,125527055.3779
2010-09-27,126205339.6766
2010-09-28,127342405.2953
2010-09-29,127084376.5495
2010-09-30,127084567.0885
2010-10-01,127093595.7604
2010-10-04,126371037.6566
2010-10-05,129271648.3072
2010-10-06,130517989.0702
2010-10-07,130264818.203
2010-10-08,132568702.039
2010-10-11,132764604.4628
2010-10-12,132642021.5106
2010-10-13,133936079.418
2010-10-14,133499276.6185
2010-10-15,132603374.2122
2010-10-18,133782089.5037
2010-10-19,131751887.3654
2010-10-20,133510025.8174
2010-10-21,132357772.2223
2010-10-22,132777562.9487
2010-10-25,134249568.0079
2010-10-26,132921017.4026
2010-10-27,131381610.0094
2010-10-28,132657280.3197
2010-10-29,133748836.5992
2010-11-01,133359325.7229
2010-11-02,135618517.6144
2010-11-03,135757954.9488
2010-11-04,140516139.5734
2010-11-05,139816792.7715
2010-11-08,140103030.7518
2010-11-09,137021756.449
2010-11-10,137506917.7338
2010-11-11,136039107.8274
2010-11-12,132133448.1575
2010-11-15,129907890.3067
2010-11-16,128016403.6183
2010-11-17,128686035.1633
2010-11-18,131794254.3533
2010-11-19,132169249.6746
2010-11-22,133064951.2027
2010-11-23,130932953.2691
2010-11-24,131331590.2678
2010-11-26,130063819.9234
2010-11-29,130417059.2127
2010-11-30,130261723.3389
2010-12-01,131233866.2389
2010-12-02,132140698.6406
2010-12-03,133040242.8468
2010-12-06,134522735.9787
2010-12-07,132006490.2578
2010-12-08,130381273.5062
2010-12-09,130938866.783
2010-12-10,130605811.1933
2010-12-13,131547355.8894
2010-12-14,130493886.024
2010-12-15,129326270.36
2010-12-16,130324878.6812
2010-12-17,132094758.3507
2010-12-20,132527415.4263
2010-12-21,133731657.6016
2010-12-22,133814812.965
2010-12-23,133524723.879
2010-12-27,134030539.0916
2010-12-28,133383933.2299
2010-12-29,135568986.1366
2010-12-30,134722806.6666
2010-12-31,135846226.9559
2011-01-03,136404699.8504
2011-01-04,135076641.4369
2011-01-05,133238421.2195
2011-01-06,133013343.833
2011-01-07,133339236.7738
2011-01-10,133882214.7134
2011-01-11,134131953.3216
2011-01-12,135792119.5939
2011-01-13,136075343.5724
2011-01-14,135782299.5437
2011-01-18,136417830.3214
2011-01-19,135906436.3494
2011-01-20,133036159.6451
2011-01-21,133779920.9131
2011-01-24,134819910.8631
2011-01-25,135614714.2052
2011-01-26,136262794.7001
2011-01-27,136138841.01
2011-01-28,134932358.0123
2011-01-31,135429955.6078
2011-02-01,137868219.4891
2011-02-02,137509561.2345
2011-02-03,137244786.3833
2011-02-04,136236160.9392
2011-02-07,136621035.6689
2011-02-08,136741443.7691
2011-02-09,136807558.3578
2011-02-10,135356052.705
2011-02-11,136321063.3697
2011-02-14,137168994.9177
2011-02-15,136493222.6384
2011-02-16,137944236.1484
2011-02-17,139938531.4943
2011-02-18,140627780.1257
2011-02-22,138933538.9766
2011-02-23,139485537.9076
2011-02-24,139688127.7459
2011-02-25,142970114.8855
2011-02-28,144062598.2325
2011-03-01,143179916.856
2011-03-02,143833289.7415
2011-03-03,144319655.9637
2011-03-04,145505103.85
2011-03-07,143646111.0503
2011-03-08,143229652.4934
2011-03-09,143720130.7465
2011-03-10,140103361.4724
2011-03-11,141150168.0078
2011-03-14,140302797.8125
2011-03-15,136783609.5283
2011-03-16,135310680.3043
2011-03-17,139637168.4865
2011-03-18,141404310.9497
2011-03-21,143933117.6447
2011-03-22,144213287.7019
2011-03-23,144099801.02
2011-03-24,144850261.9258
2011-03-25,143436811.3306
2011-03-28,142547735.0029
2011-03-29,142755117.4323
2011-03-30,144860917.7363
2011-03-31,145199711.0384
2011-04-01,146629054.7406
2011-04-04,147728084.3431
2011-04-05,147384692.5226
2011-04-06,147848488.2805
2011-04-07,147932907.9604
2011-04-08,149596487.0542
2011-04-11,148267134.0456
2011-04-12,147548113.1745
2011-04-13,148974868.9652
2011-04-14,149772241.1524
2011-04-15,151409169.3269
2011-04-18,149364028.3091
2011-04-19,151121124.6315
2011-04-20,155023067.1669
2011-04-21,156982570.3934
2011-04-25,157176598.6513
2011-04-26,158850902.5616
2011-04-27,160906555.252
2011-04-28,162061749.0211
2011-04-29,163550214.9148
2011-05-02,162310446.4233
2011-05-03,160231314.8621
2011-05-04,158263422.5548
2011-05-05,152434945.3027
2011-05-06,153010144.7383
2011-05-09,156179959.4619
2011-05-10,156643402.9843
2011-05-11,152355599.2827
2011-05-12,152100110.7894
2011-05-13,149825074.084
2011-05-16,149600927.8251
2011-05-17,150612856.2278
2011-05-18,151909046.7697
2011-05-19,152295301.7446
2011-05-20,151154547.3828
2011-05-23,147224733.5168
2011-05-24,149105805.2696
2011-05-25,150632574.5177
2011-05-26,153372187.749
2011-05-27,156010538.7171
2011-05-31,158218523.5892
2011-06-01,155843623.7896
2011-06-02,155296116.08
2011-06-03,156129966.9693
2011-06-06,153674393.6071
2011-06-07,155610645.7779
2011-06-08,154452267.1425
2011-06-09,154764536.3735
2011-06-10,150882711.6179
2011-06-13,150807942.4457
2011-06-14,152245314.026
2011-06-15,148509761.51
2011-06-16,147440285.9157
2011-06-17,149127446.6585
2011-06-20,149396553.6373
2011-06-21,153031979.4201
2011-06-22,151100120.2736
2011-06-23,150643685.9509
2011-06-24,148731744.2761
2011-06-27,148560494.7872
2011-06-28,149884856.7984
2011-06-29,152361607.8667
2011-06-30,153703290.4087
2011-07-01,154938168.4802
2011-07-05,156349953.6065
2011-07-06,156247877.6193
2011-07-07,157700010.3576
2011-07-08,158226858.3099
2011-07-11,154678636.5744
2011-07-12,154960007.2898
2011-07-13,159350494.668
2011-07-14,157249511.5472
2011-07-15,158864858.2636
2011-07-18,157061135.0723
2011-07-19,159494011.8506
2011-07-20,160479819.0991
2011-07-21,162558757.1386
2011-07-22,163858955.5368
2011-07-25,163114913.6287
2011-07-26,165238742.0186
2011-07-27,161185617.1658
2011-07-28,161201758.37
2011-07-29,163369989.3721
2011-08-01,162731327.121
2011-08-02,161942197.8906
2011-08-03,162195371.4671
2011-08-04,152821709.5656
2011-08-05,151379485.0042
2011-08-08,142851017.0207
2011-08-09,153715712.7948
2011-08-10,150711467.7748
2011-08-11,151757895.1856
2011-08-12,153695296.3354
2011-08-15,157783526.6726
2011-08-16,157131753.2333
2011-08-17,159880836.0355
2011-08-18,153381288.1855
2011-08-19,153018544.1655
2011-08-22,153511647.092
2011-08-23,155759868.3966
2011-08-24,151636767.1807
2011-08-25,150358280.442
2011-08-26,154673104.8789
2011-08-29,157020777.576
2011-08-30,159053781.8365
2011-08-31,159983659.053
2011-09-01,159794696.1526
2011-09-02,159349255.7681
2011-09-06,155208647.7626
2011-09-07,157290159.0745
2011-09-08,155958982.4852
2011-09-09,152652042.5691
2011-09-12,151543153.7163
2011-09-13,152258379.8643
2011-09-14,153031905.9882
2011-09-15,153957788.4445
2011-09-16,154016613.6166
2011-09-19,152165848.6996
2011-09-20,152450296.9454
2011-09-21,148949981.531
2011-09-22,144292132.3483
2011-09-23,142799543.5103
2011-09-26,143738756.1856
2011-09-27,145825461.4689
2011-09-28,142409824.6549
2011-09-29,143945037.2489
2011-09-30,140388936.5648
2011-10-03,142869456.7587
2011-10-04,141345920.6415
2011-10-05,140737193.3181
2011-10-06,139436404.0214
2011-10-07,138751940.2003
2011-10-10,137095656.2018
2011-10-11,138103276.6679
2011-10-12,136711382.8745
2011-10-13,137470045.9711
2011-10-14,136900184.9753
2011-10-17,138212853.8467
2011-10-18,137667778.5445
2011-10-19,138054838.2104
2011-10-20,137904731.5461
2011-10-21,137168414.928
2011-10-24,136297312.8834
2011-10-25,138543703.9292
2011-10-26,137241649.8345
2011-10-27,134876637.7831
2011-10-28,135889808.5954
2011-10-31,137681771.8887
2011-11-01,137645634.4159
2011-11-02,138213898.0726
2011-11-03,138767376.6896
2011-11-04,138896348.1713
2011-11-07,139358416.4404
2011-11-08,139314545.9045
2011-11-09,138004898.441
2011-11-10,137762793.7122
2011-11-11,138540126.8681
2011-11-14,138207908.2523
2011-11-15,138213021.7936
2011-11-16,137640186.6421
2011-11-17,136261266.8539
2011-11-18,136057538.3798
2011-11-21,135115952.699
2011-11-22,135389585.4464
2011-11-23,134388688.8698
2011-11-25,133241977.0195
2011-11-28,134410544.1154
2011-11-29,134909740.568
2011-11-30,135858627.8658
2011-12-01,135931754.1982
2011-12-02,136530479.1961
2011-12-05,136966723.9134
2011-12-06,136758268.9498
2011-12-07,137385909.136
2011-12-08,136659296.5697
2011-12-09,136777696.3392
2011-12-12,135849041.2687
2011-12-13,135359247.2582
2011-12-14,134528974.6073
2011-12-15,134631076.272
2011-12-16,135930450.8269
2011-12-19,135694664.3448
2011-12-20,136649273.6048
2011-12-21,136045076.0853
2011-12-22,136245610.003
2011-12-23,136001957.2233
2011-12-27,136521996.2222
2011-12-28,135586819.6545
2011-12-29,136040275.7994
2011-12-30,136500309.7667
2012-01-03,134326288.8358
2012-01-04,134527978.4098
2012-01-05,135509996.1898
2012-01-06,136555359.379
2012-01-09,136096252.4689
2012-01-10,135270187.2277
2012-01-11,136346773.7727
2012-01-12,136474171.4034
2012-01-13,137499875.6069
2012-01-17,137346701.894
2012-01-18,136262956.0606
2012-01-19,135120154.1327
2012-01-20,134614852.8383
2012-01-23,133808699.4887
2012-01-24,133761858.1926
2012-01-25,133903981.4396
2012-01-26,134710113.1802
2012-01-27,135035944.9744
2012-01-30,136261089.5346
2012-01-31,136725607.4131
2012-02-01,136252471.8996
2012-02-02,136582732.6313
2012-02-03,135038390.5549
2012-02-06,135440024.2462
2012-02-07,134897230.3403
2012-02-08,134726457.2627
2012-02-09,133910862.3295
2012-02-10,135018057.3133
2012-02-13,134669603.3206
2012-02-14,134897290.656
2012-02-15,134500552.4407
2012-02-16,133611668.3281
2012-02-17,132781991.6572
2012-02-21,132245718.6671
2012-02-22,133002429.849
2012-02-23,133352577.6286
2012-02-24,132505475.3355
2012-02-27,133766556.7618
2012-02-28,133837850.7495
2012-02-29,132646944.9007
2012-03-01,131967870.5185
2012-03-02,132479312.2061
2012-03-05,132292906.9916
2012-03-06,133803476.5593
2012-03-07,133550113.1675
2012-03-08,132447039.4868
2012-03-09,132380036.0762
2012-03-12,132506296.2655
2012-03-13,130522100.848
2012-03-14,128419927.8401
2012-03-15,128375981.9531
2012-03-16,128401622.4836
2012-03-19,127803663.3029
2012-03-20,128081967.0778
2012-03-21,129067877.6852
2012-03-22,129744032.0417
2012-03-23,130169164.8143
2012-03-26,129794652.4885
2012-03-27,130535965.5984
2012-03-28,130680824.4668
2012-03-29,131619875.6195
2012-03-30,130288717.7913
2012-04-02,130014525.7181
2012-04-03,129275146.0538
2012-04-04,130901429.9409
2012-04-05,131737767.3154
2012-04-09,133393286.358
2012-04-10,135083578.7836
2012-04-11,134310515.6885
2012-04-12,133145024.0042
2012-04-13,135086346.3214
2012-04-16,134978808.1455
2012-04-17,134411567.217
2012-04-18,134716049.2229
2012-04-19,134347820.7744
2012-04-20,133840324.4653
2012-04-23,134951736.4821
2012-04-24,134212051.4474
2012-04-25,134100292.7647
2012-04-26,134597934.798
2012-04-27,134305033.1834
2012-04-30,134575604.3543
2012-05-01,134237692.0015
2012-05-02,135843816.8382
2012-05-03,136786042.3063
2012-05-04,139045207.4395
2012-05-07,138955167.7642
2012-05-08,140550926.3482
2012-05-09,141483433.878
2012-05-10,140810490.5761
2012-05-11,142201497.389
2012-05-14,144122551.5848
2012-05-15,145071964.2824
2012-05-16,145601657.2635
2012-05-17,146167882.193
2012-05-18,146356411.391
2012-05-21,145148643.7855
2012-05-22,146013426.5486
2012-05-23,147769487.4644
2012-05-24,147876929.471
2012-05-25,148566679.525
2012-05-29,147921491.3596
2012-05-30,151751270.1242
2012-05-31,152694536.3906
2012-06-01,156755356.113
2012-06-04,154706117.9632
2012-06-05,153863055.2101
2012-06-06,148594512.4786
2012-06-07,148892738.2898
2012-06-08,149789053.1043
2012-06-11,151687276.7727
2012-06-12,149002463.0022
2012-06-13,150462827.5387
2012-06-14,149082722.9286
2012-06-15,148641676.0997
2012-06-18,148727043.4549
2012-06-19,145631618.0276
2012-06-20,145902347.7112
2012-06-21,149950546.5665
2012-06-22,148480190.6546
2012-06-25,151061594.5475
2012-06-26,149569365.4492
2012-06-27,149021297.3238
2012-06-28,150052066.699
2012-06-29,143765443.8373
2012-07-02,144539545.0974
2012-07-03,142456491.5139
2012-07-05,145087403.5191
2012-07-06,147796359.5704
2012-07-09,147452863.8282
2012-07-10,148846021.0327
2012-07-11,148275270.7941
2012-07-12,150129262.9188
2012-07-13,148645395.1048
2012-07-16,148397022.6731
2012-07-17,147639905.6556
2012-07-18,147721642.4068
2012-07-19,146733826.8696
2012-07-20,149219849.3825
2012-07-23,151630536.4561
2012-07-24,153034145.553
2012-07-25,152035723.7232
2012-07-26,149630418.1687
2012-07-27,146616195.4344
2012-07-30,147410387.0934
2012-07-31,148545518.1944
2012-08-01,149541424.432
2012-08-02,150909844.1088
2012-08-03,146430472.1309
2012-08-06,145996311.6986
2012-08-07,144341102.9904
2012-08-08,143634343.2617
2012-08-09,143490283.7853
2012-08-10,143808222.3076
2012-08-13,144543979.9758
2012-08-14,143690799.687
2012-08-15,142289101.8143
2012-08-16,140594348.2357
2012-08-17,141179294.2118
2012-08-20,140728353.704
2012-08-21,139497309.8398
2012-08-22,140200944.3435
2012-08-23,140859306.7318
2012-08-24,141609680.9478
2012-08-27,142397922.1182
2012-08-28,142057948.8308
2012-08-29,142113826.6682
2012-08-30,143539951.7002
2012-08-31,142968507.6368
2012-09-04,142534946.8237
2012-09-05,142736493.6911
2012-09-06,142098130.7191
2012-09-07,140733976.9066
2012-09-10,140734506.0852
2012-09-11,140139368.4302
2012-09-12,139179229.1283
2012-09-13,139386728.3382
2012-09-14,137572398.0062
2012-09-17,138948700.6973
2012-09-18,139270147.4366
2012-09-19,139372779.5559
2012-09-20,139544223.1496
2012-09-21,139527175.8082
2012-09-24,140280015.4089
2012-09-25,140112357.9203
2012-09-26,140921802.5981
2012-09-27,140651844.9332
2012-09-28,141140008.8862
2012-10-01,141974287.9586
2012-10-02,141939552.9006
2012-10-03,141450211.3994
2012-10-04,142834168.708
2012-10-05,141390243.6106
2012-10-08,141092743.9813
2012-10-09,140185924.7082
2012-10-10,140091348.3188
2012-10-11,141184105.2847
2012-10-12,140877138.9778
2012-10-15,141525150.411
2012-10-16,141947107.4701
2012-10-17,141863862.3774
2012-10-18,140765902.2789
2012-10-19,139218639.8433
2012-10-22,138770549.3318
2012-10-23,137635916.1668
2012-10-24,137241881.5702
2012-10-25,137748570.7522
2012-10-26,138519664.5153
2012-10-31,139875136.0874
2012-11-01,140330706.4621
2012-11-02,140605040.0973
2012-11-05,141067074.0115
2012-11-06,140056250.5178
2012-11-07,140118441.3424
2012-11-08,139158727.7242
2012-11-09,138762472.2023
2012-11-12,139437080.03
2012-11-13,139047661.6867
2012-11-14,137612924.355
2012-11-15,137435920.6836
2012-11-16,137880016.5854
2012-11-19,138812859.0209
2012-11-20,138453959.0969
2012-11-21,138503573.5702
2012-11-23,139163047.3633
2012-11-26,139355785.9033
2012-11-27,139605199.4321
2012-11-28,140779869.2435
2012-11-29,141138578.643
2012-11-30,141560825.5996
2012-12-03,141903806.0352
2012-12-04,142393305.5669
2012-12-05,142991267.5796
2012-12-06,143763737.1409
2012-12-07,143456638.6796
2012-12-10,144173455.488
2012-12-11,144550429.1187
2012-12-12,144275253.1539
2012-12-13,143018558.3528
2012-12-14,143414847.1139
2012-12-17,143445632.6961
2012-12-18,143826538.4439
2012-12-19,144286313.3554
2012-12-20,145144977.8789
2012-12-21,144240265.5836
2012-12-24,143610819.0893
2012-12-26,143876587.6969
2012-12-27,144782549.6365
2012-12-28,144336475.6458
2012-12-31,145833368.4332
2013-01-02,148930135.1932
2013-01-03,144876788.9746
2013-01-04,145952592.1882
2013-01-07,145744254.3637
2013-01-08,145220858.6393
2013-01-09,146096184.3936
2013-01-10,149142727.4251
2013-01-11,149700383.402
2013-01-14,149965210.6588
2013-01-15,149416370.3665
2013-01-16,148684709.2294
2013-01-17,149664717.8296
2013-01-18,149641275.2354
2013-01-22,150135646.2392
2013-01-23,150109061.0673
2013-01-24,149899618.9438
2013-01-25,149636406.7347
2013-01-28,147852857.5658
2013-01-29,149184847.8121
2013-01-30,149688291.7453
2013-01-31,150062258.6944
2013-02-01,150890581.4368
2013-02-04,149418265.5389
2013-02-05,149907703.9413
2013-02-06,150224072.2945
2013-02-07,149208037.2622
2013-02-08,150506657.7795
2013-02-11,150165661.2338
2013-02-12,150636143.2927
2013-02-13,150705151.3801
2013-02-14,150442982.5462
2013-02-15,150597777.5597
2013-02-19,151919942.3595
2013-02-20,149569636.3371
2013-02-21,147803090.8639
2013-02-22,149851622.4266
2013-02-25,146896204.582
2013-02-26,147373338.1576
2013-02-27,149669501.6739
2013-02-28,149418601.2382
2013-03-01,151566146.2463
2013-03-04,151561753.7593
2013-03-05,151823915.2316
2013-03-06,152250337.6275
2013-03-07,150615774.4827
2013-03-08,151012236.4027
2013-03-11,150920182.5546
2013-03-12,150795497.6077
2013-03-13,151699505.5438
2013-03-14,151465667.9789
2013-03-15,151628778.9203
2013-03-18,152623915.1259
2013-03-19,153324863.9468
2013-03-20,152681018.8042
2013-03-21,152046494.9554
2013-03-22,151978149.3883
2013-03-25,151943968.0477
2013-03-26,152332136.3262
2013-03-27,153399294.7931
2013-03-28,153750628.7341
2013-04-01,152205201.819
2013-04-02,154093417.9388
2013-04-03,153631533.2162
2013-04-04,156275498.7305
2013-04-05,156007324.8109
2013-04-08,156633720.2854
2013-04-09,156492531.4758
2013-04-10,158685726.1788
2013-04-11,159428253.4765
2013-04-12,161493875.5653
2013-04-15,161186806.9095
2013-04-16,161806320.4391
2013-04-17,160995539.1503
2013-04-18,159113481.7399
2013-04-19,160978838.4047
2013-04-22,161507720.6399
2013-04-23,164664507.8957
2013-04-24,165328090.7893
2013-04-25,164251808.5446
2013-04-26,164761617.2495
2013-04-29,165058364.3143
2013-04-30,165534169.797
2013-05-01,165271087.8787
2013-05-02,166376054.2242
2013-05-03,165649687.739
2013-05-06,165673674.2015
2013-05-07,165965170.7034
2013-05-08,166685140.1969
2013-05-09,166482674.4765
2013-05-10,166228126.1162
2013-05-13,165348758.1497
2013-05-14,165933929.2622
2013-05-15,167733335.3783
2013-05-16,168153233.3492
2013-05-17,168770872.9477
2013-05-20,167971615.9638
2013-05-21,169734570.8674
2013-05-22,166516217.5032
2013-05-23,164078424.3833
2013-05-24,162389986.0544
2013-05-28,160328130.756
2013-05-29,158380903.429
2013-05-30,157925496.7295
2013-05-31,154735296.4069
2013-06-03,156071708.7319
2013-06-04,155521445.8199
2013-06-05,151421953.0385
2013-06-06,153190166.9631
2013-06-07,155014904.8483
2013-06-10,154998543.1802
2013-06-11,152273033.677
2013-06-12,152073531.7351
2013-06-13,156051946.904
2013-06-14,154697126.973
2013-06-17,156697451.5371
2013-06-18,157902877.703
2013-06-19,153168961.5407
2013-06-20,148167946.1321
2013-06-21,147646506.9137
2013-06-24,144344927.5586
2013-06-25,146856709.7015
2013-06-26,149065600.2064
2013-06-27,151429713.5303
2013-06-28,149981399.6953
2013-07-01,150826818.048
2013-07-02,150761508.4098
2013-07-03,150576067.901
2013-07-05,154413850.1844
2013-07-08,154068865.6859
2013-07-09,154367164.6299
2013-07-10,155398568.2389
2013-07-11,156476382.0625
2013-07-12,156889776.0533
2013-07-15,157206965.0224
2013-07-16,156332231.7149
2013-07-17,157122379.3626
2013-07-18,158504770.7821
2013-07-19,157505971.8709
2013-07-22,156855565.6073
2013-07-23,157038731.3017
2013-07-24,157941588.7148
2013-07-25,158261634.5167
2013-07-26,157750563.6442
2013-07-29,157327664.7098
2013-07-30,157744308.893
2013-07-31,157814880.7975
2013-08-01,160781297.9539
2013-08-02,160969013.6915
2013-08-05,160679999.4613
2013-08-06,159997217.7444
2013-08-07,158308045.6331
2013-08-08,158690473.6262
2013-08-09,158271195.0199
2013-08-12,157754402.4983
2013-08-13,159733612.9631
2013-08-14,158930445.0369
2013-08-15,157682860.7139
2013-08-16,158069852.0865
2013-08-19,157458309.7406
2013-08-20,157810327.3192
2013-08-21,157033650.6292
2013-08-22,158415526.9472
2013-08-23,158096739.2199
2013-08-26,156546302.6897
2013-08-27,153583934.1726
2013-08-28,153927675.4695
2013-08-29,154150609.6043
2013-08-30,153790161.8608
2013-09-03,155154202.2314
2013-09-04,157322589.2738
2013-09-05,158777776.7445
2013-09-06,157939989.8334
2013-09-09,159389052.3711
2013-09-10,161383566.2334
2013-09-11,160775041.4918
2013-09-12,160762923.0813
2013-09-13,160932575.2724
2013-09-16,161709940.1149
2013-09-17,161975577.1281
2013-09-18,160981886.7669
2013-09-19,161617820.5008
2013-09-20,161523928.6031
2013-09-23,160446272.0566
2013-09-24,159727735.3675
2013-09-25,159124932.6206
2013-09-26,160163888.5394
2013-09-27,159596197.9845
2013-09-30,159002027.1283
2013-10-01,160647751.6082
2013-10-02,160196235.8587
2013-10-03,159134527.2973
2013-10-04,159699103.7915
2013-10-07,157514831.6319
2013-10-08,155626753.117
2013-10-09,156307637.8159
2013-10-10,159492757.4295
2013-10-11,160942359.732
2013-10-14,162068651.8317
2013-10-15,160766569.2298
2013-10-16,161763533.0135
2013-10-17,162508267.6958
2013-10-18,163419899.8144
2013-10-21,163580477.069
2013-10-22,164113612.4779
2013-10-23,163108299.9314
2013-10-24,164026683.1794
2013-10-25,164276804.1331
2013-10-28,164640909.6247
2013-10-29,165142044.2538
2013-10-30,164566950.4388
2013-10-31,163875816.8623
2013-11-01,164174477.5412
2013-11-04,165036271.346
2013-11-05,164375279.3876
2013-11-06,165258444.4544
2013-11-07,162368522.6463
2013-11-08,165249667.0794
2013-11-11,165841558.0073
2013-11-12,165984746.3754
2013-11-13,166381905.2453
2013-11-14,166438959.6382
2013-11-15,167646539.4466
2013-11-18,167218602.5334
2013-11-19,167444902.0473
2013-11-20,167593491.6721
2013-11-21,168949579.9585
2013-11-22,169547103.3363
2013-11-25,168821987.369
2013-11-26,169083002.8174
2013-11-27,169672971.7594
2013-11-29,170039837.1219
2013-12-02,170046821.1236
2013-12-03,169201701.6432
2013-12-04,169276049.7294
2013-12-05,169777961.347
2013-12-06,171524968.1648
2013-12-09,171777396.922
2013-12-10,170657950.205
2013-12-11,168916717.1571
2013-12-12,169092404.4783
2013-12-13,168523399.7415
2013-12-16,170079594.9303
2013-12-17,169344504.7422
2013-12-18,172476966.3631
2013-12-19,172759729.9217
2013-12-20,172415668.2398
2013-12-23,174576475.0719
2013-12-24,175378835.4608
2013-12-26,176453566.9412
2013-12-27,177412391.4839
2013-12-30,178540084.8406
2013-12-31,179639544.8395
2014-01-02,175956827.6556
2014-01-03,174439101.2654
2014-01-06,173415967.8197
2014-01-07,174265844.9444
2014-01-08,174788524.8639
2014-01-09,174918495.1219
2014-01-10,174237651.6504
2014-01-13,171528827.893
2014-01-14,174102331.5899
2014-01-15,175081792.2505
2014-01-16,174878818.8056
2014-01-17,173639879.3397
2014-01-21,175502177.8163
2014-01-22,175845253.9498
2014-01-23,175059927.0763
2014-01-24,170042171.2556
2014-01-27,169657118.5966
2014-01-28,170414072.7864
2014-01-29,167839731.0023
2014-01-30,168916738.705
2014-01-31,165641440.0468
2014-02-03,162103481.0188
2014-02-04,161916524.3705
2014-02-05,161273866.8128
2014-02-06,162241830.1424
2014-02-07,162794051.8189
2014-02-10,162751244.7389
2014-02-11,163452258.5297
2014-02-12,163438801.1227
2014-02-13,163333238.1771
2014-02-14,162477423.4282
2014-02-18,161636769.5998
2014-02-19,160711721.7468
2014-02-20,160935223.615
2014-02-21,161315055.6131
2014-02-24,161091265.2768
2014-02-25,160959204.8137
2014-02-26,162037027.3022
2014-02-27,162079135.7603
2014-02-28,161316421.2293
2014-03-03,158668585.3382
2014-03-04,161407812.1527
2014-03-05,161341329.516
2014-03-06,162295770.6631
2014-03-07,162499025.8922
2014-03-10,162099905.7691
2014-03-11,161432587.6655
2014-03-12,160865132.1288
2014-03-13,158130527.0969
2014-03-14,157665762.932
2014-03-17,159131805.0409
2014-03-18,160075468.1336
2014-03-19,159242127.2453
2014-03-20,158954032.1121
2014-03-21,157790522.0033
2014-03-24,157458246.2163
2014-03-25,158106095.3647
2014-03-26,157269720.243
2014-03-27,156919168.4812
2014-03-28,158311783.0711
2014-03-31,159628603.8142
2014-04-01,160956790.5789
2014-04-02,161046512.037
2014-04-03,160044860.9872
2014-04-04,158384041.8788
2014-04-07,157398601.4453
2014-04-08,158283976.896
2014-04-09,161200344.1959
2014-04-10,157538017.5029
2014-04-11,155636769.8616
2014-04-14,156286968.7273
2014-04-15,156525187.1566
2014-04-16,158046599.0929
2014-04-17,159250628.7433
2014-04-21,159659262.1826
2014-04-22,160552410.4105
2014-04-23,160323972.0619
2014-04-24,160181431.6827
2014-04-25,158860810.7819
2014-04-28,159889600.3443
2014-04-29,160764875.7523
2014-04-30,161688448.4749
2014-05-01,161166092.1102
2014-05-02,160450443.9986
2014-05-05,160549141.3808
2014-05-06,160089330.1717
2014-05-07,161069379.0469
2014-05-08,160042438.5365
2014-05-09,158857031.0532
2014-05-12,160073917.0061
2014-05-13,159535070.2854
2014-05-14,158103905.4325
2014-05-15,157199431.3002
2014-05-16,157599267.0684
2014-05-19,158701298.7505
2014-05-20,158253200.5103
2014-05-21,159424471.9738
2014-05-22,159162506.1359
2014-05-23,158863298.1439
2014-05-27,159603339.7138
2014-05-28,157913345.0848
2014-05-29,158376871.6546
2014-05-30,158991590.5946
2014-06-02,157343664.0844
2014-06-03,155964887.8729
2014-06-04,155633117.2302
2014-06-05,157755374.9986
2014-06-06,159074928.1805
2014-06-09,158487266.9453
2014-06-10,157065909.1419
2014-06-11,156797758.5694
2014-06-12,157922126.2916
2014-06-13,158302911.5973
2014-06-16,158874299.8478
2014-06-17,157404831.8472
2014-06-18,160821891.7731
2014-06-19,160520636.2272
2014-06-20,161428229.5829
2014-06-23,160851593.0272
2014-06-24,160675932.3958
2014-06-25,161862187.6722
2014-06-26,162526976.6257
2014-06-27,163255649.3158
2014-06-30,163335547.8698
2014-07-01,164036230.8239
2014-07-02,162735089.1558
2014-07-03,162131397.4623
2014-07-07,160595795.4379
2014-07-08,160116026.688
2014-07-09,161161400.7589
2014-07-10,159186988.126
2014-07-11,159323933.9791
2014-07-14,159823313.7771
2014-07-15,157283755.1665
2014-07-16,158343779.2206
2014-07-17,157855254.8792
2014-07-18,158951884.0768
2014-07-21,158915332.4169
2014-07-22,159541592.0904
2014-07-23,160988115.7171
2014-07-24,159132345.4664
2014-07-25,159305144.3541
2014-07-28,158914269.639
2014-07-29,157870657.8369
2014-07-30,155185324.4007
2014-07-31,150107002.0118
2014-08-01,150640405.4082
2014-08-04,151986995.563
2014-08-05,149523200.8727
2014-08-06,149759315.8463
2014-08-07,148622934.6942
2014-08-08,149707574.2867
2014-08-11,151172132.2116
2014-08-12,150545876.9046
2014-08-13,152300173.1396
2014-08-14,154617131.3355
2014-08-15,155919980.8717
2014-08-18,156898386.6499
2014-08-19,156239151.6252
2014-08-20,154646492.507
2014-08-21,155928707.8368
2014-08-22,155132902.5921
2014-08-25,155960772.6919
2014-08-26,156145138.6576
2014-08-27,157628508.9763
2014-08-28,157396828.7637
2014-08-29,157286214.0031
2014-09-02,156797117.6567
2014-09-03,157382374.6074
2014-09-04,154995547.6178
2014-09-05,155405961.7145
2014-09-08,152444095.5662
2014-09-09,150507141.5742
2014-09-10,151074593.7423
2014-09-11,150160280.4986
2014-09-12,148430530.3556
2014-09-15,147628258.0094
2014-09-16,149011652.5373
2014-09-17,147001374.0562
2014-09-18,149551850.8831
2014-09-19,149419980.767
2014-09-22,148288895.0209
2014-09-23,147334406.0148
2014-09-24,147643401.58
2014-09-25,144406757.4924
2014-09-26,144286004.5656
2014-09-29,143340408.2394
2014-09-30,143982937.8604
2014-10-01,144088969.6344
2014-10-02,142322363.4523
2014-10-03,146757462.1335
2014-10-06,145039973.0254
2014-10-07,143841317.1775
2014-10-08,146553615.7013
2014-10-09,143436891.4692
2014-10-10,142667048.007
2014-10-13,141097256.6303
2014-10-14,143962651.9709
2014-10-15,141707332.483
2014-10-16,140712300.6405
2014-10-17,142583506.2205
2014-10-20,143607231.9668
2014-10-21,146253288.1694
2014-10-22,145969707.917
2014-10-23,146794251.1652
2014-10-24,147358914.9992
2014-10-27,146460836.3402
2014-10-28,147406116.8382
2014-10-29,147891883.2975
2014-10-30,149886876.5581
2014-10-31,154773674.6774
2014-11-03,156501548.2733
2014-11-04,155368217.9715
2014-11-05,157143313.6582
2014-11-06,157539335.2994
2014-11-07,157471431.3378
2014-11-10,157896278.1016
2014-11-11,157126123.6123
2014-11-12,158346628.9283
2014-11-13,159106637.9306
2014-11-14,158053019.8303
2014-11-17,158057000.558
2014-11-18,158150221.2772
2014-11-19,157938938.6195
2014-11-20,158104338.0032
2014-11-21,160086860.6409
2014-11-24,160516788.0391
2014-11-25,161639501.2393
2014-11-26,161760809.926
2014-11-28,166033928.4213
2014-12-01,161990865.2751
2014-12-02,162909851.0256
2014-12-03,163811466.519
2014-12-04,164323590.4443
2014-12-05,164508621.9906
2014-12-08,165292472.0876
2014-12-09,165383229.1149
2014-12-10,165065931.4355
2014-12-11,166313685.1988
2014-12-12,168000150.1971
2014-12-15,170071898.697
2014-12-16,169214765.605
2014-12-17,171674691.2889
2014-12-18,171001630.5061
2014-12-19,171908401.5794
2014-12-22,173441109.4842
2014-12-23,172254620.4472
2014-12-24,172633590.6142
2014-12-26,172421385.6562
2014-12-29,175070195.8513
2014-12-30,174356348.604
2014-12-31,175568027.9953
2015-01-02,179245390.183
2015-01-05,181706855.7613
2015-01-06,183273287.3648
2015-01-07,183941694.1015
2015-01-08,183307855.1257
2015-01-09,183115440.3092
2015-01-12,183876296.526
2015-01-13,183442959.443
2015-01-14,183854185.4033
2015-01-15,179699831.8816
2015-01-16,176334405.4756
2015-01-20,178314788.6597
2015-01-21,175652804.6501
2015-01-22,178152747.4793
2015-01-23,181604560.5374
2015-01-26,181403183.6207
2015-01-27,179555378.981
2015-01-28,182788784.2183
2015-01-29,183964056.1867
2015-01-30,185381979.7551
2015-02-02,184404086.265
2015-02-03,179240959.9743
2015-02-04,181766677.653
2015-02-05,178901574.3464
2015-02-06,177435269.7683
2015-02-09,176282017.2198
2015-02-10,177279854.0793
2015-02-11,178700798.5543
2015-02-12,176320609.807
2015-02-13,174954450.8706
2015-02-17,173199116.2379
2015-02-18,175233857.5615
2015-02-19,175703886.5326
2015-02-20,176141558.9134
2015-02-23,177756639.1733
2015-02-24,179160356.9872
2015-02-25,178254282.971
2015-02-26,179545643.9938
2015-02-27,179605684.7885
2015-03-02,179000063.4838
2015-03-03,178550227.8421
2015-03-04,179046114.4571
2015-03-05,180381062.9574
2015-03-06,180522714.4881
2015-03-09,181104214.1336
2015-03-10,183886525.0184
2015-03-11,186315864.8529
2015-03-12,185891818.3506
2015-03-13,187639802.2803
2015-03-16,187236790.4548
2015-03-17,188507070.714
2015-03-18,187220035.3589
2015-03-19,189235122.4177
2015-03-20,186296897.7117
2015-03-23,184270860.8252
2015-03-24,185671751.879
2015-03-25,183771385.3203
2015-03-26,182537050.2233
2015-03-27,184884633.965
2015-03-30,187372980.7923
2015-03-31,188814262.397
2015-04-01,188395506.6241
2015-04-02,187174101.82
2015-04-06,186337521.9163
2015-04-07,187366485.9195
2015-04-08,188458968.7292
2015-04-09,189214848.2406
2015-04-10,188955913.7011
2015-04-13,190154408.0637
2015-04-14,189365616.4643
2015-04-15,188351122.4195
2015-04-16,186859534.8953
2015-04-17,186978376.9323
2015-04-20,188315703.8218
2015-04-21,188444857.1827
2015-04-22,187763522.1521
2015-04-23,186709373.8264
2015-04-24,186826726.4345
2015-04-27,185259700.9794
2015-04-28,182395199.5085
2015-04-29,180285267.5457
2015-04-30,180089777.8525
2015-05-01,181190365.9316
2015-05-04,180712594.1374
2015-05-05,178331833.6467
2015-05-06,175590151.9866
2015-05-07,178164955.161
2015-05-08,179484835.7947
2015-05-11,176914524.6889
2015-05-12,175297588.8412
2015-05-13,173312240.5468
2015-05-14,173846872.7431
2015-05-15,175737729.2068
2015-05-18,175988426.8181
2015-05-19,177828652.2214
2015-05-20,178604188.5445
2015-05-21,178897659.5569
2015-05-22,180638412.0907
2015-05-26,183578413.687
2015-05-27,185059257.1245
2015-05-28,184755677.427
2015-05-29,184354966.8775
2015-06-01,185138137.0376
2015-06-02,180945611.1587
2015-06-03,180282194.8988
2015-06-04,182362666.4743
2015-06-05,183122600.2678
2015-06-08,181402099.7622
2015-06-09,180200805.2124
2015-06-10,177511372.6904
2015-06-11,180017144.3727
2015-06-12,180191473.2702
2015-06-15,180366005.0467
2015-06-16,181139335.0708
2015-06-17,179711664.9879
2015-06-18,178978269.5689
2015-06-19,180726143.3495
2015-06-22,179148156.5463
2015-06-23,179569972.9277
2015-06-24,180088563.3413
2015-06-25,179307597.4406
2015-06-26,178917460.6765
2015-06-29,180481531.5019
2015-06-30,180222371.3433
2015-07-01,181461171.6101
2015-07-02,181427111.5643
2015-07-06,185244199.5458
2015-07-07,187554170.5772
2015-07-08,188603007.9827
2015-07-09,186541086.3024
2015-07-10,183352509.9282
2015-07-13,184743452.733
2015-07-14,184533676.3913
2015-07-15,186798386.9074
2015-07-16,187498473.8335
2015-07-17,188994805.7562
2015-07-20,190491037.8222
2015-07-21,190158879.6858
2015-07-22,192126535.4777
2015-07-23,193329112.616
2015-07-24,194434980.9696
2015-07-27,195578449.9714
2015-07-28,193871676.9248
2015-07-29,193391950.1241
2015-07-30,194011936.0724
2015-07-31,194751606.9693
2015-08-03,196928596.923
2015-08-04,195225974.2041
2015-08-05,195142857.4098
2015-08-06,195361628.8857
2015-08-07,195448002.5303
2015-08-10,192824620.5107
2015-08-11,195513260.2216
2015-08-12,194455896.2003
2015-08-13,194837337.4454
2015-08-14,195273526.9723
2015-08-17,197062146.7844
2015-08-18,197304641.5819
2015-08-19,197612033.6534
2015-08-20,196221049.0218
2015-08-21,196181610.1728
2015-08-24,195976354.2986
2015-08-25,194791910.5031
2015-08-26,197798214.2337
2015-08-27,197070646.9941
2015-08-28,196541100.5412
2015-08-31,195006207.352
2015-09-01,197060324.2538
2015-09-02,197297413.8992
2015-09-03,197655791.6878
2015-09-04,199323480.4732
2015-09-08,196630846.9653
2015-09-09,197449051.7323
2015-09-10,195897004.9881
2015-09-11,196316556.4676
2015-09-14,196717540.4585
2015-09-15,196791432.5142
2015-09-16,193893916.223
2015-09-17,193609547.1651
2015-09-18,195854754.3619
2015-09-21,196286118.076
2015-09-22,199620739.0845
2015-09-23,201004793.1974
2015-09-24,200099774.2509
2015-09-25,200112047.9377
2015-09-28,202808628.1551
2015-09-29,202506970.5342
2015-09-30,202089135.3989
2015-10-01,202258468.9067
2015-10-02,200065562.9563
2015-10-05,196525164.9486
2015-10-06,193730917.0213
2015-10-07,191723238.8142
2015-10-08,189701695.9682
2015-10-09,188607585.4949
2015-10-12,189617005.5975
2015-10-13,191104919.2765
2015-10-14,189602535.9511
2015-10-15,188621205.3557
2015-10-16,189323937.9045
2015-10-19,191090593.8814
2015-10-20,190072156.943
2015-10-21,192239287.6993
2015-10-22,192508115.6649
2015-10-23,192344912.7357
2015-10-26,192848077.1012
2015-10-27,194506579.6571
2015-10-28,194149001.6377
2015-10-29,194004890.699
2015-10-30,193501822.998
2015-11-02,193384360.6037
2015-11-03,192586502.0024
2015-11-04,194412791.0
2015-11-05,196276184.7947
2015-11-06,198584254.8168
2015-11-09,198920705.1785
2015-11-10,200421860.6223
2015-11-11,199594985.6376
2015-11-12,199685017.1905
2015-11-13,201343601.5911
2015-11-16,201542671.3328
2015-11-17,202165325.5189
2015-11-18,202302781.4375
2015-11-19,200585120.6483
2015-11-20,201449720.9611
2015-11-23,202265794.5958
2015-11-24,201328224.4148
2015-11-25,201959791.991
2015-11-27,203906050.0902
2015-11-30,203803261.7934
2015-12-01,202031644.5645
2015-12-02,204331805.972
2015-12-03,199323286.311
2015-12-04,200143836.5431
2015-12-07,204101040.0075
2015-12-08,205834828.903
2015-12-09,203496307.8047
2015-12-10,204670198.5416
2015-12-11,207322258.5619
2015-12-14,208168433.8887
2015-12-15,207964625.985
2015-12-16,206649536.683
2015-12-17,210586279.6165
2015-12-18,208764295.9209
2015-12-21,208349650.7071
2015-12-22,207388156.2139
2015-12-23,204983891.0662
2015-12-24,203936327.5997
2015-12-28,205730781.2811
2015-12-29,204728413.1402
2015-12-30,205405242.2431
2015-12-31,206235920.8167
2016-01-04,208299412.7387
2016-01-05,209682336.0875
2016-01-06,211486525.1105
2016-01-07,212098233.7244
2016-01-08,213887993.6792
2016-01-11,216364734.1853
2016-01-12,216449636.4808
2016-01-13,217432929.1552
2016-01-14,217931784.543
2016-01-15,221457919.143
2016-01-19,221736658.286
2016-01-20,222766150.2251
2016-01-21,220900382.1206
2016-01-22,219052087.9923
2016-01-25,220469418.9994
2016-01-26,217209651.0207
2016-01-27,217306300.1052
2016-01-28,215791084.3164
2016-01-29,216611760.1698
2016-02-01,216316387.5326
2016-02-02,219186852.5511
2016-02-03,212722289.6321
2016-02-04,210832392.3774
2016-02-05,213579121.2129
2016-02-08,214313269.2668
2016-02-09,215119911.704
2016-02-10,213355938.251
2016-02-11,212639618.172
2016-02-12,211156079.1556
2016-02-16,213532392.3294
2016-02-17,210607937.7989
2016-02-18,209451546.2075
2016-02-19,209260501.1607
2016-02-22,208705618.3159
2016-02-23,209810280.6487
2016-02-24,209932470.6814
2016-02-25,208300684.2465
2016-02-26,210486434.3447
2016-02-29,208903645.5356
2016-03-01,203166475.8097
2016-03-02,201124841.3662
2016-03-03,198444861.4283
2016-03-04,195140158.0416
2016-03-07,193989575.265
2016-03-08,197559284.2096
2016-03-09,195157754.4745
2016-03-10,193936814.5061
2016-03-11,188121811.6008
2016-03-14,189384157.4438
2016-03-15,192225619.2861
2016-03-16,188608849.6415
2016-03-17,184714971.9279
2016-03-18,185163800.6645
2016-03-21,184971910.0351
2016-03-22,185252915.7996
2016-03-23,189556952.236
2016-03-24,190403489.0848
2016-03-28,189334767.1274
2016-03-29,187019617.2475
2016-03-30,185824869.6763
2016-03-31,186771854.3568
2016-04-01,188990786.6037
2016-04-04,190365896.275
2016-04-05,193062752.3448
2016-04-06,191447242.3202
2016-04-07,194175997.225
2016-04-08,191167083.8495
2016-04-11,190508399.5229
2016-04-12,187203138.2108
2016-04-13,185421917.2024
2016-04-14,184826934.5563
2016-04-15,186381299.2575
2016-04-18,185261306.3175
2016-04-19,182478963.8642
2016-04-20,180119624.8208
2016-04-21,180563300.0208
2016-04-22,179560933.8222
2016-04-25,179614863.3981
2016-04-26,177949272.2516
2016-04-27,178663523.6315
2016-04-28,181430960.9702
2016-04-29,181984048.4504
2016-05-02,180516783.4783
2016-05-03,184601024.735
2016-05-04,185862770.969
2016-05-05,187012551.3582
2016-05-06,186444246.2492
2016-05-09,186760859.4586
2016-05-10,184463192.5384
2016-05-11,185280580.4775
2016-05-12,184107391.6831
2016-05-13,186444765.2274
2016-05-16,183737665.9504
2016-05-17,183851668.1801
2016-05-18,180903165.7257
2016-05-19,182146665.8924
2016-05-20,181496854.3276
2016-05-23,182321903.4685
2016-05-24,179455090.75
2016-05-25,178003498.6089
2016-05-26,178608556.9143
2016-05-27,177607746.0501
2016-05-31,178408539.7396
2016-06-01,178364523.6861
2016-06-02,179130651.0988
2016-06-03,180842893.9479
2016-06-06,178676096.1786
2016-06-07,177463140.2428
2016-06-08,176648305.7219
2016-06-09,178408961.7934
2016-06-10,182070215.9658
2016-06-13,184052366.1128
2016-06-14,184840861.8392
2016-06-15,185705206.8451
2016-06-16,186921481.9602
2016-06-17,184402082.2402
2016-06-20,180618669.8496
2016-06-21,179230878.1546
2016-06-22,179998924.8424
2016-06-23,175893298.3912
2016-06-24,189006648.1275
2016-06-27,194032493.4397
2016-06-28,191822457.3416
2016-06-29,188599223.2306
2016-06-30,188236102.8818
2016-07-01,189968245.8392
2016-07-05,193891328.5936
2016-07-06,194604402.5011
2016-07-07,195750476.5512
2016-07-08,196087852.8136
2016-07-11,193245830.2448
2016-07-12,189185542.3086
2016-07-13,190760482.4418
2016-07-14,188352537.0909
2016-07-15,187902925.0757
2016-07-18,187755751.1949
2016-07-19,189877771.6048
2016-07-20,188685019.078
2016-07-21,190284773.658
2016-07-22,190195258.7368
2016-07-25,189833402.6974
2016-07-26,190027442.4695
2016-07-27,191956990.3501
2016-07-28,191763335.1775
2016-07-29,192321817.3379
2016-08-01,190968882.6872
2016-08-02,190827296.2289
2016-08-03,190599337.2473
2016-08-04,191690527.8168
2016-08-05,188953393.7603
2016-08-08,188847397.2052
2016-08-09,190389506.9699
2016-08-10,191910618.9063
2016-08-11,189628566.0893
2016-08-12,190357908.8143
2016-08-15,189052329.6059
2016-08-16,188699091.8527
2016-08-17,189308737.3862
2016-08-18,189668343.038
2016-08-19,188277685.7266
2016-08-22,189047075.2111
2016-08-23,189115550.524
2016-08-24,188697280.4988
2016-08-25,188474774.2811
2016-08-26,187279987.2299
2016-08-29,189066844.0521
2016-08-30,188143420.4742
2016-08-31,188452616.9861
2016-09-01,189825083.2951
2016-09-02,190398643.5738
2016-09-06,193679098.2362
2016-09-07,193192367.0919
2016-09-08,190066010.7508
2016-09-09,184490381.2324
2016-09-12,186206736.8417
2016-09-13,182542814.1489
2016-09-14,183457894.8029
2016-09-15,185273448.2209
2016-09-16,185056452.989
2016-09-19,185381420.6197
2016-09-20,185777055.9144
2016-09-21,189989298.6159
2016-09-22,192094218.1275
2016-09-23,191548469.8667
2016-09-26,190643730.8941
2016-09-27,192473271.2507
2016-09-28,192954979.4139
2016-09-29,191036960.1484
2016-09-30,191650758.6999
2016-10-03,190624101.3018
2016-10-04,186777950.5022
2016-10-05,186266279.1521
2016-10-06,185489464.3245
2016-10-07,185648339.1413
2016-10-10,186251899.0073
2016-10-11,183654009.9776
2016-10-12,183968713.0645
2016-10-13,183738318.2373
2016-10-14,182967643.1897
2016-10-17,183672325.1486
2016-10-18,186031146.9093
2016-10-19,187154519.4078
2016-10-20,186579059.2238
2016-10-21,186647299.7157
2016-10-24,186106935.6418
2016-10-25,186484562.2074
2016-10-26,184435683.8765
2016-10-27,182091251.5225
2016-10-28,181856976.0819
2016-10-31,183371878.6517
2016-11-01,182510194.282
2016-11-02,182445586.297
2016-11-03,181641684.5017
2016-11-04,182230585.0204
2016-11-07,184174047.5468
2016-11-08,183992341.3359
2016-11-09,179510813.4442
2016-11-10,177281633.6387
2016-11-11,175627088.7627
2016-11-14,174802199.947
2016-11-15,176411396.7847
2016-11-16,177110152.9134
2016-11-17,176109212.2629
2016-11-18,174440532.6912
2016-11-21,174479847.5568
2016-11-22,176130001.1424
2016-11-23,174742092.6217
2016-11-25,174693491.0152
2016-11-28,176532310.7629
2016-11-29,177146321.2032
2016-11-30,173823508.9771
2016-12-01,171862706.1446
2016-12-02,173330267.5838
2016-12-05,173031461.8268
2016-12-06,173540404.2401
2016-12-07,175299138.2529
2016-12-08,176370762.9752
2016-12-09,175347839.7279
2016-12-12,174053019.363
2016-12-13,174702609.1188
2016-12-14,171395838.8804
2016-12-15,171330821.3963
2016-12-16,170336980.1845
2016-12-19,172096745.0757
2016-12-20,172647006.4689
2016-12-21,172640329.1741
2016-12-22,172671200.9938
2016-12-23,172921841.5387
2016-12-27,172773889.4516
2016-12-28,173873908.5508
2016-12-29,174711416.4002
2016-12-30,173825419.4556
2017-01-03,176097125.7922
2017-01-04,177294644.4216
2017-01-05,178721919.5199
2017-01-06,178016361.7521
2017-01-09,178493309.384
2017-01-10,178418410.9646
2017-01-11,179969282.191
2017-01-12,179765217.8318
2017-01-13,179296749.9809
2017-01-17,179249480.1126
2017-01-18,177481386.3906
2017-01-19,175780273.8285
2017-01-20,176770095.8066
2017-01-23,177675962.1354
2017-01-24,178087841.1445
2017-01-25,177813806.95
2017-01-26,178412665.8253
2017-01-27,178530146.7816
2017-01-30,177604421.9287
2017-01-31,178061063.7323
2017-02-01,178804010.8932
2017-02-02,179658637.829
2017-02-03,180739285.4633
2017-02-06,180603527.077
2017-02-07,179529749.8779
2017-02-08,180613583.8801
2017-02-09,180993772.4792
2017-02-10,182794632.2643
2017-02-13,182612088.771
2017-02-14,182676971.3379
2017-02-15,184183468.6415
2017-02-16,184645533.2772
2017-02-17,184613059.9815
2017-02-21,185693147.146
2017-02-22,185865173.1805
2017-02-23,186467055.442
2017-02-24,185783547.8817
2017-02-27,184981246.1011
2017-02-28,184174356.2137
2017-03-01,188332013.0003
2017-03-02,185348514.8911
2017-03-03,185538413.7694
2017-03-06,184659636.0606
2017-03-07,183115610.6859
2017-03-08,180655565.9691
2017-03-09,179278704.8601
2017-03-10,179898105.0533
2017-03-13,180911227.3859
2017-03-14,179397634.7677
2017-03-15,183474703.2688
2017-03-16,183368321.1828
2017-03-17,183696173.0683
2017-03-20,183749061.2514
2017-03-21,179672509.6606
2017-03-22,180126492.0938
2017-03-23,180102450.1797
2017-03-24,180819871.3492
2017-03-27,180388108.3834
2017-03-28,183024796.2164
2017-03-29,184631983.8568
2017-03-30,185198681.3834
2017-03-31,184902224.9372
2017-04-03,184058740.9492
2017-04-04,184957670.7564
2017-04-05,183654246.1996
2017-04-06,184237772.5626
2017-04-07,184755822.3841
2017-04-10,184774482.5658
2017-04-11,185007347.527
2017-04-12,184129389.6208
2017-04-13,183027864.415
2017-04-17,184566223.9213
2017-04-18,181203182.2542
2017-04-19,179925337.7221
2017-04-20,182105852.0745
2017-04-21,181625555.7375
2017-04-24,184942271.3657
2017-04-25,185593902.4995
2017-04-26,184623005.9167
2017-04-27,183970782.3842
2017-04-28,182872853.9307
2017-05-01,184137733.2342
2017-05-02,184270854.4972
2017-05-03,184533545.3649
2017-05-04,184029789.5772
2017-05-05,185844643.901
2017-05-08,186238572.9971
2017-05-09,187691500.0721
2017-05-10,188571280.7011
2017-05-11,188016868.7347
2017-05-12,187099714.5213
2017-05-15,187916642.3679
2017-05-16,187375053.0527
2017-05-17,181614726.9179
2017-05-18,183197237.1589
2017-05-19,183991873.6921
2017-05-22,184539718.7865
2017-05-23,185585462.4398
2017-05-24,185581168.8364
2017-05-25,186177189.0678
2017-05-26,186153432.5501
2017-05-30,185372620.6556
2017-05-31,184770219.9212
2017-06-01,186656420.1805
2017-06-02,189775906.8357
2017-06-05,189080760.3097
2017-06-06,188620634.6838
2017-06-07,188705086.3893
2017-06-08,188811726.9391
2017-06-09,187390713.8238
2017-06-12,187116604.5243
2017-06-13,188769134.3752
2017-06-14,189236210.4035
2017-06-15,187084434.1942
2017-06-16,187738061.8681
2017-06-19,189747404.8163
2017-06-20,187897942.5148
2017-06-21,188103449.327
2017-06-22,189342367.4268
2017-06-23,190338820.6697
2017-06-26,190522976.2729
2017-06-27,188060216.612
2017-06-28,190918938.2069
2017-06-29,187342390.0005
2017-06-30,186213709.7831
2017-07-03,186650953.7343
2017-07-05,186854025.9317
2017-07-06,185931378.9463
2017-07-07,188351163.798
2017-07-10,188395419.4628
2017-07-11,188488061.3259
2017-07-12,190075917.9363
2017-07-13,191423724.4606
2017-07-14,192644359.2585
2017-07-17,191953412.0307
2017-07-18,192492674.9032
2017-07-19,193219220.8368
2017-07-20,194847059.6646
2017-07-21,193871782.3207
2017-07-24,194035102.1996
2017-07-25,195595301.0358
2017-07-26,195431177.1163
2017-07-27,193563984.4096
2017-07-28,192508532.8575
2017-07-31,192715934.3557
2017-08-01,192916214.9216
2017-08-02,193477517.3289
2017-08-03,191665382.826
2017-08-04,193304087.4339
2017-08-07,193558086.6002
2017-08-08,191951594.9327
2017-08-09,189465231.1769
2017-08-10,183489159.2665
2017-08-11,183531970.2518
2017-08-14,187075970.0333
2017-08-15,188148627.1873
2017-08-16,188703537.6949
2017-08-17,183742632.5402
2017-08-18,185581660.0515
2017-08-21,185004991.9578
2017-08-22,187940244.9347
2017-08-23,187330968.1516
2017-08-24,187645838.163
2017-08-25,188544860.2238
2017-08-28,187617449.7035
2017-08-29,186844927.3915
2017-08-30,186979094.5605
2017-08-31,188913827.0133
2017-09-01,189607718.4889
2017-09-05,186660510.2314
2017-09-06,188228319.4362
2017-09-07,189833680.0176
2017-09-08,189016095.5005
2017-09-11,191763136.1536
2017-09-12,192837982.8521
2017-09-13,191604174.0641
2017-09-14,191583475.3144
2017-09-15,191951530.0937
2017-09-18,192964872.8767
2017-09-19,194595777.2078
2017-09-20,193938083.8975
2017-09-21,193129864.782
2017-09-22,193709624.1139
2017-09-25,192149395.2588
2017-09-26,191641187.2008
2017-09-27,192228039.4321
2017-09-28,193170498.6432
2017-09-29,194854456.7613
2017-10-02,194994259.3241
2017-10-03,196273224.6139
2017-10-04,195684474.2547
2017-10-05,196165236.1002
2017-10-06,195729199.231
2017-10-09,195420156.5306
2017-10-10,197193178.6767
2017-10-11,197829176.0515
2017-10-12,197453533.1228
2017-10-13,198002028.8754
2017-10-16,198832701.1561
2017-10-17,198828490.7087
2017-10-18,200608270.8937
2017-10-19,199077346.9703
2017-10-20,200878621.18
2017-10-23,199306327.2341
2017-10-24,200663088.8997
2017-10-25,199471187.1018
2017-10-26,198877438.001
2017-10-27,199707952.587
2017-10-30,198879974.2155
2017-10-31,200422429.5304
2017-11-01,200468637.8779
2017-11-02,200598048.9708
2017-11-03,201159086.1929
2017-11-06,202184211.4198
2017-11-07,200898025.1238
2017-11-08,201596716.7661
2017-11-09,199799137.665
2017-11-10,200137137.8366
2017-11-13,198604051.9687
2017-11-14,197072677.6972
2017-11-15,194976411.8935
2017-11-16,199319588.0685
2017-11-17,198327442.9371
2017-11-20,199890793.1921
2017-11-21,203106889.0284
2017-11-22,203403861.1252
2017-11-24,205926507.9743
2017-11-27,203353133.5613
2017-11-28,205577270.7453
2017-11-29,204464262.4301
2017-11-30,206773488.0379
2017-12-01,209087880.7951
2017-12-04,206798606.809
2017-12-05,206677882.5763
2017-12-06,205200459.4132
2017-12-07,205201091.7078
2017-12-08,206438678.5554
2017-12-11,207699566.0375
2017-12-12,207519374.604
2017-12-13,211414548.1294
2017-12-14,210542322.4746
2017-12-15,210777405.4361
2017-12-18,213812578.372
2017-12-19,211206810.7549
2017-12-20,209873006.7713
2017-12-21,212296631.8404
2017-12-22,213388530.9464
2017-12-26,214427774.7129
2017-12-27,217157982.3141
2017-12-28,218777386.2847
2017-12-29,220143458.6205
2018-01-02,223770528.8358
2018-01-03,226171455.3858
2018-01-04,229853830.6948
2018-01-05,231420697.3115
2018-01-08,230581862.8162
2018-01-09,228285160.5965
2018-01-10,228162950.6919
2018-01-11,232727691.3684
2018-01-12,239037227.4809
2018-01-16,240051486.4255
2018-01-17,240960444.5202
2018-01-18,239513186.0006
2018-01-19,240234181.6623
2018-01-22,243305097.8538
2018-01-23,247333718.3613
2018-01-24,251313656.9857
2018-01-25,250327183.4659
2018-01-26,254785457.6372
2018-01-29,248763429.7
2018-01-30,243693821.9762
2018-01-31,245590160.8258
2018-02-01,245201550.5458
2018-02-02,232951370.8876
2018-02-05,216154563.9647
2018-02-06,221866585.473
2018-02-07,214362049.5104
2018-02-08,202036300.6634
2018-02-09,202616147.213
2018-02-12,209479307.7987
2018-02-13,210951041.8321
2018-02-14,220484940.507
2018-02-15,227074492.716
2018-02-16,227163003.5231
2018-02-20,221791495.2472
2018-02-21,217043173.154
2018-02-22,219902713.6248
2018-02-23,225803267.7973
2018-02-26,229670785.9712
2018-02-27,221512639.6215
2018-02-28,216100312.3508
2018-03-01,211712351.1762
2018-03-02,214904851.0158
2018-03-05,216421315.3004
2018-03-06,218667173.6994
2018-03-07,218515569.4836
2018-03-08,216451094.7499
2018-03-09,220694488.3299
2018-03-12,220853608.0748
2018-03-13,218539026.5888
2018-03-14,218308438.1488
2018-03-15,216977447.773
2018-03-16,217585214.1132
2018-03-19,216559248.6729
2018-03-20,216834945.183
2018-03-21,220000610.1877
2018-03-22,213508547.2756
2018-03-23,211431876.2195
2018-03-26,217547498.1571
2018-03-27,212302793.8378
2018-03-28,210055153.4422
2018-03-29,212382899.3948
2018-04-02,208189643.1976
2018-04-03,209887000.3005
2018-04-04,211845260.3968
2018-04-05,211665261.1617
2018-04-06,209672283.7777
2018-04-09,211969133.2839
2018-04-10,216606419.9003
2018-04-11,216651823.8399
2018-04-12,217007476.9651
2018-04-13,216958560.7958
2018-04-16,218509768.3968
2018-04-17,219405521.1715
2018-04-18,219873736.6924
2018-04-19,216853817.2706
2018-04-20,214242821.0464
2018-04-23,212810179.1905
2018-04-24,211012026.2444
2018-04-25,209355237.1664
2018-04-26,210611822.1769
2018-04-27,210600767.0766
2018-04-30,208839227.4664
2018-05-01,207946733.102
2018-05-02,207266523.6848
2018-05-03,207388411.4986
2018-05-04,209281203.9979
2018-05-07,210025027.7086
2018-05-08,209576772.1426
2018-05-09,212048505.2644
2018-05-10,213644782.9663
2018-05-11,213696518.6906
2018-05-14,215005588.0202
2018-05-15,214308755.1011
2018-05-16,215983719.3109
2018-05-17,216707406.6294
2018-05-18,213545529.3558
2018-05-21,215243654.9769
2018-05-22,214504939.6054
2018-05-23,211287861.1815
2018-05-24,209599366.541
2018-05-25,205442718.4647
2018-05-29,197110472.1699
2018-05-30,203535172.6362
2018-05-31,202480610.243
2018-06-01,204394344.4304
2018-06-04,206774639.1418
2018-06-05,206833513.5717
2018-06-06,210202535.1187
2018-06-07,208009216.9748
2018-06-08,208608794.678
2018-06-11,209816505.3682
2018-06-12,208641727.783
2018-06-13,209374279.0568
2018-06-14,206759828.472
2018-06-15,204636523.5041
2018-06-18,204270614.4456
2018-06-19,201602488.8715
2018-06-20,203490546.4789
2018-06-21,201618806.0017
2018-06-22,204144214.7528
2018-06-25,200583443.975
2018-06-26,200676838.9925
2018-06-27,196985193.4272
2018-06-28,198159842.9951
2018-06-29,200239483.3226
2018-07-02,200165181.9382
2018-07-03,198843946.8474
2018-07-05,199810388.9597
2018-07-06,200809088.9736
2018-07-09,203250397.5085
2018-07-10,203680882.9585
2018-07-11,200753085.3005
2018-07-12,202109772.3015
2018-07-13,202479040.9155
2018-07-16,201529673.3472
2018-07-17,203180484.0122
2018-07-18,203705577.7624
2018-07-19,202989682.522
2018-07-20,203288659.7722
2018-07-23,204547686.502
2018-07-24,204683473.5159
2018-07-25,205834566.7595
2018-07-26,205973391.0361
2018-07-27,204971282.8927
2018-07-30,204813647.649
2018-07-31,204782322.7367
2018-08-01,205427996.425
2018-08-02,206243672.1374
2018-08-03,205143268.2831
2018-08-06,205522219.2649
2018-08-07,207032420.2752
2018-08-08,206055613.0161
2018-08-09,205713814.0712
2018-08-10,202988782.5709
2018-08-13,202994988.7767
2018-08-14,204869444.8459
2018-08-15,201232322.254
2018-08-16,202462306.4897
2018-08-17,202015398.3073
2018-08-20,200966018.2656
2018-08-21,201271664.221
2018-08-22,201678669.0528
2018-08-23,202647346.7962
2018-08-24,202025077.1395
2018-08-27,204191790.8139
2018-08-28,205723503.0249
2018-08-29,206545205.9479
2018-08-30,204671251.7796
2018-08-31,204834087.8931
2018-09-04,205919371.1014
2018-09-05,204443755.2389
2018-09-06,202108069.8521
2018-09-07,204248028.4423
2018-09-10,204096495.478
2018-09-11,206943326.3943
2018-09-12,205731120.9232
2018-09-13,205359795.7957
2018-09-14,207776596.9695
2018-09-17,206230222.2319
2018-09-18,210065773.9381
2018-09-19,210695997.4239
2018-09-20,209174304.1941
2018-09-21,210103857.6425
2018-09-24,211436813.7893
2018-09-25,211617853.2281
2018-09-26,210372545.5474
2018-09-27,213034165.3422
2018-09-28,213669387.4859
2018-10-01,216417791.2693
2018-10-02,213850490.6865
2018-10-03,218809979.6995
2018-10-04,217849005.2154
2018-10-05,217061165.2073
2018-10-08,217139229.6082
2018-10-09,215401842.4983
2018-10-10,209612467.7038
2018-10-11,202111772.7806
2018-10-12,204599178.9616
2018-10-15,202960354.5814
2018-10-16,206454366.9197
2018-10-17,208097804.2659
2018-10-18,205607923.4083
2018-10-19,206557367.5794
2018-10-22,207096709.3006
2018-10-23,203099008.419
2018-10-24,196717823.2417
2018-10-25,201130063.286
2018-10-26,196013438.5244
2018-10-29,196395053.6515
2018-10-30,201177508.4947
2018-10-31,203856088.8042
2018-11-01,197735083.863
2018-11-02,199854789.3363
2018-11-05,198992421.7312
2018-11-06,198449265.35
2018-11-07,196410047.3607
2018-11-08,199890029.1897
2018-11-09,200659609.4129
2018-11-12,202787525.7441
2018-11-13,200344129.6919
2018-11-14,198772990.591
2018-11-15,198890875.7608
2018-11-16,195630462.7055
2018-11-19,195314779.0033
2018-11-20,197780923.4159
2018-11-21,195398401.3528
2018-11-23,196571340.9606
2018-11-26,196269328.553
2018-11-27,197740364.1961
2018-11-28,193465105.1762
2018-11-29,193323159.125
2018-11-30,194828554.4373
2018-12-03,190747639.7536
2018-12-04,191593059.7839
2018-12-06,192235440.2016
2018-12-07,190893758.6919
2018-12-10,194029386.17
2018-12-11,194786089.4979
2018-12-12,192479771.245
2018-12-13,191704418.2245
2018-12-14,194650909.6623
2018-12-17,194086491.1463
2018-12-18,193282611.421
2018-12-19,194298043.4738
2018-12-20,193935493.2062
2018-12-21,197920968.3837
2018-12-24,196836440.8174
2018-12-26,195588777.6025
2018-12-27,194022360.0042
2018-12-28,189868179.2239
2018-12-31,187861293.1245
2019-01-02,188560074.5293
2019-01-03,187057326.0296
2019-01-04,182619464.7386
2019-01-07,180646183.3392
2019-01-08,179532048.7366
2019-01-09,174986840.6271
2019-01-10,176318802.0544
2019-01-11,175848915.2843
2019-01-14,177584777.5861
2019-01-15,176677565.7872
2019-01-16,176020657.078
2019-01-17,174897382.4901
2019-01-18,174448751.9063
2019-01-22,176816725.2763
2019-01-23,175463031.4853
2019-01-24,174577325.2268
2019-01-25,170921306.1839
2019-01-28,172430915.6329
2019-01-29,171183233.7654
2019-01-30,165999399.7091
2019-01-31,163583764.2871
2019-02-01,163327710.68
2019-02-04,163260622.9954
2019-02-05,162977800.587
2019-02-06,165012932.6512
2019-02-07,167166083.9526
2019-02-08,167886828.0991
2019-02-11,169201527.588
2019-02-12,166918761.0641
2019-02-13,167505026.6747
2019-02-14,167607716.4312
2019-02-15,164721952.7588
2019-02-19,163030572.4332
2019-02-20,162656241.608
2019-02-21,163405447.8911
2019-02-22,162479691.6852
2019-02-25,162536017.4502
2019-02-26,161755189.9808
2019-02-27,162070457.2724
2019-02-28,163077642.1003
2019-03-01,164031070.9929
2019-03-04,164889075.0445
2019-03-05,164821863.925
2019-03-06,165588948.4636
2019-03-07,168519602.6139
2019-03-08,167724251.769
2019-03-11,167455576.4315
2019-03-12,167535393.8231
2019-03-13,165654855.2789
2019-03-14,166352338.0395
2019-03-15,165414353.2428
2019-03-18,164660288.4503
2019-03-19,164209116.481
2019-03-20,164015794.2333
2019-03-21,165450456.6235
2019-03-22,167967122.7571
2019-03-25,167913021.6754
2019-03-26,168546247.5901
2019-03-27,170250068.4249
2019-03-28,172069798.3962
2019-03-29,171693722.1725
2019-04-01,169181659.7206
2019-04-02,169496541.6386
2019-04-03,167451130.9456
2019-04-04,167927997.2467
2019-04-05,168579390.719
2019-04-08,167417328.1492
2019-04-09,167891207.0198
2019-04-10,168789001.6944
2019-04-11,169784226.5172
2019-04-12,168222769.4536
2019-04-15,168381417.2497
2019-04-16,168279554.9319
2019-04-17,168346811.7289
2019-04-18,169737679.4961
2019-04-22,169173378.0469
2019-04-23,171402085.4513
2019-04-24,174304112.7701
2019-04-25,174415027.6538
2019-04-26,175442545.3652
2019-04-29,174258573.2794
2019-04-30,173951433.5021
2019-05-01,174449605.9257
2019-05-02,174137870.6629
2019-05-03,173615379.2286
2019-05-06,175241997.7693
2019-05-07,176511641.3004
2019-05-08,176167451.4883
2019-05-09,176737813.7484
2019-05-10,176658925.143
2019-05-13,177467304.8841
2019-05-14,177105562.6977
2019-05-15,178355089.606
2019-05-16,178564476.7783
2019-05-17,180042657.8608
2019-05-20,178933189.3061
2019-05-21,179653347.6914
2019-05-22,181154126.6866
2019-05-23,182171378.7841
2019-05-24,180492760.1369
2019-05-28,182138730.8882
2019-05-29,182677633.8272
2019-05-30,183764416.5035
2019-05-31,185164102.4592
2019-06-03,183841831.9294
2019-06-04,182001623.4647
2019-06-05,184156734.2097
2019-06-06,182645710.6899
2019-06-07,182576879.3295
2019-06-10,181910115.3407
2019-06-11,181400228.4907
2019-06-12,183692023.6882
2019-06-13,183884774.6351
2019-06-14,185763806.202
2019-06-17,185524632.7503
2019-06-18,185381178.2892
2019-06-19,185806190.2239
2019-06-20,182669860.9123
2019-06-21,180438489.7046
2019-06-24,180344013.706
2019-06-25,180769351.0948
2019-06-26,179743874.1483
2019-06-27,180990588.742
2019-06-28,180774165.2806
2019-07-01,181694898.5566
2019-07-02,183638701.8781
2019-07-03,184062305.7968
2019-07-05,183735891.2095
2019-07-08,183836415.2364
2019-07-09,184278168.6757
2019-07-10,183478922.7846
2019-07-11,181547079.7473
2019-07-12,180893104.5645
2019-07-15,182276599.8016
2019-07-16,182983434.0217
2019-07-17,184551910.8687
2019-07-18,184081592.0087
2019-07-19,183704044.4828
2019-07-22,184543526.9413
2019-07-23,184565065.6826
2019-07-24,185296812.996
2019-07-25,186128155.2739
2019-07-26,186952288.1174
2019-07-29,187128561.7155
2019-07-30,187951897.4798
2019-07-31,190050020.9349
2019-08-01,195214125.7379
2019-08-02,195473067.91
2019-08-05,198568727.1948
2019-08-06,200652204.0934
2019-08-07,201309517.755
2019-08-08,200903960.1913
2019-08-09,200305614.5801
2019-08-12,204045710.2084
2019-08-13,203162501.5359
2019-08-14,208088012.4104
2019-08-15,210769230.918
2019-08-16,209267332.8119
2019-08-19,207312043.6671
2019-08-20,208886267.1889
2019-08-21,208171280.2449
2019-08-22,207095697.1947
2019-08-23,210153078.9421
2019-08-26,210509430.8067
2019-08-27,212923514.9757
2019-08-28,213651345.0187
2019-08-29,212887242.8208
2019-08-30,213555566.1601
2019-09-03,216096021.7651
2019-09-04,212648443.399
2019-09-05,206906668.5303
2019-09-06,206621162.2978
2019-09-09,202816531.5901
2019-09-10,199061035.5456
2019-09-11,198565664.7118
2019-09-12,196392561.4005
2019-09-13,190893639.1863
2019-09-16,193001942.1622
2019-09-17,193496345.2199
2019-09-18,194732933.7896
2019-09-19,194516854.5229
2019-09-20,198493814.4427
2019-09-23,199926304.3714
2019-09-24,202035678.6502
2019-09-25,200265496.4353
2019-09-26,201186240.8103
2019-09-27,201711709.4583
2019-09-30,202069825.7507
2019-10-01,203099573.4605
2019-10-02,204833799.2628
2019-10-03,205993691.4908
2019-10-04,206352196.3654
2019-10-07,205570059.1194
2019-10-08,206648376.8077
2019-10-09,205743450.86
2019-10-10,202009369.9225
2019-10-11,197246410.6733
2019-10-14,199348729.4139
2019-10-15,196373248.0452
2019-10-16,196192455.5413
2019-10-17,194712064.0704
2019-10-18,194032856.6924
2019-10-21,192778358.4313
2019-10-22,194036990.817
2019-10-23,193354188.337
2019-10-24,194740167.1857
2019-10-25,194771052.4081
2019-10-28,192679253.9867
2019-10-29,192127775.272
2019-10-30,192427943.0794
2019-10-31,194652525.1617
2019-11-01,195712822.0875
2019-11-04,196225415.4301
2019-11-05,194344104.6456
2019-11-06,195798453.6065
2019-11-07,194146837.7949
2019-11-08,193836842.665
2019-11-11,193536949.0597
2019-11-12,193903020.7887
2019-11-13,194015354.78
2019-11-14,195532712.8674
2019-11-15,195949712.9654
2019-11-18,196683501.8115
2019-11-19,197725317.989
2019-11-20,196983815.8199
2019-11-21,195867015.3112
2019-11-22,197303068.5125
2019-11-25,199165995.2784
2019-11-26,199995197.5067
2019-11-27,200549282.5436
2019-11-29,199451227.1309
2019-12-02,195791988.4722
2019-12-03,196760188.4706
2019-12-04,197379351.033
2019-12-05,196360336.5637
2019-12-06,197814868.1112
2019-12-09,196933613.2008
2019-12-10,196282397.8285
2019-12-11,198284606.0789
2019-12-12,197577037.1431
2019-12-13,200413271.9058
2019-12-16,200855840.7676
2019-12-17,201516720.0911
2019-12-18,201376442.3025
2019-12-19,202059774.5141
2019-12-20,202781357.4885
2019-12-23,203269821.3187
2019-12-24,203793017.9427
2019-12-26,205111068.89
2019-12-27,203888262.1787
2019-12-30,202228398.6314
2019-12-31,201497226.248
2020-01-02,206295506.7013
2020-01-03,206430503.0273
2020-01-06,206977070.3663
2020-01-07,207035646.9037
2020-01-08,207156357.359
2020-01-09,208633469.3985
2020-01-10,208571454.9611
2020-01-13,209289688.4589
2020-01-14,209722441.9603
2020-01-15,210189245.665
2020-01-16,212287723.7221
2020-01-17,212999892.6546
2020-01-21,212290083.3285
2020-01-22,212752710.5554
2020-01-23,212904791.9097
2020-01-24,212533769.8542
2020-01-27,208824752.322
2020-01-28,210643249.6486
2020-01-29,212046322.353
2020-01-30,211994904.7912
2020-01-31,208027065.5255
2020-02-03,210303962.5453
2020-02-04,212301693.3695
2020-02-05,214052126.1229
2020-02-06,215979177.8637
2020-02-07,216450024.318
2020-02-10,218752540.4681
2020-02-11,218174240.7659
2020-02-12,218739679.1419
2020-02-13,218604557.682
2020-02-14,219305980.4561
2020-02-18,220151670.1597
2020-02-19,222260807.6763
2020-02-20,224124056.7629
2020-02-21,222422404.7666
2020-02-24,217429193.7666
2020-02-25,211488392.4347
2020-02-26,211666152.4851
2020-02-27,202955497.6111
2020-02-28,202556859.1175
2020-03-02,199897103.6285
2020-03-03,205241303.0141
2020-03-04,203283172.8618
2020-03-05,209124980.3447
2020-03-06,215304534.5818
2020-03-09,228016323.7842
2020-03-10,215213336.4277
2020-03-11,214943543.4543
2020-03-12,220516298.8846
2020-03-13,219830671.4453
2020-03-16,232552059.7424
2020-03-17,222617099.4583
2020-03-18,221622319.4942
2020-03-19,220141413.8894
2020-03-20,227797386.6498
2020-03-23,239091060.4516
2020-03-24,231770236.3109
2020-03-25,232232842.2144
2020-03-26,230898245.1202
2020-03-27,236063469.3415
2020-03-30,234951425.7069
2020-03-31,232901730.2227
2020-04-01,237589462.6708
2020-04-02,236139442.5489
2020-04-03,237666070.0949
2020-04-06,234033974.3984
2020-04-07,232792623.9369
2020-04-08,231271333.024
2020-04-09,230067342.5677
2020-04-13,230720039.6251
2020-04-14,229712915.9886
2020-04-15,233902435.393
2020-04-16,234446793.1703
2020-04-17,231786135.1998
2020-04-20,233955229.8932
2020-04-21,237882145.1774
2020-04-22,236885859.165
2020-04-23,236620080.9403
2020-04-24,236695889.4482
2020-04-27,235024385.7232
2020-04-28,234783436.8868
2020-04-29,231991014.979
2020-04-30,231980048.2781
2020-05-01,234503848.3421
2020-05-04,234703717.5902
2020-05-05,233559765.6938
2020-05-06,234369096.2113
2020-05-07,233628793.7307
2020-05-08,231053477.2975
2020-05-11,231181628.8009
2020-05-12,232903416.0752
2020-05-13,234619140.6766
2020-05-14,234796564.8865
2020-05-15,234623883.2086
2020-05-18,229386522.9338
2020-05-19,230041008.1241
2020-05-20,228501931.9816
2020-05-21,229057058.6716
2020-05-22,230111113.8985
2020-05-26,226377270.0119
2020-05-27,225879013.6817
2020-05-28,225407338.6827
2020-05-29,225271670.1506
2020-06-01,223381465.0058
2020-06-02,222219824.77
2020-06-03,219379002.3872
2020-06-04,218621327.5654
2020-06-05,216688338.7981
2020-06-08,216431326.1223
2020-06-09,217550927.5176
2020-06-10,218844566.399
2020-06-11,222360606.5224
2020-06-12,221747612.2089
2020-06-15,221146659.1908
2020-06-16,220863023.0008
2020-06-17,221307644.907
2020-06-18,222217781.2118
2020-06-19,222753105.9319
2020-06-22,221573651.1804
2020-06-23,221237487.9852
2020-06-24,223013034.6493
2020-06-25,222837498.686
2020-06-26,224523964.3215
2020-06-29,223563786.4761
2020-06-30,223408725.6196
2020-07-01,222250844.2624
2020-07-02,222070746.2647
2020-07-06,221210482.347
2020-07-07,222621613.0331
2020-07-08,221421117.6811
2020-07-09,222944299.9134
2020-07-10,222218624.9256
2020-07-13,223186037.8189
2020-07-14,222720093.429
2020-07-15,220953513.85
2020-07-16,221549980.0367
2020-07-17,221308597.6394
2020-07-20,221663972.8071
2020-07-21,221047690.9657
2020-07-22,221821509.8786
2020-07-23,222372418.7927
2020-07-24,222171549.9783
2020-07-27,221458536.2991
2020-07-28,222315529.4397
2020-07-29,221320750.7593
2020-07-30,221193910.2913
2020-07-31,222926640.3319
2020-08-03,222616842.0334
2020-08-04,224761457.9774
2020-08-05,225104994.2385
2020-08-06,226751958.1492
2020-08-07,224674535.6423
2020-08-10,223949106.3256
2020-08-11,220482323.0265
2020-08-12,220325222.7797
2020-08-13,220669774.779
2020-08-14,220771273.8953
2020-08-17,222346898.2216
2020-08-18,224470313.5543
2020-08-19,221040409.9623
2020-08-20,222989988.7173
2020-08-21,222394331.2489
2020-08-24,222010128.6329
2020-08-25,222073373.5798
2020-08-26,223294007.007
2020-08-27,221484555.6912
2020-08-28,224174220.8907
2020-08-31,225111369.6041
2020-09-01,226003556.9178
2020-09-02,226492522.0315
2020-09-03,224134120.2974
2020-09-04,222671611.4919
2020-09-08,220400622.5791
2020-09-09,222555325.2291
2020-09-10,221430096.328
2020-09-11,221886872.2854
2020-09-14,223377884.9626
2020-09-15,223432188.2983
2020-09-16,222352326.3236
2020-09-17,221984245.5622
2020-09-18,220682006.1063
2020-09-21,218416442.4538
2020-09-22,218135263.1205
2020-09-23,215206354.6007
2020-09-24,215286868.5102
2020-09-25,215321661.8306
2020-09-28,217911773.1036
2020-09-29,219455028.4586
2020-09-30,218419490.1352
2020-10-01,219778709.7471
2020-10-02,219023614.0849
2020-10-05,218069040.3552
2020-10-06,217160589.0194
2020-10-07,216453924.3708
2020-10-08,216772607.2034
2020-10-09,219056875.7568
2020-10-12,220654479.3037
2020-10-13,219069631.8827
2020-10-14,219398849.5315
2020-10-15,217967444.2097
2020-10-16,217939076.1632
2020-10-19,217958476.8014
2020-10-20,217972754.6231
2020-10-21,219979386.2369
2020-10-22,217828345.0691
2020-10-23,218847909.9663
2020-10-26,218641561.9803
2020-10-27,219976524.0882
2020-10-28,218902426.7483
2020-10-29,217905037.6128
2020-10-30,216715046.7666
2020-11-02,216820616.1533
2020-11-03,216409409.3481
2020-11-04,219143802.3036
2020-11-05,221148777.4303
2020-11-06,220996781.906
2020-11-09,213797338.2761
2020-11-10,210892963.736
2020-11-11,210889601.2066
2020-11-12,213452926.8977
2020-11-13,214048942.4918
2020-11-16,213671962.1508
2020-11-17,213693148.9981
2020-11-18,213407508.3534
2020-11-19,214127171.0975
2020-11-20,214365053.3408
2020-11-23,212441405.2376
2020-11-24,211277968.5072
2020-11-25,211462925.2041
2020-11-27,212805324.8812
2020-11-30,212796292.2215
2020-12-01,215981406.916
2020-12-02,216105895.0821
2020-12-03,218501256.2045
2020-12-04,218221991.2151
2020-12-07,218854215.7584
2020-12-08,219333266.7896
2020-12-09,217819097.0432
2020-12-10,219471080.19
2020-12-11,219117830.3496
2020-12-14,219362562.5076
2020-12-15,221783764.3048
2020-12-16,222378897.138
2020-12-17,224333362.5784
2020-12-18,223144035.9191
2020-12-21,222056172.8296
2020-12-22,220998200.6658
2020-12-23,222274285.1903
2020-12-24,222380364.8375
2020-12-28,223342222.7818
2020-12-29,224217470.5819
2020-12-30,226026242.9985
2020-12-31,225417410.5318
2021-01-04,225522968.1959
2021-01-05,226876413.2131
2021-01-06,225200508.7591
2021-01-07,224218344.1259
2021-01-08,222740652.1116
2021-01-11,219466525.8216
2021-01-12,221296556.1571
2021-01-13,221605582.5062
2021-01-14,221856595.4603
2021-01-15,219098515.4593
2021-01-19,221768326.63
2021-01-20,224295132.8537
2021-01-21,225081495.5998
2021-01-22,224608535.3932
2021-01-25,225210960.711
2021-01-26,225253477.0517
2021-01-27,220546471.8084
2021-01-28,222404811.3712
2021-01-29,218851387.2799
2021-02-01,220948036.0194
2021-02-02,220945436.4932
2021-02-03,220973106.9676
2021-02-04,220282832.7042
2021-02-05,222812339.1732
2021-02-08,225473976.1425
2021-02-09,227296830.0843
2021-02-10,227560417.5718
2021-02-11,227899945.9526
2021-02-12,227267009.8352
2021-02-16,225062659.5926
2021-02-17,223785776.5459
2021-02-18,223475140.1367
2021-02-19,223967967.1493
2021-02-22,223672141.0376
2021-02-23,223114985.283
2021-02-24,224138088.1309
2021-02-25,214548403.6618
2021-02-26,214072348.2247
2021-03-01,217663899.0066
2021-03-02,218437797.8283
2021-03-03,215091030.2058
2021-03-04,210074430.8585
2021-03-05,211112456.4482
2021-03-08,207311757.2008
2021-03-09,212431846.5899
2021-03-10,214147708.3651
2021-03-11,217677768.6911
2021-03-12,215962495.1793
2021-03-15,216398608.2454
2021-03-16,216660659.4627
2021-03-17,219221259.7661
2021-03-18,214069694.2489
2021-03-19,214589171.2604
2021-03-22,215457098.4433
2021-03-23,211010246.0881
2021-03-24,209357744.481
2021-03-25,209616308.8907
2021-03-26,212874539.171
2021-03-29,211083617.572
2021-03-30,208747079.157
2021-03-31,210487113.1571
2021-04-01,214104960.9861
2021-04-05,215762285.1221
2021-04-06,216126452.7051
2021-04-07,215684500.5773
2021-04-08,218044792.0055
2021-04-09,217706005.7449
2021-04-12,216745352.3928
2021-04-13,219037429.4269
2021-04-14,220369670.7713
2021-04-15,222888348.1245
2021-04-16,223572156.2181
2021-04-19,223512512.3759
2021-04-20,220901175.7199
2021-04-21,223464438.0088
2021-04-22,221965982.1229
2021-04-23,225122351.0171
2021-04-26,226592634.0295
2021-04-27,226506806.8775
2021-04-28,228061764.7967
2021-04-29,228312897.908
2021-04-30,224786116.5779
2021-05-03,228102883.1823
2021-05-04,225409758.9992
2021-05-05,227839040.3521
2021-05-06,230954673.3782
2021-05-07,235142136.7643
2021-05-10,233814704.1898
2021-05-11,232890825.4355
2021-05-12,227934349.8425
2021-05-13,227720440.3572
2021-05-14,232028430.8889
2021-05-17,233164226.2777
2021-05-18,234010036.7346
2021-05-19,230316329.5334
2021-05-20,232933203.56
2021-05-21,232566394.7432
2021-05-24,234796116.9281
2021-05-25,234459456.4685
2021-05-26,234296919.9712
2021-05-27,236570073.3738
2021-05-28,236628857.1935
2021-06-01,238945004.2581
2021-06-02,240001988.5006
2021-06-03,236089750.4267
2021-06-04,239606605.6514
2021-06-07,240355776.7994
2021-06-08,240198491.9296
2021-06-09,238445980.0494
2021-06-10,240198736.9652
2021-06-11,239082819.3294
2021-06-14,239288044.6273
2021-06-15,238728103.2558
2021-06-16,234168549.2552
2021-06-17,228104412.2206
2021-06-18,222478395.0957
2021-06-21,227968110.1195
2021-06-22,229135638.4475
2021-06-23,228530058.028
2021-06-24,230194394.5462
2021-06-25,231308814.56
2021-06-28,230207809.9529
2021-06-29,229213218.2939
2021-06-30,228954525.82
2021-07-01,229452579.3179
2021-07-02,230814629.6945
2021-07-06,225858362.1093
2021-07-07,224940894.2925
2021-07-08,221798835.4892
2021-07-09,227897903.2381
2021-07-12,228934269.8781
2021-07-13,227832802.9014
2021-07-14,227362796.6256
2021-07-15,224293913.8181
2021-07-16,222183862.6518
2021-07-19,213781603.3015
2021-07-20,216799059.3688
2021-07-21,222735250.077
2021-07-22,222820868.7332
2021-07-23,224743082.8526
2021-07-26,226444531.0207
2021-07-27,223941650.4276
2021-07-28,226023825.2749
2021-07-29,228937053.6221
2021-07-30,225916454.0017
2021-08-02,224923257.9272
2021-08-03,226359537.9723
2021-08-04,225207484.392
2021-08-05,227866144.0044
2021-08-06,228620280.3167
2021-08-09,228063477.6416
2021-08-10,229884501.4898
2021-08-11,231071011.7773
2021-08-12,230592796.6295
2021-08-13,229944763.875
2021-08-16,227949426.3052
2021-08-17,224626588.6255
2021-08-18,222966611.4718
2021-08-19,219389854.894
2021-08-20,219315518.8204
2021-08-23,223841427.6773
2021-08-24,226758296.0685
2021-08-25,228470106.922
2021-08-26,226178506.7939
2021-08-27,229019093.6481
2021-08-30,229478878.5067
2021-08-31,229151632.2942
2021-09-01,230304567.5034
2021-09-02,231725847.93
2021-09-03,232071760.0898
2021-09-07,232859312.2391
2021-09-08,231703892.611
2021-09-09,230315564.5632
2021-09-10,230619914.5612
2021-09-13,232141739.1478
2021-09-14,229625896.7567
2021-09-15,232332321.2745
2021-09-16,233549694.7084
2021-09-17,231501995.6978
2021-09-20,224689755.894
2021-09-21,225567848.142
2021-09-22,228383739.5085
2021-09-23,233521616.95
2021-09-24,233312099.7035
2021-09-27,234799138.8706
2021-09-28,230128318.7465
2021-09-29,230462708.5005
2021-09-30,228401781.8337
2021-10-01,230031275.9507
2021-10-04,228332226.7221
2021-10-05,231435483.0853
2021-10-06,229468189.2376
2021-10-07,233764398.2348
2021-10-08,234331566.9596
2021-10-11,235041372.9894
2021-10-12,234531102.8765
2021-10-13,235618870.718
2021-10-14,239070502.2426
2021-10-15,242593181.6679
2021-10-18,242488646.7561
2021-10-19,244537389.8749
2021-10-20,245241060.2749
2021-10-21,244426930.9732
2021-10-22,243895745.9333
2021-10-25,245122813.1065
2021-10-26,246238287.2838
2021-10-27,243642774.1678
2021-10-28,245517457.9282
2021-10-29,243998155.0668
2021-11-01,246070618.3611
2021-11-02,244601010.0864
2021-11-03,246764482.1766
2021-11-04,244542196.572
2021-11-05,245044474.4474
2021-11-08,247352754.8781
2021-11-09,245663887.2902
2021-11-10,244276134.4263
2021-11-11,246032307.6778
2021-11-12,247586635.9323
2021-11-15,248372042.4268
2021-11-16,248928522.0455
2021-11-17,246712223.7426
2021-11-18,246801512.1023
2021-11-19,244131448.3804
2021-11-22,244415508.213
2021-11-23,246020649.0603
2021-11-24,244731264.8015
2021-11-26,229276632.9711
2021-11-29,231338418.6667
2021-11-30,225538124.9448
2021-12-01,223067297.4329
2021-12-02,228593090.3329
2021-12-03,225557082.0747
2021-12-06,230838847.2394
2021-12-07,237049980.2218
2021-12-08,237501017.2882
2021-12-09,234600444.7783
2021-12-10,235077688.1864
2021-12-13,232232434.7256
2021-12-14,231738347.4116
2021-12-15,234209489.1426
2021-12-16,231809230.9678
2021-12-17,230523883.6657
2021-12-20,228394522.1979
2021-12-21,233830835.7147
2021-12-22,235414179.2524
2021-12-23,237376361.2721
2021-12-27,240356724.2081
2021-12-28,240065827.459
2021-12-29,240502838.6529
2021-12-30,239696521.3442
2021-12-31,238212010.7215
2022-01-03,244335984.8653
2022-01-04,244312053.4684
2022-01-05,242278141.5198
2022-01-06,243647395.1168
2022-01-07,242749181.189
2022-01-10,242560320.295
2022-01-11,243674236.8767
2022-01-12,242195208.5782
2022-01-13,239095357.8528
2022-01-14,242811725.3829
2022-01-18,243619028.1462
2022-01-19,240735427.5661
2022-01-20,238957395.2274
2022-01-21,234216770.1042
2022-01-24,235092107.0504
2022-01-25,234775983.9701
2022-01-26,238173786.3721
2022-01-27,239393193.4047
2022-01-28,241714444.6437
2022-01-31,242924551.2139
2022-02-01,243026349.0058
2022-02-02,242748432.2609
2022-02-03,241334449.9425
2022-02-04,244323764.5866
2022-02-07,243456250.5052
2022-02-08,244957392.9832
2022-02-09,246828132.2189
2022-02-10,248490260.8441
2022-02-11,244742376.2864
2022-02-14,246569179.8203
2022-02-15,247710215.415
2022-02-16,246208586.8898
2022-02-17,243170973.7799
2022-02-18,242762193.493
2022-02-22,243026925.097
2022-02-23,243632076.2508
2022-02-24,245579846.7376
2022-02-25,246144614.6634
2022-02-28,242903888.6516
2022-03-01,244301854.2727
2022-03-02,250790838.9255
2022-03-03,250606415.4978
2022-03-04,252126595.1797
2022-03-07,257366615.9637
2022-03-08,259738397.4966
2022-03-09,254513500.7253
2022-03-10,256797898.3094
2022-03-11,259340741.9324
2022-03-14,260441092.8072
2022-03-15,258754042.6853
2022-03-16,256871057.6058
2022-03-17,260225920.4038
2022-03-18,260275736.2158
2022-03-21,266098869.7094
2022-03-22,267209280.1778
2022-03-23,267910222.9901
2022-03-24,268800016.9496
2022-03-25,271460034.448
2022-03-28,270320535.3363
2022-03-29,267996539.0146
2022-03-30,267502268.7664
2022-03-31,266416548.8762
2022-04-01,266788286.5338
2022-04-04,267836410.7446
2022-04-05,271418148.3401
2022-04-06,272123581.3298
2022-04-07,273684386.861
2022-04-08,276630424.8739
2022-04-11,278512061.0931
2022-04-12,278883468.3527
2022-04-13,278221536.4916
2022-04-14,280709351.5679
2022-04-18,283828953.8346
2022-04-19,284503010.515
2022-04-20,281744261.2807
2022-04-21,283018817.6183
2022-04-22,282048303.1428
2022-04-25,279280926.89
2022-04-26,278958525.9391
2022-04-27,281376416.4143
2022-04-28,284816838.8618
2022-04-29,283155891.5528
2022-05-02,284830958.1562
2022-05-03,283155575.687
2022-05-04,277973808.8261
2022-05-05,287513516.708
2022-05-06,290337583.0103
2022-05-09,290046281.2782
2022-05-10,289131885.5543
2022-05-11,291173317.8971
2022-05-12,292786683.6738
2022-05-13,291927169.4386
2022-05-16,292217626.581
2022-05-17,289645139.7174
2022-05-18,290161025.6782
2022-05-19,284590853.0865
2022-05-20,284020488.4053
2022-05-23,282191461.335
2022-05-24,279343970.2797
2022-05-25,277926215.2638
2022-05-26,276488046.0797
2022-05-27,274191270.8979
2022-05-31,277379579.3451
2022-06-01,280604735.1635
2022-06-02,276204592.7501
2022-06-03,280356482.1614
2022-06-06,283422129.422
2022-06-07,281848648.1143
2022-06-08,286109854.2851
2022-06-09,290673481.4576
2022-06-10,296915661.2515
2022-06-13,310050327.4983
2022-06-14,313013357.5518
2022-06-15,303802702.241
2022-06-16,302215713.7892
2022-06-17,304105430.2728
2022-06-21,303914116.1625
2022-06-22,300359618.8511
2022-06-23,297278506.9063
2022-06-24,295213422.1448
2022-06-27,297345050.1805
2022-06-28,300884006.4829
2022-06-29,300787309.423
2022-06-30,298793996.5618
2022-07-01,296234674.7076
2022-07-05,298124750.4404
2022-07-06,300751536.7754
2022-07-07,299054645.3984
2022-07-08,300843051.6627
2022-07-11,305710995.0251
2022-07-12,303263147.4196
2022-07-13,302555144.9379
2022-07-14,306996735.2791
2022-07-15,301687857.236
2022-07-18,302637883.3636
2022-07-19,296864843.4987
2022-07-20,297161197.8041
2022-07-21,291067524.2357
2022-07-22,288522564.0749
2022-07-25,289333519.1172
2022-07-26,292927603.712
2022-07-27,286132881.9726
2022-07-28,281506660.6372
2022-07-29,278344242.7921
2022-08-01,275032439.4292
2022-08-02,282078578.682
2022-08-03,279048089.8275
2022-08-04,276062257.6583
2022-08-05,282700464.746
2022-08-08,279847859.9685
2022-08-09,282021305.911
2022-08-10,274939311.4513
2022-08-11,277601717.6755
2022-08-12,273931286.0538
2022-08-15,276269764.0247
2022-08-16,276063767.1289
2022-08-17,280706476.5576
2022-08-18,281933699.8656
2022-08-19,288548348.1332
2022-08-22,294436849.8746
2022-08-23,293638497.2623
2022-08-24,294771785.8738
2022-08-25,289439494.7825
2022-08-26,296773415.0561
2022-08-29,299605628.3039
2022-08-30,301596851.8437
2022-08-31,304264000.9283
2022-09-01,309179097.1443
2022-09-02,308774602.0512
2022-09-06,314914360.2346
2022-09-07,307468210.0841
2022-09-08,308180157.1387
2022-09-09,302413372.5426
2022-09-12,298631965.6764
2022-09-13,312297536.7911
2022-09-14,310542366.6238
2022-09-15,314066473.835
2022-09-16,315267817.449
2022-09-19,314418192.6797
2022-09-20,320035794.3994
2022-09-21,323229197.2317
2022-09-22,328027627.8502
2022-09-23,338209922.2804
2022-09-26,347228938.3775
2022-09-27,350283945.4944
2022-09-28,337490198.2186
2022-09-29,341157236.921
2022-09-30,343874828.1553
2022-10-03,332603586.1439
2022-10-04,321010706.3756
2022-10-05,328026258.9818
2022-10-06,334970917.9492
2022-10-07,343778630.4111
2022-10-10,349326378.8797
2022-10-11,351158880.8336
2022-10-12,350526987.3402
2022-10-13,346857234.5328
2022-10-14,354600888.5795
2022-10-17,345538779.8664
2022-10-18,342628847.6943
2022-10-19,350530353.4365
2022-10-20,352952800.4844
2022-10-21,343997605.6437
2022-10-24,346012542.3754
2022-10-25,336072580.5571
2022-10-26,330806248.4176
2022-10-27,331630827.5971
2022-10-28,330723156.2857
2022-10-31,336224560.7152
2022-11-01,334395931.7177
2022-11-02,340504071.6091
2022-11-03,345811912.1302
2022-11-04,334428964.2168
2022-11-07,333411669.3841
2022-11-08,327437033.6259
2022-11-09,332353513.2452
2022-11-10,306667215.0445
2022-11-11,299498412.2531
2022-11-14,302878722.4075
2022-11-15,297913679.1697
2022-11-16,296983422.0952
2022-11-17,300144895.8355
2022-11-18,301109758.7782
2022-11-21,304856653.3822
2022-11-22,298829246.3014
2022-11-23,290475841.1972
2022-11-25,289893172.9019
2022-11-28,295598908.4394
2022-11-29,296142974.0982
2022-11-30,285735857.0803
2022-12-01,279432224.9889
2022-12-02,277719646.0354
2022-12-05,283999985.9703
2022-12-06,283524428.862
2022-12-07,279923814.3101
2022-12-08,278846375.0453
2022-12-09,280686330.9061
2022-12-12,281494722.1523
2022-12-13,276624943.4029
2022-12-14,276405791.2175
2022-12-15,281464132.6469
2022-12-16,282206940.7271
2022-12-19,284886439.6859
2022-12-20,283399506.2826
2022-12-21,282704928.6257
2022-12-22,285116463.355
2022-12-23,286250807.6802
2022-12-27,288032470.1513
2022-12-28,290754388.8496
2022-12-29,285620420.4326
2022-12-30,286905555.1661
2023-01-03,285741115.3676
2023-01-04,279435327.4806
2023-01-05,283042657.2048
2023-01-06,272708813.6064
2023-01-09,270268621.4157
2023-01-10,270581759.7822
2023-01-11,268004253.4558
2023-01-12,261726031.3514
2023-01-13,262100891.6184
2023-01-17,262791903.9979
2023-01-18,260778482.9624
2023-01-19,260829059.8626
2023-01-20,260362632.8569
2023-01-23,259680645.1045
2023-01-24,258302310.9942
2023-01-25,256344563.6855
2023-01-26,256768448.2897
2023-01-27,256885941.8688
2023-01-30,260405247.3431
2023-01-31,257762729.4177
2023-02-01,252970740.496
2023-02-02,251856589.4008
2023-02-03,257032993.1815
2023-02-06,261419336.6419
2023-02-07,259830485.5161
2023-02-08,260711809.2996
2023-02-09,261684195.3711
2023-02-10,263815603.0721
2023-02-13,260960672.222
2023-02-14,261388576.6991
2023-02-15,262818498.3612
2023-02-16,264923386.4716
2023-02-17,263714427.1288
2023-02-21,268364222.3007
2023-02-22,268382931.652
2023-02-23,266715917.9295
2023-02-24,271720146.4464
2023-02-27,268948252.5759
2023-02-28,270484824.162
2023-03-01,269659586.0041
2023-03-02,270580809.5391
2023-03-03,263097100.1003
2023-03-06,264810631.7406
2023-03-07,273264670.3191
2023-03-08,273295005.1928
2023-03-09,274140278.3402
2023-03-10,269809043.1651
2023-03-13,264987411.3137
2023-03-14,265694585.281
2023-03-15,269602070.3601
2023-03-16,267779963.559
2023-03-17,265678591.9721
2023-03-20,263241263.9631
2023-03-21,262440518.4941
2023-03-22,258643873.2155
2023-03-23,257276235.5303
2023-03-24,257976345.9174
2023-03-27,258667187.885
2023-03-28,256897664.8804
2023-03-29,255728417.0878
2023-03-30,251291671.9305
2023-03-31,248212259.8444
2023-04-03,244104983.5069
2023-04-04,242546460.8944
2023-04-05,243130375.5434
2023-04-06,242769791.5548
2023-04-10,245660115.0567
2023-04-11,243553739.0375
2023-04-12,241722978.3514
2023-04-13,237987902.8718
2023-04-14,241749888.938
2023-04-17,243382640.8901
2023-04-18,241862855.5478
2023-04-19,244103202.8121
2023-04-20,243397465.6712
2023-04-21,244208170.4875
2023-04-24,242060387.3788
2023-04-25,244389903.2744
2023-04-26,246009752.3141
2023-04-27,244596008.5787
2023-04-28,242741892.5666
2023-05-01,245777713.5313
2023-05-02,245717260.0299
2023-05-03,246149688.4487
2023-05-04,246017064.5409
2023-05-05,243958373.0576
2023-05-08,244996427.5917
2023-05-09,245254256.8488
2023-05-10,243388771.8235
2023-05-11,243154836.9797
2023-05-12,244759064.1893
2023-05-15,244273302.2264
2023-05-16,245963429.2336
2023-05-17,245567668.94
2023-05-18,246432476.43
2023-05-19,247630401.1622
2023-05-22,247488577.3954
2023-05-23,246766377.0535
2023-05-24,247471320.226
2023-05-25,249577826.4163
2023-05-26,248518270.6696
2023-05-30,247879800.0268
2023-05-31,247389921.4621
2023-06-01,244229485.2403
2023-06-02,243798085.6904
2023-06-05,244410131.6369
2023-06-06,243433509.8967
2023-06-07,243554138.5414
2023-06-08,241497184.2451
2023-06-09,242674018.1859
2023-06-12,243106300.1664
2023-06-13,242672370.8639
2023-06-14,242074191.4877
2023-06-15,237359073.7385
2023-06-16,237463001.0713
2023-06-20,237355704.9323
2023-06-21,236304209.943
2023-06-22,239488701.5816
2023-06-23,240939285.5205
2023-06-26,240214423.9522
2023-06-27,240850558.4045
2023-06-28,241739308.4812
2023-06-29,243402351.652
2023-06-30,241166505.8965
2023-07-03,242033704.1889
2023-07-05,240748130.0192
2023-07-06,239853606.9685
2023-07-07,241328783.8798
2023-07-10,241498539.5699
2023-07-11,242815857.2348
2023-07-12,244638047.3066
2023-07-13,246818811.4933
2023-07-14,247678547.4185
2023-07-17,247985444.0265
2023-07-18,249695066.3581
2023-07-19,249245315.3493
2023-07-20,247727928.5311
2023-07-21,247823174.7721
2023-07-24,246843725.7147
2023-07-25,247754507.3925
2023-07-26,248508848.0901
2023-07-27,246600016.0242
2023-07-28,247973645.7435
2023-07-31,247835428.0949
2023-08-01,247332089.0545
2023-08-02,243798539.86
2023-08-03,244348442.5853
2023-08-04,242482218.8251
2023-08-07,243738314.8131
2023-08-08,240509169.5988
2023-08-09,239481929.0657
2023-08-10,241740381.5413
2023-08-11,241530147.1605
2023-08-14,241096770.7861
2023-08-15,239444744.4375
2023-08-16,239036242.998
2023-08-17,238178387.1505
2023-08-18,237247335.2969
2023-08-21,240052859.0356
2023-08-22,238557215.6003
2023-08-23,238885236.9755
2023-08-24,236659610.3265
2023-08-25,237375522.2384
2023-08-28,239166852.293
2023-08-29,240972795.2454
2023-08-30,241987106.5507
2023-08-31,239524980.6316
2023-09-01,239876256.3179
2023-09-05,238765032.7057
2023-09-06,237529245.2618
2023-09-07,235668964.9567
2023-09-08,235156543.9959
2023-09-11,237589440.1449
2023-09-12,236359334.8017
2023-09-13,235726167.1578
2023-09-14,237201278.8246
2023-09-15,237386110.4993
2023-09-18,236771677.5882
2023-09-19,237143215.3591
2023-09-20,236383193.1341
2023-09-21,233851416.6302
2023-09-22,232442521.5762
2023-09-25,233381351.1166
2023-09-26,230292322.6981
2023-09-27,229442121.725
2023-09-28,231194264.3137
2023-09-29,229866296.0283
2023-10-02,227007147.596
2023-10-03,225203152.6573
2023-10-04,223356785.5872
2023-10-05,224475747.2184
2023-10-06,229533228.8806
2023-10-09,229006976.0953
2023-10-10,231864994.1783
2023-10-11,231675783.8671
2023-10-12,230452645.1922
2023-10-13,230375569.6005
2023-10-16,234030869.5355
2023-10-17,236359462.597
2023-10-18,234213198.6031
2023-10-19,235067045.6462
2023-10-20,231738515.5138
2023-10-23,230790053.8216
2023-10-24,229879063.1066
2023-10-25,229242691.307
2023-10-26,225412722.9439
2023-10-27,225727358.755
2023-10-30,227769904.4606
2023-10-31,228177256.3659
2023-11-01,226423749.6954
2023-11-02,227465389.4669
2023-11-03,228955273.6663
2023-11-06,230012282.1132
2023-11-07,228187036.9456
2023-11-08,227418485.563
2023-11-09,228576164.305
2023-11-10,229223906.7133
2023-11-13,229921165.7906
2023-11-14,231545017.958
2023-11-15,232797258.0303
2023-11-16,232108591.8749
2023-11-17,233073632.5568
2023-11-20,232972913.1585
2023-11-21,233135577.1409
2023-11-22,232890289.9805
2023-11-24,235059053.6988
2023-11-27,233725977.7152
2023-11-28,234268484.285
2023-11-29,233558982.5367
2023-11-30,233605116.4596
2023-12-01,232503497.2015
2023-12-04,231379389.6867
2023-12-05,229936285.4199
2023-12-06,229457318.7796
2023-12-07,229530057.0428
2023-12-08,229623819.8884
2023-12-11,229869071.588
2023-12-12,231090631.8203
2023-12-13,228844086.3696
2023-12-14,227227466.8105
2023-12-15,225532940.8029
2023-12-18,226651188.074
2023-12-19,227287798.4739
2023-12-20,225318497.7027
2023-12-21,226683251.2652
2023-12-22,227392283.7457
2023-12-26,227336643.8302
2023-12-27,227679425.3046
2023-12-28,227552160.1457
2023-12-29,227804664.3995
2024-01-02,225480819.6148
2024-01-03,223145066.5933
2024-01-04,223973881.9817
2024-01-05,223983603.8757
2024-01-08,227103054.9571
2024-01-09,225650891.6861
2024-01-10,227155315.2282
2024-01-11,226681797.128
2024-01-12,226485917.6303
2024-01-16,224172374.4962
2024-01-17,222327023.4484
2024-01-18,224117319.1788
2024-01-19,226190126.8984
2024-01-22,226871195.0295
2024-01-23,227206776.3217
2024-01-24,228179564.9528
2024-01-25,228058759.8645
2024-01-26,228389306.107
2024-01-29,229610503.8771
2024-01-30,229376558.4205
2024-01-31,226868705.2602
2024-02-01,226122196.6802
2024-02-02,230995719.6152
2024-02-05,233496093.5513
2024-02-06,230832946.8019
2024-02-07,231979887.5836
2024-02-08,232605539.7366
2024-02-09,232916922.8186
2024-02-12,232221121.2621
2024-02-13,236497914.2984
2024-02-14,234950199.6284
2024-02-15,232813202.9329
2024-02-16,232362686.3585
2024-02-20,232585736.1245
2024-02-21,233604385.1821
2024-02-22,235043225.2321
2024-02-23,234385454.9896
2024-02-26,235083153.5208
2024-02-27,235408993.7592
2024-02-28,235328626.4419
2024-02-29,234457916.8819
2024-03-01,237020878.7081
2024-03-04,237950426.7344
2024-03-05,235680388.5497
2024-03-06,237845052.6584
2024-03-07,239793498.3645
2024-03-08,238851100.2596
2024-03-11,238547542.1855
2024-03-12,240920603.6796
2024-03-13,241595918.0356
2024-03-14,241209783.4473
2024-03-15,241882717.3739
2024-03-18,242772684.6626
2024-03-19,243487965.4983
2024-03-20,246216589.2265
2024-03-21,246004352.8637
2024-03-22,245052686.8352
2024-03-25,245608042.5226
2024-03-26,245064118.3271
2024-03-27,247185511.6411
2024-03-28,248373668.2777
2024-04-01,250859028.3362
2024-04-02,248755045.6485
2024-04-03,248101224.4229
2024-04-04,244910861.8612
2024-04-05,248277158.5059
2024-04-08,249445436.0513
2024-04-09,248915300.5541
2024-04-10,250896787.5843
2024-04-11,251936100.8256
2024-04-12,248331880.807
2024-04-15,248670040.1189
2024-04-16,247373598.2869
2024-04-17,245242029.1326
2024-04-18,246558540.2521
2024-04-19,245729832.052
2024-04-22,247991307.6489
2024-04-23,249775130.356
2024-04-24,251037324.778
2024-04-25,250529709.4349
2024-04-26,253097119.3576
2024-04-29,251523168.7048
2024-04-30,249992116.4332
2024-05-01,247685127.2667
2024-05-02,246347975.4865
2024-05-03,246272555.6389
2024-05-06,247524884.1402
2024-05-07,248397756.5468
2024-05-08,249241262.0032
2024-05-09,249051168.0104
2024-05-10,250417864.7965
2024-05-13,248884311.4326
2024-05-14,249091391.6173
2024-05-15,247372702.0229
2024-05-16,246899612.7206
2024-05-17,247573377.8973
2024-05-20,248717799.6849
2024-05-21,247787535.9381
2024-05-22,248193237.5909
2024-05-23,247969866.6323
2024-05-24,248758862.3413
2024-05-28,249266450.673
2024-05-29,248582898.2179
2024-05-30,247043886.4536
2024-05-31,247354308.6078
2024-06-03,244401807.0133
2024-06-04,240394940.9355
2024-06-05,243358144.9143
2024-06-06,244754994.1351
2024-06-07,244799662.7863
2024-06-10,247246682.7714
2024-06-11,244903212.8461
2024-06-12,246487958.7291
2024-06-13,242701998.9229
2024-06-14,241121948.488
2024-06-17,243346081.6931
2024-06-18,242892915.2423
2024-06-20,244906548.267
2024-06-21,243241839.3315
2024-06-24,243853237.1687
2024-06-25,243661690.293
2024-06-26,244582328.9526
2024-06-27,245362528.1962
2024-06-28,246481784.2309
2024-07-01,249216812.3195
2024-07-02,249384163.7362
2024-07-03,249861250.1155
2024-07-05,249014139.873
2024-07-08,247916788.1578
2024-07-09,248171769.2984
2024-07-10,250794224.9305
2024-07-11,249293298.9097
2024-07-12,248884670.7596
2024-07-15,249249685.7274
2024-07-16,250397401.28
2024-07-17,245669352.5424
2024-07-18,244650893.3882
2024-07-19,242870531.5523
2024-07-22,246326310.7139
2024-07-23,245419170.2658
2024-07-24,240960555.4623
2024-07-25,238653616.6223
2024-07-26,240290170.3802
2024-07-29,238920521.458
2024-07-30,238686849.6534
2024-07-31,241067832.5938
2024-08-01,235323048.1955
2024-08-02,224399351.8045
2024-08-05,216825243.4147
2024-08-06,220869407.2633
2024-08-07,223155027.0835
2024-08-08,227591292.7116
2024-08-09,227648585.2309
2024-08-12,227531909.4614
2024-08-13,228591908.3798
2024-08-14,229464947.708
2024-08-15,235136995.7328
2024-08-16,234286842.7065
2024-08-19,234844347.2954
2024-08-20,231617428.7297
2024-08-21,231996410.1271
2024-08-22,232696366.9239
2024-08-23,232914369.7404
2024-08-26,233743316.2442
2024-08-27,232822391.8435
2024-08-28,232889443.4919
2024-08-29,234887651.5618
2024-08-30,237001507.1724
2024-09-03,233333848.5336
2024-09-04,234328183.5081
2024-09-05,235617340.3719
2024-09-06,231265046.7534
2024-09-09,234419515.6395
2024-09-10,235036273.2426
2024-09-11,236986147.809
2024-09-12,239350666.1555
2024-09-13,241541589.6458
2024-09-16,243700500.7025
2024-09-17,242789650.5417
2024-09-18,241822680.6824
2024-09-19,247207003.7644
2024-09-20,246656209.3797
2024-09-23,247971060.682
2024-09-24,250923522.0055
2024-09-25,248662882.6512
2024-09-26,253400844.7967
2024-09-27,252576188.4553
2024-09-30,251634893.3441
2024-10-01,249499947.9814
2024-10-02,248799651.0445
2024-10-03,243217390.8506
2024-10-04,240677469.1778
2024-10-07,236162244.3251
2024-10-08,237351334.8697
2024-10-09,236348237.8432
2024-10-10,236034404.5718
2024-10-11,238354133.6296
2024-10-14,238571653.3409
2024-10-15,238684764.3877
2024-10-16,239777652.9818
2024-10-17,237780628.5256
2024-10-18,240924404.7077
2024-10-21,234956033.0521
2024-10-22,234086938.1203
2024-10-23,229838373.1659
2024-10-24,232255431.7114
2024-10-25,229760006.7986
2024-10-28,232670192.8087
2024-10-29,233457379.7742
2024-10-30,231902917.0914
2024-10-31,227522818.8282
2024-11-01,227535638.3886
2024-11-04,228491080.8676
2024-11-05,231576091.5607
2024-11-06,230021805.3861
2024-11-07,235839824.9214
2024-11-08,235062533.1949
2024-11-11,234622945.0441
2024-11-12,229766076.3501
2024-11-13,228793016.5642
2024-11-14,228550707.0196
2024-11-15,226780771.617
2024-11-18,228700925.2083
2024-11-19,229952465.8449
2024-11-20,229465456.3886
2024-11-21,230132927.7523
2024-11-22,231976111.3111
2024-11-25,235426804.7151
2024-11-26,234243726.3427
2024-11-27,236025456.6843
2024-11-29,239796776.1449
2024-12-02,241598505.3738
2024-12-03,240897978.6182
2024-12-04,243250232.8476
2024-12-05,242826156.2044
2024-12-06,243843936.064
2024-12-09,243269927.9994
2024-12-10,242496309.2025
2024-12-11,243589765.657
2024-12-12,240647844.4634
2024-12-13,238803598.1539
2024-12-16,239005469.4896
2024-12-17,238106760.9215
2024-12-18,231704906.3189
2024-12-19,229724136.5399
2024-12-20,230844698.2928
2024-12-23,231812398.3249
2024-12-24,234384298.0158
2024-12-26,235062277.9991
2024-12-27,231591616.084
2024-12-30,230999793.9269
2024-12-31,231204928.9076
2025-01-02,233051425.9081
2025-01-03,233842791.0008
2025-01-06,233627051.9318
2025-01-07,234762753.5762
2025-01-08,234969365.1516
2025-01-10,236251132.0102
2025-01-13,236265957.1818
2025-01-14,235663842.2139
2025-01-15,235368715.6882
2025-01-16,234273614.4121
2025-01-17,236324705.1956
2025-01-21,235086886.6811
2025-01-22,236485021.9697
2025-01-23,237360128.5945
2025-01-24,235694666.8915
2025-01-27,231606844.4968
2025-01-28,234165932.2186
2025-01-29,235208433.3758
2025-01-30,236385143.6834
2025-01-31,236404940.0794
2025-02-03,234272605.6323
2025-02-04,234724141.0792
2025-02-05,234197675.2263
2025-02-06,235210709.2696
2025-02-07,235016583.4413
2025-02-10,237994849.7443
2025-02-11,238216901.4572
2025-02-12,240910430.829
2025-02-13,239830140.5693
2025-02-14,237159091.1264
2025-02-18,240979081.0774
2025-02-19,238760137.1863
2025-02-20,236064792.2327
2025-02-21,231516513.1036
2025-02-24,230043975.6621
2025-02-25,226966643.1973
2025-02-26,227669554.6333
2025-02-27,226009565.3388
2025-02-28,225738547.6127
2025-03-03,223369730.2006
2025-03-04,221314128.8959
2025-03-05,222142437.8023
2025-03-06,219350930.8062
2025-03-07,220138388.8915
2025-03-10,217013160.9139
2025-03-11,215934111.327
2025-03-12,216609772.739
2025-03-13,216353157.5021
2025-03-14,219054464.8202
2025-03-17,220158396.9349
2025-03-18,219917814.9501
2025-03-19,222491857.2674
2025-03-20,222127749.9965
2025-03-21,221466892.2971
2025-03-24,222778827.1418
2025-03-25,223373618.5146
2025-03-26,221744568.5517
2025-03-27,221862147.467
2025-03-28,220394820.6528
2025-03-31,221341393.6697
2025-04-01,221510398.8192
2025-04-02,221464928.8377
2025-04-03,217227669.816
2025-04-04,211875908.7085
2025-04-07,211155946.1049
2025-04-08,210889354.4205
2025-04-09,218132017.8599
2025-04-10,213489793.4604
2025-04-11,214680923.6825
2025-04-14,214878924.11
2025-04-15,216170383.1262
2025-04-16,214248807.9985
2025-04-17,215590884.6739
2025-04-21,214709413.9529
2025-04-22,217800745.2073
2025-04-23,220280044.9417
2025-04-24,220946980.5432
2025-04-25,220843950.9128
2025-04-28,220495714.0723
2025-04-29,221385114.0562
2025-04-30,222231084.2551
2025-05-01,219222807.8139
2025-05-02,219705636.7815
2025-05-05,220635806.7681
2025-05-06,222261649.7918
2025-05-07,221543925.7941
2025-05-08,217609635.9485
2025-05-09,218813285.6962
2025-05-12,215613453.1861
2025-05-13,216802308.3241
2025-05-14,215165938.9045
2025-05-15,219262184.7869
2025-05-16,218857702.5341
2025-05-19,220800694.4056
2025-05-20,221578365.9044
2025-05-21,220068331.6705
2025-05-22,220378549.1374
2025-05-23,222248873.8809
2025-05-27,224080642.9588
2025-05-28,221797483.2509
2025-05-29,224204575.2427
2025-05-30,225187722.2532
2025-06-02,226853282.5039
2025-06-03,225141998.6879
2025-06-04,227871532.6801
2025-06-05,227269087.7751
2025-06-06,225421533.0027
2025-06-09,226309299.9139
2025-06-10,226378642.1452
2025-06-11,227011522.525
2025-06-12,229662953.841
2025-06-13,226375917.1037
2025-06-16,226765936.8958
2025-06-17,224406526.2162
2025-06-18,223979712.2125
2025-06-20,223255958.352
2025-06-23,227449683.7092
2025-06-24,230901593.3453
2025-06-25,230906960.3237
2025-06-26,233717438.2533
2025-06-27,233340964.8641
2025-06-30,235358084.948
2025-07-01,234437586.3422
2025-07-02,234755124.2001
2025-07-03,234326529.9681
2025-07-07,231128795.4842
2025-07-08,231001017.1079
2025-07-09,233171193.7921
2025-07-10,233309014.2703
2025-07-11,231149163.0516
2025-07-14,231521549.3813
2025-07-15,228242047.3306
2025-07-16,230915218.079
2025-07-17,231128663.0493
2025-07-18,231736605.2029
2025-07-21,234521233.5007
2025-07-22,236920496.9437
2025-07-23,238755076.7127
2025-07-24,236806577.18
2025-07-25,236485227.7832
2025-07-28,232739797.6138
2025-07-29,232955433.2425
2025-07-30,229043464.2131
2025-07-31,227916771.1213
2025-08-01,224688327.0417
2025-08-04,226259701.2101
2025-08-05,226878869.2188
2025-08-06,229135944.0243
2025-08-07,230682646.5659
2025-08-08,231887397.6795
2025-08-11,230884957.9494
2025-08-12,233266206.3521
2025-08-13,233094161.7493
2025-08-14,232947927.9637
2025-08-15,234654787.4253
2025-08-18,234766126.2378
2025-08-19,233037754.5518
2025-08-20,233530906.7698
2025-08-21,233418526.9824
2025-08-22,235118442.4604
2025-08-25,233213719.8975
2025-08-26,233289462.2044
2025-08-27,232870454.2789
2025-08-28,233357972.1686
2025-08-29,233881622.7103
2025-09-02,232911468.4701
2025-09-03,232873200.5553
2025-09-04,232851922.5177
2025-09-05,233128968.2064
2025-09-08,234439719.5383
2025-09-09,233729920.9322
2025-09-10,233468867.4216
2025-09-11,235681204.8416
2025-09-12,235733479.8705
2025-09-15,237907892.6444
2025-09-16,238123612.2805
2025-09-17,236838517.5434
2025-09-18,237824944.9939
2025-09-19,237648579.3176
2025-09-22,239955826.2957
2025-09-23,239086674.56
2025-09-24,237713065.1743
2025-09-25,236652688.4038
2025-09-26,238681110.9128
2025-09-29,239674652.2291
2025-09-30,240196443.326
2025-10-01,240066227.0889
2025-10-02,239408265.9399
2025-10-03,241565707.0094
2025-10-06,244711357.8746
2025-10-07,242443977.3377
2025-10-08,244119625.2275
2025-10-09,242042684.1613
2025-10-10,235297120.0385
2025-10-13,238606977.945
2025-10-14,238721767.7759
2025-10-15,241388431.1467
2025-10-16,240251089.9758
2025-10-17,239529618.5898
2025-10-20,242415484.14
2025-10-21,237554264.6881
2025-10-22,237911727.9884
2025-10-23,241222991.8893
2025-10-24,241851602.4524
2025-10-27,241509458.8567
2025-10-28,240866377.2256
2025-10-29,242616772.8816
2025-10-30,243073570.4488
2025-10-31,243177165.1804
2025-11-03,243507589.961
2025-11-04,239079327.9281
2025-11-05,240527264.3766
2025-11-06,240587950.021
2025-11-07,241787820.1146
2025-11-10,246357474.1703
2025-11-11,248496609.6952
2025-11-12,249498503.0826
2025-11-13,244904923.6593
2025-11-14,243346207.5938
2025-11-17,240546371.3567
2025-11-18,239186136.8622
2025-11-19,237891695.3475
2025-11-20,235037652.9958
2025-11-21,238703697.0955
2025-11-24,241378315.8418
2025-11-25,245247256.2407
2025-11-26,249425250.7183
2025-11-28,251250914.2585
2025-12-01,249345206.7141
2025-12-02,250363668.5828
2025-12-03,252369238.6289
2025-12-04,251048703.1477
2025-12-05,251215970.2825
2025-12-08,249813020.6146
2025-12-09,249622804.698
2025-12-10,253675897.2934
2025-12-11,255440594.5276
2025-12-12,253153646.7708
2025-12-15,254796980.0342
2025-12-16,255008744.1644
2025-12-17,254762690.9819
2025-12-18,256693533.3931
2025-12-19,257953403.4287
2025-12-22,259300138.1038
2025-12-23,261056497.8579
2025-12-24,261904919.731
2025-12-26,264634603.4991
2025-12-29,262607063.33
2025-12-30,263215633.5117
2025-12-31,260718546.9721
2026-01-02,263015062.2899
2026-01-05,268265124.164
2026-01-06,269751799.1323
2026-01-07,267317712.5163
2026-01-08,266051495.5
2026-01-09,268594671.4624
2026-01-12,272707087.5985
2026-01-13,271703336.9998
2026-01-14,273878477.3028
2026-01-15,272340984.2296
2026-01-16,271074227.9564
2026-01-20,270611964.3765
2026-01-21,274693916.1001
2026-01-22,278795222.231
2026-01-23,283250479.1069
2026-01-26,286862524.3323
2026-01-27,294469371.7887
2026-01-28,294065101.7802
2026-01-29,295156584.3791
2026-01-30,282056051.8799
2026-02-02,280836941.2188
2026-02-03,284063541.3796
2026-02-04,283449962.9887
2026-02-05,277647958.6979
2026-02-06,287213814.6735
2026-02-09,294587420.5091
2026-02-10,294015779.6076
2026-02-11,294940405.8893
2026-02-12,290894649.8588
2026-02-13,295082158.4394
2026-02-17,292544591.431
2026-02-18,292860975.0096
2026-02-19,292427662.4135
2026-02-20,296505769.6126
2026-02-23,296100150.0076
2026-02-24,297267507.661
2026-02-25,301774313.5281
2026-02-26,302018263.2959
2026-02-27,303109264.4693
2026-03-02,297344121.7607
2026-03-03,287662538.3488
2026-03-04,291701978.1199
2026-03-05,284441269.0786
2026-03-06,284367838.6008
2026-03-09,289123206.1303
2026-03-10,288997187.551
2026-03-11,286762534.8493
2026-03-12,279467346.3017
2026-03-13,273479306.0155
2026-03-16,281849924.9999
2026-03-17,286237215.5084
2026-03-18,276299942.7877
2026-03-19,276580476.3361
2026-03-20,263472688.5815
2026-03-23,269398600.1947
2026-03-24,265632742.3968
2026-03-25,270534478.2344
2026-03-26,259285434.4634
2026-03-27,258864808.7612
2026-03-30,261122178.0268
2026-03-31,272790335.881
2026-04-01,276192982.0618
2026-04-02,275386827.2579
2026-04-06,277560659.324
2026-04-07,278027270.3765
2026-04-08,286248388.3042
2026-04-09,287538810.5846
2026-04-10,287685232.3638
2026-04-13,290936152.3723
2026-04-14,294191739.1072
2026-04-15,295431777.3099
2026-04-16,295249723.6255
2026-04-17,296606453.3832
2026-04-20,297137080.4657
2026-04-21,293209477.1597
2026-04-22,295214996.867
2026-04-23,293617986.0977
2026-04-24,295477900.7903
2026-04-27,295997260.8878
2026-04-28,294961616.8945
2026-04-29,294023624.1349
2026-04-30,299949040.9174
2026-05-01,299381853.032
2026-05-04,297466579.4841
2026-05-05,300281723.9918
2026-05-06,305217671.06
2026-05-07,301544875.1737
2026-05-08,305125217.9774
2026-05-11,307381101.144
2026-05-12,306247965.7523
2026-05-13,307029700.6533
2026-05-14,305040463.6988
2026-05-15,298579339.6758
2026-05-18,301744382.3185
2026-05-19,299069410.3503
2026-05-20,302515262.8197
2026-05-21,302923009.2636
2026-05-22,302335269.4381
2026-05-26,304818653.2505
2026-05-27,302848597.147
2026-05-28,304133553.6167
2026-05-29,304568552.5431
2026-06-01,305045473.546
2026-06-02,306918877.5769
2026-06-03,303665286.7719
2026-06-04,304404998.2966
2026-06-05,293920548.4064
2026-06-08,295183501.1203
2026-06-09,293778275.5999
2026-06-10,289914895.4156
2026-06-11,297255584.6595
2026-06-12,298085103.9197
2026-06-15,301624698.6222
2026-06-16,300872976.805
2026-06-17,298160231.0965
2026-06-18,301441356.8265
2026-06-22,300540786.558
2026-06-23,295033594.0587
2026-06-24,293995551.8073
2026-06-25,297023970.1873
2026-06-26,295408675.1562
2026-06-29,296521911.3213
2026-06-30,297603491.2745
