cusip,ticker,composite_figi,security_type,name,found
000000000,,,,,False
000000NAN,,,,,False
000361105,AIR,BBG000BBGQF1,Common Stock,AAR CORP,True
00091G104,ACVA,BBG00G5JGQ66,Common Stock,ACV AUCTIONS INC-A,True
000957100,ABM,BBG000B9YYH7,Common Stock,ABM INDUSTRIES INC,True
00101J106,,,,,False
001055102,AFL,BBG000BBBNC6,Common Stock,AFLAC INC,True
001084102,AGCO,BBG000DCCZW2,Common Stock,AGCO CORP,True
00123Q104,AGNC,BBG000TJ8XZ7,REIT,AGNC INVESTMENT CORP,True
00130H105,AES,BBG000C23KJ3,Common Stock,AES CORP,True
00162Q452,AMLP,BBG0015CS200,ETP,ALERIAN MLP ETF,True
00162Q643,SGDMUSD,BBG00JVYH9Q3,ETP,SPROTT GOLD MINERS ETF,True
00162Q718,IDOG,BBG004RX7CD1,ETP,ALPS INTERNATIONAL SECTOR DI,True
00162Q858,SDOG,BBG0035HP6R0,ETP,ALPS SECTOR DIVIDEND DOGS,True
00162Q866,AMLPUSD,BBG00JSK6VF2,ETP,ALERIAN MLP ETF,True
00163UAA4,AMAG 2.5 02/15/19,,US DOMESTIC,AMAG PHARMACEUTICALS INC,True
00166B105,ALXO,BBG00VR8SDG8,Common Stock,ALX ONCOLOGY HOLDINGS INC,True
00181T107,GOLD,BBG005ZVDK48,Common Stock,GOLD.COM INC,True
00183L102,ANGI1EUR,BBG00HXSR4M2,Common Stock,ANGI INC,True
00187Y100,APG,BBG00HXKRGY9,Common Stock,API GROUP CORP,True
00191U102,EFOR,BBG000CRN8N8,Common Stock,EVERFORTH INC,True
00206R102,T,BBG000BSJK37,Common Stock,AT&T INC,True
00207R101,,,,,False
00214Q104,ARKK,BBG007FJMV58,ETP,ARK INNOVATION ETF,True
00214Q401,ARKW,BBG0077Q7LF9,ETP,ARK NEXT GENERATION INTERNET,True
00217D100,ASTS,BBG00Q402TR2,Common Stock,AST SPACEMOBILE INC,True
00246W103,AXTI,BBG000BHZ0N5,Common Stock,AXT INC,True
002535300,AANUSD,BBG00JZD1964,Common Stock,AARON'S INC,True
002684703,,,,,False
002824100,ABT,BBG000B9ZXB4,Common Stock,ABBOTT LABORATORIES,True
00287Y109,ABBV,BBG0025Y4RY4,Common Stock,ABBVIE INC,True
002896207,ANF,BBG000H9G7X2,Common Stock,ABERCROMBIE & FITCH CO-CL A,True
003009107,,,,,False
00326A104,SGOL,BBG000BDHB87,ETP,ABRDN PHYSICAL GOLD SHARES,True
003654100,ABMDEUR,BBG007J319L3,Common Stock,ABIOMED INC,True
00370M103,ABVX,BBG01JLQNZ03,ADR,ABIVAX SA-ADR,True
00402L107,ASO,BBG00X7L1C14,Common Stock,ACADEMY SPORTS & OUTDOORS IN,True
004225108,ACAD,BBG000BHG9K0,Common Stock,ACADIA PHARMACEUTICALS INC,True
004304200,,,,,False
00430U103,,,,,False
00437E102,ACCDUSD,BBG00ZXQ2S04,Common Stock,ACCOLADE INC,True
00461U105,ACRS,BBG003LF0QR9,Common Stock,ACLARIS THERAPEUTICS INC,True
00486H105,ADTN,BBG0169CH7X9,Common Stock,ADTRAN HOLDINGS INC,True
00507K103,,,,,False
00507V109,ATVIEUR,BBG00DJ2WYN1,Common Stock,ACTIVISION BLIZZARD INC,True
00507V119,,,,,False
00508Y102,AYI,BBG000BJ5HK0,Common Stock,ACUITY INC,True
00510N102,TIC,BBG01JQNXZ77,Common Stock,TIC SOLUTIONS INC,True
005125109,,,,,False
006739106,ADUS,BBG000NJGX84,Common Stock,ADDUS HOMECARE CORP,True
00724F101,ADBE,BBG000BB5006,Common Stock,ADOBE INC,True
00737L103,CVSA,BBG000DQBZJ7,Common Stock,COVISTA INC,True
00739L101,ADROEUR,BBG008KQMW52,Common Stock,CHINOOK THERAPEUTICS INC,True
00751Y106,AAP,BBG000F7RCJ1,Common Stock,ADVANCE AUTO PARTS INC,True
00760J108,AEHR,BBG000BWM083,Common Stock,AEHR TEST SYSTEMS,True
00762W107,,,,,False
00766T100,ACM,BBG000F61RJ8,Common Stock,AECOM,True
00768Y859,,,,,False
00770C101,ARQ,BBG000JFNL85,Common Stock,ARQ INC,True
00773T101,ASIX,BBG00CWTTQ41,Common Stock,ADVANSIX INC,True
00773U108,ADVMCHF,BBG01F7JLHV1,Common Stock,ADVERUM BIOTECHNOLOGIES INC,True
007740197,,,,,False
007800105,AJRDEUR,BBG00D8FFWH4,Common Stock,AEROJET ROCKETDYNE HOLDINGS,True
007903107,AMD,BBG000BBQCY0,Common Stock,ADVANCED MICRO DEVICES,True
00790R104,WMS,BBG000G7CDN9,Common Stock,ADVANCED DRAINAGE SYSTEMS IN,True
00817Y108,,,,,False
008252108,AMG,BBG000C060M4,Common Stock,AFFILIATED MANAGERS GROUP,True
00827B106,AFRM,BBG00Y7BP8Y1,Common Stock,AFFIRM HOLDINGS INC,True
00846U101,A,BBG000C2V3D6,Common Stock,AGILENT TECHNOLOGIES INC,True
008474108,AEM,BBG000DLVDK3,Common Stock,AGNICO EAGLE MINES LTD,True
00847J105,AGYS,BBG000BR74W6,Common Stock,AGILYSYS INC,True
00856G109,AGFSEUR,BBG00D6QZJY0,Common Stock,AGROFRESH SOLUTIONS INC,True
00888H661,SIXP,BBG01LNRWL50,ETP,ALLIAN US EQU 6 MON BU10-USD,True
009066101,ABNB,BBG001Y2XS07,Common Stock,AIRBNB INC-CLASS A,True
009128307,,,,,False
00912X302,,,,,False
009158106,APD,BBG000BC4JJ4,Common Stock,AIR PRODUCTS & CHEMICALS INC,True
00922R105,ATSG*,BBG004HTTNH9,Common Stock,AIR TRANSPORT SERVICES GROUP,True
009702315,,,,,False
00971T101,AKAM,BBG000BJQWD2,Common Stock,AKAMAI TECHNOLOGIES INC,True
00B2PZN04,,,,,False
010235618,,,,,False
011540104,,,,,False
012653101,ALB,BBG000BJ26K7,Common Stock,ALBEMARLE CORP,True
012653200,ALB 7.25 03/01/27,,PUBLIC,ALBEMARLE CORP,True
013091103,ACI,BBG009KG1750,Common Stock,ALBERTSONS COS INC - CLASS A,True
013872106,AA,BBG00B3T3HD3,Common Stock,ALCOA CORP,True
01446U103,ALRS,BBG000BTXSH7,Common Stock,ALERUS FINANCIAL CORP,True
01449J105,,,,,False
01449J204,ALR 3 PERP B,,PUBLIC,ALERE INC,True
014752109,ALX,BBG000BBNLK8,REIT,ALEXANDER'S INC,True
015271109,ARE,BBG000BC33T9,REIT,ALEXANDRIA REAL ESTATE EQUIT,True
015351109,ALXN,BBG000G30YX4,Common Stock,ALEXION PHARMACEUTICALS INC,True
015658107,ASTL,BBG012NKXTD0,Common Stock,ALGOMA STEEL GROUP INC,True
01609W102,BABA,BBG006G2JVL2,ADR,ALIBABA GROUP HOLDING-SP ADR,True
01609W952,,,,,False
016255101,ALGN,BBG000BRNLL2,Common Stock,ALIGN TECHNOLOGY INC,True
016259202,,,,,False
01626W101,ALITEUR,BBG011R75470,Common Stock,ALIGHT INC - CLASS A,True
01644J108,ALKT,BBG005HTCT54,Common Stock,ALKAMI TECHNOLOGY INC,True
01671P100,ALLKGUSD,BBG00Z6SM401,Common Stock,ALLAKOS INC,True
017175100,YUSD,BBG00JPVZPF2,Common Stock,ALLEGHANY CORP,True
01741R102,ATI,BBG000LC1FS4,Common Stock,ATI INC,True
01749D105,ALGM,BBG00H5S8391,Common Stock,ALLEGRO MICROSYSTEMS INC,True
018490102,,,,,False
018581108,BFH,BBG000BFNR17,Common Stock,BREAD FINANCIAL HOLDINGS INC,True
018802108,LNT,BBG000DW4Q75,Common Stock,ALLIANT ENERGY CORP,True
01921D204,AAUC,BBG01K0WWT59,Common Stock,ALLIED GOLD CORP,True
01973R101,ALSN,BBG001KY3845,Common Stock,ALLISON TRANSMISSION HOLDING,True
01988P108,MDRX,BBG000BLDXH5,Common Stock,VERADIGM INC,True
020002101,ALL,BBG000BVMGF2,Common Stock,ALLSTATE CORP,True
02005N100,ALLY,BBG000BC2R71,Common Stock,ALLY FINANCIAL INC,True
02028M105,7QX,BBG01J3NR5X6,ADR,ALMACENES EXITO SA-ADR,True
02043Q107,ALNY,BBG000BFGNJ5,Common Stock,ALNYLAM PHARMACEUTICALS INC,True
02072L417,FDIV,BBG01JDHKCL3,ETP,MARKETDSK FOCUSED US DVD ETF,True
02072L532,BSVO,BBG01FN0H787,ETP,EA Bridgeway Omni Sm-Cp Val,True
02072L565,BOXX,BBG01BBK3Q88,ETP,ALPHA ARCHITECT 1-3 MNTH BOX,True
02072L680,STXF,BBG019DCJ8K8,ETP,STRIVE 500 ETF,True
02072L748,DDX,BBG012LRHG98,ETP,DEFINED DURATION 10 ETF,True
02072L862,,,,,False
02072Q499,CTEF,BBG01VF4YP66,ETP,CASTELLAN TARGETD EQUITY ETF,True
020764106,AMR,BBG00DGWV035,Common Stock,ALPHA METALLURGICAL RESOURCE,True
02079K107,GOOG,BBG009S3NB30,Common Stock,ALPHABET INC-CL C,True
02079K305,GOOGL,BBG009S39JX6,Common Stock,ALPHABET INC-CL A,True
02083G100,NVLSEUR,BBG00FJDFSK7,Common Stock,ALPINE IMMUNE SCIENCES INC,True
021346101,AABAUSD,BBG00DHTQCQ6,Closed-End Fund,ALTABA INC,True
02153X108,,,,,False
02156B103,AYXEUR,BBG00GBG5G50,Common Stock,ALTERYX INC - CLASS A,True
02156K103,OPTU,BBG00GFMPRK0,Common Stock,OPTIMUM COMMUNICATIONS INC-A,True
02208RAE6,AIMC 2.75 03/01/31,,US DOMESTIC,ALTRA INDUSTRIAL MOTION,True
02209S103,MO,BBG000BP6LJ8,Common Stock,ALTRIA GROUP INC,True
022307102,ALMS,BBG01J7X4PN2,Common Stock,ALUMIS INC,True
023111206,,,,,False
023135106,AMZN,BBG000BVPV84,Common Stock,AMAZON.COM INC,True
023139884,OSG,BBG004HQHKK0,Common Stock,OCTAVE SPECIALTY GROUP INC,True
02319V103,ABEV,BBG000BN5VZ4,ADR,AMBEV SA-ADR,True
023436108,AMED,BBG000B9ZV28,Common Stock,AMEDISYS INC,True
023608102,AEE,BBG000B9X8C0,Common Stock,AMEREN CORPORATION,True
02364W105,AMXN,BBG00KVDW2N7,ADR,AMERICA MOVIL-SPN ADR CL L,True
02376R102,AAL,BBG005P7Q881,Common Stock,AMERICAN AIRLINES GROUP INC,True
02390A101,AMX,BBG01FRH5MK2,ADR,AMERICA MOVIL SAB DE CV,True
023939101,AMTM,BBG01NY7B734,Common Stock,AMENTUM HOLDINGS INC,True
024013104,AAT,BBG00161BCR0,REIT,AMERICAN ASSETS TRUST INC,True
024061103,DCH,BBG000BPYZV2,Common Stock,DAUCH CORPORATION,True
024835100,ACCUSD,BBG00JRSSXK2,REIT,AMERICAN CAMPUS COMMUNITIES,True
02503X105,,,,,False
02503Y103,,,,,False
02504A104,,,,,False
025072158,AVLC,BBG01J9W37C5,ETP,AVANTIS US LG CAP EQ ETF,True
025072406,QINT,BBG00LY8KX67,ETP,AMERICAN CENTURY QLTY DIVER,True
025072604,AVEM,BBG00Q6ZDX29,ETP,AVANTIS EMERGING MARKETS EQ,True
025072794,FLV,BBG00RJWH3L1,ETP,AMERICAN CENTURY FOCUSED LAR,True
025072877,AVUV,BBG00Q9MQZ44,ETP,AVANTIS US SMALL CAP VALUE,True
025072885,AVUS,BBG00Q9MPPR2,ETP,AVANTIS U.S. EQUITY ETF,True
025537101,AEP,BBG000BB9KF2,Common Stock,AMERICAN ELECTRIC POWER,True
02553E106,AEO,BBG000BGXZB5,Common Stock,AMERICAN EAGLE OUTFITTERS,True
025816109,AXP,BBG000BCQZS4,Common Stock,AMERICAN EXPRESS CO,True
02665T108,,,,,False
02665T306,AMH,BBG003NXJNH6,REIT,AMERICAN HOMES 4 RENT- A,True
026874156,,,,,False
026874784,AIG,BBG000BBDZG3,Common Stock,AMERICAN INTERNATIONAL GROUP,True
027691617,,,,,False
02772A109,ANAT1USD,BBG00Z69VMK1,Common Stock,AMERICAN NATIONAL GROUP INC,True
028740108,,,,,False
02917T104,,,,,False
02927E303,,,,,False
0295S0001,,,,,False
03027X100,AMT,BBG000B9XYV2,REIT,AMERICAN TOWER CORP,True
03027X308,AMT 5.25 05/15/17 A,,PUBLIC,AMERICAN TOWER CORP,True
030420103,AWK,BBG000TRJ294,Common Stock,AMERICAN WATER WORKS CO INC,True
03044L105,,,,,False
03062D100,SPMEUR,BBG009BF1F54,Common Stock,AMERICAS GOLD AND SILVER COR,True
03062D803,USAS,BBG000CG1PT2,Common Stock,AMERICAS GOLD AND SILVER COR,True
03064D108,COLD,BBG000QF05R6,REIT,AMERICOLD REALTY TRUST INC,True
03073E105,COR,BBG000MDCQC2,Common Stock,CENCORA INC,True
03076C106,AMP,BBG000G3QLY3,Common Stock,AMERIPRISE FINANCIAL INC,True
031162100,AMGN,BBG000BBS2Y0,Common Stock,AMGEN INC,True
03152W109,AM6,BBG000F0TV39,Common Stock,AMICUS THERAPEUTICS INC,True
032095101,APH,BBG000B9YJ35,Common Stock,AMPHENOL CORP-CL A,True
03209T109,,,,,False
03217L106,,,,,False
03232P405,AMSGEUR,BBG00DBBJ0V9,Common Stock,AMSURG CORP,True
032359309,,,,,False
032420101,,,,,False
032511107,APC3EUR,BBG00DJ2X072,Common Stock,ANADARKO PETROLEUM CORP,True
032654105,ADI,BBG000BB6G37,Common Stock,ANALOG DEVICES INC,True
032724106,ANAB,BBG0026ZDHR0,Common Stock,ANAPTYSBIO INC,True
03349M105,,,,,False
034164103,ANDE,BBG000BF8CN3,Common Stock,ANDERSONS INC/THE,True
034754101,,,,,False
03475V101,ANGO,BBG000BB5621,Common Stock,ANGIODYNAMICS INC,True
03524A108,BUD,BBG000RYC984,ADR,ANHEUSER-BUSCH INBEV-SPN ADR,True
035255108,ANIK,BBG000BBKZD8,Common Stock,ANIKA THERAPEUTICS INC,True
035623107,,,,,False
035710409,NLYEUR,BBG007255M79,REIT,ANNALY CAPITAL MANAGEMENT IN,True
035710839,NLY,BBG000BJFJ98,REIT,ANNALY CAPITAL MANAGEMENT IN,True
035710AB8,NLY 5 05/15/15,,US DOMESTIC,ANNALY CAPITAL MGMT,True
03662Q105,AKX,BBG000KR75S8,Common Stock,ANSYS INC,True
036642106,ATRSEUR,BBG008S83BB4,Common Stock,ANTARES PHARMA INC,True
03673L103,,,,,False
03674X106,AR,BBG000PW5VX1,Common Stock,ANTERO RESOURCES CORP,True
036752103,ELV,BBG000BCG930,Common Stock,ELEVANCE HEALTH INC,True
036752202,ELV 5.25 05/01/18,,PUBLIC,ANTHEM INC,True
03676B102,AM,BBG00GBNZ4M0,Common Stock,ANTERO MIDSTREAM CORP,True
03676C100,ATEX,BBG0081NLHR0,Common Stock,ANTERIX INC,True
037411105,9990302D,BBG000BC2C10,Common Stock,APACHE CORP,True
037411808,APA 6 08/01/13 D,,PUBLIC,APACHE CORP,True
03743Q108,APA,BBG00YTS96G2,Common Stock,APA CORP,True
03748R101,,,,,False
03748R747,AIV,BBG000DD3510,REIT,APARTMENT INVT & MGMT CO -A,True
03753U106,APLSUSD,BBG00L438V87,Common Stock,APELLIS PHARMACEUTICALS INC,True
037612306,,,,,False
03767D108,HQ8F,BBG000RGB4H5,Common Stock,APOLLO ENDOSURGERY INC,True
03768E105,APOEUR,BBG006T7HJF3,Common Stock,APOLLO ASSET MANAGEMENT INC,True
03769M106,APO,BBG00ZNLTFK3,Common Stock,APOLLO GLOBAL MANAGEMENT INC,True
03770N101,,,,,False
03782L101,APPN,BBG001C7PMJ2,Common Stock,APPIAN CORP-A,True
037833100,AAPL,BBG000B9XRY4,Common Stock,APPLE INC,True
038122105,,,,,False
038169207,APLD,BBG000DSJYS8,Common Stock,APPLIED DIGITAL CORP,True
038222105,AMAT,BBG000BBPFB9,Common Stock,APPLIED MATERIALS INC,True
03822W406,,,,,False
03823U102,AAOI,BBG000D6VW15,Common Stock,APPLIED OPTOELECTRONICS INC,True
03831W108,APP,BBG006HFPX77,Common Stock,APPLOVIN CORP-CLASS A,True
03834A103,AREXQ,BBG000RQ2VS1,Common Stock,APPROACH RESOURCES INC,True
03835C108,,,,,False
03852U106,ARMK,BBG001KY4N87,Common Stock,ARAMARK,True
03874P101,PETXEUR,BBG0067SGFQ8,Common Stock,ARATANA THERAPEUTICS INC,True
03879J100,ABUS,BBG000RR8V85,Common Stock,ARBUTUS BIOPHARMA CORP,True
039380407,ARCH1EUR,BBG00F0GRBQ8,Common Stock,ARCH RESOURCES INC,True
03938L203,MT,BBG000BJH5W0,NY Reg Shrs,ARCELORMITTAL-NY REGISTERED,True
03940C100,ACLXGBX,BBG01HQZ07S9,Common Stock,ARCELLX INC,True
03940F103,LFG1USD,BBG018R4TNB9,Common Stock,ARCHAEA ENERGY INC,True
03940R107,ARCH1USD,BBG00ZR23SV9,Common Stock,ARCH RESOURCES INC,True
03965L100,ARNCCHF,BBG00F48RVL3,Common Stock,ARCONIC INC,True
03966V107,ARNC1USD,BBG00ZR6B1T3,Common Stock,ARCONIC CORP,True
03980N107,ARDT,BBG00DM203B3,Common Stock,ARDENT HEALTH INC,True
03990B101,ARES,BBG0068KVV91,Common Stock,ARES MANAGEMENT CORP - A,True
04010L103,ARCC,BBG000PD6X77,Common Stock,ARES CAPITAL CORP,True
04016X101,ARGX,BBG00GHB88X9,ADR,ARGENX SE - ADR,True
04033A100,,,,,False
040413205,ANET,BBG000N2HDY5,Common Stock,ARISTA NETWORKS INC,True
040919102,ARKB,BBG01KY6DWQ0,ETP,ARK 21SHARES BITCOIN ETF,True
042068106,,,,,False
04206A101,ARLO,BBG00K88DTH3,Common Stock,ARLO TECHNOLOGIES INC,True
04269X105,ARRYEUR,BBG00D8FGWS1,Common Stock,ARRAY BIOPHARMA INC,True
04270V106,,,,,False
04271T100,ARRY,BBG001V4SF46,Common Stock,ARRAY TECHNOLOGIES INC,True
04272N102,AVBP,BBG011N37VQ0,Common Stock,ARRIVENT BIOPHARMA INC,True
04280A100,ARWR,BBG000BRVKH0,Common Stock,ARROWHEAD PHARMACEUTICALS IN,True
042873109,,,,,False
04335A105,ARVN,BBG00LW7YK82,Common Stock,ARVINAS INC,True
04342Y104,ASAN,BBG00WYHL732,Common Stock,ASANA INC - CL A,True
043436104,ABG,BBG000BKDWB5,Common Stock,ASBURY AUTOMOTIVE GROUP,True
04351G101,ASNAEUR,BBG00DSV9RT2,Common Stock,ASCENA RETAIL GROUP INC,True
04351P101,,,,,False
044186104,ASH,BBG00D0Y81M1,Common Stock,ASHLAND INC,True
044209104,,,,,False
04523Y105,ASPN,BBG001S58GW6,Common Stock,ASPEN AEROGELS INC,True
045327103,AZPNUSD,BBG00YJKK5F0,Common Stock,ASPEN TECHNOLOGY INC,True
045396108,,,,,False
045604105,,,,,False
04621X108,AIZ,BBG000BZX1N5,Common Stock,ASSURANT INC,True
046224101,ASTE,BBG000BCHZL1,Common Stock,ASTEC INDUSTRIES INC,True
04626A103,ALAB,BBG00TDKHW99,Common Stock,ASTERA LABS INC,True
046353108,AZNN,BBG000C28SL8,ADR,ASTRAZENECA PLC-SPONS ADR,True
046433108,ATRO,BBG000BCLBY5,Common Stock,ASTRONICS CORP,True
04650Y100,HOME,BBG009YVH1T2,Common Stock,AT HOME GROUP INC,True
046513107,ATRAGBX,BBG00K1HQZH2,Common Stock,ATARA BIOTHERAPEUTICS INC,True
04683R106,AVIR,BBG00TZNCJ75,Common Stock,ATEA PHARMACEUTICALS INC,True
04685W103,,,,,False
047726302,BATRK,BBG01HCX3Y34,Common Stock,ATLANTA BRAVES HOLDINGS IN-C,True
04878Q863,AT,BBG000QZ9GM4,Common Stock,ATLANTIC POWER CORP,True
049164205,AAWWUSD,BBG00JVL91H7,Common Stock,ATLAS AIR WORLDWIDE HOLDINGS,True
04930A104,,,,,False
049468101,TEAM,BBG01BGWHFR5,Common Stock,ATLASSIAN CORP-CL A,True
049513104,,,,,False
050063420,,,,,False
05070R104,BOLDEUR,BBG00DGX0ND6,Common Stock,AUDENTES THERAPEUTICS INC,True
05155C105,,,,,False
05156V102,AUPH,BBG000BCRJM5,Common Stock,AURINIA PHARMACEUTICALS INC,True
052769106,ADSK,BBG000BM7HL0,Common Stock,AUTODESK INC,True
052800109,ALV,BBG000BVLRY8,Common Stock,AUTOLIV INC,True
053015103,ADP,BBG000JG0547,Common Stock,AUTOMATIC DATA PROCESSING,True
05329W102,AN,BBG000BBXLW4,Common Stock,AUTONATION INC,True
053332102,AZO,BBG000C7LMS8,Common Stock,AUTOZONE INC,True
05337G107,,,,,False
05338G106,AVLRUSD,BBG00YNB35G3,Common Stock,AVALARA INC,True
053484101,AVBC,BBG00QPL5PR8,REIT,AVALONBAY COMMUNITIES INC,True
05351W103,AGREUR,BBG00D0MX283,Common Stock,AVANGRID INC,True
05351X101,AVYAUSD,BBG00JVRR3C5,Common Stock,AVAYA HOLDINGS CORP,True
05352A100,AVTR,BBG00G2HHYD7,Common Stock,AVANTOR INC,True
05355N109,219,BBG00NDHLGM4,Common Stock,AVEDRO INC,True
053604104,AVPT,BBG00Q73LFG4,Common Stock,AVEPOINT INC,True
05366U100,,,,,False
05370A108,RNAGBP,BBG00ZDN1791,Common Stock,AVIDITY BIOSCIENCES INC,True
053774105,CAR,BBG000FLPRH1,Common Stock,AVIS BUDGET GROUP INC,True
053792107,,,,,False
05379B107,AVA,BBG000BCNF74,Common Stock,AVISTA CORP,True
05455M100,,,,,False
05464T104,AXSM,BBG00B6G7GL7,Common Stock,AXSOME THERAPEUTICS INC,True
05508R106,BGS,BBG000RKXRQ1,Common Stock,B&G FOODS INC,True
05545E209,BBL,BBG000D7FT09,ADR,BHP GROUP PLC-ADR,True
05561Q201,BOKF,BBG000CFZ003,Common Stock,BOK FINANCIAL CORPORATION,True
055622104,BP,BBG000BT4FC2,ADR,BP PLC-SPONS ADR,True
05564E106,,,,,False
05566U108,,,,,False
05589G102,BWIN,BBG00QDCHF36,Common Stock,BALDWIN INSURANCE GROUP INC/,True
05591B109,BMCH,BBG004PQN2M2,Common Stock,BMC STOCK HOLDINGS INC,True
05605H100,BWXT,BBG000D86F25,Common Stock,BWX TECHNOLOGIES INC,True
056752108,BIDU,BBG000QXWHD1,ADR,BAIDU INC - SPON ADR,True
05684B107,BCSF,BBG00JDV0M15,Common Stock,BAIN CAPITAL SPECIALTY FINAN,True
057224107,,,,,False
057665200,BCPC,BBG000BCY878,Common Stock,BALCHEM CORP,True
057755209,,,,,False
058498106,BALL,BBG000BDDNH5,Common Stock,BALL CORP,True
059460303,BBD,BBG000BS6WW3,ADR,BANCO BRADESCO-ADR,True
05965X109,BSAC,BBG000BCZQ13,ADR,BANCO SANTANDER-CHILE-ADR,True
05967A107,BSBR,BBG000QSFS65,ADR,BANCO SANTANDER BRASIL-ADS,True
05968L102,CIBEUR,BBG00JQ84HR1,ADR,BANCOLOMBIA S.A.-SPONS ADR,True
05969A105,TBBK,BBG000Q50XK4,Common Stock,BANCORP INC/THE,True
05988J103,BAND,BBG001K003W2,Common Stock,BANDWIDTH INC-CLASS A,True
05988JAD5,BAND 0.5 04/01/28,,US DOMESTIC,BANDWIDTH INC,True
05990K106,BANC,BBG000F7VG25,Common Stock,BANC OF CALIFORNIA INC,True
060505104,BAC,BBG000BCTLF6,Common Stock,BANK OF AMERICA CORP,True
060505682,BAC 7.25 PERP L,,PUBLIC,BANK OF AMERICA CORP,True
06367V105,,,,,False
063750103,,,,,False
064058100,BNY,BBG000BD8PN9,Common Stock,BANK OF NEW YORK MELLON CORP,True
064149107,BNS,BBG000C2RV03,Common Stock,BANK OF NOVA SCOTIA,True
06652N107,BSVN,BBG00LV100N0,Common Stock,BANK7 CORP,True
06684L103,BZUN,BBG008HNS333,ADR,BAOZUN INC-SPN ADR,True
06684LAB9,BZUN 1.625 05/01/24,,US DOMESTIC,BAOZUN INC,True
067383109,BCRUSD,BBG00JVYHK60,Common Stock,CR BARD INC,True
06738E204,BCS,BBG000BCZ341,ADR,BARCLAYS PLC-SPONS ADR,True
06746L422,,,,,False
06746P621,,,,,False
067806109,BUSD,BBG00JX9SQR5,Common Stock,BARNES GROUP INC,True
067901108,ABX,BBG000LYFKM6,Common Stock,BARRICK GOLD CORP,True
068463108,BBSI,BBG000BHJSC4,Common Stock,BARRETT BUSINESS SVCS INC,True
06849F108,B,BBG000BB07P9,Common Stock,BARRICK MINING CORP,True
06985P100,,,,,False
070830104,BBWI,BBG000BNGTQ7,Common Stock,BATH & BODY WORKS INC,True
071734107,BHC,BBG000DLFM21,Common Stock,BAUSCH HEALTH COS INC,True
07177M103,,,,,False
071813109,BAX,BBG000BCVJ77,Common Stock,BAXTER INTERNATIONAL INC,True
073271108,,,,,False
07329M100,BFRUSD,BBG00JPYGNN3,ADR,BBVA ARGENTINA SA-ADR,True
073302101,,,,,False
073685109,BECNUSD,BBG00JZ539Z7,Common Stock,BEACON ROOFING SUPPLY INC,True
07373V105,BEAM,BBG00KXC8646,Common Stock,BEAM THERAPEUTICS INC,True
075887109,BDX,BBG000BCZYD3,Common Stock,BECTON DICKINSON AND CO,True
075887208,BDX 6.125 05/01/20 A,,PUBLIC,BECTON DICKINSON AND CO,True
075887406,BDX 6 06/01/23 B,,PUBLIC,BECTON DICKINSON & CO,True
075896100,BBBYEUR,BBG0087LHFY9,Common Stock,20230930-DK-BUTTERFLY-1 INC,True
07725L102,ONC,BBG00B6WF7T5,ADR,BEONE MEDICINES LTD-ADR,True
07987C204,BLU,BBG000CKVYZ4,Common Stock,BELLUS HEALTH INC,True
081437105,,,,,False
08180D106,BNFTEUR,BBG00KBK36B9,Common Stock,BENEFITFOCUS INC,True
084423102,WRB,BBG000BD1HP2,Common Stock,WR BERKLEY CORP,True
084670108,BRK/A,BBG000DWCFL4,Common Stock,BERKSHIRE HATHAWAY INC-CL A,True
084670207,,,,,False
084670702,BRK/B,BBG000DWG505,Common Stock,BERKSHIRE HATHAWAY INC-CL B,True
084680107,BBT,BBG000BB00D7,Common Stock,BEACON FINANCIAL CORP,True
084990175,,,,,False
08579W103,BERYEUR,BBG00FNBBCD3,Common Stock,BERRY GLOBAL GROUP INC,True
088606108,BHP,BBG000BD5NZ4,ADR,BHP GROUP LTD-SPON ADR,True
088786108,BCYC,BBG00P0YWPK6,ADR,BICYCLE THERAPEUTICS PLC-ADR,True
088929104,BGC,BBG01H9FTGX5,Common Stock,BGC GROUP INC-A,True
090040106,BILI,BBG00K7T3037,ADR,BILIBILI INC-SPONSORED ADR,True
090043100,BILL,BBG00QVJV6V4,Common Stock,BILL HOLDINGS INC,True
090572207,BIO,BBG000DY28W5,Common Stock,BIO-RAD LABORATORIES-A,True
09061G101,BMRN,BBG000CZWZ05,Common Stock,BIOMARIN PHARMACEUTICAL INC,True
09062X103,BIIB,BBG000C17X76,Common Stock,BIOGEN INC,True
09063H107,,,,,False
09066L105,BTXUSD,BBG00JQ541N6,Common Stock,BIOTIME INC,True
09075E100,,,,,False
090931106,BSTC,BBG000CLT0M3,Common Stock,BIOSPECIFICS TECHNOLOGIES LL,True
09158106,,,,,False
09215C105,BKIEUR,BBG00HW0FJW3,Common Stock,BLACK KNIGHT INC,True
09225M101,BSM,BBG008B5CF29,MLP,BLACK STONE MINERALS LP,True
09227Q100,BLKB,BBG000BGGTW5,Common Stock,BLACKBAUD INC,True
09228F103,BB,BBG000CR90K4,Common Stock,BLACKBERRY LTD,True
09238E104,,,,,False
09238E203,,,,,False
09239B109,BL,BBG0029KJVB0,Common Stock,BLACKLINE INC,True
09247X101,BLKCHF,BBG007F5VVR4,Common Stock,BLACKROCK INC,True
09251A104,BDJ,BBG000BZQ7P8,Closed-End Fund,BLACKROCK ENHANCED EQTY DVD,True
092528603,BINC,BBG01GQYLJ23,ETP,ISHARES FLEX I A ETF-USD INC,True
09253U108,BXUSD,BBG00JPZ77X4,MLP,BLACKSTONE GROUP LP/THE,True
09257W100,BXMT,BBG000BGKJ70,REIT,BLACKSTONE MORTGAGE TRU-CL A,True
09260D107,BX,BBG000BH0106,Common Stock,BLACKSTONE INC,True
09290C723,BDYN,BBG01X70TSM1,ETP,ISHARES DYN ACT ETF,True
09290D101,BLK,BBG01PSW2WN4,Common Stock,BLACKROCK INC,True
09352U108,BLND,BBG00D0YK7T7,Common Stock,BLEND LABS INC-A,True
093671105,HRB,BBG000BLDV98,Common Stock,H&R BLOCK INC,True
093712107,BE,BBG000N7KBZ3,Common Stock,BLOOM ENERGY CORP- A,True
094235108,BLMN,BBG002VZ68Y2,Common Stock,BLOOMIN' BRANDS INC,True
095229100,BCOREUR,BBG00GMHXBP4,Common Stock,BLUCORA INC,True
09531U102,,,,,False
09578R103,,,,,False
09581B103,OWL,BBG00XV417R8,Common Stock,BLUE OWL CAPITAL INC,True
09625U109,BKEPUSD,BBG00JWTRKY8,MLP,BLUEKNIGHT ENERGY PARTNERS L,True
09627Y109,2655787D,BBG008ML55P7,Common Stock,BLUEPRINT MEDICINES CORP,True
096761101,BOBEUSD,BBG00JRY2JP3,Common Stock,BOB EVANS FARMS,True
097023105,BA,BBG000BCSST7,Common Stock,BOEING CO/THE,True
097023905,,,,,False
097793400,,,,,False
09789C788,XHLF,BBG019MBXSC9,ETP,BONDBLOXX BBG 6 MTH US TREAS,True
09789C812,XTEN,BBG019MDHBJ3,ETP,BONDBLOXX BBG 10Y US TSY ETF,True
09789C846,XTRE,BBG019MDH935,ETP,BONDBLOXX BBG 3Y US TSY ETF,True
09857L108,BKNG,BBG000BLBVN4,Common Stock,BOOKING HOLDINGS INC,True
099502106,BAH,BBG000R2YFG7,Common Stock,BOOZ ALLEN HAMILTON HOLDINGS,True
099724106,BWA,BBG000BJ49H3,Common Stock,BORGWARNER INC,True
101137107,BSX,BBG000C0LW92,Common Stock,BOSTON SCIENTIFIC CORP,True
101388106,EPAYEUR,BBG00JPDY9T4,Common Stock,BOTTOMLINE TECHNOLOGIES (DE),True
101405108,,,,,False
10316T104,BOX,BBG000PMSK08,Common Stock,BOX INC - CLASS A,True
103304101,BYD,BBG000BHX9P6,Common Stock,BOYD GAMING CORP,True
105368203,BDN,BBG000CL6RJ3,REIT,BRANDYWINE REALTY TRUST,True
107924102,BBOT,BBG01L3GYF02,Common Stock,BRIDGEBIO ONCOLOGY THERAPEUT,True
10806X102,BBIO,BBG00P9KDZK6,Common Stock,BRIDGEBIO PHARMA INC,True
10918L103,MNRLUSD,BBG00ZR22SW9,Common Stock,BRIGHAM MINERALS INC-CL A,True
109194100,BFAM,BBG003LFWP05,Common Stock,BRIGHT HORIZONS FAMILY SOLUT,True
10920V107,,,,,False
10921T101,BCOVUSD,BBG00K2MQ3K7,Common Stock,BRIGHTCOVE,True
10922N103,BHF,BBG00DYPZ4T0,Common Stock,BRIGHTHOUSE FINANCIAL INC,True
109467740,,,,,False
10948C107,BV,BBG00L1LT6D6,Common Stock,BRIGHTVIEW HOLDINGS INC,True
10948W103,AAMI,BBG00P2HLNY3,Common Stock,ACADIAN ASSET MANAGEMENT INC,True
10950A106,BTSG,BBG0132WL1X7,Common Stock,BRIGHTSPRING HEALTH SERVICES,True
109641100,EAT,BBG000BK28N7,Common Stock,BRINKER INTERNATIONAL INC,True
110122108,BMY,BBG000DQLV23,Common Stock,BRISTOL-MYERS SQUIBB CO,True
110122157,BMY-R,BBG00QXKC8R1,Right,BRISTOL-MYERS SQUIBB-CVR,True
110394103,BRSEUR,BBG00CNN2362,Common Stock,BRISTOW GROUP INC,True
11040G103,VTOL,BBG001YH8PR9,Common Stock,BRISTOW GROUP INC,True
110448107,BTI,BBG000BWPXQ8,ADR,BRITISH AMERICAN TOB-SP ADR,True
11120U105,BRX,BBG001LFLZZ1,REIT,BRIXMOR PROPERTY GROUP INC,True
111320107,,,,,False
11133B409,,,,,False
11133T103,BR,BBG000PPFKQ7,Common Stock,BROADRIDGE FINANCIAL SOLUTIO,True
11135F101,AVGO,BBG00KHY5S69,Common Stock,BROADCOM INC,True
112463104,BKD,BBG000J4L211,Common Stock,BROOKDALE SENIOR LIVING INC,True
112585104,,,,,False
11271J107,BN,BBG000C9KL89,Common Stock,BROOKFIELD CORP,True
11275Q107,1939900D,BBG013J3NN36,Common Stock,BROOKFIELD INFRASTRUCTURE-A,True
11284V105,,,,,False
112900105,,,,,False
113004105,BAM,BBG01BPHNXZ3,Common Stock,BROOKFIELD ASSET MGMT-A,True
115637100,BF/A,BBG000BD2C18,Common Stock,BROWN-FORMAN CORP-CLASS A,True
115637209,BF/B,BBG000BD2NY8,Common Stock,BROWN-FORMAN CORP-CLASS B,True
117043109,BC,BBG000BCWSS3,Common Stock,BRUNSWICK CORP,True
118230101,BPLUSD,BBG00K7Z5RJ5,MLP,BUCKEYE PARTNERS LP,True
118440106,BKE,BBG000BD9525,Common Stock,BUCKLE INC/THE,True
119848109,,,,,False
120076104,BBW,BBG000H8XPS1,Common Stock,BUILD-A-BEAR WORKSHOP INC,True
12008R107,BLDR,BBG000BKD3K9,Common Stock,BUILDERS FIRSTSOURCE INC,True
121727684,,,,,False
122017106,BURL,BBG004S641N5,Common Stock,BURLINGTON STORES INC,True
124411109,BY,BBG000G2ZJ98,Common Stock,BYLINE BANCORP INC,True
12467B304,,,,,False
124765108,CAE,BBG000KPFXB0,Common Stock,CAE INC,True
124765959,,,,,False
124830878,CBL,BBG01396RNK7,REIT,CBL & ASSOCIATES PROPERTIES,True
124857202,,,,,False
12503M108,CBOE,BBG000QH56C1,Common Stock,CBOE GLOBAL MARKETS INC,True
12504L109,CBRE,BBG000C04224,Common Stock,CBRE GROUP INC - A,True
12508E101,CDK,BBG006B6PVN9,Common Stock,CDK GLOBAL INC,True
12510Q100,CCC,BBG00WNSJM49,Common Stock,CCC INTELLIGENT SOLUTIONS HO,True
125134106,,,,,False
12514G108,CDW,BBG001P63B80,Common Stock,CDW CORP/DE,True
125269100,CF,BBG000BWJFZ4,Common Stock,CF INDUSTRIES HOLDINGS INC,True
12529R107,CCCC,BBG00BV2Y9B7,Common Stock,C4 THERAPEUTICS INC,True
125509109,,,,,False
125523100,CI,BBG00KXRCDP0,Common Stock,THE CIGNA GROUP,True
125581801,CITUSD,BBG00JPW01R8,Common Stock,CIT GROUP INC,True
12561W105,,,,,False
12572Q105,CME,BBG000BHLYP4,Common Stock,CME GROUP INC,True
125896100,CMS,BBG000BFVXX0,Common Stock,CMS ENERGY CORP,True
126117100,CNA,BBG000BFYB47,Common Stock,CNA FINANCIAL CORP,True
12621E103,CNO,BBG000Q1GK24,Common Stock,CNO FINANCIAL GROUP INC,True
12634H200,PMTS,BBG009Q3VCT3,Common Stock,CPI CARD GROUP INC,True
126402106,CSW,BBG007NLG4L3,Common Stock,CSW INDUSTRIALS INC,True
126408103,CSX,BBG000BGJRC8,Common Stock,CSX CORP,True
12646R105,,,,,False
12650T104,,,,,False
12653C108,CNX,BBG000CKVSG8,Common Stock,CNX RESOURCES CORP,True
12662P108,CVI,BBG000QHV8S1,Common Stock,CVR ENERGY INC,True
126650100,CVS,BBG000BGRY34,Common Stock,CVS HEALTH CORP,True
12674R100,CJ1EUR,BBG00J2F2XK5,Common Stock,C&J ENERGY SERVICES INC,True
12674W109,CABA,BBG00MJ3BKW2,Common Stock,CABALETTA BIO INC,True
126804301,,,,,False
127055101,CBT,BBG000BF3WW4,Common Stock,CABOT CORP,True
127097103,CTRA,BBG000C3GN47,Common Stock,COTERRA ENERGY INC,True
127190304,CACI,BBG000KQY8Y7,Common Stock,CACI INTERNATIONAL INC -CL A,True
127203107,WHD,BBG00JRH1P95,Common Stock,CACTUS INC - A,True
12739A100,CADEEUR,BBG00GH92PH0,Common Stock,CADENCE BANCORP,True
12763L105,CDRE,BBG011RK3N71,Common Stock,CADRE HOLDINGS INC,True
127686103,CZREUR,BBG00GX8ZDM9,Common Stock,CAESARS ENTERTAINMENT CORP,True
12769G100,CZR,BBG0074Q3NK6,Common Stock,CAESARS ENTERTAINMENT INC,True
128117108,CHI,BBG000D8GTW1,Closed-End Fund,CALAMOS CONVERT OPPORT & INC,True
12811T126,CPRY,BBG01RFZT0V9,ETP,CLMOS R 2000 S A P ETF - JAN,True
128126AD1,CAMP 2 08/01/25,,US DOMESTIC,CALAMP CORP,True
128195104,,,,,False
13057Q206,CRCEUR,BBG007QZ3VM2,Common Stock,CALIFORNIA RESOURCES CORP,True
13057Q305,CRC,BBG00Y04KP80,Common Stock,CALIFORNIA RESOURCES CORP,True
13100M509,CALX,BBG000PXJB68,Common Stock,CALIX INC,True
131193104,CALY,BBG000CPCVY1,Common Stock,CALLAWAY GOLF COMPANY,True
131347304,,,,,False
132061839,TRTY,BBG00LY8KC45,ETP,CAMBRIA TRINITY ETF,True
133131102,CPT,BBG000BB0V03,REIT,CAMDEN PROPERTY TRUST,True
13321L108,CCJ,BBG000DSZTN6,Common Stock,CAMECO CORP,True
13342B105,,,,,False
136069101,CM,BBG000FKTHQ1,Common Stock,CAN IMPERIAL BK OF COMMERCE,True
136385101,CNQ,BBG000HW5GX3,Common Stock,CANADIAN NATURAL RESOURCES,True
13645T100,,,,,False
13646K108,CP,BBG000BCVMH9,Common Stock,CANADIAN PACIFIC KANSAS CITY,True
136635109,CSIQ,BBG000K1J931,Common Stock,CANADIAN SOLAR INC,True
13765N107,CNNE,BBG00GXRNJP4,Common Stock,CANNAE HOLDINGS INC,True
137833100,,,,,False
13817101,,,,,False
139794101,,,,,False
14020W106,CGDV,BBG015H8BWY1,ETP,CAP GROUP DIVIDEND VALUE,True
14020Y102,CGCP,BBG014YZRQW3,ETP,CAP GROUP CORE PLUS INCOME,True
14020Y300,CGMS,BBG019XS8MX8,ETP,CAP GROUP US MULTI-SECT BOND,True
14040H105,COF,BBG000BGKTF9,Common Stock,CAPITAL ONE FINANCIAL CORP,True
140475104,CSUUSD,BBG00JRQBGV9,Common Stock,CAPITAL SENIOR LIVING CORP,True
140475203,SNDA,BBG000BW7NT7,Common Stock,SONIDA SENIOR LIVING INC,True
140501107,CSWC,BBG000BGJ661,Common Stock,CAPITAL SOUTHWEST CORP,True
14149Y108,CAH,BBG000D898T9,Common Stock,CARDINAL HEALTH INC,True
14161W105,CDLXEUR,BBG00K4YDHS4,Common Stock,CARDLYTICS INC,True
141665109,CECO1EUR,BBG00D8FHFZ9,Common Stock,CAREER EDUCATION CORP,True
14170T101,,,,,False
141788109,CARG,BBG00HQ77DS2,Common Stock,CARGURUS INC,True
142339100,CSL,BBG000BGGBT8,Common Stock,CARLISLE COS INC,True
143130102,KMX,BBG000BLMZK6,Common Stock,CARMAX INC,True
14339105,,,,,False
143658300,CCL1EUR,BBG007255HW2,Common Stock,CARNIVAL CORP LTD,True
144285103,CRS,BBG000BGCQT9,Common Stock,CARPENTER TECHNOLOGY,True
14575E105,CARS,BBG000HGTH33,Common Stock,CARS.COM INC,True
146869102,CVNA,BBG00GCTWDJ3,Common Stock,CARVANA CO,True
14713L102,CASA1EUR,BBG00JKSD8D8,Common Stock,CASA SYSTEMS INC,True
147322101,,,,,False
148806102,CTLTEUR,BBG00D0MX6Z4,Common Stock,CATALENT INC,True
149123101,CAT,BBG000BF0K17,Common Stock,CATERPILLAR INC,True
150185106,,,,,False
150602209,CDR1USD,BBG00JRSWS19,REIT,CEDAR REALTY TRUST INC,True
150602605,CDR1USD,BBG011K031T6,REIT,CEDAR REALTY TRUST INC,True
15101Q207,CLS,BBG000BPS2C3,Common Stock,CELESTICA INC,True
151020104,CELG,BBG000BFC8J2,Common Stock,CELGENE CORP,True
15118V207,CELH,BBG000NY37X4,Common Stock,CELSIUS HOLDINGS INC,True
151290889,CX,BBG000BPCTB2,ADR,CEMEX SAB-SPONS ADR PART CER,True
15135B101,CNC,BBG000BDXCJ5,Common Stock,CENTENE CORP,True
15135U109,CVE,BBG000PSJP22,Common Stock,CENOVUS ENERGY INC,True
15189T107,CNP,BBG000FDBX90,Common Stock,CENTERPOINT ENERGY INC,True
15189T206,CNP 3.36916 09/15/29,,US DOMESTIC,CENTERPOINT ENERGY INC,True
15202L107,CSR,BBG000BVJ702,REIT,CENTERSPACE,True
153501101,,,,,False
154760409,CPF,BBG000BG4LG3,Common Stock,CENTRAL PACIFIC FINANCIAL CO,True
155923105,CTRI,BBG01M4ZP8Y6,Common Stock,CENTURI HOLDINGS INC,True
156504300,CCS,BBG006G412Q6,Common Stock,CENTURY COMMUNITIES INC,True
156700106,CTLEUR,BBG00JNK6NJ1,Common Stock,CENTURYLINK INC,True
15677J108,DAY,BBG00KG0JJ96,Common Stock,DAYFORCE INC,True
156782104,CERNCHF,BBG007F5VYB5,Common Stock,CERNER CORP,True
156944100,CGON,BBG00YHKK4Q3,Common Stock,CG ONCOLOGY INC,True
15912K100,CHNGUSD,BBG00Z69VN56,Common Stock,CHANGE HEALTHCARE INC,True
15961R105,,,,,False
159864107,CRL,BBG000BG5BL8,Common Stock,CHARLES RIVER LABORATORIES,True
16115Q308,,,,,False
16117M305,,,,,False
16119P108,CHTR,BBG000VPGNR2,Common Stock,CHARTER COMMUNICATIONS INC-A,True
16122W108,,,,,False
16208T102,CLDT,BBG000PT6BR8,REIT,CHATHAM LODGING TRUST,True
163072101,CAKE,BBG000CS8TM8,Common Stock,CHEESECAKE FACTORY INC/THE,True
163092109,CHGG,BBG0014XR0N5,Common Stock,CHEGG INC,True
163893209,,,,,False
16411Q101,CQP,BBG000QMH637,MLP,CHENIERE ENERGY PARTNERS LP,True
16411R208,LNG,BBG000C3HSR0,Common Stock,CHENIERE ENERGY INC,True
16411W108,,,,,False
165167107,CHKEUR,BBG00FZLLFK2,Common Stock,CHESAPEAKE ENERGY CORP,True
165167735,EXE,BBG00Z6DX554,Common Stock,EXPAND ENERGY CORP,True
166764100,CVX,BBG000K4ND22,Common Stock,CHEVRON CORP,True
16706W102,CHMA,BBG0026ZCS06,Common Stock,CHIASMA INC,True
167250109,,,,,False
168615102,CHS1USD,BBG00JZD1633,Common Stock,CHICO'S FAS INC,True
168905107,PLCE,BBG000JK9DK4,Common Stock,CHILDREN'S PLACE INC/THE,True
16935C109,CHYM,BBG00QK4M9M3,Common Stock,CHIME FINANCIAL INC-CL A,True
16941M109,CHLUSD,BBG00JPVR1N5,ADR,CHINA MOBILE LTD-SPON ADR,True
16949N109,,,,,False
16955F107,,,,,False
16961L106,290A,BBG008KF3ZD1,Common Stock,CHINOOK THERAPEUTICS INC,True
171077407,NAGE,BBG000BG1J71,Common Stock,NIAGEN BIOSCIENCE INC,True
17143G205,CCX/U,BBG00PDYP454,Unit,CHURCHILL CAPITAL CORP II,True
17144C203,CCXX/U,BBG00RKYPK10,Unit,CHURCHILL CAPITAL CORP III,True
171484108,CHDN,BBG000BGXMG9,Common Stock,CHURCHILL DOWNS INC,True
171757206,CDTX,BBG006R5MFT6,Common Stock,CIDARA THERAPEUTICS INC,True
171779309,CIEN,BBG000BP1152,Common Stock,CIENA CORP,True
171798101,XECEUR,BBG008LGH807,Common Stock,CIMAREX ENERGY CO,True
17253J106,CIFR,BBG00XYHY0K2,Common Stock,CIPHER DIGITAL INC,True
172573107,CRCL,BBG01T61V2V3,Common Stock,CIRCLE INTERNET GROUP INC,True
17275R102,CSCO,BBG000C3J3C9,Common Stock,CISCO SYSTEMS INC,True
172908105,CTAS,BBG000H3YXF8,Common Stock,CINTAS CORP,True
172967101,,,,,False
172967424,C,BBG000FY4S11,Common Stock,CITIGROUP INC,True
174610105,CFG,BBG006Q0HY77,Common Stock,CITIZENS FINANCIAL GROUP,True
177376100,CTXSEUR,BBG007253DB6,Common Stock,CITRIX SYSTEMS INC,True
178566105,,,,,False
178587101,CIO,BBG005T5RWR6,REIT,CITY OFFICE REIT INC,True
17888H103,CIVI,BBG00GLNJ018,Common Stock,CIVITAS RESOURCES INC,True
18270D106,CMTG,BBG00PT33805,REIT,CLAROS MORTGAGE TRUST INC,True
18270P109,CLAR,BBG000C6QPN3,Common Stock,CLARUS CORP,True
18383M373,,,,,False
18383M506,,,,,False
18383M548,,,,,False
184496107,CLH,BBG000BFRRX8,Common Stock,CLEAN HARBORS INC,True
18451C109,,,,,False
18538R103,CLW,BBG000JY3FM3,Common Stock,CLEARWATER PAPER CORP,True
18581108,,,,,False
185899101,CLF,BBG000BFRF55,Common Stock,CLEVELAND-CLIFFS INC,True
18683K101,,,,,False
18914U100,CLDR,BBG000DRJFC8,Common Stock,CLOUDERA INC,True
18915M107,NET,BBG001WMKHH5,Common Stock,CLOUDFLARE INC - CLASS A,True
189464100,CLVSEUR,BBG008B8PPG2,Common Stock,CLOVIS ONCOLOGY INC,True
18948M108,,,,,False
19046P209,CCB,BBG000QK5803,Common Stock,COASTAL FINANCIAL CORP/WA,True
19075F106,,,,,False
191216100,KO,BBG000BMX289,Common Stock,COCA-COLA CO/THE,True
191216101,,,,,False
192108504,CDE,BBG000BF8TF5,Common Stock,COEUR MINING INC,True
19239V302,CCOI,BBG000D0SMY8,Common Stock,COGENT COMMUNICATIONS HOLDIN,True
19240Q201,COGT,BBG007DHZQR7,Common Stock,COGENT BIOSCIENCES INC,True
192446102,CTSH,BBG000BBDV81,Common Stock,COGNIZANT TECH SOLUTIONS-A,True
192479103,COHREUR,BBG00CGY86M5,Common Stock,COHERENT INC,True
19247G107,COHR,BBG000BLW102,Common Stock,COHERENT CORP,True
19260Q107,COIN,BBG00ZGF7771,Common Stock,COINBASE GLOBAL INC -CLASS A,True
194014106,,,,,False
194162103,CL,BBG000BFQYY3,Common Stock,COLGATE-PALMOLIVE CO,True
19421R200,CLCTUSD,BBG00JYV4RS8,Common Stock,COLLECTORS UNIVERSE,True
19423L565,,,,,False
19423L581,RULE,BBG013B82N90,ETP,ADAPTIVE CORE ETF,True
194693107,CIGI,BBG000BN6P22,Common Stock,COLLIERS INTL GR-SUBORD VOT,True
19624R106,,,,,False
19625W104,,,,,False
197236102,COLB,BBG000CTGXS2,Common Stock,COLUMBIA BANKING SYSTEM INC,True
198280109,,,,,False
199908104,FIX,BBG000BWN2Y9,Common Stock,COMFORT SYSTEMS USA INC,True
20030N101,CMCSA,BBG000BFT2L4,Common Stock,COMCAST CORP-CLASS A,True
200340107,CMA,BBG000C75N77,Common Stock,COMERICA INC,True
200340115,,,,,False
203233408,,,,,False
20337X109,VISN,BBG004LTL7L2,Common Stock,VISTANCE NETWORKS INC,True
20441A102,SBS,BBG000BJLSG3,ADR,CIA SANEAMENTO BASICO DE-ADR,True
20441W203,,,,,False
204448104,BVN,BBG000GPXR82,ADR,CIA DE MINAS BUENAVENTUR-ADR,True
20451N101,CMP,BBG000C42WS4,Common Stock,COMPASS MINERALS INTERNATION,True
20459V105,GPGI,BBG00XTTT297,Common Stock,GPGI INC,True
20464U100,COMP,BBG00J5SXTH3,Common Stock,COMPASS INC - CLASS A,True
20478NAD3,,,,,False
205306103,,,,,False
205638109,,,,,False
20585P105,,,,,False
205887102,CAG,BBG000BDXGP9,Common Stock,CONAGRA BRANDS INC,True
20605P101,CXOEUR,BBG00FZQM817,Common Stock,CONCHO RESOURCES INC,True
20717M103,8QR,BBG011MDDSX1,Common Stock,CONFLUENT INC-CLASS A,True
20825C104,COP,BBG000BQQH30,Common Stock,CONOCOPHILLIPS,True
20848V105,CCSI,BBG0105XBRH0,Common Stock,CONSENSUS CLOUD SOLUTION,True
20854L108,CEIXEUR,BBG00J8CB787,Common Stock,CONSOL ENERGY INC,True
209034107,CNSLEUR,BBG00H8ZYRW4,Common Stock,CONSOLIDATED COMMUNICATIONS,True
21036P108,STZ,BBG000J1QLT0,Common Stock,CONSTELLATION BRANDS INC-A,True
210373106,CNST,BBG000R1H6P8,Common Stock,CONSTELLATION PHARMACEUTICAL,True
21037T109,CEG,BBG014KFRNP7,Common Stock,CONSTELLATION ENERGY,True
21044C107,ROAD,BBG00KK0CFX9,Common Stock,CONSTRUCTION PARTNERS INC-A,True
210502100,CPSS,BBG000BGHGF1,Common Stock,CONSUMER PORTFOLIO SERVICES,True
212015101,CLRUSD,BBG00JPW67M4,Common Stock,CONTINENTAL RESOURCES INC/OK,True
21240E105,VLRS,BBG004NZ9HL8,ADR,CONTROLADORA VUELA CIA-ADR,True
21241B100,,,,,False
21676P103,CPS,BBG000PSXT64,Common Stock,COOPER-STANDARD HOLDING,True
216831107,CTB,BBG000BGKXV2,Common Stock,COOPER TIRE & RUBBER,True
217204106,CPRT,BBG000BM9RH1,Common Stock,COPART INC,True
21720AAB8,CPA 4.5 04/15/25,,US DOMESTIC,COPA HOLDINGS SA,True
21871D103,CLGX,BBG000C2H3F0,Common Stock,CORELOGIC INC,True
21871N101,CXW,BBG000BJSJT2,Common Stock,CORECIVIC INC,True
21872L104,CPLGGUSD,BBG00ZR23LN3,REIT,COREPOINT LODGING INC,True
21873S108,CRWV,BBG011ZTRJ21,Common Stock,COREWEAVE INC-CL A,True
21874A106,CORZ,BBG01L5GH011,Common Stock,CORE SCIENTIFIC INC,True
21874C102,CNM,BBG01163K2X0,Common Stock,CORE & MAIN INC-CLASS A,True
218937100,CNR,BBG00HC114X0,Common Stock,CORE NATURAL RESOURCES INC,True
21925D109,NCSUSD,BBG005PGJTD7,Common Stock,CORNERSTONE BUILDING BRANDS,True
21925Y103,CSOD,BBG0016X4XN6,Common Stock,CORNERSTONE ONDEMAND INC,True
219350105,GLW,BBG000BKFZM4,Common Stock,CORNING INC,True
22052L104,CTVA,BBG00BN969C1,Common Stock,CORTEVA INC,True
2209S1033,,,,,False
22160K105,COST,BBG000F6H8W8,Common Stock,COSTCO WHOLESALE CORP,True
22160N109,CSGP,BBG000D7JKW9,Common Stock,COSTAR GROUP INC,True
22163N106,BCBEUR,BBG009H6Q553,Common Stock,PRIMO WATER CORP,True
22164K101,,,,,False
222070203,COTY,BBG000F395V1,Common Stock,COTY INC-CL A,True
22207T101,BASE,BBG001Z5ZB04,Common Stock,COUCHBASE INC,True
22266L106,COUPEUR,BBG00DZHZW33,Common Stock,COUPA SOFTWARE INC,True
22266M104,COUR,BBG002WLDMW5,Common Stock,COURSERA INC,True
22266T109,CPNG,BBG00XMJRPQ8,Common Stock,COUPANG INC,True
222795502,CUZ,BBG000CW9BM7,REIT,COUSINS PROPERTIES INC,True
22282E102,CVA1EUR,BBG00JNKC647,Common Stock,COVANTA HOLDING CORP,True
223622606,COWNEUR,BBG00FGYYDP1,Common Stock,COWEN INC - A,True
224408104,CR,BBG016G0L0Q5,Common Stock,CRANE CO,True
2246039,,,,,False
225310101,CACC,BBG000CS0D96,Common Stock,CREDIT ACCEPTANCE CORP,True
22576C101,,,,,False
226344208,CEQPUSD,BBG00JS03780,MLP,CRESTWOOD EQUITY PARTNERS LP,True
22663K107,CRNXGBP,BBG0134T8H26,Common Stock,CRINETICS PHARMACEUTICALS IN,True
2266L1061,,,,,False
226718104,CRTOEUR,BBG00668DBB1,ADR,CRITEO SA-SPON,True
227046109,CROX,BBG000BLY663,Common Stock,CROCS INC,True
22717L101,CRON,BBG00D1PMS80,Common Stock,CRONOS GROUP INC,True
22758A105,CAPL,BBG002Z9XD93,MLP,CROSSAMERICA PARTNERS LP,True
22765Y104,,,,,False
22788C105,CRWD,BBG00BLYKS03,Common Stock,CROWDSTRIKE HOLDINGS INC - A,True
228227104,,,,,False
22822V101,CCI,BBG000FV1Z23,REIT,CROWN CASTLE INC,True
22822V309,CCI 6.875 08/01/20 A,,PUBLIC,CROWN CASTLE INTL CORP,True
228368106,CCK,BBG000BF6756,Common Stock,CROWN HOLDINGS INC,True
228903100,AORT,BBG000BMLVJ6,Common Stock,ARTIVION INC,True
22943F100,CTRPUSD,BBG00JQ09RM6,ADR,CTRIP.COM INTERNATIONAL-ADR,True
229790100,HLTHQ,BBG00LDMHH68,Common Stock,CUE HEALTH INC,True
23135106,,,,,False
23204G100,CUBI,BBG0023XX761,Common Stock,CUSTOMERS BANCORP INC,True
23251P102,,,,,False
23282W605,CYTK,BBG000F0R4N9,Common Stock,CYTOKINETICS INC,True
23283R100,CONE1EUR,BBG00D0MXDW2,REIT,CYRUSONE INC,True
23292E108,DIDIY,BBG011DJJ3G6,ADR,DIDI GLOBAL INC,True
233051200,DBEF,BBG001QVX940,ETP,XTRACKERS MSCI EAFE HEDGED E,True
23311P100,DCPUSD,BBG00JS02YV6,MLP,DCP MIDSTREAM LP,True
23320G240,DUSQX,BBG004KV14H2,Open-End Fund,DFA US LARGE CAP EQUITY-INS,True
23331A109,DHI,BBG000DQTXY6,Common Stock,DR HORTON INC,True
233331107,DTE,BBG000BB29X4,Common Stock,DTE ENERGY COMPANY,True
233331842,DTE 6.25 11/01/22,,PUBLIC,DTE ENERGY CO,True
23335C101,,,,,False
23345J104,,,,,False
23355L106,DXC,BBG00FN64XT9,Common Stock,DXC TECHNOLOGY CO,True
233912104,DJCO,BBG000BH5KW4,Common Stock,DAILY JOURNAL CORP,True
234264109,DAKT,BBG000BMC8K5,Common Stock,DAKTRONICS INC,True
235825205,DAN,BBG000TCD088,Common Stock,DANA INC,True
235851102,DHR,BBG000BH3JF8,Common Stock,DANAHER CORP,True
23703Q203,DQ,BBG000Q5T9W3,ADR,DAQO NEW ENERGY CORP-ADR,True
237266101,DAR,BBG000BN8ZK8,Common Stock,DARLING INGREDIENTS INC,True
23804L103,DDOG,BBG003NJHZT9,Common Stock,DATADOG INC - CLASS A,True
238337109,PLAY,BBG001WWJTK5,Common Stock,DAVE & BUSTER'S ENTERTAINMEN,True
23918K108,DVA,BBG000MQ1SN9,Common Stock,DAVITA INC,True
239359102,,,,,False
239360100,DWSN,BBG000BD1DT7,Common Stock,DAWSON GEOPHYSICAL CO,True
23954D109,DAWNGBX,BBG021FSBCF2,Common Stock,DAY ONE BIOPHARMACEUTICALS I,True
242309102,,,,,False
24344T101,DCPHEUR,BBG00J2L85W4,Common Stock,DECIPHERA PHARMACEUTICALS IN,True
243537107,DECK,BBG000BKXYX5,Common Stock,DECKERS OUTDOOR CORP,True
244199105,DE,BBG000BH1NH9,Common Stock,DEERE & CO,True
245077102,DFRG,BBG000TR8XG0,Common Stock,DEL FRISCO'S RESTAURANT GROU,True
245496104,TACOEUR,BBG00HBWCB83,Common Stock,DEL TACO RESTAURANTS INC,True
24661P807,DCTH,BBG000BY2VF5,Common Stock,DELCATH SYSTEMS INC,True
24702R101,,,,,False
24703L103,,,,,False
24703L202,DELL,BBG00DW3SZS1,Common Stock,DELL TECHNOLOGIES -C,True
247361702,DAL,BBG000R7Z112,Common Stock,DELTA AIR LINES INC,True
24790A101,DENUSD,BBG00ZXZK0V1,Common Stock,DENBURY INC,True
247916209,,,,,False
24823R105,DNLI,BBG008P7F869,Common Stock,DENALI THERAPEUTICS INC,True
24906P109,XRAY,BBG000BX57K1,Common Stock,DENTSPLY SIRONA INC,True
249908104,,,,,False
249908AA2,ASRT 2.5 09/01/21,,US DOMESTIC,ASSERTIO THERAPEUTICS IN,True
25179M103,DVN,BBG000BBVJZ8,Common Stock,DEVON ENERGY CORP,True
252131107,DXCM,BBG000QTF8K1,Common Stock,DEXCOM INC,True
25243Q205,DEO,BBG000BWZQL7,ADR,DIAGEO PLC-SPONSORED ADR,True
25271C201,DO1USD,BBG018R4TPZ8,Common Stock,DIAMOND OFFSHORE DRILLING IN,True
25272T104,,,,,False
25278X109,FANG,BBG002PHSYX9,Common Stock,DIAMONDBACK ENERGY INC,True
25280H100,,,,,False
252828108,DNTH,BBG00FB2NPZ0,Common Stock,DIANTHUS THERAPEUTICS INC,True
253031108,DRNAUSD,BBG00JPF3557,Common Stock,DICERNA PHARMACEUTICALS INC,True
253393102,DKS,BBG000F6ZWH2,Common Stock,DICK'S SPORTING GOODS INC,True
253868103,DLR,BBG000Q5ZRM7,REIT,DIGITAL REALTY TRUST INC,True
25400W102,APPS,BBG000HZ3562,Common Stock,DIGITAL TURBINE INC,True
25434V104,DFAU,BBG00Y2JFZG0,ETP,DIMENSIONAL US CORE EQUITY M,True
25434V203,DFAI,BBG00Y2PGCR4,ETP,DIMENSIONAL INTERNATIONAL CO,True
25434V401,DFUS,BBG011DXXMP7,ETP,DIMENSIONAL US EQ MKT ETF,True
25434V500,DFAS,BBG011DXXTS9,ETP,DIMENSIONAL US SMALL CAP ETF,True
25434V575,DFGX,BBG01JY7QVD3,ETP,DIMSNL INTR CF IN ETF-USD IN,True
25434V609,DFAT,BBG011DXXZC2,ETP,DIMENSIONAL US TARGET VALUE,True
25434V658,DFGR,BBG01BN60N59,ETP,DIM GLOBAL REAL ESTATE ETF,True
25434V666,DFLV,BBG01BN5Z0F2,ETP,DIM US LARGE CAP VALUE ETF,True
25434V708,DFAC,BBG011DXY5J0,ETP,DIMENSIONAL US CORE EQUITY 2,True
25434V716,DFSU,BBG01B92NGR0,ETP,DIMENSIONAL US SUS CORE1 ETF,True
25434V724,DFUV,BBG0177CTPJ2,ETP,DIMENSIONAL US MARKETWIDE VA,True
25434V765,DIHP,BBG01636J249,ETP,DIMENSIONAL INTERNATIONAL HI,True
25434V799,DFIC,BBG01631TMJ9,ETP,DIMENSIONAL INTERNATIONAL CO,True
25434V807,DFIV,BBG012G21X53,ETP,DIMENSIONAL INTERNATIONAL VA,True
25434V831,DUHP,BBG015DLMKV3,ETP,DIMENSIONAL US HIGH PROFI ET,True
25434V849,DFNM,BBG012558M00,ETP,DIMENSIONAL NATIONAL MUNI BD,True
25434V856,DFIP,BBG01254JZL9,ETP,DIMENSIONAL INFLATION-PROTEC,True
25434V872,DFCF,BBG01254CK66,ETP,DIMENSIONAL CORE FIXED INC,True
25434V880,DFAX,BBG012G2PC71,ETP,DIMENSIONAL WORLD EX US CORE,True
25459W847,TNA,BBG000JLCF41,ETP,DIR DAI SML CA BUL 3X ET-USD,True
25459Y116,CHADUSD,BBG00JXPXPK2,ETP,DRX DLY CHINA A-SHR BEAR 1X,True
25459Y207,QQQE,BBG001KXTSV5,ETP,DIRX NASDAQ-100EQ WI ETF-USD,True
254604101,IRON,BBG00W9MJK79,Common Stock,DISC MEDICINE INC,True
254668403,,,,,False
254687106,DIS,BBG000BH4R78,Common Stock,WALT DISNEY CO/THE,True
254709108,DFSEUR,BBG0072567S8,Common Stock,DISCOVER FINANCIAL SERVICES,True
25470F104,DISCAUSD,BBG00YJ9X749,Common Stock,DISCOVERY INC - A,True
25470F302,DISCKUSD,BBG00YJ9X703,Common Stock,DISCOVERY INC-C,True
25470M109,DISH,BBG00GQ6S252,Common Stock,DISH NETWORK CORP-A,True
25470MAB5,DISH 3.375 08/15/26,,US DOMESTIC,DISH NETWORK CORP,True
25490A309,,,,,False
25525P107,DHC,BBG000BM2GS0,REIT,DIVERSIFIED HEALTHCARE TRUST,True
256163106,DOCU,BBG000N7KJX8,Common Stock,DOCUSIGN INC,True
256677105,DG,BBG000NV1KK7,Common Stock,DOLLAR GENERAL CORP,True
256746108,DLTR,BBG000BSC0K9,Common Stock,DOLLAR TREE INC,True
25746U109,D,BBG000BGVW60,Common Stock,DOMINION ENERGY INC,True
257554105,DOMO,BBG00L2NS0B7,Common Stock,DOMO INC - CLASS B,True
257559203,UFS,BBG000BHFHP8,Common Stock,DOMTAR CORP,True
257651109,DCI,BBG000BGZP70,Common Stock,DONALDSON CO INC,True
25809K105,DASH,BBG005D7QCJ3,Common Stock,DOORDASH INC - A,True
25820R105,DMLP,BBG000PNZ5G4,MLP,DORCHESTER MINERALS LP,True
25861R105,DBND,BBG016GCZL33,ETP,DOUBLELINE OPPOR COR BND-USD,True
258620822,DSEEX,BBG005CM15W8,Open-End Fund,DOUBLELINE SHL ENH CAPE-I,True
25862V105,DV,BBG00ZNRRJM2,Common Stock,DOUBLEVERIFY HOLDINGS INC,True
25960R105,PLOW,BBG000Q90C31,Common Stock,DOUGLAS DYNAMICS INC,True
260543103,,,,,False
260557103,DOW,BBG00BN96922,Common Stock,DOW INC,True
26078J100,,,,,False
26153C103,,,,,False
261608103,DRCEUR,BBG0099QHXP5,Common Stock,DRESSER-RAND GROUP INC,True
26210C104,DBX,BBG0018SLDN0,Common Stock,DROPBOX INC-CLASS A,True
26210V102,DRVN,BBG00YN8NCD6,Common Stock,DRIVEN BRANDS HOLDINGS INC,True
263534109,,,,,False
264147109,DCO,BBG000BH02M0,Common Stock,DUCOMMUN INC,True
264411505,DREUSD,BBG00YJ9XD37,REIT,DUKE REALTY CORP,True
26441C204,DUK,BBG000BHGDH5,Common Stock,DUKE ENERGY CORP,True
26484T106,DNB,BBG00VCZX9Z6,Common Stock,DUN & BRADSTREET HOLDINGS IN,True
26614N102,DWDPEUR,BBG00HM7NY11,Common Stock,DUPONT DE NEMOURS INC,True
26746E103,,,,,False
267475101,DY,BBG000C4SKT1,Common Stock,DYCOM INDUSTRIES INC,True
268150109,DT,BBG00PNN7C40,Common Stock,DYNATRACE INC,True
26817R108,,,,,False
26818M108,DYN,BBG00NSGPJD0,Common Stock,DYNE THERAPEUTICS INC,True
26852W103,,,,,False
26856L103,ELF,BBG00DQ6VYP3,Common Stock,ELF BEAUTY INC,True
268648102,,,,,False
26874784,,,,,False
26875P101,EOG,BBG000BZ9223,Common Stock,EOG RESOURCES INC,True
268785102,EPEEUR,BBG0099QHYH2,Common Stock,EP ENERGY CORP-CL A,True
26884L109,EQT,BBG000BHZ5J9,Common Stock,EQT CORP,True
26884U208,EPR 5.75 PERP C,,PUBLIC,EPR PROPERTIES,True
26885G109,ERA1USD,BBG00KFTXY59,Common Stock,ERA GROUP INC,True
268948106,EGBN,BBG000C3HB24,Common Stock,EAGLE BANCORP INC,True
26922A222,ACIO,BBG00PNSDFF3,ETP,APTUS COLLARED INVEST OPP,True
26922A388,DRSK,BBG00LNDTGT1,ETP,APTUS DEFINED RISK ETF,True
26922W109,,,,,False
26923A106,,,,,False
26923N876,CVAR,BBG0147C0YM7,ETP,CULTIVAR ETF,True
269246401,ETRA,BBG000JK80Y8,Common Stock,E*TRADE FINANCIAL CORP,True
26926V107,EVEPUSD,BBG00JXQ4YB3,MLP,EV ENERGY PARTNERS LP,True
26969P108,EXP,BBG000BJW241,Common Stock,EAGLE MATERIALS INC,True
269796108,EGRX,BBG005Y3XWH9,Common Stock,EAGLE PHARMACEUTICALS INC,True
269817102,EIC,BBG00LFV6BR8,Closed-End Fund,EAGLE POINT INCOME CO-USA IN,True
270087109,,,,,False
27627N105,EBC,BBG00W9KWXC4,Common Stock,EASTERN BANKSHARES INC,True
278642103,EBAY,BBG000C43RR5,Common Stock,EBAY INC,True
278715206,EBIXEUR,BBG00F8ZWX39,Common Stock,EBIX INC,True
278768106,ECHO,BBG000TGLV00,Common Stock,ECHOSTAR CORP-A,True
278865100,ECL,BBG000BHKYH4,Common Stock,ECOLAB INC,True
279870109,,,,,False
28035Q102,EPC,BBG000BRW644,Common Stock,EDGEWELL PERSONAL CARE CO,True
28036F105,EWTX,BBG00K4Y2H24,Common Stock,EDGEWISE THERAPEUTICS INC,True
281020107,EIX,BBG000D7RKJ5,Common Stock,EDISON INTERNATIONAL,True
28176E108,EW,BBG000BRXP69,Common Stock,EDWARDS LIFESCIENCES CORP,True
28238P109,EHTH,BBG000P5JQX6,Common Stock,EHEALTH INC,True
28249H104,EIDXGBP,BBG00PWYPJM1,Common Stock,EIDOS THERAPEUTICS INC,True
284131208,,,,,False
28414H103,ELAN,BBG00LJYS1P8,Common Stock,ELANCO ANIMAL HEALTH INC,True
28470R102,ERIEUR,BBG00GNDZ332,Common Stock,ELDORADO RESORTS INC,True
284902509,EGO,BBG000BN7277,Common Stock,ELDORADO GOLD CORP,True
285512109,EA*,BBG00J5DVGZ6,Common Stock,ELECTRONIC ARTS INC,True
28618M106,ESI,BBG005C4XHR3,Common Stock,ELEMENT SOLUTIONS INC,True
28849P100,,,,,False
288522303,,,,,False
29082A107,EMBJ,BBG000BG3TV0,ADR,EMBRAER SA-SPON ADR,True
29084Q100,EME,BBG000BBRPL4,Common Stock,EMCOR GROUP INC,True
29249E109,ACT,BBG00WSNP4R3,Common Stock,ENACT HOLDINGS INC,True
292505104,,,,,False
29250N105,ENB,BBG000K5M1S8,Common Stock,ENBRIDGE INC,True
29251M106,ENTA,BBG001V9NSB4,Common Stock,ENANTA PHARMACEUTICALS INC,True
292562105,WIREEUR,BBG00JQBPBT2,Common Stock,ENCORE WIRE CORP,True
29260V105,DAVA,BBG00LBLBBJ7,ADR,ENDAVA PLC- SPON ADR,True
29260Y109,0C3,BBG00Q9SS8S3,Common Stock,ENDEAVOR GROUP HOLD-CLASS A,True
29265N108,,,,,False
29266S106,,,,,False
292671708,UUUU,BBG000BXTPV3,Common Stock,ENERGY FUELS INC,True
29269A102,,,,,False
29273R109,,,,,False
29273V100,ET,BBG000BM2FL9,MLP,ENERGY TRANSFER LP,True
29274F104,,,,,False
29275Y102,ENS,BBG000PWTD92,Common Stock,ENERSYS,True
292764107,,,,,False
292766102,ERFGBP,BBG00JXQ8SL1,Common Stock,ENERPLUS CORP,True
29276K101,,,,,False
29278N103,,,,,False
29283F103,ESMTUSD,BBG017QC5KN3,Common Stock,ENGAGESMART INC,True
29336T100,0E41,BBG000HSQ108,Unit,ENLINK MIDSTREAM LLC,True
29355A107,ENPH,BBG001R3MNY9,Common Stock,ENPHASE ENERGY INC,True
29355X107,NPO,BBG000BW2FF4,Common Stock,ENPRO INC,True
29357K103,ENVA,BBG0022PSJ14,Common Stock,ENOVA INTERNATIONAL INC,True
29358P101,ENSG,BBG000K1T9L0,Common Stock,ENSIGN GROUP INC/THE,True
293639100,ETMUSD,BBG00JX7JHC5,Common Stock,ENTERCOM COMMUNICATIONS-CL A,True
293712105,EFSC,BBG000DZN289,Common Stock,ENTERPRISE FINANCIAL SERVICE,True
293792107,EPD,BBG000BR3012,MLP,ENTERPRISE PRODUCTS PARTNERS,True
29413U103,,,,,False
29414B104,EPAM,BBG000MHTV89,Common Stock,EPAM SYSTEMS INC,True
29414J107,EVAUSD,BBG00JXL9H08,MLP,ENVIVA PARTNERS LP,True
294268107,PLUS,BBG000HN7W02,Common Stock,EPLUS INC,True
29428V104,EPZMEUR,BBG00JPR0KT5,Common Stock,EPIZYME INC,True
294375209,EPSN,BBG000BHJM37,Common Stock,EPSILON ENERGY LTD,True
294429105,EFX,BBG000BHPL78,Common Stock,EQUIFAX INC,True
29444U502,,,,,False
29444U700,EQIX,BBG000MBDGM6,REIT,EQUINIX INC,True
29446Y502,EQX,BBG004XB7MN9,Common Stock,EQUINOX GOLD CORP,True
29452E101,EQH,BBG00J7CBVW8,Common Stock,EQUITABLE HOLDINGS INC,True
29460X109,EQBK,BBG000QKJS40,Common Stock,EQUITY BANCSHARES INC - CL A,True
294628102,HP5A,BBG000K31LQ4,REIT,EQUITY COMMONWEALTH,True
29472R108,ELS,BBG000BB7SX7,REIT,EQUITY LIFESTYLE PROPERTIES,True
29476L107,VMRK,BBG000BG8M31,REIT,VIVMARK RESIDENTIAL,True
294821608,ERIC,BBG000BB0QF8,ADR,ERICSSON (LM) TEL-SP ADR,True
29482P100,,,,,False
297178105,ESS,BBG000CGJMB9,REIT,ESSEX PROPERTY TRUST INC,True
2977G102,,,,,False
29786A106,ETSY,BBG000N7MXL8,Common Stock,ETSY INC,True
29788T103,ETWOGBP,BBG0127VLGX3,Common Stock,E2OPEN PARENT HOLDINGS INC,True
298736109,EEFT,BBG000BMNBY1,Common Stock,EURONET WORLDWIDE INC,True
29975E109,EB4,BBG00M14CGR3,Common Stock,EVENTBRITE INC-CLASS A,True
30034T103,G2C,BBG000HPB8Y8,Common Stock,EVERI HOLDINGS INC,True
30034W106,EVRG,BBG00H433CR2,Common Stock,EVERGY INC,True
300426103,ECG,BBG01M600X00,Common Stock,EVERUS CONSTRUCTION GROUP,True
30049A107,EPM,BBG000C15T59,Common Stock,EVOLUTION PETROLEUM CORP,True
30052C107,EOLS,BBG005CX4HK8,Common Stock,EVOLUS INC,True
30054Y107,EVMN,BBG00Y79N887,Common Stock,EVOMMUNE INC,True
30063P105,EXK,BBG000CNDF89,Common Stock,EXACT SCIENCES CORP,True
30066A105,,,,,False
30121G102,,,,,False
30151E608,,,,,False
30161N101,EXC,BBG000J6XT05,Common Stock,EXELON CORP,True
30161Q104,EXEL,BBG000BQ4WF8,Common Stock,EXELIXIS INC,True
30190A104,FG,BBG01BGVGG87,Common Stock,F&G ANNUITIES & LIFE INC,True
30212P303,EXPE,BBG000QY3XZ2,Common Stock,EXPEDIA GROUP INC,True
302130109,EXPD,BBG000BJ5GK2,Common Stock,EXPEDITORS INTL WASH INC,True
30219G108,,,,,False
30225X103,,,,,False
302301106,EZPW,BBG000C93HM1,Common Stock,EZCORP INC-CL A,True
30231G102,EXMOC,BBG00B8TC1V3,Common Stock,EXXON MOBIL CORP,True
302445101,FLIR,BBG000BHK836,Common Stock,FLIR SYSTEMS INC,True
302491303,FMC,BBG000BJP882,Common Stock,FMC CORP,True
302492103,FLYW,BBG002030NC4,Common Stock,FLYWIRE CORP-VOTING,True
30249U101,,,,,False
30255G103,,,,,False
302941109,FCN,BBG000K88H58,Common Stock,FTI CONSULTING INC,True
30303M102,META,BBG000MM2P62,Common Stock,META PLATFORMS INC-CLASS A,True
30322L101,,,,,False
303250104,FICO,BBG000DW76Y6,Common Stock,FAIR ISAAC CORP,True
30555Q108,,,,,False
305560302,,,,,False
307000109,,,,,False
307068106,DAVEUSD,BBG00JPCXKC0,Common Stock,FAMOUS DAVE'S OF AMERICA,True
30744W107,FTCHQ,BBG00LSD4456,Common Stock,FARFETCH LTD-CLASS A,True
31188V100,FSLY,BBG004NLQHL0,Common Stock,FASTLY INC - CLASS A,True
31189P102,FATE,BBG000QP35H2,Common Stock,FATE THERAPEUTICS INC,True
313745101,FRT,BBG000BJVN28,REIT,FEDERAL REALTY INVS TRUST,True
314211103,FHI,BBG000BP0929,Common Stock,FEDERATED HERMES INC,True
31428X106,FDX,BBG000BJF1Z8,Common Stock,FEDEX CORP,True
31430F101,,,,,False
31447P100,FENC,BBG000DTH814,Common Stock,FENNEC PHARMACEUTICALS INC,True
31488V107,FERG,BBG01NMRD768,Common Stock,FERGUSON ENTERPRISES INC,True
315405100,FOE,BBG000BJQK11,Common Stock,FERRO CORP,True
31572Q808,FGENEUR,BBG00H8P68F8,Common Stock,FIBROGEN INC,True
315912808,ONEQ,BBG000BS1BC6,ETP,FIDELITY NASDAQ COMP INDX,True
315948109,FBTC,BBG01KY66PW6,ETP,FIDELITY WISE ORIGIN BITCOIN,True
316092113,FELC,BBG01K4JD1F5,ETP,FIDELITY ENH LRG CAP COR ETF,True
316092352,FBCG,BBG00V6QFSP2,ETP,FIDELITY BLUE CHIP GROW ETF,True
316092600,FHLC,BBG005FHVV47,ETP,FIDELITY MSCI HEALTH CARE,True
316092824,FDLO,BBG00DRFDQV2,ETP,FIDELITY LOW VOLAT FACT ETF,True
316188309,FBND,BBG0078X19K0,ETP,FIDELITY TOTAL BOND ETF,True
31620M106,FIS,BBG000BK2F42,Common Stock,FIDELITY NATIONAL INFO SERV,True
31620R105,,,,,False
31620R303,FNF,BBG006N7S6K9,Common Stock,FIDELITY NATIONAL FINANCIAL,True
31620R402,,,,,False
316500107,FDUS,BBG001K9JH07,Common Stock,FIDUS INVESTMENT CORP,True
31660B101,FRGIUSD,BBG00ZR22MW2,Common Stock,FIESTA RESTAURANT GROUP,True
316773100,FITB,BBG000BJL3N0,Common Stock,FIFTH THIRD BANCORP,True
31680Q104,WUBAUSD,BBG00JQ24CL1,ADR,58.COM INC-ADR,True
316827104,JOBSUSD,BBG00JPVLVD6,ADR,51JOB INC-ADR,True
316841105,FIG,BBG00BLZ2CD1,Common Stock,FIGMA INC-CL A,True
317485100,,,,,False
317585404,FISI,BBG000BY1L13,Common Stock,FINANCIAL INSTITUTIONS INC,True
31816Q101,FEYECHF,BBG007F5WLQ6,Common Stock,MANDIANT INC,True
31847R102,FAF,BBG000V78V75,Common Stock,FIRST AMERICAN FINANCIAL,True
318672706,FBP,BBG000CYKKX8,Common Stock,FIRST BANCORP PUERTO RICO,True
31946M103,FCNCA,BBG000BJCDS3,Common Stock,FIRST CITIZENS BCSHS  -CL A,True
32008D106,FDC,BBG009NMJJJ4,Common Stock,FIRST DATA CORP- CLASS A,True
320218100,THFF,BBG000CDH213,Common Stock,FIRST FINANCIAL CORP,True
32026V104,2682426D,BBG007J27T35,Common Stock,FIRST FOUNDATION INC,True
32054K103,FR,BBG000CKGDS5,REIT,FIRST INDUSTRIAL REALTY TR,True
320771108,,,,,False
320867104,FMBIUSD,BBG00KD8ZMC3,Common Stock,FIRST MIDWEST BANCORP INC/IL,True
33616C100,FRCB,BBG0019LSQ49,Common Stock,FIRST REPUBLIC BANK/CA,True
336433107,FSLR,BBG000BFL116,Common Stock,FIRST SOLAR INC,True
336917109,FDL,BBG000HFZ1Z8,ETP,FIRST TRUST MORN DVD LEAD IN,True
33718M105,FDM,BBG000JGZYM6,ETP,FIRST TRUST DOW J SELECT MIC,True
33733E104,FTCS,BBG000LGL532,ETP,FIRST TRUST CAPITAL STRENGTH,True
33733E872,FCTR,BBG00LGR5QR4,ETP,FIRST TRUST LUNT US FACTOR,True
33734H106,FVD,BBG000PX7V21,ETP,FIRST TRUST VALUE LINE DVD,True
33734K109,FEX,BBG000R6D2Y0,ETP,FIRST TRUST LARGE CAP CORE A,True
33734X101,FXD,BBG000BC4416,ETP,FIRST TRUST CONSUMER DISCRET,True
33734X119,FXG,BBG000R6G1G9,ETP,FIRST TRUST CONSUMER STAPLES,True
33734X127,FXN,BBG000R6GG30,ETP,FIRST TRUST ENERGY ALPHADEX,True
33734X143,FXH,BBG000R6BWD9,ETP,FIRST TRUST HEALTH CARE ALPH,True
33737J117,FEP,BBG001MKQKC2,ETP,FIRST TRUST EUROPE,True
33737M102,FNY,BBG001MKMK63,ETP,FIRST TRUST MID CAP GROWTH,True
33738D101,EMLP,BBG0034YTQY8,ETP,FIRST TRUST NORTH AMERICAN E,True
33738D606,LGOV,BBG00N0WX0M7,ETP,FIRST TR LONG DURATION O-ETF,True
33738R506,RDVY,BBG005SW6WR1,ETP,FIRST TRUST RISING DIVIDEND,True
33738R597,FTCE,BBG01NXZJT46,ETP,FT NEW CONSTR COR EARN LDR,True
33738R605,FV,BBG005YW3DP1,ETP,FIRST TRUST DW FOCUS 5 FUND,True
33739B104,,,,,False
33739H101,FTGC,BBG005GHHC53,ETP,FIRST TRUST GLOBAL TACTICAL,True
33739P103,FTLS,BBG00735B1S4,ETP,FIRST TRUST LONG/SHORT EQTY,True
33739Q200,LMBS,BBG007GFNV36,ETP,FIRST TRUST LOW DURATION OPP,True
33739Q408,FTSM,BBG006XT8622,ETP,FIRST TRUST ENH SHORT MAT FD,True
33740F367,XOCT,BBG01JPFZKW8,ETP,FT VEST US EQUITY ENHANCE &,True
33740F722,FJUN,BBG00VC9S427,ETP,FT VEST US EQUITY BUFF ETF-J,True
33740F755,BUFR,BBG00VC9SYJ3,ETP,FT VEST LAD BUFFERVETF-USD I,True
33740F805,FIXD,BBG00FZ4KFH5,ETP,FIRST TRUST SMITH OPPORTUNIS,True
33740U844,XJUN,BBG011R6J6K7,ETP,FT VEST U.S. EQUITY ENHANCE,True
33741H107,FUNC,BBG000CWBQC2,Common Stock,FIRST UNITED CORP,True
33741X102,SDVY,BBG00J3TCRL5,ETP,FIRST TRUST SMID CAP RISING,True
33761N109,,,,,False
337655104,DSACEUR,BBG00ZHSKSM4,Common Stock,FISCALNOTE HOLDINGS INC,True
33767E103,,,,,False
33768G107,FCFS,BBG0145KL747,Common Stock,FIRSTCASH HOLDINGS INC,True
337738108,FISV,BBG000BJKPG0,Common Stock,FISERV INC,True
337915102,,,,,False
337930705,FBCUSD,BBG00L438H60,Common Stock,FLAGSTAR BANCORP INC,True
337932107,FE,BBG000BB6M98,Common Stock,FIRSTENERGY CORP,True
33812L102,FITEUR,BBG009F7SXM1,Common Stock,FITBIT INC - A,True
33829M101,FIVE,BBG001636CR2,Common Stock,FIVE BELOW,True
33829R100,,,,,False
338307101,FIVN,BBG001KHJM17,Common Stock,FIVE9 INC,True
33850F108,,,,,False
339041105,FLT1EUR,BBG00CKGN1M3,Common Stock,FLEETCOR TECHNOLOGIES INC,True
33939L407,GUNR,BBG00243P818,ETP,NT MSTAR GLBL NR ETF,True
339750101,FND,BBG007GJ2F81,Common Stock,FLOOR & DECOR HOLDINGS INC-A,True
343412102,FLR,BBG000BB1TH9,Common Stock,FLUOR CORP,True
343498101,FLO,BBG000BB4D72,Common Stock,FLOWERS FOODS INC,True
34354P105,FLS,BBG000FFH4P5,Common Stock,FLOWSERVE CORP,True
34380C102,IDIEUR,BBG0072580P4,Common Stock,FLUENT INC,True
344044102,,,,,False
34407D109,FLYGBP,BBG00JYGRW87,ADR,FLY LEASING LTD-ADR,True
344419106,FMX,BBG000BD33X2,ADR,FOMENTO ECONOMICO MEX-SP ADR,True
344849104,WOO,BBG000DH4Q32,Common Stock,FOOT LOCKER INC,True
345370860,F,BBG000BQPC32,Common Stock,FORD MOTOR CO,True
34553D101,FSCTEUR,BBG00J3YZB43,Common Stock,FORESCOUT TECHNOLOGIES INC,True
345550107,,,,,False
345605109,,,,,False
345838106,,,,,False
346233109,,,,,False
349553107,FTS,BBG000K9SSS5,Common Stock,FORTIS INC,True
34959E109,FTNT,BBG000BCMBG4,Common Stock,FORTINET INC,True
34960P101,FTAIEUR,BBG008Y0LKH8,Ltd Part,FORTRESS TRANSPORTATION-CL A,True
34984V100,FETUSD,BBG00JRPYDD3,Common Stock,FORUM ENERGY TECHNOLOGIES IN,True
349853101,FWRDUSD,BBG00KD8YZT7,Common Stock,FORWARD AIR CORP,True
34986A104,FWRD,BBG000BRCHB4,Common Stock,FORWARD AIR CORP,True
350392106,FBMUSD,BBG00JWTLY10,Common Stock,FOUNDATION BUILDING MATERIAL,True
35086T109,FCPT,BBG009H33QM0,REIT,FOUR CORNERS PROPERTY TRUST,True
35137L105,FOXA,BBG00JHNJW99,Common Stock,FOX CORP - CLASS A,True
35137L204,FOX,BBG00JHNKJY8,Common Stock,FOX CORP - CLASS B,True
35180X105,FRG1USD,BBG00ZR84S27,Common Stock,FRANCHISE GROUP INC,True
351858105,FNV,BBG000RD3CL8,Common Stock,FRANCO-NEVADA CORP,True
354613101,BEN,BBG000BD0TF8,Common Stock,FRANKLIN TEMPLETON INC,True
35473P744,FLJP,BBG00J3MDY16,ETP,FRANKLIN FTSE JAPAN ETF,True
35473P769,FLIN,BBG00JYWBHT9,ETP,FRANKLIN FTSE INDIA ETF,True
356108100,FREDQ,BBG000CQ8K32,Common Stock,FRED'S INC-CLASS A,True
35671D857,FCX,BBG000BJDB15,Common Stock,FREEPORT-MCMORAN INC,True
358054104,FRSH,BBG0029KYGL5,Common Stock,FRESHWORKS INC-CL A,True
35904G107,RESIEUR,BBG00K56RHY2,REIT,FRONT YARD RESIDENTIAL CORP,True
35905A109,FTDR,BBG00H9MNDZ2,Common Stock,FRONTDOOR INC,True
35909D109,FYBR,BBG010MVVVW7,Common Stock,FRONTIER COMMUNICATIONS PARE,True
35953C106,FIP,BBG0174VKJ51,Common Stock,FTAI INFRASTRUCTURE INC,True
35969L108,YMM,BBG01186DLS3,ADR,FULL TRUCK ALLIANCE -SPN ADR,True
36118L106,FUTU,BBG00MYXW4R8,ADR,FUTU HOLDINGS LTD-ADR,True
36164V305,GLIBAEUR,BBG00K9YNRG9,Common Stock,GCI LIBERTY INC - CLASS A,True
36165L108,GDS,BBG00DYK7TL5,ADR,GDS HOLDINGS LTD - ADR,True
36168Q120,GFLCN 6 03/15/23,,PUBLIC,GFL ENVIRONMENTAL INC,True
36191G107,GNCIQ,BBG0016WLQ18,Common Stock,GNC HOLDINGS INC-CL A,True
36197T103,GWPH,BBG004BRNXZ3,ADR,GW PHARMACEUTICALS LTD,True
36225V104,GPX,BBG000D9LCX9,Common Stock,GP STRATEGIES CORP,True
362393100,GTT1USD,BBG00JX9T2B4,Common Stock,GTT COMMUNICATIONS INC,True
36251C103,GMS1EUR,BBG00D7JXKL8,Common Stock,GMS INC,True
36257Y109,GOTU,BBG00P3BYJY0,ADR,GAOTU TECHEDU INC,True
36268W100,GCAPEUR,BBG00FZ5BDT4,Common Stock,GAIN CAPITAL HOLDINGS INC,True
36352H100,GAU,BBG000R11130,Common Stock,GALIANO GOLD INC,True
363576109,AJG,BBG000BBHXQ3,Common Stock,ARTHUR J GALLAGHER & CO,True
36467J108,GLPI,BBG003MSMCS6,REIT,GAMING AND LEISURE PROPERTIE,True
36467W109,GME,BBG000BB5BF6,Common Stock,GAMESTOP CORP-CLASS A,True
36472T109,TDAY,BBG005C9FQQ3,Common Stock,USA TODAY CO INC,True
364730101,,,,,False
36473H104,GCI1EUR,BBG009JB2YL5,Common Stock,GANNETT CO INC,True
364760108,GAP,BBG000BKLH74,Common Stock,GAP INC/THE,True
36555P107,GDI1EUR,BBG00GPYRR21,Common Stock,GARDNER DENVER HOLDINGS INC,True
366505105,GTX,BBG00HY28P97,Common Stock,GARRETT MOTION INC,True
366505204,GTX 11 PERP A,,PUBLIC,GARRETT MOTION INC,True
366651107,IT,BBG000BB65D0,Common Stock,GARTNER INC,True
36828A101,GEV,BBG013G17W31,Common Stock,GE VERNOVA INC,True
368682100,,,,,False
368736104,GNRC,BBG000PQ4W72,Common Stock,GENERAC HOLDINGS INC,True
369550108,GD,BBG000BK67C7,Common Stock,GENERAL DYNAMICS CORP,True
369604103,,,,,False
369604301,GE,BBG000BK6MB5,Common Stock,GENERAL ELECTRIC,True
370334104,GIS,BBG000BKCFC2,Common Stock,GENERAL MILLS INC,True
37045V100,GM,BBG000NDYB67,Common Stock,GENERAL MOTORS CO,True
37045V118,,,,,False
370990228,,,,,False
371901109,GNTX,BBG000BKJ092,Common Stock,GENTEX CORP,True
371927104,GEL,BBG000BM3HK5,MLP,GENESIS ENERGY L.P.,True
37247D106,GNW,BBG000J5Q6L2,Common Stock,GENWORTH FINANCIAL INC,True
374275105,GETY,BBG017RQJJG7,Common Stock,GETTY IMAGES HOLDINGS INC,True
375558103,GILD,BBG000CKGBP2,Common Stock,GILEAD SCIENCES INC,True
375916103,GIL,BBG000BH2CW5,Common Stock,GILDAN ACTIVEWEAR INC,True
37611X100,,,,,False
37637K108,GTLB,BBG00DHTYPH8,Common Stock,GITLAB INC-CL A,True
37733W105,,,,,False
37833100,,,,,False
37890U108,GBTUSD,BBG00JQ6G883,Common Stock,GLOBAL BLOOD THERAPEUTICS IN,True
378973408,GSATUSD,BBG00JZ6MB16,Common Stock,GLOBALSTAR INC,True
37940X102,GPN,BBG000CX0P89,Common Stock,GLOBAL PAYMENTS INC,True
37946R109,GLP,BBG000GJQQ22,MLP,GLOBAL PARTNERS LP,True
37954Y343,MLPA,BBG002WKD5Y2,ETP,GLOBAL X MLP ETF,True
37954Y483,QYLD,BBG00MVW9587,ETP,GLOBAL X NASD 100 COV CALL,True
37954Y657,PFFD,BBG00HPF2L66,ETP,GLOBAL X US PREFERRED ETF,True
37954Y673,PAVE,BBG00G5CR8N0,ETP,GLOBAL X US INFRASTRUCTURE,True
37954Y830,COPX,BBG000QRNHZ0,ETP,GLOBAL X COPPER MINERS ETF,True
37956X103,,,,,False
379577208,GMED,BBG002V87SD0,Common Stock,GLOBUS MEDICAL INC - A,True
380237107,GDDY,BBG006MDLY05,Common Stock,GODADDY INC - CLASS A,True
380956409,,,,,False
38141G104,GS,BBG000C6CFJ5,Common Stock,GOLDMAN SACHS GROUP INC,True
381430107,GSIE,BBG00BDMWQD5,ETP,GOLDMAN SACHS ACTIVEBETA INT,True
381430529,GBIL,BBG00DRGSD07,ETP,GOLDMAN SACHS ACCESS TREASUR,True
382410843,GDP1USD,BBG011DXF4Y7,Common Stock,GOODRICH PETROLEUM CORP,True
38246G108,GDRX,BBG00X0VP8D9,Common Stock,GOODRX HOLDINGS INC-CLASS A,True
382550101,GT,BBG000BKNX95,Common Stock,GOODYEAR TIRE & RUBBER CO,True
38259P508,,,,,False
38259P706,,,,,False
38267D109,GSHD,BBG00KHHBMC5,Common Stock,GOOSEHEAD INSURANCE INC -A,True
38268T103,GPRO,BBG001LWHLJ8,Common Stock,GOPRO INC-CLASS A,True
38341P102,GOSS,BBG00MVWLLM2,Common Stock,GOSSAMER BIO INC,True
384313508,EAFEUR,BBG00KRDC8K4,Common Stock,GRAFTECH INTERNATIONAL LTD,True
384556106,GHM,BBG000BKB811,Common Stock,GRAHAM CORP,True
384637104,GHC,BBG000C3FGH9,Common Stock,GRAHAM HOLDINGS CO-CLASS B,True
384802104,GWW,BBG000BKR1D6,Common Stock,WW GRAINGER INC,True
38500T101,GTE2EUR,BBG00G2BVW48,Common Stock,GRAN TIERRA ENERGY INC,True
38526M106,LOPE,BBG000FV28W9,Common Stock,GRAND CANYON EDUCATION INC,True
387432107,GRNT,BBG017RM8TN8,Common Stock,GRANITE RIDGE RESOURCES INC,True
387437114,GRT-UCAD,BBG00QJ071X5,REIT,GRANITE REAL ESTATE INVESTME,True
38747R827,NVDL,BBG01BWDKNF1,ETP,GRANITESH 2X LNG NVDA ETF,True
388689101,GPK,BBG000GQ7K93,Common Stock,GRAPHIC PACKAGING HOLDING CO,True
389375106,GTN,BBG000DSQLQ0,Common Stock,GRAY MEDIA INC,True
389637109,GBTC,BBG008748J88,ETP,GRAYSCALE BITCOIN TRUST ETF,True
39153L106,,,,,False
392709101,GRBK,BBG000QGYG84,Common Stock,GREEN BRICK PARTNERS INC,True
39304D102,GDOT,BBG000QDJT53,Common Stock,GREEN DOT CORP-CLASS A,True
395259104,GHLEUR,BBG00FZLPHN1,Common Stock,GREENHILL & CO INC,True
398182303,AHR,BBG01L820CZ4,REIT,AMERICAN HEALTHCARE REIT INC,True
398438408,GRFS,BBG001QMCKF6,ADR,GRIFOLS SA-ADR,True
399473107,GRPNCHF,BBG007F5WWQ2,Common Stock,GROUPON INC,True
399909100,GGAL,BBG000F646H3,ADR,GRUPO FINANCIERO GALICIA-ADR,True
400110102,,,,,False
40049J206,TV,BBG000BJDPF9,ADR,GRUPO TELEVISA SA-SPON ADR,True
40090E106,CIB,BBG01TW82NG2,ADR,GRUPO CIBEST SA-ADR,True
40171V100,GWRE,BBG001C7PM75,Common Stock,GUIDEWIRE SOFTWARE INC,True
40172N107,,,,,False
402031843,ADIV,BBG00ZV17TH6,ETP,GUINS ATK ASIA PAC DB ETF-UI,True
402635304,GPOR1EUR,BBG00JNJYYY2,Common Stock,GULFPORT ENERGY CORP,True
402635502,GPOR,BBG0112Z86C1,Common Stock,GULFPORT ENERGY CORP,True
40412C101,HCA,BBG000QW7VC1,Common Stock,HCA HEALTHCARE INC,True
404132102,,,,,False
40415F101,HDB,BBG000NWKS18,ADR,HDFC BANK LTD-ADR,True
40416M105,HDSUSD,BBG00JPW51Y5,Common Stock,HD SUPPLY HOLDINGS INC,True
404280406,HSBC,BBG000C1K7N0,ADR,HSBC HOLDINGS PLC-SPONS ADR,True
404280BC2,HSBC V6.875 PERP,,GLOBAL,HSBC HOLDINGS PLC,True
40434J100,,,,,False
40449J103,HABTEUR,BBG00JSKWFK2,Common Stock,HABIT RESTAURANTS INC/THE-A,True
405217100,HAIN,BBG000BQW085,Common Stock,HAIN CELESTIAL GROUP INC,True
40537Q605,HKEUR,BBG00DSW10H0,Common Stock,HALCON RESOURCES CORP,True
406216101,HAL,BBG000BKTFN2,Common Stock,HALLIBURTON CO,True
40637H109,HALO,BBG000CZ8W54,Common Stock,HALOZYME THERAPEUTICS INC,True
410315105,,,,,False
410345102,HN9,BBG000J93QG1,Common Stock,HANESBRANDS INC,True
41043F208,HNGRUSD,BBG00K03SFR5,Common Stock,HANGER INC,True
41146A106,,,,,False
411511504,HACAX,BBG000BDYYJ6,Open-End Fund,HARBOR CAPITAL APPRECIA-INST,True
41165Y100,1S4,BBG00Q29NJ94,Common Stock,HARBORONE BANCORP INC,True
412822108,HOG,BBG000BKZTP3,Common Stock,HARLEY-DAVIDSON INC,True
413197104,HRMY,BBG00WBPG4C2,Common Stock,HARMONY BIOSCIENCES HOLDINGS,True
413216300,HMY,BBG000BX93G1,ADR,HARMONY GOLD MNG-SPON ADR,True
41358P106,,,,,False
413875105,HRSEUR,BBG00836K4Y7,Common Stock,L3HARRIS TECHNOLOGIES INC,True
415864107,HA7,BBG00LVDJS62,Common Stock,ENVIRI CORP,True
416196202,HHS,BBG000BF3BG8,Common Stock,HARTE-HANKS INC,True
416515104,HIG,BBG000G0Z878,Common Stock,HARTFORD INSURANCE GROUP INC,True
416515120,,,,,False
418056107,HAS,BBG000BKVJK4,Common Stock,HASBRO INC,True
418100103,HCP2EUR,BBG01LV5VW29,Common Stock,HASHICORP INC-CL A,True
41902R103,,,,,False
419870100,HE,BBG000BL0P40,Common Stock,HAWAIIAN ELECTRIC INDS,True
419879101,HAN,BBG00KVDW532,Common Stock,HAWAIIAN HOLDINGS INC,True
42222G108,,,,,False
42225P501,,,,,False
42226A107,HQY,BBG000TYXCT9,Common Stock,HEALTHEQUITY INC,True
42250P103,DOC,BBG000BKYDP9,REIT,HEALTHPEAK PROPERTIES INC,True
422806208,HEI/A,BBG000F0CD91,Common Stock,HEICO CORP-CLASS A,True
423452101,HP,BBG000BLCPY4,Common Stock,HELMERICH & PAYNE,True
426281101,JKHY,BBG000BMH2Q7,Common Stock,JACK HENRY & ASSOCIATES INC,True
42704L104,HRI,BBG000FNRZ69,Common Stock,HERC HOLDINGS INC,True
427866108,HSY,BBG000BLHRS2,Common Stock,HERSHEY CO/THE,True
427866306,HSYFB,BBG000FW2TZ8,Common Stock,HERSHEY CO/THE-CLASS B,True
42805T105,,,,,False
42806J700,HTZ,BBG011N57109,Common Stock,HERTZ GLOBAL HLDGS INC,True
42809H107,HES,BBG000BBD070,Common Stock,HESS CORP,True
428236103,,,,,False
42824C109,HPE,BBG0078W3NQ3,Common Stock,HEWLETT PACKARD ENTERPRISE,True
428291108,HXL,BBG000BLMDQ9,Common Stock,HEXCEL CORP,True
43087N204,HSLV,BBG01N0R9JW2,Common Stock,HIGHLANDER SILVER CORP,True
43114K108,HPREUR,BBG00KFNJZC7,Common Stock,HIGHPOINT RESOURCES CORP,True
431466101,HILUSD,BBG00L43V668,Common Stock,HILL INTERNATIONAL INC,True
431475102,HRC,BBG000BKWCS0,Common Stock,HILL-ROM HOLDINGS INC,True
431571108,9HI,BBG005JS8VQ1,Common Stock,HILLENBRAND INC,True
432748101,HTH,BBG000GM73Y2,Common Stock,HILLTOP HOLDINGS INC,True
43283X105,HGV,BBG00CBYY6M1,Common Stock,HILTON GRAND VACATIONS INC,True
43289P106,HIMX,BBG000R01RJ8,ADR,HIMAX TECHNOLOGIES INC-ADR,True
43300A104,,,,,False
43300A203,HLT,BBG0058KMH30,Common Stock,HILTON WORLDWIDE HOLDINGS IN,True
433537107,,,,,False
433539202,HIPO,BBG00YRW91F7,Common Stock,HIPPO HOLDINGS INC,True
436106108,HFCUSD,BBG00JPGXW53,Common Stock,HOLLYFRONTIER CORP,True
436440101,HO1,BBG000GPK986,Common Stock,HOLOGIC INC,True
436893200,HOMB,BBG000QJXDW9,Common Stock,HOME BANCSHARES INC,True
437076102,HD,BBG000BKZB36,Common Stock,HOME DEPOT INC,True
438516106,HONGBP,BBG000NHQWY0,Common Stock,HONEYWELL INTERNATIONAL INC,True
43940T109,HOPE,BBG000DXHBN4,Common Stock,HOPE BANCORP INC,True
440452100,HRL,BBG000BLF8D2,Common Stock,HORMEL FOODS CORP,True
440543106,HOSEUR,BBG00JNKVH42,Common Stock,HORNBECK OFFSHORE SERVICES,True
441060100,,,,,False
44157R109,HMHCUSD,BBG00L43J8F8,Common Stock,HOUGHTON MIFFLIN HARCOURT CO,True
442487401,HOV,BBG000BLCBN7,Common Stock,HOVNANIAN ENTERPRISES-A,True
44267D107,HHC*,BBG00H5GT9M6,Common Stock,HOWARD HUGHES CORP/THE,True
443201108,HWM,BBG00DYNJGH9,Common Stock,HOWMET AEROSPACE INC,True
44332N106,HTHT,BBG000QFPM65,ADR,H WORLD GROUP LTD-ADR,True
44332NAB2,HTHT 3 05/01/26,,US DOMESTIC,H WORLD GROUP LTD,True
443573100,HUBS,BBG000N7MZ06,Common Stock,HUBSPOT INC,True
443628102,HBM,BBG000PM99H6,Common Stock,HUDBAY MINERALS INC,True
443683107,,,,,False
444097109,,,,,False
444144109,HDSN,BBG000DNV5K6,Common Stock,HUDSON TECHNOLOGIES INC,True
444859102,HUM,BBG000BLKK03,Common Stock,HUMANA INC,True
445658107,JBHT,BBG000BMDBZ1,Common Stock,HUNT (JB) TRANSPRT SVCS INC,True
446150104,HBAN,BBG000BKWSR6,Common Stock,HUNTINGTON BANCSHARES INC,True
446413106,HII,BBG001KJ2HM9,Common Stock,HUNTINGTON INGALLS INDUSTRIE,True
447011107,HUN,BBG000NS26Q8,Common Stock,HUNTSMAN CORP,True
447462102,HURN,BBG000PV2M48,Common Stock,HURON CONSULTING GROUP INC,True
44891N109,,,,,False
44891N208,PPLI,BBG00S1LR2C3,Common Stock,PEOPLE INC,True
448947507,IDT,BBG000NRVQJ2,Common Stock,IDT CORP-CLASS B,True
44919P508,IACIEUR,BBG008FFFM34,Common Stock,IAC/INTERACTIVECORP,True
44930G107,ICUI,BBG000CQV2N4,Common Stock,ICU MEDICAL INC,True
44934S206,ICADUSD,BBG00YXXDG60,Common Stock,ICAD INC,True
44952J104,CRGY,BBG013THLHZ4,Common Stock,CRESCENT ENERGY INC-A,True
44967H101,,,,,False
44975P103,NBP,BBG00QQ8DFK6,ADR,NOVABRIDGE BIOSCIENCES,True
44980X109,IPGP,BBG000DCGRL8,Common Stock,IPG PHOTONICS CORP,True
450056106,IRTC,BBG001J19V24,Common Stock,IRHYTHM HOLDINGS INC,True
45031U101,,,,,False
45104G104,IBN,BBG000DRM643,ADR,ICICI BANK LTD-SPON ADR,True
451100101,IEP,BBG000BB3080,MLP,ICAHN ENTERPRISES LP,True
45168D104,IDXX,BBG000BLRT07,Common Stock,IDEXX LABORATORIES INC,True
45174J509,IHRT,BBG00P2FSNZ9,Common Stock,IHEARTMEDIA INC - CLASS A,True
45174L108,,,,,False
452308109,ITW,BBG000BMBL90,Common Stock,ILLINOIS TOOL WORKS,True
452327109,ILMN,BBG000DSMS70,Common Stock,ILLUMINA INC,True
452327AH2,ILMN 0.5 06/15/21,,US DOMESTIC,ILLUMINA INC,True
45245S108,IWSY,BBG000BV1LP3,Common Stock,IMAGEWARE SYSTEMS INC,True
452521107,IMMR,BBG000C0ZCX4,Common Stock,IMMERSION CORPORATION,True
45253H101,IMGNEUR,BBG00GVX5FP1,Common Stock,IMMUNOGEN INC,True
452907108,IMMU,BBG000BLXT19,Common Stock,IMMUNOMEDICS INC,True
453204109,PI,BBG000GRK2Z7,Common Stock,IMPINJ INC,True
45321L100,,,,,False
45336E109,,,,,False
45337C102,INCY,BBG000BNPSQ9,Common Stock,INCYTE CORP,True
45384B106,IBTXUSD,BBG00KD8WRN3,Common Stock,INDEPENDENT BANK GROUP INC,True
45409B107,QAI,BBG000HFDKL5,ETP,NYLIM HDG MLT-STR TRC ETF-UI,True
45409B479,,,,,False
45409B560,HFXI,BBG009NMJ5M0,ETP,NYLIM FTSE INTR EQ CN ETF-UI,True
45580R103,GL40,BBG000C3CMD3,REIT,INDUS REALTY TRUST INC,True
45667G103,INFNEUR,BBG008G86BG9,Common Stock,INFINERA CORP,True
45672H104,,,,,False
456788108,INFY,BBG000BSGQL7,ADR,INFOSYS LTD-SP ADR,True
45687V106,IR,BBG002R1CW27,Common Stock,INGERSOLL-RAND INC,True
45688C107,NGVT,BBG009LM28K6,Common Stock,INGEVITY CORP,True
457187102,INGR,BBG000BXPZB7,Common Stock,INGREDION INC,True
457669307,INSM,BBG000BWM5P3,Common Stock,INSMED INC,True
45773Y105,INWKEUR,BBG00HDT5GR4,Common Stock,INNERWORKINGS INC,True
45778Q107,NSP,BBG000BJ41X2,Common Stock,INSPERITY INC,True
45780L104,INGN,BBG0021PH456,Common Stock,INOGEN INC,True
45781D101,INOV,BBG007TJX8V3,Common Stock,INOVALON HOLDINGS INC - A,True
45782C615,NOCT,BBG00QFP0615,ETP,INNOVATOR GROWTH-100 POWER B,True
45784N619,BFRZ,BBG01TW7DK05,ETP,INNOVATOR EQ MNG 100 BFR ETF,True
45784N767,NMAR,BBG01SLR8S31,ETP,INNOVATOR GRW-100 PB ETF MAR,True
45784N825,TJAN,BBG01RH8W6F8,ETP,INV E D PRT ETF - 2Y T JAN27,True
45784P101,PODD,BBG000R7XX87,Common Stock,INSULET CORP,True
458118106,,,,,False
458140100,INTC,BBG000C0G1D1,Common Stock,INTEL CORP,True
45825N107,,,,,False
45826H109,ITGR,BBG000BW6JV4,Common Stock,INTEGER HOLDINGS CORP,True
45827U109,INTA,BBG002ZHMJ49,Common Stock,INTAPP INC,True
45828L108,IAS,BBG011BPJYK1,Common Stock,INTEGRAL AD SCIENCE HOLDING,True
458334109,IPAR,BBG000GCSWR5,Common Stock,INTERPARFUMS INC,True
45841N107,IBKR,BBG000LV0836,Common Stock,INTERACTIVE BROKERS GRO-CL A,True
45841V109,,,,,False
45845P108,ICPTUSD,BBG005P2VFM4,Common Stock,INTERCEPT PHARMACEUTICALS IN,True
45866F104,ICE,BBG000C1FB75,Common Stock,INTERCONTINENTAL EXCHANGE IN,True
45882D109,IMI,BBG001YCGPS0,Common Stock,INTERMOLECULAR INC,True
45884X103,,,,,False
459200101,IBM,BBG000BLNNH6,Common Stock,INTL BUSINESS MACHINES CORP,True
459506101,IFF,BBG000BLSL58,Common Stock,INTL FLAVORS & FRAGRANCES,True
46005L101,IMXI,BBG00G6D5MS5,Common Stock,INTERNATIONAL MONEY EXPRESS,True
460335201,ISCAUSD,BBG00KD8ZQ70,Common Stock,INTL SPEEDWAY CORP-CL A,True
46069S109,,,,,False
46090A887,GSY,BBG00KJR1SL9,ETP,INVESCO ULTRA SHORT DURATION,True
46090E103,QQQ,BBG000BSWKH7,ETP,INVESCO QQQ TRUST SERIES 1,True
46090E903,,,,,False
46116X101,ITCIEUR,BBG00G6L8JP4,Common Stock,INTRA-CELLULAR THERAPIES INC,True
461202103,INTU,BBG000BH5DV1,Common Stock,INTUIT INC,True
46120E602,ISRG,BBG000BJPDZ1,Common Stock,INTUITIVE SURGICAL INC,True
46122T102,XONUSD,BBG005S5V467,Common Stock,INTREXON CORP,True
46131B100,IVREUR,BBG00D8FL568,REIT,INVESCO MORTGAGE CAPITAL,True
46131J103,VKQ,BBG000BG4S05,Closed-End Fund,INVESCO MUNICIPAL TRUST,True
46137V142,PHO,BBG000K5HLS0,ETP,INVESCO WATER RESOURCES ETF,True
46137V233,XLG,BBG00KJR29C0,ETP,INVESCO S&P 500 TOP 50 ETF,True
46137V241,SPHQ,BBG000BMY1X2,ETP,INVESCO S&P 500 QUALITY ETF,True
46137V266,RPG,BBG00KJR28J5,ETP,INVESCO S&P 500 PURE GROWTH,True
46137V357,RSP,BBG00KJR2MY7,ETP,INVESCO S&P 500 EQUAL WEIGHT,True
46137V431,SPGP,BBG001R23R64,ETP,INVESCO S&P 500 GARP ETF,True
46137V464,XMMO,BBG000L5TZW0,ETP,INVESCO S&P MIDCAP MOMENTUM,True
46137V613,PRF,BBG000BBWP38,ETP,INVESCO RAFI US 1000 ETF,True
46137Y500,CVY,BBG00KJR1PH0,ETP,INVESCO ZACKS MULTI-ASSET IN,True
46138B103,DBC,BBG000GPM6Y1,ETP,INVESCO DB COMMODITY INDEX T,True
46138E354,SPLV,BBG001P2KBP1,ETP,INVESCO S&P 500 LOW VOLATILI,True
46138E362,SPHD,BBG003H4R9V3,ETP,INVESCO S&P 500 HIGH DIVIDEN,True
46138E511,PGX,BBG000TWWFV4,ETP,INVESCO PREFERRED ETF,True
46138E719,IFLN,BBG000TWWN01,ETP,INVESCO BLOOMBERG ENHANCED F,True
46138G102,XSLV,BBG00449DVG7,ETP,INVESCO S&P SMALLCAP LOW VOL,True
46138G508,BKLN,BBG001K94N28,ETP,INVESCO SENIOR LOAN ETF,True
46138G581,QVML,BBG011FS7VH4,ETP,INVESCO S&P 500 QVM MULTI-FA,True
46138G649,QQQM,BBG00XS6PB10,ETP,INVESCO NASDAQ 100 ETF,True
46138G706,TAN,BBG00KXH5WT4,ETP,INVESCO SOLAR ETF,True
46138J619,OMFL,BBG00P4Y3FY1,ETP,INVESCO RUSSELL 1000 DYN M/F,True
46138J775,POWA,BBG00KJR1KP2,ETP,INVESCO BLOOMBERG PRICING PO,True
46138J825,BSCP,BBG00KJR2HF9,ETP,INVESCO BULLETSHARES 2025 CB,True
46138J841,BSCO,BBG00KJR2FP2,ETP,INVESCO BULLETSHARES 2024 CB,True
46138J882,BSCMUSD,BBG00NQHT0K9,ETP,INVESCO BULLETSHARES 2022 CO,True
46141Q584,BRLMX,BBG00BSF51K1,Open-End Fund,BRAMSHILL MULTI-STR INC-INST,True
46144X628,,,,,False
46146L101,ISBCUSD,BBG00K1YSTL2,Common Stock,INVESTORS BANCORP INC,True
46187W107,INVH,BBG00FQH6BS9,REIT,INVITATION HOMES INC,True
462222100,IONS,BBG000JH6683,Common Stock,IONIS PHARMACEUTICALS INC,True
462260100,IOVA,BBG000FTLBV7,Common Stock,IOVANCE BIOTHERAPEUTICS INC,True
46266C105,IQV,BBG00333FYS2,Common Stock,IQVIA HOLDINGS INC,True
46267X108,IQ,BBG00K6DZBD3,ADR,IQIYI INC-ADR,True
46267XAD0,IQ 2 04/01/25,,GLOBAL,IQIYI INC,True
462684101,IRIX,BBG000BZB346,Common Stock,IRIDEX CORP,True
462846106,,,,,False
46284V101,IRM,BBG000KCZPC3,REIT,IRON MOUNTAIN INC,True
46333X108,IRWD,BBG000GBZ3J2,Common Stock,IRONWOOD PHARMACEUTICALS INC,True
464285105,IAUUSD,BBG00JRFCB89,ETP,ISHARES GOLD TRUST,True
464285204,IAU,BBG000QLKDR4,ETP,ISHARES GOLD TRUST,True
464286103,EWA,BBG000BDNJ29,ETP,ISHARES MSCI AUSTRALIA ETF,True
464286392,URTH,BBG002D9R2H9,ETP,ISHARES MSCI WORLD ETF,True
464286400,EWZ,BBG000CPLR52,ETP,ISHARES MSCI BRAZIL ETF,True
464286525,ACWV,BBG0025X38X0,ETP,ISHARES MSCI GLOBAL MIN VOL,True
464286608,EZU,BBG000CS4KW0,ETP,ISHARES MSCI EUROZONE ETF,True
464286731,,,,,False
464286764,EWP,BBG000BK58Q1,ETP,ISHARES MSCI SPAIN ETF,True
464286772,EWY,BBG000CDKWX8,ETP,ISHARES MSCI SOUTH KOREA ETF,True
464286806,EWG,BBG000BJZKN7,ETP,ISHARES MSCI GERMANY ETF,True
464286822,EWW,BBG000BK42M9,ETP,ISHARES MSCI MEXICO ETF,True
464286848,,,,,False
464287101,OEF,BBG000DDXQR3,ETP,ISHARES S&P 100 ETF,True
464287119,ILCG,BBG000BRL209,ETP,ISHARES MORNINGSTAR GROWTH E,True
464287150,ITOT,BBG000HSHTP0,ETP,ISHARES CORE S&P TOTAL U.S.,True
464287168,DVY,BBG000C1L679,ETP,ISHARES SELECT DIVIDEND ETF,True
464287176,TIP,BBG000C01W49,ETP,ISHARES TIPS BOND ETF,True
464287184,FXI,BBG000Q8RVM1,ETP,ISHARES CHINA LARGE-CAP ETF,True
464287200,IVV,BBG000BVZ4F5,ETP,ISHARES CORE S&P 500 ETF,True
464287226,AGG,BBG000Q123R0,ETP,ISHARES CORE U.S. AGGREGATE,True
464287227,,,,,False
46428723,,,,,False
464287234,EEM,BBG000M0P5L2,ETP,ISHARES MSCI EMERGING MARKET,True
464287242,LQD,BBG000BBV9N3,ETP,ISHR IBX USD INVGD CB ETF-UI,True
464287291,IXN,BBG000BBTL04,ETP,ISHARES GLOBAL TECH ETF,True
464287309,IVW,BBG000BWDHF8,ETP,ISHARES S&P 500 GROWTH ETF,True
464287374,IGE,BBG000KBK0H1,ETP,ISHARES NORTH AMERICAN NATUR,True
464287390,ILF,BBG000KWYDJ0,ETP,ISHARES LATIN AMERICA 40 ETF,True
464287408,IVE,BBG000BWD2Y0,ETP,ISHARES S&P 500 VALUE ETF,True
464287432,TLT,BBG000BJKYW3,ETP,ISHARES 20+ YEAR TREASURY BD,True
464287440,IEF,BBG000BHR296,ETP,ISHARES 7-10 YEAR TREASURY B,True
464287457,SHY,BBG000NTFYM5,ETP,ISHARES 1-3 YEAR TREASURY BO,True
464287465,EFA,BBG000D2KQ55,ETP,ISHARES MSCI EAFE ETF,True
464287473,IWS,BBG000JWZ6F0,ETP,ISHARES RUSSELL MID-CAP VALU,True
464287481,IWP,BBG000BW05W9,ETP,ISHARES RUSSELL MID-CAP GROW,True
464287499,IWR,BBG000JWXHK2,ETP,ISHARES RUSSELL MID-CAP ETF,True
464287507,IJH,BBG000BWC7P0,ETP,ISHARES CORE S&P MIDCAP ETF,True
464287515,IGV,BBG000BGQ921,ETP,ISHARES EXPANDED TECH-SOFTWA,True
464287523,SOXX,BBG000JP3063,ETP,ISHARES SEMICONDUCTOR ETF,True
464287556,IBB,BBG000FS8GY0,ETP,ISHARES BIOTECHNOLOGY ETF,True
464287564,ICF,BBG000C3Z0X4,ETP,ISHARES SELECT U.S. REIT ETF,True
464287598,IWD,BBG000CG9VP5,ETP,ISHARES RUSSELL 1000 VALUE E,True
464287606,IJK,BBG000C15L83,ETP,ISHARES S&P MID-CAP 400 GROW,True
464287614,IWF,BBG000BTR7Z0,ETP,ISHARES RUSSELL 1000 GROWTH,True
464287622,IWB,BBG000CF7ZN2,ETP,ISHARES RUSSELL 1000 ETF,True
464287630,IWN,BBG000C16Z27,ETP,ISHARES RUSSELL 2000 VALUE E,True
464287648,IWO,BBG000C17LW4,ETP,ISHARES RUSSELL 2000 GROWTH,True
464287655,IWM,BBG000CGC9C4,ETP,ISHARES RUSSELL 2000 ETF,True
464287671,IUSG,BBG000C18HW2,ETP,ISHARES CORE S&P U.S. GROWTH,True
464287689,IWV,BBG000BWDVW8,ETP,ISHARES RUSSELL 3000 ETF,True
464287705,IJJ,BBG000C14JK5,ETP,ISHARES S&P MID-CAP 400 VALU,True
464287713,IYZ,BBG000BWF7P7,ETP,ISHARES US TELECOMMUNICATION,True
464287721,IYW,BBG000CF9GL4,ETP,ISHARES USTECHNOLOGY ETF,True
464287739,IYR,BBG000BXW687,ETP,ISHARES US REAL ESTATE ETF,True
464287804,IJR,BBG000BWCNN7,ETP,ISHARES CORE S&P SMALL-CAP E,True
464287879,IJS,BBG000C160L3,ETP,ISHARES S&P SMALL-CAP 600 VA,True
464287887,IJT,BBG000C16NW1,ETP,ISHARES S&P SMALL-CAP 600 GR,True
464287955,,,,,False
464288158,SUB,BBG000BJ2TL6,ETP,ISHARES SHORT-TERM NATIONAL,True
464288182,AAXJ,BBG000G6GXC5,ETP,ISHARES MSCI ALL COUNTRY ASI,True
464288224,ICLN,BBG000BBM0N2,ETP,ISHARES GLOBAL CLEAN ENERGY,True
464288240,ACWX,BBG000TH7DF8,ETP,ISHARES MSCI ACWI EX US ETF,True
464288257,ACWI,BBG000TH6VB3,ETP,ISHARES MSCI ACWI ETF,True
464288273,SCZ,BBG000T1G7X6,ETP,ISHARES MSCI EAFE SMALL-CAP,True
464288281,EMB,BBG000NXKWH0,ETP,ISHARES JP MORGAN USD EMERGI,True
464288307,IMCG,BBG000BRMGV3,ETP,ISHARES MORNINGSTAR MID-CAP,True
464288372,IGF,BBG000T1GGF6,ETP,ISHARES GLOBAL INFRASTRUCTUR,True
464288414,MUB,BBG000TC0WT9,ETP,ISHARES NATIONAL MUNI BOND E,True
464288448,IDV,BBG000PQKHX8,ETP,ISHARES INTERNATIONAL SELECT,True
464288513,HYG,BBG000R2T3H9,ETP,ISHR IBX USD HIYLD CB ETF-UI,True
464288521,USRT,BBG000R72F62,ETP,ISHARES CORE US REIT ETF,True
464288562,REZ,BBG000R72RT1,ETP,ISHARS RES AND MULTI REALES,True
464288588,MBB,BBG000QN3H90,ETP,ISHARES MBS ETF,True
464288604,ISCG,BBG000BRNNW6,ETP,ISHARES MORNINGSTAR SMALL-CA,True
464288612,GVI,BBG000QN3319,ETP,ISHARES INTERMEDIATE GOVERNM,True
464288638,IGIB,BBG000QN1YR5,ETP,ISHARES 5-10Y INV GRADE CORP,True
464288646,IGSB,BBG000QN2BW8,ETP,ISHARES 1-5Y INV GRADE CORP,True
464288653,TLH,BBG000QN16D1,ETP,ISHARES 10-20 YEAR TREASURY,True
464288661,IEI,BBG000QN0RR1,ETP,ISHARES 3-7 YEAR TREASURY BO,True
464288679,SHV,BBG000QN04L8,ETP,ISHARES 0-1 YEAR TREASURY BO,True
464288687,PFF,BBG000G7K7Q0,ETP,ISHARES PREFERRED & INCOME S,True
464288752,ITB,BBG000PB3SM8,ETP,ISHARES U.S. HOME CONSTRUCTI,True
464288760,ITA,BBG000PB38X0,ETP,ISHARES U.S. AEROSPACE & DEF,True
464288828,IHF,BBG000P90P15,ETP,ISHARES U.S. HEALTHCARE PROV,True
464288877,EFV,BBG000GLBJK9,ETP,ISHARES MSCI EAFE VALUE ETF,True
464288951,,,,,False
464289438,IWY,BBG000PBGFP9,ETP,ISHARES RUSSELL TOP 200 GROW,True
464289446,IWL,BBG000PBF2B4,ETP,ISHARES RUSSELL TOP 200 ETF,True
464289511,IGLB,BBG000PGKK27,ETP,ISHARES 10+ YEAR INV GR CORP,True
464289867,AOR,BBG000KD76D3,ETP,ISHARES CORE 60/40 BALANCED,True
46428Q109,SLV,BBG000NDCRW7,ETP,ISHARES SILVER TRUST,True
46429B267,GOVT,BBG002NCKNY3,ETP,ISHARES US TREASURY BOND ETF,True
46429B333,GNMA,BBG002N8KLH5,ETP,ISHARES GNMA BOND ETF,True
46429B598,INDA,BBG002DMN3L7,ETP,ISHARES MSCI INDIA ETF,True
46429B655,FLOT,BBG001QWVB81,ETP,ISHARES FLOATING RATE BOND E,True
46429B663,HDV,BBG001LRJC70,ETP,ISHARES CORE HIGH DIVIDEND E,True
46429B671,MCHI,BBG001LRJJH4,ETP,ISHARES MSCI CHINA ETF,True
46429B697,USMV,BBG0025X2FJ1,ETP,ISHARES MSCI USA MIN VOL FAC,True
46429B747,STIP,BBG0019SRJP8,ETP,ISHARES 0-5 YEAR TIPS BOND E,True
46430K108,ISDXF,BBG000VTLKP6,ETP,ISHARES CORE CANADIAN CORPOR,True
46430T109,ISARF,BBG000L9H8W5,ETP,ISHARES CORE CAN UNIV BOND,True
46431W507,NEAR,BBG0059KNK13,ETP,ISHARES SH DBA ETF USD INC,True
46432F339,QUAL,BBG004TRTWV4,ETP,ISHARES MSCI USA QUALITY FAC,True
46432F370,SIZE,BBG004FPV8F1,ETP,ISHARES MSCI USA SIZE FACTOR,True
46432F388,VLUE,BBG004FPWG26,ETP,ISHARES MSCI USA VALUE FACTO,True
46432F396,MTUM,BBG004FPTZB8,ETP,ISHARES MSCI USA MOMENTUM FA,True
46432F834,IXUS,BBG003H6TM38,ETP,ISHARES CORE INTL STOCK ETF,True
46432F842,IEFA,BBG003H6TR19,ETP,ISHARES CORE MSCI EAFE ETF,True
46432F859,ISTB,BBG003HC6HN9,ETP,ISHARES CORE 1-5 YEAR USD BO,True
46433108,,,,,False
46434G103,IEMG,BBG003HC3CQ0,ETP,ISHARES CORE MSCI EMERGING,True
46434G764,EMXC,BBG00H5VLMJ6,ETP,ISHARES MSCI EMR MRK EX CHNA,True
46434G822,EWJ,BBG000BK38F5,ETP,ISHARES MSCI JAPAN ETF,True
46434V100,SLQD,BBG005DW0477,ETP,ISHARES 0-5 YR INV GRD CORP,True
46434V407,SHYG,BBG005DW06C6,ETP,ISHARES 0-5 YR HY CORP BOND,True
46434V449,IMTM,BBG007WGK4C9,ETP,ISHARES MSCI INTL MOMENTUM F,True
46434V456,IQLT,BBG007WGM3G5,ETP,ISHARES MSCI INTERNATIONAL Q,True
46434V613,IUSB,BBG006MJCSX9,ETP,ISHR CR UNVRSE USD BD ETF-UI,True
46434V621,DGRO,BBG006MJFZJ6,ETP,ISHARES CORE DIVIDEND GROWTH,True
46434V639,HEZU,BBG006S5D508,ETP,ISHARES CURRENCY HEDGED MSCI,True
46434V738,IEUR,BBG006MJ8993,ETP,ISHARES CORE MSCI EUROPE ETF,True
46434V787,BYLD,BBG006C0Q450,ETP,ISHARES YIELD OPTIMIZED BOND,True
46434V803,HEFA,BBG005XKVF63,ETP,ISHA CURR HEDGED MSCI EAFE,True
46434V860,TFLO,BBG005YTNMT2,ETP,ISHARES TREASURY FLOATING RA,True
46434V878,ICSH,BBG005PCDD01,ETP,ISHARES ULTRA SHORT DURATION,True
46434VBK5,,,,,False
46435G102,ICVT,BBG009BKDML7,ETP,ISHARES CONVERTIBLE BOND ETF,True
46435G219,IGEB,BBG00H4BPLG2,ETP,ISHARES INVESTMENT GRADE SYS,True
46435G326,IDEV,BBG00G9DLZX9,ETP,ISHARES CORE MSCI DEV MKTS,True
46435G425,ESGU,BBG00FFPFT13,ETP,ISHARES ESG AWARE MSCI USA,True
46435G474,FALN,BBG00D332C75,ETP,ISHARES FALLEN ANGELS ETF,True
46435G516,ESGD,BBG00D7BBRR8,ETP,ISHARES TRUST ISHARES ESG AW,True
46435G672,IAGG,BBG00BDV2SP1,ETP,ISHARES INTL AGGREGATE BOND,True
46435GAA0,IBDR,BBG00DST7FC3,ETP,ISHARES IBONDS DEC 2026 TERM,True
46435U184,IBHD,BBG00P3CTH87,ETP,ISHARES IBONDS 2024 H/Y INC,True
46435U853,USHY,BBG00J2DRZT9,ETP,ISHARES BROAD USD HIGH YIELD,True
46436E593,IBTK,BBG00VYKY5M6,ETP,ISHARES IBONDS DEC 2030 TREA,True
46436E619,EUSB,BBG00VJ13G63,ETP,ISHR ESG ADVN UNIVERSAL BD-$,True
46436E718,SGOV,BBG00TZR7XN3,ETP,ISHARES 0-3 MONTH TREASURY B,True
46436E767,USXF,BBG00VHK29G9,ETP,ISHARES ESG ADVANCE MSCI USA,True
46436E874,IBTE,BBG00RYR0P52,ETP,ISHARES IBONDS DEC 2024 TERM,True
46436F103,IAUM,BBG011K3SN42,ETP,ISHARES GOLD TRUST MICRO,True
46438F101,IBIT,BBG01KYQ6PV3,ETP,ISHARES BITCOIN TRUST ETF,True
465562106,ITUB,BBG000BPVKZ4,ADR,ITAU UNIBANCO H-SPON PRF ADR,True
46571Y107,IIIV,BBG00L32N3N8,Common Stock,I3 VERTICALS INC-CLASS A,True
46583P102,OPHTEUR,BBG00JVPSXP8,Common Stock,IVERIC BIO INC,True
46590V100,JBGS,BBG00F5FNKJ7,REIT,JBG SMITH PROPERTIES,True
46591M109,JOYY,BBG003H0XV18,ADR,JOYY INC-ADR,True
46625H100,JPM,BBG000DMBXR2,Common Stock,JPMORGAN CHASE & CO,True
46625H365,AMJEUR,BBG00JGC5N17,ETP,JPMORGAN ALERIAN MLP INDEX,True
466313103,JBL,BBG000BJNGN9,Common Stock,JABIL INC,True
46634E114,,,,,False
46641Q159,JPIE,BBG0130Y38D2,ETP,JPMORGAN INCOME ETF,True
46641Q332,JEPI,BBG00TSG0RS0,ETP,JPMORGAN EQUITY PREMIUM INCO,True
46641Q613,,,,,False
46641Q654,JMST,BBG00M8D23F9,ETP,JPM ULTRA-SHORT MUNI INCOME,True
46641Q670,JCPB,BBG00N6W8WP6,ETP,JPMORGAN CORE PLUS BOND ETF,True
46641Q738,BBRE,BBG00L53HBD4,ETP,JPM BETABLDRS MSCI US REIT,True
46641Q761,JQUA,BBG00J5DPVL5,ETP,JPMORGAN US QUALITY FACTOR,True
46641Q837,JPST,BBG00GP26N50,ETP,JPMORGAN ULTRA-SHORT INCOME,True
47103N106,JBI,BBG0100SH2C0,Common Stock,JANUS INTERNATIONAL GROUP IN,True
47103U886,VNLA,BBG00F7XD804,ETP,JANUS HENDERSON SHORT DURATI,True
471109108,JAHEUR,BBG00D0SBY11,Common Stock,JARDEN CORP,True
471871103,,,,,False
471871202,JSPR,BBG00QPZNP97,Common Stock,JASPER THERAPEUTICS INC,True
472145AF8,JAZZ 2 06/15/26,,US DOMESTIC,JAZZ INVESTMENTS I LTD,True
47215P106,JD,BBG005YHY0Q7,ADR,JD.COM INC-ADR,True
47580P103,JELD,BBG0019GM953,Common Stock,JELD-WEN HOLDING INC,True
476405105,JCAPUSD,BBG00JVQSH35,REIT,JERNIGAN CAPITAL INC,True
477143101,JBLU,BBG000BRQ6L2,Common Stock,JETBLUE AIRWAYS CORP,True
47759T100,JKS,BBG000Q72QF9,ADR,JINKOSOLAR HOLDING CO-ADR,True
47804J206,JHMM,BBG00B2MF4S9,ETP,JOHN HANCOCK MULTI FACT MID,True
47804J792,JHMB,BBG0121D16F3,ETP,JOHN HANCOCK MORTGAGE-BACKED,True
47816010,,,,,False
478160104,JNJ,BBG000BMHYD1,Common Stock,JOHNSON & JOHNSON,True
478366107,,,,,False
48123V102,ZD,BBG000F3CWW7,Common Stock,ZIFF DAVIS INC,True
48203R104,JNP,BBG000BWS318,Common Stock,JUNIPER NETWORKS INC,True
48205A109,,,,,False
48238T109,OPLN,BBG000VZHLL9,Common Stock,OPENLANE INC,True
48242W106,KBR,BBG000P28YZ6,Common Stock,KBR INC,True
48248M102,,,,,False
482497104,BEKE,BBG00W9L9LX1,ADR,KE HOLDINGS INC-ADR,True
48251W104,KKR,BBG000BCQ6J8,Common Stock,KKR & CO INC,True
482564101,,,,,False
48268K101,KT,BBG000KG5F93,ADR,KT CORP-SP ADR,True
48273U102,LRNUSD,BBG00L43G1P5,Common Stock,STRIDE INC,True
483119103,,,,,False
483379103,KLR1USD,BBG018R4TPT5,Common Stock,KALEYRA INC,True
483497103,4XC1,BBG00D6TB2G7,Common Stock,KALVISTA PHARMACEUTICALS INC,True
48553T106,BZ,BBG01163M5L4,ADR,KANZHUN LTD - ADR,True
48562P103,,,,,False
48576A100,,,,,False
48581R205,KSPI,BBG00NNN9QQ8,ADR,JSC KASPI.KZ ADR,True
48661U201,,,,,False
48716P108,KRNY,BBG008N1HXP6,Common Stock,KEARNY FINANCIAL CORP/MD,True
487836108,KEL,BBG000CBY0B1,Common Stock,KELLANOVA,True
489398107,,,,,False
49177J102,KVUE,BBG01C79X561,Common Stock,KENVUE INC,True
492327101,KROS,BBG00H1HP9G9,Common Stock,KEROS THERAPEUTICS INC,True
49271V100,KDP,BBG000TJM7F0,Common Stock,KEURIG DR PEPPER INC,True
493144109,KTCC,BBG000BMZXV3,Common Stock,KEY TRONIC CORP,True
493267108,KEY,BBG000BMQPL1,Common Stock,KEYCORP,True
49338L103,KEYS,BBG0059FN811,Common Stock,KEYSIGHT TECHNOLOGIES IN,True
494368103,KMB,BBG000BMW2Z0,Common Stock,KIMBERLY-CLARK CORP,True
49446R109,KIM,BBG000CN3S73,REIT,KIMCO REALTY CORP,True
494550106,,,,,False
49455U100,,,,,False
49456B101,KMI,BBG0019JZ882,Common Stock,KINDER MORGAN INC,True
49456B119,,,,,False
496902404,KGC,BBG000BB2DM7,Common Stock,KINROSS GOLD CORP,True
496904202,KWY,BBG000NV74Z1,Common Stock,KINGSWAY CORP,True
497217109,,,,,False
497266106,KEX,BBG000BMQCP6,Common Stock,KIRBY CORP,True
497498105,KI2,BBG000D7NYH1,Common Stock,BRAND HOUSE COLLECTIVE INC/T,True
49803L109,,,,,False
49845K101,KVYO,BBG009WR3FL5,Common Stock,KLAVIYO INC-A,True
499049104,KNX,BBG000BFC848,Common Stock,KNIGHT-SWIFT TRANSPORTATION,True
50012A108,KGS,BBG01G4G6XV0,Common Stock,KODIAK GAS SERVICES INC,True
50015M109,KOD,BBG00BVR0D02,Common Stock,KODIAK SCIENCES INC,True
500255104,KSS,BBG000CS7CT9,Common Stock,KOHLS CORP,True
50060P106,KOP,BBG000QDQR59,Common Stock,KOPPERS HOLDINGS INC,True
500631106,KEP,BBG000BCWG90,ADR,KOREA ELEC POWER CORP-SP ADR,True
500688106,KOS,BBG000L2Q7C4,Common Stock,KOSMOS ENERGY LTD,True
500754106,KHC,BBG005CPNTQ2,Common Stock,KRAFT HEINZ CO/THE,True
500767306,KWEB,BBG004XB9HY6,ETP,KRANESH CSI CHINA INTERNET,True
500767736,IVOL,BBG00NW3SK84,ETP,QUADRATIC INT RTE VOL INFL H,True
50076Q106,,,,,False
50077B207,KTOS,BBG000C1HQ43,Common Stock,KRATOS DEFENSE & SECURITY,True
501044101,KR,BBG000BMY992,Common Stock,KROGER CO,True
501147102,KRYS,BBG00HDGRHH7,Common Stock,KRYSTAL BIOTECH INC,True
501242101,KLIC,BBG000BMTX31,Common Stock,KULICKE & SOFFA INDUSTRIES,True
501270102,KRUS,BBG00PNFJ521,Common Stock,KURA SUSHI USA INC-CLASS A,True
50127T109,KURA,BBG008974342,Common Stock,KURA ONCOLOGY INC,True
501797104,LBEUR,BBG007PXXS79,Common Stock,L BRANDS INC,True
50185U105,,,,,False
50187A107,LHCGUSD,BBG00YLQ82P4,Common Stock,LHC GROUP INC,True
50187T106,LGIH,BBG0056655S1,Common Stock,LGI HOMES INC,True
501889208,LKQ,BBG000PXDL44,Common Stock,LKQ CORP,True
50202M102,LI,BBG00W0KZD98,ADR,LI AUTO INC - ADR,True
50212V100,LPLA,BBG000P2TYL8,Common Stock,LPL FINANCIAL HOLDINGS INC,True
502160104,LXU,BBG000C1C526,Common Stock,LSB INDUSTRIES INC,True
502403207,,,,,False
502413107,,,,,False
50540R409,,,,,False
512807108,LRCXEUR,BBG00JNK6Z40,Common Stock,LAM RESEARCH CORP,True
512807306,LRCX,BBG000BNFLM9,Common Stock,LAM RESEARCH CORP,True
512815101,,,,,False
513272104,LW,BBG003CVMLQ2,Common Stock,LAMB WESTON HOLDINGS INC,True
516544103,LNTH,BBG006Q52RD0,Common Stock,LANTHEUS HOLDINGS INC,True
516806106,LPI1EUR,BBG00BTJVVL6,Common Stock,LAREDO PETROLEUM INC,True
517834107,LVS,BBG000JWD753,Common Stock,LAS VEGAS SANDS CORP,True
518415104,LSCC,BBG000C2D1C1,Common Stock,LATTICE SEMICONDUCTOR CORP,True
518439104,EL,BBG000FKJRC5,Common Stock,ESTEE LAUDER COMPANIES-CL A,True
518613203,LAUR,BBG00B4Z2YX0,Common Stock,LAUREATE EDUCATION INC,True
520776105,DSGR,BBG000BN2HQ8,Common Stock,DISTRIBUTION SOLUTIONS GROUP,True
52110H118,,,,,False
521865204,LEA,BBG000PTLGZ1,Common Stock,LEAR CORP,True
524660107,LEG1*,BBG01FSQBRB3,Common Stock,LEGGETT & PLATT INC,True
52466B103,LZ,BBG001BWP4C5,Common Stock,LEGALZOOMCOM INC,True
52490G102,LEGN,BBG00TTGH5W4,ADR,LEGEND BIOTECH CORP-ADR,True
525327102,LDOS,BBG000C23PB0,Common Stock,LEIDOS HOLDINGS INC,True
52602E102,,,,,False
52603A109,LCEUR,BBG007QVJVS8,Common Stock,HAPPEN INC,True
526057104,LEN,BBG000BN5HF7,Common Stock,LENNAR CORP-A,True
526107107,LII,BBG000BB5B84,Common Stock,LENNOX INTERNATIONAL INC,True
52729N308,,,,,False
52736R102,LEVI,BBG000BQDF10,Common Stock,LEVI STRAUSS & CO- CLASS A,True
528872104,,,,,False
528872302,LXRX,BBG000BQ85G2,Common Stock,LEXICON PHARMACEUTICALS INC,True
529898108,LBYYQ,BBG000BHJBV0,Common Stock,LIBBEY INC,True
530307107,,,,,False
530307305,8L8C,BBG00GSBR777,Common Stock,LIBERTY BROADBAND-C,True
53071M104,,,,,False
53071M856,,,,,False
53071M880,,,,,False
53115L104,LBRT,BBG00GK831B6,Common Stock,LIBERTY ENERGY INC,True
531172104,LPTUSD,BBG00JPW2RB6,REIT,LIBERTY PROPERTY TRUST,True
531229102,,,,,False
531229409,LM03,BBG00CRCQZB9,Tracking Stk,LIBERTY MEDIA COR-SIRIUSXM A,True
531229607,LSXMKUSD,BBG00JPVWL91,Tracking Stk,LIBERTY MEDIA COR-SIRIUSXM C,True
531229755,FWONK,BBG01HLMBCG3,Tracking Stk,LIBERTY MEDIA CORP-FORMULA-C,True
531229870,LM05,BBG00CRCJGW6,Tracking Stk,LIBERTY MEDIA CORP-LIBERTY-A,True
531229954,,,,,False
531465102,LTRPAUSD,BBG00KD90JZ1,Common Stock,LIBERTY TRIPADVISOR HDG-A,True
53217V109,,,,,False
53219L109,,,,,False
53220K504,LGND,BBG000BKF014,Common Stock,LIGAND PHARMACEUTICALS,True
53224V100,,,,,False
53227R106,LSPDEUR,BBG00S5KBZB6,Common Stock,LIGHTSPEED COMMERCE INC,True
53229C107,LSPD,BBG00PZ78ZM0,Common Stock,LIGHTSPEED COMMERCE INC,True
532457108,LLY,BBG000BNBDC2,Common Stock,ELI LILLY & CO,True
532746104,LMNR,BBG000BDPC13,Common Stock,LIMONEIRA CO,True
534187109,LNC,BBG000BNC3Y9,Common Stock,LINCOLN NATIONAL CORP,True
535678106,,,,,False
53578A108,,,,,False
535919203,,,,,False
535919401,LGFEUR,BBG00699LV50,Common Stock,LIONS GATE ENTERTAINMENT-A,True
536221104,,,,,False
53626N102,LION,BBG01TT3G7W9,Common Stock,LIONSGATE STUDIOS CORP,True
53635D202,LQDA,BBG001J2P905,Common Stock,LIQUIDIA CORP,True
53656F425,LEXI,BBG011MP5NZ2,ETP,ALEXIS PRACTICAL TACTICAL ET,True
536797103,LAD,BBG000K3BC83,Common Stock,LITHIA MOTORS INC,True
53700T827,DBMF,BBG00P35J7V9,ETP,IMGP DBI MFT STR ETF-USD INC,True
538034109,LYV,BBG000FQ7YR4,Common Stock,LIVE NATION ENTERTAINMENT IN,True
538146101,LPSNUSD,BBG00JQ7F579,Common Stock,LIVEPERSON INC,True
53814L108,LTHM1EUR,BBG00P3C16F3,Common Stock,LIVENT CORP,True
53838L100,,,,,False
539183103,LVGO,BBG0073X4TB8,Common Stock,LIVONGO HEALTH INC,True
539439AG4,LLOYDS V7.5 PERP *,,GLOBAL,LLOYDS BANKING GROUP PLC,True
539451104,,,,,False
539830109,LMT,BBG000C1BW00,Common Stock,LOCKHEED MARTIN CORP,True
540424108,L,BBG000C45984,Common Stock,LOEWS CORP,True
54142L109,LOGMEUR,BBG009DVP6J6,Common Stock,LOGMEIN INC,True
543881106,LORLUSD,BBG00L438FQ2,Common Stock,LORAL SPACE & COMMUNICATIONS,True
544147101,,,,,False
548661107,LOW,BBG000BNDN65,Common Stock,LOWE'S COS INC,True
548862101,,,,,False
549498103,CCIVGBP,BBG00YXXW5X3,Common Stock,LUCID GROUP INC,True
550021109,LULU,BBG000R8ZVD1,Common Stock,LULULEMON ATHLETICA INC,True
550241103,LUMN,BBG000BGLRN3,Common Stock,LUMEN TECHNOLOGIES INC,True
55024U109,LITE,BBG0073F9RT7,Common Stock,LUMENTUM HOLDINGS INC,True
55027E102,,,,,False
55087P104,LYFT,BBG004M9ZHX5,Common Stock,LYFT INC-A,True
552074700,WLHUSD,BBG00JZD1F79,Common Stock,WILLIAM LYON HOMES-CL A,True
55234L105,LYRAGBP,BBG00ZKG5KP7,Common Stock,LYRA THERAPEUTICS INC,True
55261F104,MTB,BBG000D9KWL9,Common Stock,M & T BANK CORP,True
55262C100,MBI,BBG000BNQN34,Common Stock,MBIA INC,True
552690109,MDU,BBG000BNX3R4,Common Stock,MDU RESOURCES GROUP INC,True
552697104,MDCA,BBG000G04792,Common Stock,MDC PARTNERS INC-A,True
55276F107,,,,,False
552848103,MTG,BBG000CBMH27,Common Stock,MGIC INVESTMENT CORP,True
552953101,MGM,BBG000C2BXK4,Common Stock,MGM RESORTS INTERNATIONAL,True
55305B101,MHO,BBG000BL9MZ4,Common Stock,M/I HOMES INC,True
55306N104,MKSI,BBG000BVMG26,Common Stock,MKS INC,True
55345K103,37M,BBG002WHG193,Common Stock,MRC GLOBAL INC,True
55354G100,MSCI,BBG000RTDY25,Common Stock,MSCI INC,True
55405Y100,MTSI,BBG000LJQ3H1,Common Stock,MACOM TECHNOLOGY SOLUTIONS H,True
554153106,,,,,False
554382101,MAC,BBG000BL9C59,REIT,MACERICH CO/THE,True
55445L100,MNR,BBG01JJ2Q5R3,Ltd Part,MACH NATURAL RESOURCES LP,True
554489104,,,,,False
55608B105,MIC2EUR,BBG00DLDJP21,Common Stock,MACQUARIE INFRASTRUCTURE HOL,True
55616P104,M,BBG000C46HM9,Common Stock,MACY'S INC,True
55825T103,MSGS,BBG007FG0C23,Common Stock,MADISON SQUARE GARDEN SPORTS,True
55826P100,,,,,False
55826T102,SPHR,BBG00L9HLWV8,Common Stock,SPHERE ENTERTAINMENT CO,True
558868105,MDGL,BBG000QS6NV8,Common Stock,MADRIGAL PHARMACEUTICALS INC,True
55903Q104,MQ8,BBG000BKNYR3,Common Stock,MAG SILVER CORP,True
559079207,MGLNUSD,BBG00KD8ZLF2,Common Stock,MAGELLAN HEALTH INC,True
559080106,WEP,BBG000D03ZT2,MLP,MAGELLAN MIDSTREAM PARTNERS,True
559222401,MGA,BBG000BNLPJ7,Common Stock,MAGNA INTERNATIONAL INC,True
55933J203,MX,BBG000T5QV18,Common Stock,MAGNACHIP SEMICONDUCTOR CORP,True
55955D100,MGNI,BBG000PBDRC0,Common Stock,MAGNITE INC,True
56035L104,MAIN,BBG000BXT422,Common Stock,MAIN STREET CAPITAL CORP,True
562750109,MANH,BBG000BFV758,Common Stock,MANHATTAN ASSOCIATES INC,True
563571108,,,,,False
56501R106,MFC,BBG000C0Q0K4,Common Stock,MANULIFE FINANCIAL CORP,True
565394103,CART,BBG00KG5VJF4,Common Stock,MAPLEBEAR INC,True
565849106,MRO*,BBG004SWLVV4,Common Stock,MARATHON OIL CORP,True
56585A102,MPC,BBG001DCCGR8,Common Stock,MARATHON PETROLEUM CORP,True
56752108,,,,,False
56854Q200,MRNS*,BBG00JCHDDY7,Common Stock,MARINUS PHARMACEUTICALS INC,True
570535104,MKL,BBG000FC7366,Common Stock,MARKEL GROUP INC,True
57060D108,MKTX,BBG000BJBZ23,Common Stock,MARKETAXESS HOLDINGS INC,True
57060U100,,,,,False
57060U225,,,,,False
57063L107,,,,,False
57164Y107,VAC,BBG001J2R5H3,Common Stock,MARRIOTT VACATIONS WORLD,True
571903202,MAR,BBG000BGD7W6,Common Stock,MARRIOTT INTERNATIONAL -CL A,True
573284106,MLM,BBG000BGYMH7,Common Stock,MARTIN MARIETTA MATERIALS,True
573874104,MRVL,BBG00ZXBJ153,Common Stock,MARVELL TECHNOLOGY INC,True
575385109,DOORUSD,BBG00ZR69VD7,Common Stock,MASONITE INTERNATIONAL CORP,True
576323109,MTZ,BBG000DYXD23,Common Stock,MASTEC INC,True
57636Q104,MA,BBG000F1ZSQ2,Common Stock,MASTERCARD INC - A,True
57637H103,MCFT,BBG002ZYLPN8,Common Stock,MASTERCRAFT BOAT HOLDINGS IN,True
5763Q104,,,,,False
57665R106,MTCHEUR,BBG00CKGNB69,Common Stock,MATCH GROUP INC,True
57667L107,MTCH,BBG00VT0KNC3,Common Stock,MATCH GROUP INC,True
576690101,MTRN,BBG000BDTT76,Common Stock,MATERION CORP,True
577081102,MAT,BBG000BNNYW1,Common Stock,MATTEL INC,True
577096100,MTTR*,BBG014HVH763,Common Stock,MATTERPORT INC,True
577345101,MLP,BBG000BB52X6,Common Stock,MAUI LAND & PINEAPPLE CO,True
57778K105,MAXRUSD,BBG00ZR6B2W7,Common Stock,MAXAR TECHNOLOGIES INC,True
577933104,MMS,BBG000BC5WJ4,Common Stock,MAXIMUS INC,True
578784100,MAZE,BBG00NHJHS27,Common Stock,MAZE THERAPEUTICS INC,True
580135101,MCD,BBG000BNSZP1,Common Stock,MCDONALD'S CORP,True
580645109,,,,,False
58155Q103,MCK,BBG000DYGNW7,Common Stock,MCKESSON CORP,True
584021109,MDLA,BBG001BPKGT0,Common Stock,MEDALLIA INC,True
584045108,,,,,False
58406B202,MDVLQ,BBG000J1MZJ4,Common Stock,MEDAVAIL HOLDINGS INC,True
584404107,,,,,False
58441K100,,,,,False
58450V104,MAX,BBG00XRTJ7K6,Common Stock,MEDIAALPHA INC-CLASS A,True
58463J304,MPT,BBG000BGRB25,REIT,MEDICAL PROPERTIES TRUST INC,True
584688105,MDCOUSD,BBG005WW7139,Common Stock,MEDICINES COMPANY,True
58471A105,MDSOEUR,BBG00D0MXZ35,Common Stock,MEDIDATA SOLUTIONS INC,True
58501N101,,,,,False
58502B106,MD,BBG000H8LGK2,Common Stock,PEDIATRIX MEDICAL GROUP INC,True
585055106,,,,,False
58507V107,MDLN,BBG01Y6778L4,Common Stock,MEDLINE INC-CL A,True
585464100,MLCO,BBG000BHP8J4,ADR,MELCO RESORTS & ENTERT-ADR,True
58549G100,,,,,False
58733R102,MELI,BBG000GQPB11,Common Stock,MERCADOLIBRE INC,True
588056101,MERC,BBG000CDMMM0,Common Stock,MERCER INTERNATIONAL INC,True
589331107,,,,,False
58933Y105,MRK,BBG000BPD168,Common Stock,MERCK & CO. INC.,True
589584101,MR4,BBG000GT3T01,Common Stock,MERIDIAN BIOSCIENCE INC,True
58985J105,,,,,False
59001A102,MTH,BBG000F4F1N0,Common Stock,MERITAGE HOMES CORP,True
59001K100,MTOR,BBG000BH92D1,Common Stock,MERITOR INC,True
590672101,MSB,BBG000BPFCM4,Royalty Trst,MESABI TRUST,True
59100U108,CASH,BBG000BKLTP8,Common Stock,PATHWARD FINANCIAL INC,True
59151K108,MEOH,BBG000C16MS8,Common Stock,METHANEX CORP,True
59156R108,MET,BBG000BB6KF5,Common Stock,METLIFE INC,True
59156R116,MET 5 10/08/14,,PUBLIC,METLIFE INC,True
59161R101,,,,,False
59356Q108,MIAX,BBG004RKDWL9,Common Stock,MIAMI INTERNATIONAL HOLDINGS,True
59408Q106,MIKUSD,BBG00KD91HG5,Common Stock,MICHAELS COS INC/THE,True
594918104,MSFT,BBG000BPH459,Common Stock,MICROSOFT CORP,True
595017104,MCHP,BBG000BHCP19,Common Stock,MICROCHIP TECHNOLOGY INC,True
595112103,MU,BBG000C5Z1S3,Common Stock,MICRON TECHNOLOGY INC,True
59522J103,MAA,BBG000BLMY92,REIT,MID-AMERICA APARTMENT COMM,True
597742105,MSBI,BBG000G2ZK31,Common Stock,MIDLAND STATES BANCORP INC,True
59804T407,MPOUSD,BBG00L438PY1,Common Stock,AMPLIFY ENERGY CORP,True
59935V107,MIST,BBG009DR4MN8,Common Stock,MILESTONE PHARMACEUTICALS IN,True
603170101,MLYS,BBG00ZXN1GN3,Common Stock,MINERALYS THERAPEUTICS INC,True
60468T105,MRTXEUR,BBG00FVJ1BH6,Common Stock,MIRATI THERAPEUTICS INC,True
60471A101,MIR,BBG00VHJ1K96,Common Stock,MIRION TECHNOLOGIES INC,True
604749101,MIRM,BBG00MH7T2M7,Common Stock,MIRUM PHARMACEUTICALS INC,True
604871103,MSON,BBG00P4XZ5G0,Common Stock,MISONIX INC,True
60505104,,,,,False
606710200,MITK,BBG000BP3D45,Common Stock,MITEK SYSTEMS INC,True
606816106,,,,,False
60740F105,MINIEUR,BBG00J2KPYR0,Common Stock,MOBILE MINI INC,True
607525102,MODNEUR,BBG00DKQ7CG0,Common Stock,MODEL N INC,True
60770K107,MRNA,BBG003PHHZT1,Common Stock,MODERNA INC,True
607828100,MOD,BBG000BP7CL4,Common Stock,MODINE MANUFACTURING CO,True
60783X104,MODVQ,BBG000P1B7C8,Common Stock,MODIVCARE INC,True
60786M105,MC,BBG000RNBH63,Common Stock,MOELIS & CO - CLASS A,True
608012100,,,,,False
608554200,,,,,False
60855R100,MOH,BBG000MBHNC8,Common Stock,MOLINA HEALTHCARE INC,True
60871R209,TAP,BBG000BS7KS3,Common Stock,MOLSON COORS BEVERAGE CO - B,True
60879B107,MOMOUSD,BBG00JQ09QM8,ADR,MOMO INC-SPON ADR,True
609027107,MCRI,BBG000BJ0932,Common Stock,MONARCH CASINO & RESORT INC,True
609207105,MDLZ,BBG000D4LWF6,Common Stock,MONDELEZ INTERNATIONAL INC-A,True
60920710F,,,,,False
60935Y208,MGIEUR,BBG00G9F4JX9,Common Stock,MONEYGRAM INTERNATIONAL INC,True
60937P106,MDB,BBG0022FDRY8,Common Stock,MONGODB INC,True
61022P100,TYPEUSD,BBG00KD8Z2Q2,Common Stock,MONOTYPE IMAGING HOLDINGS IN,True
61166W101,,,,,False
61174X109,MNST,BBG008NVB1C0,Common Stock,MONSTER BEVERAGE CORP,True
615369105,MCO,BBG000F86GP6,Common Stock,MOODY'S CORP,True
61559X104,MLTX,BBG00XQZQTS9,Common Stock,MOONLAKE IMMUNOTHERAPEUTICS,True
616962105,,,,,False
617446448,MS,BBG000BLZRJ2,Common Stock,MORGAN STANLEY,True
617468103,XCAFX,BBG000BXCMK0,Closed-End Fund,MORGAN STANLEY CHINA A SHARE,True
617477104,EDD,BBG000PY8K68,Closed-End Fund,MORGAN STANLEY EMRG MRK DOM,True
617700109,MORN,BBG000CGQ4F7,Common Stock,MORNINGSTAR INC,True
61774R841,EVTR,BBG01LTGRNY8,ETP,EATON VANCE TOTAL RETURN,True
620076307,MSI,BBG000BP8Z50,Common Stock,MOTOROLA SOLUTIONS INC,True
624756102,MLI,BBG000C6W444,Common Stock,MUELLER INDUSTRIES INC,True
624758108,MWA,BBG000JBC9M7,Common Stock,MUELLER WATER PRODUCTS INC-A,True
62482R107,07WA,BBG003DL0L96,Common Stock,MR COOPER GROUP INC,True
625207105,MULEUSD,BBG00JPYDHZ6,Common Stock,MULESOFT INC  -A,True
626755102,MUSA,BBG001Z0Q6T5,Common Stock,MURPHY USA INC,True
62855J104,MYGN,BBG000D9H9F1,Common Stock,MYRIAD GENETICS INC,True
62857J201,MYO,BBG002B0JJV6,Common Stock,MYOMO INC,True
628852204,,,,,False
62886E108,VYX,BBG000BMXK89,Common Stock,NCR VOYIX CORP,True
62913F508,NIHDEUR,BBG00JPZ80X8,Common Stock,NII HOLDINGS INC,True
62914V106,NIO,BBG00LPXZB46,ADR,NIO INC - ADR,True
62914VAB2,NIO 4.5 02/01/24,,US DOMESTIC,NIO INC,True
629209305,NMIH,BBG005DLMMZ6,Common Stock,NMI HOLDINGS INC,True
62921N105,NGMUSD,BBG00ZNMWNP5,Common Stock,NGM BIOPHARMACEUTICALS INC,True
629377508,NRG,BBG000D8RG11,Common Stock,NRG ENERGY INC,True
62942X108,,,,,False
629445206,NVEC,BBG000N22GR2,Common Stock,NVE CORP,True
62944T105,NVR,BBG000BQBYR3,Common Stock,NVR INC,True
629491101,,,,,False
62955J103,NOV,BBG000BJX8C8,Common Stock,NOV INC,True
63001N106,NATL,BBG019Y0WP19,Common Stock,NCR ATLEOS CORP,True
631100104,QQQ,BBG000F1C7Y4,ETP,NASDAQ-100 INDEX TRCKNG STCK,True
631103108,NDAQ,BBG000F5VVB6,Common Stock,NASDAQ INC,True
632307104,NTRA,BBG001J1BQ86,Common Stock,NATERA INC,True
636274409,NGG,BBG000L4Y5K6,ADR,NATIONAL GRID PLC-SP ADR,True
63633D104,NHI,BBG000CGWSJ3,REIT,NATL HEALTH INVESTORS INC,True
636518102,,,,,False
637071101,NOVEUR,BBG007254QL5,Common Stock,NATIONAL OILWELL VARCO INC,True
637417106,NNN,BBG000CLP0Y4,REIT,NNN REIT INC,True
638157102,,,,,False
638517102,NWLIEUR,BBG00VXZVS47,Common Stock,NATIONAL WESTERN LIFE GROU-A,True
638522102,,,,,False
63861C109,,,,,False
63884N108,,,,,False
63910B102,NLSUSD,BBG00JQ53Q25,Common Stock,BOWFLEX INC,True
639193101,NAVN,BBG00FVNPLX1,Common Stock,NAVAN INC-CL A,True
63934E108,NAV,BBG000BPS2V2,Common Stock,NAVISTAR INTERNATIONAL CORP,True
63935N107,NCI1EUR,BBG00JSCT278,Common Stock,NAVIGANT CONSULTING INC,True
63938C108,NAVI,BBG004MN1R41,Common Stock,NAVIENT CORP,True
63947U107,NCNO*,BBG00XV46Z91,Common Stock,NCINO OPCO INC,True
63947X101,NCNO,BBG014GJ8XH2,Common Stock,NCINO INC,True
640268108,NKTREUR,BBG00HBGF150,Common Stock,NEKTAR THERAPEUTICS,True
64049M209,NEO,BBG000BKH263,Common Stock,NEOGENOMICS INC,True
64107A105,NPWR,BBG00ZMY0GQ9,Common Stock,NET POWER INC,True
64110L106,NFLX,BBG000CL9VN6,Common Stock,NETFLIX INC,True
64110W102,NTES,BBG000BX72V8,ADR,NETEASE INC-ADR,True
64115T104,NTCT,BBG000C136Z8,Common Stock,NETSCOUT SYSTEMS INC,True
64125C109,NBIX,BBG000GJS7C1,Common Stock,NEUROCRINE BIOSCIENCES INC,True
64126X201,,,,,False
641288105,NPCE,BBG001KWZD52,Common Stock,NEUROPACE INC,True
64149107,,,,,False
64157F103,NVROEUR,BBG00JPZ1YF1,Common Stock,NEVRO CORP,True
642045108,AESI,BBG01JFZ96X4,Common Stock,ATLAS ENERGY SOLUTIONS INC,True
644393100,NFE,BBG00MJH9LC4,Common Stock,NEW FORTRESS ENERGY INC,True
644535106,NGDN,BBG01XXH1CK2,Common Stock,NEW GOLD INC,True
647581107,,,,,False
647581206,EDU,BBG000PTRRM5,ADR,NEW ORIENTAL EDUCATIO-SP ADR,True
64828T102,,,,,False
64829B100,NEWREUR,BBG009DVP7F8,Common Stock,NEW RELIC INC,True
649445103,NYCBEUR,BBG00JHNZXG1,Common Stock,NEW YORK COMMUNITY BANCORP,True
650111107,NYT,BBG000FFC0B3,Common Stock,NEW YORK TIMES CO-A,True
65105M603,,,,,False
651290108,,,,,False
651639106,NEM,BBG000BPWXK1,Common Stock,NEWMONT CORP,True
651824104,,,,,False
65248E104,,,,,False
65248E203,,,,,False
65249B109,NWSA,BBG0035LY913,Common Stock,NEWS CORP - CLASS A,True
65249B208,NWS,BBG0035M2ZB7,Common Stock,NEWS CORP - CLASS B,True
65336K103,NXST,BBG000DZJVH0,Common Stock,NEXSTAR MEDIA GROUP INC,True
65339F101,NEE,BBG000BJSBJ0,Common Stock,NEXTERA ENERGY INC,True
65339F820,NEE 6.123 09/01/19,,PUBLIC,NEXTERA ENERGY INC,True
65340P106,NXE,BBG004WG63P0,Common Stock,NEXGEN ENERGY LTD,True
65341B106,XIFR,BBG006JNW321,Common Stock,XPLR INFRASTRUCTURE LP,True
65342K105,NEXT,BBG008GC7VW7,Common Stock,NEXTDECADE CORP,True
65345N106,NN,BBG017XG00X4,Common Stock,NEXTNAV INC,True
653656108,NICE,BBG000KC17R4,ADR,NICE LTD - SPON ADR,True
654106103,NKE,BBG000C5HS04,Common Stock,NIKE INC -CL B,True
65440R101,,,,,False
65473P105,NI,BBG000BPZBB6,Common Stock,NISOURCE INC,True
65487X102,NOAH,BBG0017X96T3,ADR,NOAH HOLDINGS LTD-SPON ADS,True
654902204,NOK,BBG000BNGBW9,ADR,NOKIA CORP-SPON ADR,True
655044105,NBL2EUR,BBG00D0MY7Q1,Common Stock,NOBLE ENERGY INC,True
65540B105,NDLSUSD,BBG00JX88390,Common Stock,NOODLES & CO,True
655663102,NDSN,BBG000BPWGR1,Common Stock,NORDSON CORP,True
655664100,JWNUSD,BBG00JPVX9G9,Common Stock,NORDSTROM INC,True
655844108,NSC,BBG000BQ5DS5,Common Stock,NORFOLK SOUTHERN CORP,True
664121100,NECB,BBG011RJRY92,Common Stock,NORTHEAST COMMUNITY BANCORP,True
664925880,WCPB,BBG01WL1P8Q9,ETP,WEITZ CORE PLUS BOND ETF,True
665531307,NOG,BBG000DRTDR6,Common Stock,NORTHERN OIL AND GAS INC,True
666807102,NOC,BBG000BQ2C28,Common Stock,NORTHROP GRUMMAN CORP,True
66704R100,,,,,False
66704R704,,,,,False
66705Y104,,,,,False
66706L101,NRE,BBG00873RM91,REIT,NORTHSTAR REALTY EUROPE CORP,True
668771108,GEN,BBG000BH2JM1,Common Stock,GEN DIGITAL INC,True
66987V109,NVS,BBG000LYF3S8,ADR,NOVARTIS AG-SPONSORED ADR,True
670100205,NVO,BBG000BQBKR3,ADR,NOVO-NORDISK A/S-SPONS ADR,True
67018T105,NUS,BBG000HG21Y3,Common Stock,NU SKIN ENTERPRISES INC - A,True
67020Y100,NUANEUR,BBG00FZLM0H8,Common Stock,NUANCE COMMUNICATIONS INC,True
67059N108,NTNX,BBG001NDW1Z7,Common Stock,NUTANIX INC - A,True
670656107,NRK,BBG000BKVPN7,Closed-End Fund,NUVEEN NY AMT-FR MUNI INC,True
67066G104,NVDA,BBG000BBJQV0,Common Stock,NVIDIA CORP,True
67066G107,,,,,False
670703107,,,,,False
670704105,NUVAGBP,BBG00JR5DYR9,Common Stock,NUVASIVE INC,True
67077M108,NTR,BBG00JM9XLN6,Common Stock,NUTRIEN LTD,True
670851500,,,,,False
670872100,,,,,False
67092P201,NULG,BBG00FJ5GXF8,ETP,NUVEEN ESG LRG-CAP GRW ETF,True
67103H107,ORLY,BBG000BGYWY6,Common Stock,O'REILLY AUTOMOTIVE INC,True
67110P407,OUSAGBP,BBG00Z83PL67,ETP,OSHARES U.S QUALITY DIVIDEND,True
674001201,OAK,BBG001R78GX2,MLP,OAKTREE CAPITAL GROUP LLC,True
67401P108,FSC1EUR,BBG006T7HL95,Common Stock,OAKTREE SPECIALTY LENDING CO,True
67401P405,OCSL,BBG000TKZRB3,Common Stock,OAKTREE SPECIALTY LENDING CO,True
674215108,OASEUR,BBG00FZLJV48,Common Stock,OASIS PETROLEUM INC,True
674215207,CHRD,BBG00Y7BLHL9,Common Stock,CHORD ENERGY CORP,True
674482104,,,,,False
674599105,OXY,BBG000BQQ2S6,Common Stock,OCCIDENTAL PETROLEUM CORP,True
675746309,OCN2EUR,BBG00JRKN6D1,Common Stock,OCWEN FINANCIAL CORP,True
67576A100,OCUL,BBG001J1BZV0,Common Stock,OCULAR THERAPEUTIX INC,True
677862104,,,,,False
679295105,OKTA,BBG001YV1SM4,Common Stock,OKTA INC,True
679580100,ODFL,BBG000CHSS88,Common Stock,OLD DOMINION FREIGHT LINE,True
680223104,ORI,BBG000C4PLF7,Common Stock,OLD REPUBLIC INTL CORP,True
681116109,OLLI,BBG0098VVDT9,Common Stock,OLLIE'S BARGAIN OUTLET HOLDI,True
68134L109,OLOGBX,BBG01N7S1944,Common Stock,OLO INC - CLASS A,True
682189105,ON,BBG000DV7MX4,Common Stock,ON SEMICONDUCTOR,True
68235P108,OGS,BBG004WQKD07,Common Stock,ONE GAS INC,True
682680103,OKE,BBG000BQHGR6,Common Stock,ONEOK INC,True
68268W103,OMF,BBG005497GZ3,Common Stock,ONEMAIN HOLDINGS INC,True
68280L101,ONEW,BBG00PPXGH18,Common Stock,ONEWATER MARINE INC-CL A,True
683344105,ONTO,BBG000BPRN29,Common Stock,ONTO INNOVATION INC,True
683399109,,,,,False
683715106,OTEX,BBG000K712R6,Common Stock,OPEN TEXT CORP,True
68373J104,,,,,False
683745103,,,,,False
68389X105,ORCL,BBG000BQLTW7,Common Stock,ORACLE CORP,True
68401U204,OPRX,BBG000HKQH91,Common Stock,OPTIMIZERX CORP,True
68404V100,,,,,False
68555P100,ORBC,BBG000H85D09,Common Stock,ORBCOMM INC,True
68622P109,ORIC,BBG00BL5SLH5,Common Stock,ORIC PHARMACEUTICALS INC,True
686688102,ORA,BBG000Q5BQ63,Common Stock,ORMAT TECHNOLOGIES INC,True
68752M108,OFIX,BBG000G1C210,Common Stock,ORTHOFIX MEDICAL INC,True
687793109,OSCR,BBG00YMWFTZ2,Common Stock,OSCAR HEALTH INC - CLASS A,True
68902V107,OTIS,BBG00RP60KV0,Common Stock,OTIS WORLDWIDE CORP,True
68989M103,,,,,False
690070107,,,,,False
690370101,NXH,BBG000BF7BV7,Common Stock,NEIGHBORHOOD INTELLIGENCE IN,True
69047Q102,OVV,BBG00R2NHQ65,Common Stock,OVINTIV INC,True
690742101,OC,BBG000M44VW8,Common Stock,OWENS CORNING,True
690768403,OIEUR,BBG008B8N9Y0,Common Stock,OWENS-ILLINOIS INC,True
69121K104,OBDC,BBG00DB0XYC4,Common Stock,BLUE OWL CAPITAL CORP,True
69318G106,PBF,BBG002832GV8,Common Stock,PBF ENERGY INC-CLASS A,True
69327R101,PDCEUSD,BBG00K671BT6,Common Stock,PDC ENERGY INC,True
693282105,PDFS,BBG000CYCKR4,Common Stock,PDF SOLUTIONS INC,True
69331C108,PCG,BBG000BQWPC5,Common Stock,P G & E CORP,True
69331C140,PCG 5.5 08/16/23,,PUBLIC,PG&E CORP,True
69336V101,PGTIUSD,BBG00ZR23H52,Common Stock,PGT INNOVATIONS INC,True
693390841,PHIYX,BBG000BCTKP7,Open-End Fund,PIMCO HIGH YIELD FUND-INST,True
69344A107,PULS,BBG00KJQ1Q26,ETP,PGIM ULTRA SHORT BOND ETF,True
69344A800,PTRB,BBG013WXN516,ETP,PGIM TOTAL RETURN BOND ETF,True
693483109,PKX,BBG000BCBSD2,ADR,POSCO HOLDINGS INC -SPON ADR,True
69349H107,TXNM,BBG000BRDFF3,Common Stock,TXNM ENERGY INC,True
69351T106,PPL,BBG000BRJL00,Common Stock,PPL CORP,True
69353Y103,PMVP,BBG007NM47G3,Common Stock,PMV PHARMACEUTICALS INC,True
69354N106,PRAA,BBG000BNTW77,Common Stock,PRA GROUP INC,True
69355F102,,,,,False
69357C503,PRGX,BBG000G6RGP6,Common Stock,PRGX GLOBAL INC,True
69360J107,PSBUSD,BBG00JRSWFH0,REIT,PS BUSINESS PARKS INC/CA,True
69366J200,PTCT,BBG000QT15P7,Common Stock,PTC THERAPEUTICS INC,True
69370C100,PTC,BBG000C2VBB0,Common Stock,PTC INC,True
69374H568,PSFF,BBG00YPGN382,ETP,PACER SWAN SOS FUND OF FUNDS,True
69374H881,COWZ,BBG00FJQN6F3,ETP,PACER US CASH COWS 100 ETF,True
69376K106,RPC,BBG012QFRJQ3,Common Stock,RIDGEPOST CAPITAL INC-A,True
69423U305,PEIXEUR,BBG0099QJPW2,Common Stock,PACIFIC ETHANOL INC,True
695127100,PCRX,BBG0018FQNS6,Common Stock,PACIRA BIOSCIENCES INC,True
69608A108,PLTR,BBG000N7QR55,Common Stock,PALANTIR TECHNOLOGIES INC-A,True
696429307,,,,,False
697435105,PANW,BBG0014GJCT9,Common Stock,PALO ALTO NETWORKS INC,True
697435AD7,PANW 0.75 07/01/23,,US DOMESTIC,PALO ALTO NETWORKS,True
697660207,PAM,BBG000S7QCQ0,ADR,PAMPA ENERGIA SA-SPON ADR,True
697900108,PAAS,BBG000C0RGY3,Common Stock,PAN AMERICAN SILVER CORP,True
698354107,,,,,False
69840W108,,,,,False
698477106,PHXUSD,BBG00L43BFR7,Common Stock,PANHANDLE OIL AND GAS INC-A,True
698884103,PAR,BBG000BRP9K8,Common Stock,PAR TECHNOLOGY CORP/DEL,True
69888T207,PARR,BBG003C5DL16,Common Stock,PAR PACIFIC HOLDINGS INC,True
69913P105,FNAUSD,BBG017QC5KS8,Common Stock,PARAGON 28 INC,True
69924R108,6PM,BBG007K97ZT6,REIT,PARAMOUNT GROUP INC,True
699374302,PRTKEUR,BBG0099QJRH5,Common Stock,PARATEK PHARMACEUTICALS INC,True
700517105,PK,BBG00FGXCJX5,REIT,PARK HOTELS & RESORTS INC,True
701094104,PH,BBG000BR3KL6,Common Stock,PARKER HANNIFIN CORP,True
701877102,PE1EUR,BBG00D0MYDD2,Common Stock,PARSLEY ENERGY INC-CLASS A,True
703395103,PDCOEUR,BBG008B8NCL7,Common Stock,PATTERSON COS INC,True
703481101,PTEN,BBG000BKXFN7,Common Stock,PATTERSON-UTI ENERGY INC,True
704326107,PAYX,BBG000BQSQ38,Common Stock,PAYCHEX INC,True
70432V102,PAYC,BBG0064N0ZZ5,Common Stock,PAYCOM SOFTWARE INC,True
70450Y103,PYPL,BBG0077VNXV6,Common Stock,PAYPAL HOLDINGS INC,True
70451X104,PAYO,BBG00Z5JLLB3,Common Stock,PAYONEER GLOBAL INC,True
704549104,,,,,False
704551100,BTU,BBG00GBV88T6,Common Stock,PEABODY ENERGY CORP,True
70476Q100,PDCC,BBG01NJ5D4D9,Closed-End Fund,PEARL DIVER CREDIT COMPY INC,True
705573103,PEGA,BBG000H1RYG7,Common Stock,PEGASYSTEMS INC,True
70614W100,PTON,BBG00JG0FFZ2,Common Stock,PELOTON INTERACTIVE INC-A,True
707569109,PENN,BBG000CDZLV8,Common Stock,PENN ENTERTAINMENT INC,True
707882106,,,,,False
707887105,,,,,False
70788V102,PVACUSD,BBG00ZR23237,Common Stock,RANGER OIL CORP-A,True
70805E109,PNTG,BBG00P33SY72,Common Stock,PENNANT GROUP INC/THE,True
709102107,,,,,False
70931T103,PMT,BBG000DKDWS5,REIT,PENNYMAC MORTGAGE INVESTMENT,True
70957E105,WRLSUSD,BBG00K2NBMR2,Common Stock,PENSARE ACQUISITION CORP,True
70959W103,PAG,BBG000H6K1B0,Common Stock,PENSKE AUTOMOTIVE GROUP INC,True
709631105,,,,,False
7100769FB,,,,,False
713291102,,,,,False
713448108,PEP,BBG000DH7JK6,Common Stock,PEPSICO INC,True
71375U101,PRFTUSD,BBG00K6RM6Q3,Common Stock,PERFICIENT INC,True
71377A103,PFGC,BBG009XW2WB8,Common Stock,PERFORMANCE FOOD GROUP CO,True
714236106,PBT,BBG000BQV317,Royalty Trst,PERMIAN BASIN ROYALTY TRUST,True
71424F105,PR,BBG00CNYBQ76,Common Stock,PERMIAN RESOURCES CORP-CL A,True
71426V108,,,,,False
71531R109,PSTHUSD,BBG01255HHF5,Common Stock,PERSHING SQUARE TONTINE -A,True
715347100,PRSP,BBG00KMXKWF9,Common Stock,PERSPECTA INC,True
71535D106,PSNL,BBG0027NWBR8,Common Stock,PERSONALIS INC,True
71639T106,PETQEUR,BBG00HBWR9K8,Common Stock,PETIQ INC,True
71646J109,,,,,False
71654V101,PBR/A,BBG000BVNV22,ADR,PETROLEO BRASIL-SP PREF  ADR,True
71654V408,PBR,BBG000BS6FX9,ADR,PETROLEO BRASILEIRO-SPON ADR,True
716933106,,,,,False
717081103,PFE,BBG000BR2B91,Common Stock,PFIZER INC,True
71708110A,,,,,False
718172109,PM,BBG000J2XL74,Common Stock,PHILIP MORRIS INTERNATIONAL,True
718546104,PSX,BBG00286S4N9,Common Stock,PHILLIPS 66,True
718549207,PSXPUSD,BBG00JS03D14,MLP,PHILLIPS 66 PARTNERS LP,True
71880K101,PHIN,BBG01F6N6NM7,Common Stock,PHINIA INC,True
719405102,PLAB,BBG000BR9JS6,Common Stock,PHOTRONICS INC,True
71948P106,,,,,False
72201R205,STPZ,BBG000P08VP7,ETP,PIMCO 1-5 YEAR US TIPS INDEX,True
72201R585,PYLD,BBG01GZGT3G4,ETP,PIMCO MULTISECTOR BOND ACTV,True
72201R718,LDUR,BBG005VLSHJ9,ETP,PIMCO ENHANCED LOW DURATION,True
72201R775,BOND,BBG002N12B91,ETP,PIMCO ACTIVE BOND EXCHANGE-T,True
72201R783,HYS,BBG001R058S4,ETP,PIMCO 0-5 YEAR H/Y CORP BOND,True
72201R833,MINT,BBG000PVW5B4,ETP,PIMCO ENHANCED SHORT MATURIT,True
72202E682,PFINX,BBG0088JWXB2,Open-End Fund,PIMCO PREFER & CAPITAL-INST,True
72202L371,MFDX,BBG00HM85D06,ETP,PIMCO RAFI DYNAMIC MULTI-FAC,True
722304102,PDD,BBG00LBLDDR2,ADR,PDD HOLDINGS INC,True
722304AC6,PDD 0 12/01/25,,GLOBAL,PDD HOLDINGS INC,True
723456109,,,,,False
72348P104,,,,,False
72352L106,PINS,BBG002583CV8,Common Stock,PINTEREST INC- CLASS A,True
723787107,PXDEUR,BBG00FZLMVV4,Common Stock,PIONEER NATURAL RESOURCES CO,True
726503105,PAA,BBG000BP63C5,MLP,PLAINS ALL AMER PIPELINE LP,True
72651A207,PAGP,BBG000TBYFR3,Ltd Part,PLAINS GP HOLDINGS LP,True
72703H101,PLNT,BBG009H04M17,Common Stock,PLANET FITNESS INC - CL A,True
727493108,PLTEUR,BBG00FZLM5G8,Common Stock,PLANTRONICS INC,True
72766Q105,,,,,False
72919P202,PLUG,BBG000C1XSP8,Common Stock,PLUG POWER INC,True
72941W100,,,,,False
733174700,BPOP,BBG000BDNB35,Common Stock,POPULAR INC,True
73640Q105,,,,,False
73688F201,BCIC,BBG000BMSWV3,Common Stock,BCP INVESTMENT CORP,True
737010108,PTLAEUR,BBG00C5C0WH2,Common Stock,PORTOLA PHARMACEUTICALS INC,True
737446104,POST,BBG001WTBC36,Common Stock,POST HOLDINGS INC,True
737464107,,,,,False
73930R102,,,,,False
73931J109,AIOT,BBG00PG3JNL6,Common Stock,POWERFLEET INC,True
73935A104,,,,,False
73935S105,,,,,False
73935X146,,,,,False
73935X153,PDP,BBG00KHRG143,ETP,INVESCO DWA MOMENTUM ETF,True
73935X286,PKWUSD,BBG00KHRKXN7,ETP,INVESCO BUYBACK ACHIEVERS ET,True
73935X567,,,,,False
73935X583,PRFUSD,BBG00KHRKZK5,ETP,INVESCO FTSE RAFI US 1000 ET,True
73935X682,,,,,False
73935X708,PWVUSD,BBG00KHRL4G8,ETP,INVESCO DYNAMIC LARGE CAP VA,True
73935X799,,,,,False
73936Q769,,,,,False
73937B654,,,,,False
73937B746,,,,,False
73937B779,,,,,False
73937B837,PSCU,BBG00KHRFTP0,ETP,INVESCO S&P S C U&C SER ETF,True
73937B860,,,,,False
74005P104,PXGBX,BBG00K1X0L95,Common Stock,PRAXAIR INC,True
74006W207,PRAX,BBG00W9LF2G5,Common Stock,PRAXIS PRECISION MEDICINES I,True
74017N105,PGEN,BBG000QL8VH9,Common Stock,PRECIGEN INC,True
740189105,,,,,False
741503403,,,,,False
741503AN6,BKNG 1.25 03/15/15,,US DOMESTIC,PRICELINE GROUP INC/THE,True
741623102,PRMB,BBG01QNB0RS1,Common Stock,PRIMO BRANDS CORP,True
74167P108,BCBUSD,BBG00ZR850K7,Common Stock,PRIMO WATER CORP,True
74251V102,PFG,BBG000NSCNT7,Common Stock,PRINCIPAL FINANCIAL GROUP,True
742718109,PG,BBG000BR2TH3,Common Stock,PROCTER & GAMBLE CO/THE,True
74275K108,PCOR,BBG0026ZJ304,Common Stock,PROCORE TECHNOLOGIES INC,True
742935125,,,,,False
742962103,,,,,False
74316P579,AKRE,BBG01RM0YYJ2,ETP,AKRE FOCUS ETF,True
74319R101,PRG,BBG00VSH86G4,Common Stock,PROG HOLDINGS INC,True
743315103,PGR,BBG000BR37X2,Common Stock,PROGRESSIVE CORP,True
74340E103,PGNY,BBG002H1K1H1,Common Stock,PROGYNY INC,True
74340W103,PLD,BBG000B9Z0J8,REIT,PROLOGIS INC,True
743424103,PFPT,BBG000RQ2GY7,Common Stock,PROOFPOINT INC,True
74346Y103,PRO,BBG000R432V9,Common Stock,PROS HOLDINGS INC,True
74347B300,,,,,False
74347B425,SH1USD,BBG00JQ589G3,ETP,PROSHARES SHORT S&P500,True
74347B607,IGHG,BBG005JYLX61,ETP,PROSHARES IG HEDGED,True
74347B714,PSQUSD,BBG00JVZJDR8,ETP,PROSHARES SHORT QQQ,True
74347M108,PUMP,BBG00FYCQ352,Common Stock,PROPETRO HOLDING CORP,True
74347R107,SSO,BBG000PNHF54,ETP,PROSHARES ULTRA S&P500,True
74347R206,QLD,BBG000PNK918,ETP,PROSHARES ULTRA QQQ,True
74347R404,MVV,BBG000PNKL84,ETP,PROSHARES ULTRA MIDCAP400,True
74347R503,,,,,False
74347X849,TBF,BBG000NZZW25,ETP,PROSHARES SHORT 20+ TREASURY,True
74347Y888,UCO,BBG000CSVPZ6,ETP,PROSHARES ULTRA BLOOMBERG CR,True
74348A442,,,,,False
74348A467,NOBL,BBG005D266N4,ETP,PROSHARES S&P 500 DIVIDEND A,True
74348T102,PSEC,BBG000Q3RGN4,Common Stock,PROSPECT CAPITAL CORP,True
74365A309,PLX,BBG000JW08N5,Common Stock,PROTALIX BIOTHERAPEUTICS INC,True
743674103,,,,,False
74368L203,PTVCB,BBG000BDVMB3,Common Stock,PROTECTIVE INSURANCE CORP- B,True
743815102,PRSCUSD,BBG00KD8ZY28,Common Stock,MODIVCARE INC,True
74383L105,,,,,False
74460D109,PSA,BBG000BPPN67,REIT,PUBLIC STORAGE,True
745867101,PHM,BBG000BR54L0,Common Stock,PULTEGROUP INC,True
746228303,PCYO,BBG000BLDVM3,Common Stock,PURE CYCLE CORP,True
74624M102,P,BBG00212PVZ5,Common Stock,EVERPURE INC-A,True
74727A104,QCRH,BBG000BYZSM8,Common Stock,QCR HOLDINGS INC,True
747301109,QUAD,BBG000FC3ZL2,Common Stock,QUAD GRAPHICS INC,True
74733V100,QEP,BBG000BLCL55,Common Stock,QEP RESOURCES INC,True
74734M109,,,,,False
74736A103,QTS,BBG0054B20Z8,REIT,QTS REALTY TRUST INC-CL A,True
74736K101,QRVO,BBG007TJF1N7,Common Stock,QORVO INC,True
747525103,QCOM,BBG000CGC1X8,Common Stock,QUALCOMM INC,True
747545101,,,,,False
74756M102,,,,,False
74758T303,QLYS,BBG000HT5G06,Common Stock,QUALYS INC,True
74762E102,PWR,BBG000BBL8V7,Common Stock,QUANTA SERVICES INC,True
74767V109,QS,BBG00VJ17DS2,Common Stock,QUANTUMSCAPE CORP,True
747906204,,,,,False
747906501,QTM1EUR,BBG00FZLPYD5,Common Stock,QUANTUM CORP,True
747906AJ4,QTM 4.5 11/15/17,,US DOMESTIC,QUANTUM CORP,True
74834L100,DGX,BBG000BN84F3,Common Stock,QUEST DIAGNOSTICS INC,True
74836W203,QRHC,BBG000BBF461,Common Stock,QUEST RESOURCE HOLDING CORP,True
74838J101,QDELUSD,BBG00YLQ7QP2,Common Stock,QUIDELORTHO CORP,True
749119103,QUOTUSD,BBG00JRSSHS9,Common Stock,QUOTIENT TECHNOLOGY INC,True
74915M100,,,,,False
74933V108,RARXEUR,BBG00F6L6Y48,Common Stock,RA PHARMACEUTICALS INC,True
74933W452,TBIL,BBG01922X0X9,ETP,F/M US TREASURY 3 MONTH BILL,True
74933W486,UTWO,BBG019229CR7,ETP,F/M US TREASURY 2 YEAR NOTE,True
749397105,RCMEUR,BBG00G7D8M10,Common Stock,R1 RCM INC,True
749527107,1RG,BBG00FWN5Q07,Common Stock,REV GROUP INC,True
74965L101,RLJ,BBG001HPC9F4,REIT,RLJ LODGING TRUST,True
74967R106,RMR,BBG00B6V7CJ6,Common Stock,RMR GROUP INC/THE - A,True
74967X103,RH,BBG002293PJ4,Common Stock,RH,True
74978Q105,,,,,False
749941100,,,,,False
750086100,,,,,False
750236101,RDN,BBG000BMWV95,Common Stock,RADIAN GROUP INC,True
750469207,RDUSEUR,BBG00CF1DSY1,Common Stock,RADIUS HEALTH INC,True
750481103,RADIGUSD,BBG013VV5067,Common Stock,RADIUS GLOBAL INFRASTRUCTU-A,True
750491102,RDNT,BBG000CXSF54,Common Stock,RADNET INC,True
75281A109,RRC,BBG000FVXD63,Common Stock,RANGE RESOURCES CORP,True
754212108,RAVN,BBG000CXQTZ3,Common Stock,RAVEN INDUSTRIES INC,True
7546A1064,,,,,False
755111507,RTN1USD,BBG0089KLSN8,Common Stock,RAYTHEON COMPANY,True
75513E101,RTX,BBG000BW8S60,Common Stock,RTX CORP,True
75524B104,RBC,BBG000GMGNB3,Common Stock,RBC BEARINGS INC,True
75526L852,EBI,BBG01SD06TL9,ETP,LONGVIEW ADVANTAGE ETF,True
75605Y106,,,,,False
75606N109,RP,BBG000CN5CJ3,Common Stock,REALPAGE INC,True
75615P103,RETAEUR,BBG00FRMRGJ3,Common Stock,REATA PHARMACEUTICALS INC-A,True
75629F109,RAH,BBG00801GN56,Common Stock,SOCIETAL CDMO INC,True
756577102,RHT1EUR,BBG007257GJ7,Common Stock,RED HAT INC,True
756764106,RLH,BBG000DQ5MY6,Common Stock,RED LION HOTELS CORP,True
75704L104,RDVT,BBG00HNGGZ88,Common Stock,RED VIOLET INC,True
75734B100,RDDT,BBG005K1D4S0,Common Stock,REDDIT INC-CL A,True
75886F107,REGN,BBG000C734W3,Common Stock,REGENERON PHARMACEUTICALS,True
758932107,RGSUSD,BBG00KD947T0,Common Stock,REGIS CORP,True
75902K106,RM,BBG001PJFM76,Common Stock,REGIONAL MANAGEMENT CORP,True
75943R102,RLAY,BBG00DSS08K9,Common Stock,RELAY THERAPEUTICS INC,True
759509102,RS,BBG000CJ2181,Common Stock,RELIANCE INC,True
75955J402,RLMD,BBG003MKSL16,Common Stock,RELMADA THERAPEUTICS INC,True
75971T103,,,,,False
75972A301,REGIEUR,BBG00FQSNQC0,Common Stock,RENEWABLE ENERGY GROUP INC,True
76009N100,UPBD,BBG000BHQJX3,Common Stock,UPBOUND GROUP INC,True
760125104,RTO,BBG000BVPG41,ADR,RENTOKIL INITIAL PLC-SP ADR,True
760276105,,,,,False
76029N106,REPL,BBG00L8Z22R1,Common Stock,REPLIMUNE GROUP INC,True
760759100,RSG,BBG000BPXVJ6,Common Stock,REPUBLIC SERVICES INC,True
760975102,,,,,False
761152107,RMD,BBG000L4M7F1,Common Stock,RESMED INC,True
76116A306,,,,,False
76117W109,RFPUSD,BBG00JRQ0TF1,Common Stock,RESOLUTE FOREST PRODUCTS,True
76118Y104,REZI,BBG00HY28K89,Common Stock,RESIDEO TECHNOLOGIES INC,True
761248103,,,,,False
76131D103,QSR,BBG0076WG2V1,Common Stock,RESTAURANT BRANDS INTERN,True
76131V202,RPAIUSD,BBG00JRSW6S8,REIT,RETAIL PROPERTIES OF AME - A,True
761525609,REVEUR,BBG00GP27SL0,Common Stock,REVLON INC-CLASS A,True
76155X100,RVMD,BBG00829F4P8,Common Stock,REVOLUTION MEDICINES INC,True
76156B107,RVLV,BBG00M4RHBD0,Common Stock,REVOLVE GROUP INC-A,True
76169B102,RXNEUR,BBG00JPYY5D3,Common Stock,REXNORD CORP,True
76169C100,REXR,BBG004MB82R0,REIT,REXFORD INDUSTRIAL REALTY IN,True
761713106,,,,,False
76243J105,RYTM,BBG007DLZ601,Common Stock,RHYTHM PHARMACEUTICALS INC,True
762594109,,,,,False
762760106,RICEEUR,BBG00J7CPM99,Common Stock,EQT RE MERGER SUB INC,True
766582100,RNET,BBG000PLQYN7,Common Stock,RIGNET INC,True
76680R206,RNG,BBG000J094P3,Common Stock,RINGCENTRAL INC-CLASS A,True
767204100,RIO,BBG000FD28T3,ADR,RIO TINTO PLC-SPON ADR,True
767292105,RIOT,BBG000BQ4512,Common Stock,RIOT PLATFORMS INC,True
767744105,RBAGBP,BBG00JRKL1K6,Common Stock,RITCHIE BROS AUCTIONEERS,True
767754104,,,,,False
76973Q105,,,,,False
770700102,HOOD,BBG008NMBXN8,Common Stock,ROBINHOOD MARKETS INC - A,True
771049103,RBLX,BBG001R1GCT0,Common Stock,ROBLOX CORP -CLASS A,True
772739207,,,,,False
773111109,,,,,False
774341101,,,,,False
775133101,ROG,BBG000BS9HN3,Common Stock,ROGERS CORP,True
77543R102,ROKU,BBG001ZZPQJ6,Common Stock,ROKU INC,True
775711104,ROL,BBG000BSBBP1,Common Stock,ROLLINS INC,True
776696106,ROP,BBG000F1ZSN5,Common Stock,ROPER TECHNOLOGIES INC,True
7767106,,,,,False
777780107,RST,BBG000BGKNV4,Common Stock,ROSETTA STONE INC,True
778296103,ROST,BBG000BSBZH7,Common Stock,ROSS STORES INC,True
779268101,,,,,False
780087102,RY,BBG000BSSC44,Common Stock,ROYAL BANK OF CANADA,True
780097788,RBS 5.75 PERP L,,PUBLIC,ROYAL BK SCOTLND GRP PLC,True
780259107,R6C2,BBG000PZCFK5,ADR,ROYAL DUTCH SHELL-SPON ADR-B,True
780259206,RDS/A,BBG000QXSSS6,ADR,SHELL PLC-SPON ADR-A,True
78116T103,RUBYUSD,BBG00ZNMWPV3,Common Stock,RUBIUS THERAPEUTICS INC,True
781846209,RUSHA,BBG000PLLP24,Common Stock,RUSH ENTERPRISES INC-CL A,True
783513104,,,,,False
783513203,RYAAY,BBG000J9CBT0,ADR,RYANAIR HOLDINGS PLC-SP ADR,True
78355W106,,,,,False
78355W304,,,,,False
78355W403,,,,,False
78355W841,,,,,False
783754104,RYZ,BBG000Q7V224,Common Stock,RYERSON HOLDING CORP,True
783764103,,,,,False
78377T107,RHP,BBG000BDVP80,REIT,RYMAN HOSPITALITY PROPERTIES,True
78388J106,,,,,False
78409V104,SPGI,BBG000BP1Q11,Common Stock,S&P GLOBAL INC,True
78410G104,SBAC,BBG000D2M0Z7,REIT,SBA COMMUNICATIONS CORP,True
784117103,SEIC,BBG000BSQLT9,Common Stock,SEI INVESTMENTS COMPANY,True
78425V104,,,,,False
78440P108,SKMEUR,BBG0059GVX06,ADR,SK TELECOM CO LTD-SPON ADR,True
78440X101,SLG2EUR,BBG00YJ5XT49,REIT,SL GREEN REALTY CORP,True
78454L100,SM,BBG000BFV115,Common Stock,SM ENERGY CO,True
78462F103,SPY,BBG000BDTBL9,ETP,SS SPDR S&P 500 ETF TRUST-US,True
78462F903,,,,,False
78462F953,,,,,False
78463V107,GLD,BBG000CRF6Q8,ETP,SPDR GOLD SHARES,True
78463X301,GMF,BBG000Q8QY82,ETP,STATE STREET SPDR S&P EMERGI,True
78463X400,GXC,BBG000Q8R7Y1,ETP,STATE STREET SPDR S&P CHINA,True
78463X863,RWX,BBG000Q8TD76,ETP,STATE STREET SPDR DOW JONES,True
78463X889,SPDW,BBG000Q8SV13,ETP,STE STR SPDR PT DW EU ETF,True
78464A284,HYMB,BBG001MHWXD3,ETP,SS SPDR N ICE HY MUNI ETF,True
78464A292,PSK,BBG000P8NH38,ETP,SS SPDR ICE PREF SEC ETF,True
78464A300,SLYV,BBG000C8RKV0,ETP,SS SPDR S&P 600 SC VAL ETF,True
78464A359,CWB,BBG000FTQMS2,ETP,SS SPDR BB CONV SEC ETF,True
78464A375,SPIB,BBG000F8Y230,ETP,SS SPDR P INT C CORP ETF,True
78464A409,SPYG,BBG000BLH653,ETP,SS SPDR P S&P 500 GROWTH ETF,True
78464A417,,,,,False
78464A425,,,,,False
78464A458,,,,,False
78464A474,SPSB,BBG000Q1MZ15,ETP,SS SPDR P ST C CORP ETF,True
78464A508,SPYV,BBG000C9PJB5,ETP,SS SPDR P S&P 500 VALUE ETF,True
78464A581,XHE,BBG001F6WJL7,ETP,SS SPDR S&P HC EQUIP ETF,True
78464A649,SPAB,BBG000RFSB92,ETP,SS SPDR P AGG BOND ETF,True
78464A656,SPIP,BBG000RFRRV3,ETP,SS SPDR P TIPS ETF,True
78464A664,SPTL,BBG000RFRG83,ETP,SS SPDR PF LNG TRM TSY E-USD,True
78464A672,SPTI,BBG000RFR2N7,ETP,SS SPDR P INT TERM TSY ETF,True
78464A680,,,,,False
78464A698,KRE,BBG000D82H52,ETP,SS SPDR S&P REGIONAL BANK,True
78464A706,DGT,BBG000C9KLL4,ETP,SS SPDR GLOBAL DOW ETF,True
78464A730,XOPUSD,BBG00JVBL087,ETP,SPDR S&P OIL & GAS EXP & PR,True
78464A755,XME,BBG000D83WR4,ETP,SS SPDR S&P METALS MINING,True
78464A763,SDY,BBG000KN18M3,ETP,SS SPDR S&P DIVIDEND ETF,True
78464A805,SPTM,BBG000CFPXT1,ETP,SS SPDR P S&P 1500 COMP ETF,True
78464A847,SPMD,BBG000KMBFP5,ETP,SS SPDR P S&P 400 MIDCAP ETF,True
78464A854,SPYM,BBG000KMT5K3,ETP,STE STR SPDR PT S&P 500 ETF,True
78464A862,XSD,BBG000MQVF45,ETP,SS SPDR S&P SEMICONDUCTOR,True
78464A870,XBI,BBG000MQQ963,ETP,SS SPDR S&P BIOTECH ETF,True
78464A888,XHB,BBG000MQSW88,ETP,SS SPDR S&P HOMEBLDRS ETF,True
78467J100,SSNC,BBG000RJ2J04,Common Stock,SS&C TECHNOLOGIES HOLDINGS,True
78467V848,TOTL,BBG0084H8467,ETP,SS DOUBLELINE TR TACT ETF,True
78467X109,DIA,BBG000BTDS98,ETP,SS SPDR DOW JONES INDUS AVG,True
78467Y107,MDY,BBG000BBNQB7,ETP,STATE STREET SPDR S&P MIDCAP,True
78468K106,,,,,False
78468R101,SPTS,BBG0029J2JP3,ETP,SS SPDR P ST TERM TSY ETF,True
78468R200,FLRN,BBG0029J2H86,ETP,SS SPDR BB IG FLOAT RT ETF,True
78468R408,SJNK,BBG002QLYC88,ETP,SS SPDR BB ST HI YIELD ETF,True
78468R622,JNK,BBG000NXDKM8,ETP,SS SPDR BB HIGH YIELD BOND,True
78468R648,KOMP,BBG00M9BL6G3,ETP,SS SPDR S&P KENSHO NE COMP,True
78468R663,BIL,BBG000RFQSH8,ETP,SS SPDR BB 1-3M T-BILL ETF,True
78468R739,SHM,BBG000TJQLR2,ETP,SS SPDR N ICE ST MUNI ETF,True
78468R770,ONEY,BBG00BL38SW0,ETP,SS SPDR R1000 YIELD FOC ETF,True
78468R788,SPYD,BBG00B6WD888,ETP,SS SPDR P S&P 500 HI DIV ETF,True
78468R796,SPYX,BBG00BKMB109,ETP,SS SPDR S&P 500 FOSS FL ETF,True
78468R812,QUS,BBG008HB6486,ETP,SS SPDR MSCI U STRATFACT ETF,True
78468R853,SPSM,BBG004T58LY6,ETP,SS SPDR P S&P 600 SMALL CAP,True
78469C103,SPUSD,BBG00L43JT35,Common Stock,SP PLUS CORP,True
78473E103,SPXC,BBG000BTGCV5,Common Stock,SPX TECHNOLOGIES INC,True
78486Q101,SIVBEUR,BBG00G9F43F4,Common Stock,SVB FINANCIAL GROUP,True
78501P203,SWKH,BBG000BTX131,Common Stock,SWK HOLDINGS CORP,True
785135104,,,,,False
78562F103,,,,,False
78573M104,SABR,BBG005WQVVH4,Common Stock,SABRE CORP,True
78574H104,SOC,BBG00Z6F4C10,Common Stock,SABLE OFFSHORE CORP,True
78648T100,SAFT,BBG000BF73Y2,Common Stock,SAFETY INSURANCE GROUP INC,True
78781P105,SAILEUR,BBG00JC35Y44,Common Stock,SAILPOINT TECHNOLOGIES HOLDI,True
790148100,JOE,BBG000D6TC94,Common Stock,ST JOE CO/THE,True
790849103,,,,,False
79466L302,CRM,BBG000BN2DC2,Common Stock,SALESFORCE INC,True
79546E104,SBH,BBG000LR8515,Common Stock,SALLY BEAUTY HOLDINGS INC,True
79589L106,IOT,BBG0099PW5P1,Common Stock,SAMSARA INC-CL A,True
795992015,,,,,False
796050888,SSNHZ,BBG000BQ8RF5,GDR,SAMSUNG ELECTR-GDR REG S,True
800013104,SF9,BBG00LVGCVL8,Common Stock,SANDERSON FARMS INC,True
80004C101,,,,,False
80004C200,SNDK,BBG01R388JG1,Common Stock,SANDISK CORP,True
80007P307,,,,,False
80105N105,SNY,BBG000BBD5N1,ADR,SANOFI-ADR,True
803054204,SAP,BBG000BDSLD7,ADR,SAP SE-SPONSORED ADR,True
803607100,SRPT,BBG000BCJ161,Common Stock,SAREPTA THERAPEUTICS INC,True
806407102,HSIC,BBG000BNMMJ3,Common Stock,HENRY SCHEIN INC,True
806857108,SLB,BBG000BT41Q8,Common Stock,SLB LTD,True
80706P103,SRRK,BBG00KT2RRM6,Common Stock,SCHOLAR ROCK HOLDING CORP,True
808513105,SCHW,BBG000BSLZY7,Common Stock,SCHWAB (CHARLES) CORP,True
808524102,SCHB,BBG000PRZSP5,ETP,SCHWAB US BROAD MARKET ETF,True
808524201,SCHX,BBG000PS05G1,ETP,SCHWAB US LARGE-CAP ETF,True
808524300,SCHG,BBG000Q0CS41,ETP,SCHWAB US LARGE-CAP GROWTH,True
808524409,SCHV,BBG000Q0D5X8,ETP,SCHWAB US LARGE-CAP VALUE,True
808524508,SCHM,BBG001CSJ5M6,ETP,SCHWAB US MID CAP ETF,True
808524607,SCHA,BBG000PS0FX0,ETP,SCHWAB US SMALL-CAP ETF,True
808524706,SCHE,BBG000Q5QG14,ETP,SCHWAB EMRG MRKTS EQTY ETF,True
808524763,FNDA,BBG0051NXNP2,ETP,SCHWAB FNDMNTL US SM CO ETF,True
808524771,FNDX,BBG0051J0PH1,ETP,SCHWAB FNDMNTL US LRG CO ETF,True
808524797,SCHD,BBG0025RWKW5,ETP,SCHWAB US DVD EQUITY ETF,True
808524805,SCHF,BBG000PS0RP3,ETP,SCHWAB INTL EQUITY ETF,True
808524839,SCHZ,BBG001WBMKQ0,ETP,SCHWAB US AGGREGATE BOND ETF,True
808524854,SCHR,BBG000BGP762,ETP,SCHWAB INTERMEDIATE-TERM US,True
808524862,SCHO,BBG000BGNS77,ETP,SCHWAB SHORT-TERM US TREAS,True
808524870,SCHP,BBG000BGN6P5,ETP,SCHWAB U.S. TIPS ETF,True
808541106,MATV,BBG000C3CWZ7,Common Stock,MATIV HOLDINGS INC,True
80874P109,LNWO,BBG00JR5MM31,Common Stock,LIGHT & WONDER INC,True
81141R100,SE,BBG00HTBWMG5,ADR,SEA LTD-ADR,True
811543107,SEB,BBG000BSPWD3,Common Stock,SEABOARD CORP,True
81181C104,SGENUSD,BBG00YLX21B2,Common Stock,SEAGEN INC,True
811916105,SEA1EUR,BBG00BBT75X4,Common Stock,SEABRIDGE GOLD INC,True
81211K100,,,,,False
812350106,SHLDEUR,BBG00FZLJBT5,Common Stock,SEARS HOLDINGS CORP,True
812578102,SGENEUR,BBG00D0MYTC8,Common Stock,SEAGEN INC,True
81282V100,PRKS,BBG003RY97K2,Common Stock,UNITED PARKS & RESORTS INC,True
81369Y100,XLB,BBG000BHNNF7,ETP,SS MATERIALS SELECT SECTOR,True
81369Y209,XLV,BBG000BHVSG6,ETP,SS HEALTH CARE SELECT SECTOR,True
81369Y308,XLP,BBG000BJ10N8,ETP,SS CONSUMER STAPLES SEL SECT,True
81369Y407,XLY,BBG000BJ1MF9,ETP,SS CONSUMER DISC SELECT SECT,True
81369Y506,XLE,BBG000BJ20S2,ETP,SS ENERGY SELECT SECTOR,True
81369Y605,XLF,BBG000BJ29X7,ETP,SS FINANCIAL SELECT SECTOR,True
81369Y704,XLI,BBG000BJ2RF7,ETP,SS INDUSTRIAL SELECT SECTOR,True
81369Y803,XLK,BBG000BJ7007,ETP,SS TECHNOLOGY SELECT SECTOR,True
81369Y860,XLRE,BBG00B597128,ETP,SS REAL ESTATE SELECT SECTOR,True
81369Y886,XLU,BBG000BJ7G75,ETP,ST SR UTL SL SE SPDR ETF-USD,True
81589A403,SELV,BBG017K6FPW0,ETP,SEI QIM US LARGE CAP LOW VOL,True
81618T100,,,,,False
81619Q105,,,,,False
816307300,SLQT,BBG000GTP1B6,Common Stock,SELECTQUOTE INC,True
81663A105,SEMGUSD,BBG00JZ382S0,Common Stock,SEMGROUP CORP-CLASS A,True
81663L200,WGS,BBG00XDHY5P9,Common Stock,GENEDX HOLDINGS CORP,True
816851109,SRE,BBG000C2ZCH8,Common Stock,SEMPRA,True
816851406,SRE 6 01/15/21 A,,PUBLIC,SEMPRA ENERGY,True
81686C104,SEMREUR,BBG01MGHG5B4,Common Stock,SEMRUSH HOLDINGS INC-A,True
816883102,,,,,False
81725T100,SXT,BBG000J79P80,Common Stock,SENSIENT TECHNOLOGIES CORP,True
81730H109,S,BBG00B6F2F09,Common Stock,SENTINELONE INC -CLASS A,True
81752R100,SRG,BBG008NVFMN8,Common Stock,SERITAGE GROWTH PROP- A,True
817565104,SCI,BBG000BTHH16,Common Stock,SERVICE CORP INTERNATIONAL,True
81761L102,,,,,False
81761R109,SERVUSD,BBG00JVYGL69,Common Stock,SERVICEMASTER GLOBAL HOLDING,True
81762P102,NOW,BBG000M1R011,Common Stock,SERVICENOW INC,True
819047101,SHAK,BBG0063GCHH8,Common Stock,SHAKE SHACK INC - CLASS A,True
82028K200,SJR/BEUR,BBG009H6QFG9,Common Stock,SHAW COMMUNICATIONS INC-B,True
824348106,SHW,BBG000BSXQV7,Common Stock,SHERWIN-WILLIAMS CO/THE,True
82452J109,FOUR,BBG00TX393L4,Common Stock,SHIFT4 PAYMENTS INC-CLASS A,True
824596100,SHG,BBG000BF95M8,ADR,SHINHAN FINANCIAL GROUP-ADR,True
82481R106,,,,,False
82509L107,SHOP,BBG008HBD923,Common Stock,SHOPIFY INC - CLASS A,True
82568P304,SFLY,BBG000C3CT93,Common Stock,SHUTTERFLY LLC,True
825690100,SSTK,BBG002ZCK2V9,Common Stock,SHUTTERSTOCK INC,True
825704109,SIBN,BBG001J414K6,Common Stock,SI-BONE INC,True
825724206,,,,,False
82621J105,SIENUSD,BBG00KRDG0C6,Common Stock,SIENTRA INC,True
826516106,SWCHF,BBG007F5NQS3,Common Stock,SIERRA WIRELESS INC,True
826552101,,,,,False
82669G104,SBNY,BBG000M6TR37,Common Stock,SIGNATURE BANK,True
82705T102,,,,,False
82706C108,SIMO,BBG000GT7XY1,ADR,SILICON MOTION TECHNOL-ADR,True
82836G102,SBOWEUR,BBG00H2VJ7W0,Common Stock,SILVERBOW RESOURCES INC,True
82846H405,QXO,BBG000BV5627,Common Stock,QXO INC,True
828730200,SFNC,BBG000BSTBM5,Common Stock,SIMMONS FIRST NATL CORP-CL A,True
828806109,SPG,BBG000BJ2D31,REIT,SIMON PROPERTY GROUP INC,True
82889N699,CTA,BBG015TRLD59,ETP,SIMPLIFY MANAGED FUTURES ST,True
829226109,2362120D,BBG00P2GC6G2,Common Stock,SINCLAIR BROADCAST GROUP LLC,True
82967N108,,,,,False
82982L103,SITE,BBG009T22D49,Common Stock,SITEONE LANDSCAPE SUPPLY INC,True
82982T106,SITM,BBG00QNSY1H7,Common Stock,SITIME CORP,True
829933100,SIRI,BBG01KJQM3Y8,Common Stock,SIRIUS XM HOLDINGS INC,True
83001A102,SIXEUR,BBG00J0BLQS2,Common Stock,SIX FLAGS ENTERTAINMENT CORP,True
83001C108,FUN,BBG01K8GRMX6,Common Stock,SIX FLAGS ENTERTAINMENT CORP,True
830566105,SKAA,BBG000BBX0Q7,Common Stock,SKECHERS USA INC-CL A,True
83056P715,SKE,BBG000FCR8D5,Common Stock,SKEENA RESOURCES LTD,True
830830105,SKY,BBG000BT2TP0,Common Stock,CHAMPION HOMES INC,True
830879102,SKYW,BBG000BT36X0,Common Stock,SKYWEST INC,True
83088M102,SWKS,BBG000KLB4Q1,Common Stock,SKYWORKS SOLUTIONS INC,True
83088V102,WORK,BBG007G7V505,Common Stock,SLACK TECHNOLOGIES INC- CL A,True
831756101,,,,,False
83200N103,SMARGBP,BBG00L3G5YF8,Common Stock,SMARTSHEET INC-CLASS A,True
83304A106,SNAP,BBG00441QMJ7,Common Stock,SNAP INC - A,True
833445109,SNOW,BBG007DHGNJ4,Common Stock,SNOWFLAKE INC,True
83356Q108,SY,BBG00NTZYPM3,ADR,SO-YOUNG INTERNATIONAL-ADR,True
833635105,SQM,BBG000BKK4S1,ADR,QUIMICA Y MINERA CHIL-SP ADR,True
83416T100,,,,,False
83417M104,SEDG,BBG0084BBZY6,Common Stock,SOLAREDGE TECHNOLOGIES INC,True
83417Q105,SWIUSD,BBG00Z69VLM1,Common Stock,SOLARWINDS CORP,True
83418M103,SEI,BBG00G7D6C05,Common Stock,SOLARIS ENERGY INFRASTRUCTUR,True
83419D201,SLSR,BBG00WMMTTM7,Common Stock,SOLARIS RESOURCES INC,True
834203309,SLNOEUR,BBG00GQD0346,Common Stock,SOLENO THERAPEUTICS INC,True
83421A104,,,,,False
83422E105,,,,,False
83425V104,,,,,False
83444M101,SOLV,BBG018YZH6T3,Common Stock,SOLVENTUM CORP,True
83545G102,SAH,BBG000BBMNG0,Common Stock,SONIC AUTOMOTIVE INC-CLASS A,True
835699307,SONY,BBG000BT7ZK6,ADR,SONY GROUP CORP - SP ADR,True
835916107,,,,,False
83601L102,SHC,BBG008LZG0Z5,Common Stock,SOTERA HEALTH CO,True
83617A108,SPMC,BBG01N38KVB4,Closed-End Fund,SOUND POINT MERIDIAN CAPITAL,True
84252A106,BCAL,BBG000QJ8KD2,Common Stock,CALIFORNIA BANCORP,True
84265V105,SCCO,BBG000BSHH72,Common Stock,SOUTHERN COPPER CORP,True
843380106,SMBC,BBG000C3ZNH2,Common Stock,SOUTHERN MISSOURI BANCORP,True
843878307,SSBK,BBG000MHBQT6,Common Stock,SOUTHERN STATES BANCSHARES,True
844741108,LUV,BBG000BNJHS8,Common Stock,SOUTHWEST AIRLINES CO,True
844767103,,,,,False
845467109,SWN1EUR,BBG008B8P4F0,Common Stock,SOUTHWESTERN ENERGY CO,True
84651P100,,,,,False
84652J103,ONCEEUR,BBG008X28HR6,Common Stock,SPARK THERAPEUTICS INC,True
84670207,,,,,False
84670702,,,,,False
846784114,,,,,False
847235108,,,,,False
847560109,,,,,False
84760C107,,,,,False
84763A108,SPPIUSD,BBG00JPYX1J7,Common Stock,SPECTRUM PHARMACEUTICALS INC,True
84763R101,,,,,False
84790A105,SPB,BBG000DS5588,Common Stock,SPECTRUM BRANDS HOLDINGS INC,True
84833T103,SPRO,BBG00HXSJ1R2,Common Stock,SPERO THERAPEUTICS INC,True
848574109,S9Q,BBG000C0J8Z9,Common Stock,SPIRIT AEROSYSTEMS HOLD-CL A,True
848577102,SAVEEUR,BBG00PQ1PPP3,Common Stock,SPIRIT AIRLINES INC,True
84860W102,,,,,False
84860W300,SRCUSD,BBG00JQ23H95,REIT,SPIRIT REALTY CAPITAL INC,True
848637104,SPLKCHF,BBG007F5YJP0,Common Stock,SPLUNK INC,True
84920Y106,SPWH,BBG002G8Q1H1,Common Stock,SPORTSMAN'S WAREHOUSE HOLDIN,True
849343108,SRLPUSD,BBG00JWP4NW7,MLP,SPRAGUE RESOURCES LP,True
85172J101,,,,,False
85205L107,SWTXUSD,BBG011DXDT29,Common Stock,SPRINGWORKS THERAPEUTICS INC,True
852066208,SII,BBG000VX8S02,Common Stock,SPROTT INC,True
85207H104,PHYS,BBG000Q83F79,Closed-End Fund,SPROTT PHYSICAL GOLD TRUST,True
85207U105,,,,,False
85208M102,SFM,BBG001KFKQM7,Common Stock,SPROUTS FARMERS MARKET INC,True
85208P402,SETM,BBG01DJ8DDW4,ETP,SPROTT CRITICAL MATERIAL ETF,True
85209W109,SPT,BBG001K1CT23,Common Stock,SPROUT SOCIAL INC - CLASS A,True
852234103,XYZ,BBG0018SLC07,Common Stock,BLOCK INC,True
85225A107,8DT,BBG011P1MYP0,Common Stock,SQUARESPACE INC - CLASS A,True
852312305,STAA,BBG000C4QB95,Common Stock,STAAR SURGICAL CO,True
85254J102,STAG,BBG000BGLFP7,REIT,STAG INDUSTRIAL INC,True
852857200,STMP,BBG000CZ4KF3,Common Stock,STAMPS.COM INC,True
85375C101,,,,,False
854502309,SWK 4.75 11/17/15,,PUBLIC,STANLEY BLACK & DECKER I,True
854502846,SWK 5.25 11/15/22,,PUBLIC,STANLEY BLACK & DECKER I,True
85512C105,SGU,BBG000C07VV5,Common Stock,STAR GROUP LP,True
855244109,SBUX,BBG000CTQBF3,Common Stock,STARBUCKS CORP,True
85570W100,AYAEUR,BBG0073FBGQ1,Common Stock,STARS GROUP INC/THE,True
85571B105,STWD,BBG000M1J270,REIT,STARWOOD PROPERTY TRUST INC,True
85572F105,,,,,False
85590A401,,,,,False
857477103,STT,BBG000BKFBD7,Common Stock,STATE STREET CORP,True
858119100,STLD,BBG000HGYNZ9,Common Stock,STEEL DYNAMICS INC,True
85814R107,SPLP,BBG001LT3079,Ltd Part,STEEL PARTNERS HOLDINGS LP,True
858912108,SRCLEUR,BBG00FZLJCR5,Common Stock,STERICYCLE INC,True
85917A100,STL,BBG000CLNSF6,Common Stock,STERLING BANCORP/DE,True
85917T109,,,,,False
859241101,STRL,BBG000JD6TN5,Common Stock,STERLING INFRASTRUCTURE INC,True
860372101,STC,BBG000D6YCQ9,Common Stock,STEWART INFORMATION SERVICES,True
860897107,SFIX,BBG0046L1KL9,Common Stock,STITCH FIX INC-CLASS A,True
861025104,SYBT,BBG000FLKSG5,Common Stock,STOCK YARDS BANCORP INC,True
861728731,,,,,False
86183P102,SRI,BBG000BB9Q78,Common Stock,STONERIDGE INC,True
861896108,SNEX,BBG000BB1VJ2,Common Stock,STONEX GROUP INC,True
86280R886,ROMO,BBG00QRWVHY3,ETP,STRATEGY SHARES NEWFOUND/RES,True
863167201,STRS,BBG000D6DM44,Common Stock,STRATUS PROPERTIES INC,True
863307104,,,,,False
86333M108,LRN,BBG000QSXPZ9,Common Stock,STRIDE INC,True
863667101,SYK,BBG000DN7P92,Common Stock,STRYKER CORP,True
86389T106,MSC,BBG00HFS4RK8,ADR,STUDIO CITY INTERNATIONA-ADR,True
86562M209,SMFG,BBG000PMKCQ6,ADR,SUMITOMO MITSUI-SPONS ADR,True
86627T108,SMMT,BBG00X3GQL76,Common Stock,SUMMIT THERAPEUTICS INC,True
866674104,SUI,BBG000BLJWF3,REIT,SUN COMMUNITIES INC,True
867224107,SU,BBG000BRK7L6,Common Stock,SUNCOR ENERGY INC,True
86722A103,SXC,BBG000R1YXQ9,Common Stock,SUNCOKE ENERGY INC,True
86732Y109,SUNEQUSD,BBG00L1F45P5,Common Stock,SUNEDISON INC,True
86745K104,NOVAQ,BBG00PLQ1JR1,Common Stock,SUNNOVA ENERGY INTERNATIONAL,True
86765K109,SUN,BBG00358K8S0,MLP,SUNOCO LP,True
86771W105,RUN,BBG0025XVR85,Common Stock,SUNRUN INC,True
867914103,,,,,False
86800U104,SMCIUSD,BBG00JRQHCF0,Common Stock,SUPER MICRO COMPUTER INC,True
868459108,SUPN,BBG000BP0HX7,Common Stock,SUPERNUS PHARMACEUTICALS INC,True
868536103,,,,,False
868536301,,,,,False
868873100,SU6,BBG000D79C49,Common Stock,SURMODICS INC,True
86959K105,SUZ,BBG000PLJG90,ADR,SUZANO SA - SPON ADR,True
87105L104,SWCHEUR,BBG00HXXQZ25,Common Stock,SWITCH INC - A,True
871332102,SLVM,BBG0122M8031,Common Stock,SYLVAMO CORP,True
871503108,SYMCEUR,BBG00FZLQ6K7,Common Stock,SYMANTEC CORP,True
87151X101,SYM,BBG00Z72HCV1,Common Stock,SYMBOTIC INC,True
87157D109,SYNA,BBG000BQV1S2,Common Stock,SYNAPTICS INC,True
87157DAD1,SYNA 0.5 06/15/22,,US DOMESTIC,SYNAPTICS INC,True
871607107,SNPS,BBG000BSFRF3,Common Stock,SYNOPSYS INC,True
87160A100,SYTUSD,BBG00JS04HC2,ADR,SYNGENTA AG-ADR,True
87161C501,SYU1,BBG000JMM309,Common Stock,SYNOVUS FINANCIAL CORP,True
87162H103,,,,,False
87162W100,SNX,BBG000CL9JV4,Common Stock,TD SYNNEX CORP,True
87164F105,SNDX,BBG000R33JY1,Common Stock,SYNDAX PHARMACEUTICALS INC,True
87165B103,SYF,BBG00658F3P3,Common Stock,SYNCHRONY FINANCIAL,True
87166B102,8IN,BBG008HKB1W9,Common Stock,SYNEOS HEALTH INC,True
87167A103,,,,,False
871829107,SYY,BBG000BTVJ25,Common Stock,SYSCO CORP,True
87190U100,,,,,False
87236Y108,AMT,BBG000BZC2G4,Common Stock,TD AMERITRADE HOLDING CORP,True
872386107,TESSUSD,BBG00K1ZJ6Z4,Common Stock,TESSCO TECHNOLOGIES INC,True
872540109,TJX,BBG000BV8DN6,Common Stock,TJX COMPANIES INC,True
87256C101,TKO,BBG01G9JKWV5,Common Stock,TKO GROUP HOLDINGS INC,True
872590104,TMUS,BBG000NDV1D4,Common Stock,T-MOBILE US INC,True
872656103,,,,,False
872657101,TPG,BBG0145FSNR1,Common Stock,TPG INC,True
87265H109,T86,BBG0043GDXZ7,Common Stock,TRI POINTE HOMES INC,True
87266J104,,,,,False
87266M107,TRTX,BBG00GKJ8C78,REIT,TPG RE FINANCE TRUST INC,True
87283Q107,TCHP,BBG00WGK8XX0,ETP,T ROWE PRICE BLUE CHIP GROWT,True
87283Q503,TSPA,BBG011C7D841,ETP,T ROWE PRICE US EQY RESEARCH,True
87305RAD1,TTMI 1.75 12/15/20,,US DOMESTIC,TTM TECHNOLOGIES INC,True
87336U105,DATA,BBG0029BK2G7,Common Stock,TABLEAU SOFTWARE INC-CL A,True
873868103,,,,,False
874039100,TSM,BBG000BD8ZK0,ADR,TAIWAN SEMICONDUCTOR-SP ADR,True
874054109,TTWO,BBG000BS1YV5,Common Stock,TAKE-TWO INTERACTIVE SOFTWRE,True
874060205,TAK,BBG000LF8708,ADR,TAKEDA PHARMACEUTIC-SP ADR,True
874080104,TAL,BBG0016XJ8S0,ADR,TAL EDUCATION GROUP- ADR,True
874224207,TLND,BBG00D7BQG23,ADR,TALEND SA  - ADR,True
87422Q109,TLN,BBG01GWQVVD3,Common Stock,TALEN ENERGY CORP,True
87583X109,TNGX,BBG00WFDDRS0,Common Stock,TANGO THERAPEUTICS INC,True
876030107,TPR,BBG000BY29C7,Common Stock,TAPESTRY INC,True
87611X105,,,,,False
87612G101,TRGP,BBG0015XMW40,Common Stock,TARGA RESOURCES CORP,True
87615L107,TH,BBG00K7K3474,Common Stock,TARGET HOSPITALITY CORP,True
876511106,TKOEUR,BBG00CTTGXS8,Common Stock,TASEKO MINES LTD,True
87651B104,,,,,False
876568502,TTMCHF,BBG00901XWS0,ADR,TATA MOTORS LTD-SPON ADR,True
876664103,TCO,BBG000BGPVW0,REIT,TAUBMAN CENTERS INC,True
87724P106,TMHC*,BBG01G4H9YS7,Common Stock,TAYLOR MORRISON HOME CORP,True
877619106,TSHA,BBG00TJXFDP1,Common Stock,TAYSHA GENE THERAPIES INC,True
87807B107,TRP,BBG000BVN235,Common Stock,TC ENERGY CORP,True
878237106,TECD1USD,BBG00JVT21W0,Common Stock,TECH DATA CORP,True
878742204,TECK,BBG000BSJTT0,Common Stock,TECK RESOURCES LTD-CLS B,True
879080109,TRC,BBG000BVK3V5,Common Stock,TEJON RANCH CO,True
879360105,TDY,BBG000BMT9T6,Common Stock,TELEDYNE TECHNOLOGIES INC,True
879369106,TFX,BBG000BV59Y6,Common Stock,TELEFLEX INC,True
879433829,TDS,BBG000BV0VK7,Common Stock,TELEPHONE AND DATA SYSTEMS,True
879455103,TNAVEUR,BBG00FQSMCY8,Common Stock,TELENAV INC,True
879512309,TSAT,BBG013N9S257,Common Stock,TELESAT CORP,True
87969B101,TLS,BBG000BK34C7,Common Stock,TELOS CORPORATION,True
88023U101,SGI,BBG000PXGT62,Common Stock,SOMNIGROUP INTERNATIONAL INC,True
88025T102,TENB,BBG00LBLCD02,Common Stock,TENABLE HOLDINGS INC,True
88025U109,TXG,BBG007WX14X0,Common Stock,10X GENOMICS INC-CLASS A,True
88031M109,TS,BBG000PLD4R3,ADR,TENARIS SA-ADR,True
88033G407,THC,BBG000CPHYL4,Common Stock,TENET HEALTHCARE CORP,True
88034P109,TME,BBG00LDC5RK5,ADR,TENCENT MUSIC ENTERTAINM-ADR,True
88076W103,TDC,BBG000R0L5J4,Common Stock,TERADATA CORP,True
88080T104,WULF,BBG0122MC900,Common Stock,TERAWULF INC,True
88087E100,SERVUSD,BBG00Z69VPL3,Common Stock,TERMINIX GLOBAL HOLDINGS INC,True
880881107,430,BBG00ZSLM2F0,Common Stock,TERNS PHARMACEUTICALS INC,True
880890108,TX,BBG000LTPD97,ADR,TERNIUM SA-SPONSORED ADR,True
88104R100,,,,,False
881569107,T8S,BBG00LVGH0J4,Common Stock,TESARO INC,True
881609101,,,,,False
88160R101,TSLA,BBG000N9MNX3,Common Stock,TESLA INC,True
88160RAB7,TSLA 0.25 03/01/19,,US DOMESTIC,TESLA INC,True
88160T107,,,,,False
881624209,TEVA,BBG000C0CD58,ADR,TEVA PHARMACEUTICAL-SP ADR,True
88162G103,TTEK,BBG000BYZ0Q5,Common Stock,TETRA TECH INC,True
88164L100,,,,,False
88166T101,,,,,False
882508104,TXN,BBG000BVV7G1,Common Stock,TEXAS INSTRUMENTS INC,True
882610108,TPLUSD,BBG00JNKZCH5,Royalty Trst,TEXAS PACIFIC LAND TRUST,True
88262P102,TPL,BBG00YRJXKB1,Common Stock,TEXAS PACIFIC LAND CORP,True
882681109,TXRH,BBG000PSJMV7,Common Stock,TEXAS ROADHOUSE INC,True
883211104,,,,,False
88322Q108,TGTX,BBG000FVZQY1,Common Stock,TG THERAPEUTICS INC,True
88338K103,STKS,BBG001QJ1RL3,Common Stock,ONE GROUP HOSPITALITY INC/TH,True
88338KI03,,,,,False
88339J105,TTD,BBG00629NGT2,Common Stock,TRADE DESK INC/THE -CLASS A,True
88339P101,REAL,BBG004FPDNZ6,Common Stock,REALREAL INC/THE,True
883556102,TMO,BBG000BVDLH9,Common Stock,THERMO FISHER SCIENTIFIC INC,True
885160101,THO,BBG000BV6R84,Common Stock,THOR INDUSTRIES INC,True
88557W101,QFIN,BBG00MDY4KL0,ADR,QFIN HOLDINGS INC-ADR,True
88579Y101,MMM,BBG000BP52R2,Common Stock,3M CO,True
886286,,,,,False
886364801,SPUS,BBG00R3N9DT7,ETP,SP FUNDS S&P SHARIA INDU EXC,True
88636J204,RSSB,BBG01KC6WX54,ETP,RTRN STACK GLBL STK & BD ETF,True
88636J345,RSSY,BBG01MVC0115,ETP,RETURN STACKED US S&F YD ETF,True
88636J873,TFPN,BBG01HDK2FL3,ETP,BLUEPRINT CHSPK MA TREND ETF,True
88642R109,TDW,BBG00HBQ35R8,Common Stock,TIDEWATER INC,True
886547108,TIFEUR,BBG00FZLQLX0,Common Stock,TIFFANY & CO,True
886885102,TLYS,BBG001VGVJF5,Common Stock,TILLY'S INC-CLASS A SHRS,True
88688T100,TLRYEUR,BBG00LDNDD05,Common Stock,TILRAY BRANDS INC,True
88706M103,,,,,False
88706P205,TSU,BBG000BNYGJ3,ADR,TIM PARTICIPACOES SA-ADR,True
887098101,TSBK,BBG000C0B093,Common Stock,TIMBERLAND BANCORP INC,True
887317303,TWXCHF,BBG007F5YVM6,Common Stock,TIME WARNER INC,True
88732J207,,,,,False
887432359,TPLC,BBG00P1J0XV4,ETP,TIMOTHY PLN US LRG/MID CAP,True
88822Q103,TIPT,BBG000R2RWP8,Common Stock,TIPTREE INC,True
88870R102,HWAYEUR,BBG00DZWMVX3,Common Stock,TIVITY HEALTH INC,True
888787108,TOST,BBG00BTJVK94,Common Stock,TOAST INC-CLASS A,True
88883P101,,,,,False
891027,,,,,False
891027104,TMK,BBG000N7B1Z5,Common Stock,TORCHMARK CORP,True
891092108,TTC,BBG000BVQRY3,Common Stock,TORO CO,True
891160509,TD,BBG000BXBHJ4,Common Stock,TORONTO-DOMINION BANK,True
891894107,,,,,False
891906109,TSS,BBG000C1JTL6,Common Stock,TOTAL SYSTEM SERVICES INC,True
892356106,TSCO,BBG000BLXZN1,Common Stock,TRACTOR SUPPLY COMPANY,True
892672106,TW,BBG00NK8H8T2,Common Stock,TRADEWEB MARKETS INC-CLASS A,True
89346D107,TAC,BBG000BBR1G3,Common Stock,TRANSALTA CORP,True
89353D107,,,,,False
893641100,TDG,BBG000L8CBX4,Common Stock,TRANSDIGM GROUP INC,True
89374L104,,,,,False
89377M109,TMDX,BBG00NZ6J685,Common Stock,TRANSMEDICS GROUP INC,True
893870204,TGS,BBG000DQX5M5,ADR,TRANSPORTADOR GAS-ADR SP B,True
89400J107,TRU,BBG002Q7J5Z1,Common Stock,TRANSUNION,True
894174101,TAUSD,BBG00K9PSM74,Common Stock,TRAVELCENTERS OF AMERICA LLC,True
89417E109,TRV,BBG000BJ81C1,Common Stock,TRAVELERS COS INC/THE,True
89421B109,TAUSD,BBG00Z3Y7FF7,Common Stock,TRAVELCENTERS OF AMERICA INC,True
89422G107,TVTX,BBG000P9D6W9,Common Stock,TRAVERE THERAPEUTICS INC,True
894648104,,,,,False
896047503,TRCO,BBG003S44SC5,Common Stock,TRIBUNE MEDIA CO - A,True
89609W107,TPCO,BBG004TCGFN7,Common Stock,TRIBUNE PUBLISHING CO,True
89612W102,TCN1EUR,BBG00CXD8QT1,Common Stock,TRICON RESIDENTIAL INC,True
896442308,TRIN,BBG00T6WFZ96,Common Stock,TRINITY CAPITAL INC,True
896522109,TRN,BBG000BVL2G3,Common Stock,TRINITY INDUSTRIES INC,True
89674K103,,,,,False
89677Q107,TCOM,BBG000CWKYS8,ADR,TRIP.COM GROUP LTD-ADR,True
89678F100,TSCUSD,BBG00ZR84T16,Common Stock,TRISTATE CAPITAL HLDGS INC,True
89679E300,TFIN,BBG000QS6MN9,Common Stock,TRIUMPH FINANCIAL INC,True
89679M104,TFPM,BBG012PP0X53,Common Stock,TRIPLE FLAG PRECIOUS MET,True
896818101,TG7,BBG000KN9N33,Common Stock,TRIUMPH GROUP INC,True
896945201,TRIP,BBG001M8HHB7,Common Stock,TRIPADVISOR INC,True
898202106,TRUP,BBG002BC7WC5,Common Stock,TRUPANION INC,True
89832Q109,TFC,BBG000BYYLS8,Common Stock,TRUIST FINANCIAL CORP,True
898697206,TCX,BBG000L69KL5,Common Stock,TUCOWS INC-CLASS A,True
899035505,TUESUSD,BBG00K95XYR4,Common Stock,TUESDAY MORNING CORP,True
89904V101,,,,,False
900111204,TKC,BBG000F0XHJ8,ADR,TURKCELL ILETISIM HIZMET-ADR,True
90041L105,TPB,BBG000V76MQ6,Common Stock,TURNING POINT BRANDS INC,True
900435207,TRQCAD,BBG00Z9F9Y78,Common Stock,TURQUOISE HILL RESOURCES LTD,True
90130A101,,,,,False
90130A200,,,,,False
90138A103,VNET,BBG001M32Y18,ADR,VNET GROUP INC-ADR,True
90138F102,TWLO,BBG0029ZX840,Common Stock,TWILIO INC - A,True
90138Q108,,,,,False
90184D100,TWST,BBG006KDCHJ4,Common Stock,TWIST BIOSCIENCE CORP,True
90184L102,TWTRUSD,BBG005KDKQN2,Common Stock,TWITTER INC,True
90187B101,,,,,False
90187B408,,,,,False
90214J101,,,,,False
902252105,TYL,BBG000BVWZF9,Common Stock,TYLER TECHNOLOGIES INC,True
902494103,TSN,BBG000DKCC19,Common Stock,TYSON FOODS INC-CL A,True
902494301,TSN 4.75 07/15/17,,PUBLIC,TYSON FOODS INC,True
902641646,,,,,False
902673102,UFPT,BBG000BJBZK3,Common Stock,UFP TECHNOLOGIES INC,True
902685106,,,,,False
90290N109,USAC,BBG001QYKF35,MLP,USA COMPRESSION PARTNERS LP,True
902925106,USAKGBP,BBG00JZCS627,Common Stock,USA TRUCK INC,True
902973304,USB,BBG000FFDM15,Common Stock,US BANCORP,True
903236107,,,,,False
903293405,,,,,False
90333L201,USCR,BBG0015S0P31,Common Stock,US CONCRETE INC,True
90345E103,,,,,False
90346E103,SLCAUSD,BBG00JNKK9D2,Common Stock,US SILICA HOLDINGS INC,True
90353T100,UBER,BBG002B04MT8,Common Stock,UBER TECHNOLOGIES INC,True
90353T900,,,,,False
90364P105,PATH,BBG00GKS1G03,Common Stock,UIPATH INC - CLASS A,True
90384S303,ULTA,BBG00FWQ4VD6,Common Stock,ULTA BEAUTY INC,True
90385V107,UCTT,BBG000HSLV70,Common Stock,ULTRA CLEAN HOLDINGS INC,True
90386K639,QVOY,BBG01BQ40R89,ETP,Q3 ALL-SEASON ACTIVE ROT ETF,True
903914208,UPL1EUR,BBG00GH7VV07,Common Stock,ULTRA PETROLEUM CORP,True
904767704,,,,,False
904784709,UNUSD,BBG00JR3V1L2,NY Reg Shrs,UNILEVER N V  -NY SHARES,True
907818108,UNP,BBG000BW3299,Common Stock,UNION PACIFIC CORP,True
910047109,UAL,BBG000M65M61,Common Stock,UNITED AIRLINES HOLDINGS INC,True
910710102,ACIC,BBG000TKFJQ7,Common Stock,AMERICAN COASTAL INSURANCE C,True
911163103,UNFI,BBG000BXB1M5,Common Stock,UNITED NATURAL FOODS INC,True
911312106,UPS,BBG000L9CV04,Common Stock,UNITED PARCEL SERVICE-CL B,True
911363109,URI,BBG000BXMFC3,Common Stock,UNITED RENTALS INC,True
912008109,USFD,BBG00C6H6D40,Common Stock,US FOODS HOLDING CORP,True
91232N108,,,,,False
91232N207,USO,BBG000NL49J3,ETP,UNITED STATES OIL FUND LP,True
912909108,USX1,BBG000DVQZ19,Common Stock,UNITED STATES STEEL CORP,True
913017109,UTXZ,BBG000LZL665,Common Stock,UNITED TECH CORP,True
91307C102,UTHR,BBG000BV4XJ1,Common Stock,UNITED THERAPEUTICS CORP,True
91324P102,UNH,BBG000CH5208,Common Stock,UNITEDHEALTH GROUP INC,True
91332U101,U,BBG0056JW5G6,Common Stock,UNITY SOFTWARE INC,True
913456109,UVV,BBG000BW93R1,Common Stock,UNIVERSAL CORP/VA,True
91347P105,OLED,BBG000BLRP41,Common Stock,UNIVERSAL DISPLAY CORP,True
913543104,UFPIEUR,BBG00JNK39N0,Common Stock,UNIVERSAL FOREST PRODUCTS,True
913903100,UHS,BBG000CB8Q50,Common Stock,UNIVERSAL HEALTH SERVICES-B,True
91544A109,UPLDEUR,BBG00DLK8VB4,Common Stock,UPLAND SOFTWARE INC,True
91688F104,UPWK,BBG00FBJ6390,Common Stock,UPWORK INC,True
91705J204,,,,,False
91734M103,ECOL,BBG00PKQGVM4,Common Stock,US ECOLOGY INC,True
918194101,,,,,False
918204108,VFC,BBG000BWCKB6,Common Stock,VF CORP,True
91822M106,,,,,False
91851C201,EGY,BBG000BTBH21,Common Stock,VAALCO ENERGY INC,True
91879Q109,MTN,BBG000BCMWM1,Common Stock,VAIL RESORTS INC,True
91911K101,,,,,False
91911K102,,,,,False
91912E105,VALE,BBG000BN5LG7,ADR,VALE SA-SP ADR,True
91913Y100,VLO,BBG000BBGGQ1,Common Stock,VALERO ENERGY CORP,True
920253101,VMI,BBG000BWB7V4,Common Stock,VALMONT INDUSTRIES,True
921659108,VNDA,BBG000HT5MG6,Common Stock,VANDA PHARMACEUTICALS INC,True
92189F106,GDX,BBG000PLNQN7,ETP,VANECK GOLD MINERS ETF,True
92189F205,SLX,BBG000Q54VZ8,ETP,VANECK STEEL ETF,True
92189F411,BIZD,BBG00440GKJ4,ETP,VANECK BDC INCOME ETF,True
92189F544,,,,,False
92189F643,MOAT,BBG002XRNH24,ETP,VANECK MORNINGSTAR WIDE MOAT,True
92189F676,SMH,BBG000BV7ZQ5,ETP,VANECK SEMICONDUCTOR ETF,True
92189H201,ITM,BBG000Q0JKR6,ETP,VANECK INTERMEDIATE MUNI ETF,True
92189H300,EMLC,BBG000BF8YP3,ETP,VANECK JPM EM LOCAL CURR BND,True
92189H748,CLOI,BBG0188ZYKG6,ETP,VANECK CLO ETF,True
921908844,VIG,BBG000P5G869,ETP,VANGUARD DIVIDEND APPREC ETF,True
921909768,VXUS,BBG001F8JPC4,ETP,VANGUARD TOTAL INTL STOCK,True
921909784,VTSNX,BBG00193BNS8,Open-End Fund,VANGUARD TOT INT ST IDX-INST,True
921910725,VSGX,BBG00M0P2V04,ETP,VANGUARD ESG INTL STOCK ETF,True
921910733,ESGV,BBG00M0P2RX7,ETP,VANGUARD ESG US STOCK ETF,True
921910816,MGK,BBG000V1FPR1,ETP,VNGRD MRGSTR MG CP GR ETF-UI,True
921910840,MGV,BBG000V1FF75,ETP,VNGRD MRGSTR MG CP VL ETF-UI,True
921910873,MGC,BBG000V1FWH7,ETP,VNGRD MRNGSTR MG CAP ETF-USD,True
921932505,VOOG,BBG0015VYPM6,ETP,VANGUARD S&P 500 GROWTH ETF,True
921932703,VOOV,BBG0015VYQF2,ETP,VANGUARD S&P 500 VALUE ETF,True
921932778,VIOV,BBG0015VYWQ7,ETP,VANGUARD S&P SMALL-CAP 600 V,True
921935706,VFQY,BBG00K269MY4,ETP,VANGUARD U.S. QUALITY FACTOR,True
921935805,VFVA,BBG00K26B596,ETP,VANGUARD U.S. VALUE FACTOR,True
921937793,BLV,BBG000R45489,ETP,VANGUARD LONG-TERM BOND ETF,True
921937819,BIV,BBG000R44SW0,ETP,VANGUARD INTERMEDIATE-TERM B,True
921937827,BSV,BBG000R44H09,ETP,VANGUARD SHORT-TERM BOND ETF,True
921937835,BND,BBG000BZZS63,ETP,VANGUARD TOTAL BOND MARKET,True
921943858,VEA,BBG000QVFB47,ETP,VANGUARD FTSE DEVELOPED ETF,True
921946406,VYM,BBG000QBYWJ8,ETP,VANGUARD HIGH DVD YIELD ETF,True
921946794,VYMI,BBG00C868SC8,ETP,VANGUARD INT HIGH DVD YLD IN,True
922020805,VTIP,BBG003H12X16,ETP,VANGUARD SHORT-TERM TIPS,True
92203C303,VUSB,BBG00ZXBYLZ9,ETP,VANGUARD ULTRA SHORT BOND ET,True
92203J407,BNDX,BBG004N1LFT5,ETP,VANGUARD TOTAL INTL BOND ETF,True
922042676,VNQI,BBG001877Z08,ETP,VANGUARD GLBL EX-US REAL EST,True
922042742,VT,BBG000GM5FZ6,ETP,VANGUARD TOT WORLD STK ETF,True
922042775,VEU,BBG000HMNZV5,ETP,VANGUARD FTSE ALL-WORLD EX-U,True
92204285,,,,,False
922042858,VWO,BBG000HT88C8,ETP,VANGUARD FTSE EMERGING MARKE,True
922042874,VGK,BBG000HT8SM3,ETP,VANGUARD FTSE EUROPE ETF,True
92204A108,VCR,BBG000HX4281,ETP,VANGUARD CONSUMER DISCRE ETF,True
92204A504,VHT,BBG000HWNSD9,ETP,VANGUARD HEALTH CARE ETF,True
92204A702,VGT,BBG000HSZQ76,ETP,VANGUARD INFO TECH ETF,True
92206C102,VGSH,BBG000PWZXV6,ETP,VANGUARD SHORT-TERM TREASURY,True
92206C409,VCSH,BBG000PWXXY5,ETP,VANGUARD S/T CORP BOND ETF,True
92206C565,BNDW,BBG00LWSF7T3,ETP,VANGUARD TOTAL WORLD BOND ET,True
92206C664,VTWO,BBG0016LDM47,ETP,VANGUARD RUSSELL 2000 ETF,True
92206C680,VONG,BBG0016LBV85,ETP,VANGUARD RUSSELL 1000 GROWTH,True
92206C706,VGIT,BBG000PX0963,ETP,VANGUARD INTERMEDIATE-TERM T,True
92206C730,VONE,BBG0016NBC92,ETP,VANGUARD RUSSELL 1000,True
92206C771,VMBS,BBG000PX1043,ETP,VANGUARD MORTGAGE-BACKED SEC,True
92206C813,VCLT,BBG000PWZHX9,ETP,VANGUARD LONG-TERM CORP BOND,True
92206C847,VGLT,BBG000PX0M82,ETP,VANGUARD LONG-TERM TREASURY,True
92206C870,VCIT,BBG000PWYVH7,ETP,VANGUARD INT-TERM CORPORATE,True
922107107,,,,,False
92211L105,,,,,False
92220P105,VAREUR,BBG008B8PCS8,Common Stock,VARIAN MEDICAL SYSTEMS INC,True
922280102,VRNS,BBG001Y04TN6,Common Stock,VARONIS SYSTEMS INC,True
92240G101,,,,,False
922417AD2,VECO 2.7 01/15/23,,US DOMESTIC,VEECO INSTRUMENTS INC,True
92242T101,VVX,BBG005PG80K4,Common Stock,V2X INC,True
92243G108,PCVX,BBG009PHHPL8,Common Stock,VAXCYTE INC,True
922475108,VEEV,BBG001CGB489,Common Stock,VEEVA SYSTEMS INC-CLASS A,True
92276F100,VTR,BBG000FRVHB9,REIT,VENTAS INC,True
922907746,VTEB,BBG009THVRW2,ETP,VANGUARD TAX-EXEMPT BOND ETF,True
922908363,VOO,BBG0015VYNT4,ETP,VANGUARD S&P 500 ETF,True
922908413,,,,,False
922908553,VNQ,BBG000Q89NG6,ETP,VANGUARD REAL ESTATE ETF,True
922908595,VBK,BBG000HT5K89,ETP,VAN MORST SML-CAP GRO-USD IN,True
922908611,VBR,BBG000HX5MQ6,ETP,VNGRD MRNGST SL-CP VAL ETF-U,True
922908629,VO,BBG000HX76S7,ETP,VNGRD MRNGSTR MD-CAP ETF-USD,True
922908637,VV,BBG000HSZ812,ETP,VNGRD MRGSTR LRG-CAP ETF-USD,True
922908652,VXF,BBG000LNZ4P1,ETP,VANGUARD EXTENDED MARKET ETF,True
922908710,VFIAX,BBG000BSRLX3,Open-End Fund,VANGUARD 500 INDEX-ADM,True
922908736,VUG,BBG000HT2CB6,ETP,VANGUARD MRNGSTAR GR ETF-SUI,True
922908744,VTV,BBG000HWV1X7,ETP,VANGUARD MRNGSTR VAL ETF-AUI,True
922908751,VB,BBG000HT3Z79,ETP,VANGUARD MOST SM-CAP ETF-USD,True
922908769,VTI,BBG000HR9779,ETP,VG MORNINGSTAR TS MKT ETF-US,True
92339V100,ARCPEUR,BBG00790Z4R8,REIT,VEREIT INC,True
92343E102,VRSN,BBG000BGKHZ3,Common Stock,VERISIGN INC,True
92343V104,VZ,BBG000HS77T5,Common Stock,VERIZON COMMUNICATIONS INC,True
92343X100,VTY,BBG000BKL2M0,Common Stock,VERINT SYSTEMS INC,True
92345Y106,VRSK,BBG000BCZL41,Common Stock,VERISK ANALYTICS INC,True
925050106,VRNA,BBG00GD4KBL1,ADR,VERONA PHARMA PLC - ADR,True
92511U102,VRRM,BBG00G4XQ9Z1,Common Stock,VERRA MOBILITY CORP,True
925283103,VSNT,BBG01Y0M8K11,Common Stock,VERSANT MEDIA GROUP INC,True
92529L102,,,,,False
92532F100,VRTX,BBG000C1S2X2,Common Stock,VERTEX PHARMACEUTICALS INC,True
92537N108,VRT,BBG00L2B8KW8,Common Stock,VERTIV HOLDINGS CO-A,True
92552R406,PRSU,BBG000D79DL8,Common Stock,PURSUIT ATTRACTIONS AND HOSP,True
92552V100,VSAT,BBG000HHLBF9,Common Stock,VIASAT INC,True
92553P201,VIAB,BBG000DHSPT0,Common Stock,VIACOM INC-CLASS B,True
925550105,VIAV,BBG000BP7JB0,Common Stock,VIAVI SOLUTIONS INC,True
92556H206,0VVB,BBG000FFLD70,Common Stock,PARAMOUNT GLOBAL-CLASS B,True
92556V106,VTRS,BBG00Y4RQNH4,Common Stock,VIATRIS INC,True
925652109,VICI,BBG00HVVB499,REIT,VICI PROPERTIES INC,True
925815102,VICR,BBG000C3VHF1,Common Stock,VICOR CORP,True
92645B103,VCTR,BBG0074JPF34,Common Stock,VICTORY CAPITAL HOLDING - A,True
92647N691,VSMV,BBG00H0GHPC9,ETP,VICTORYSHARES US MIN VOL ETF,True
92647X822,SFLO,BBG01K9K45F8,ETP,VS SM CAP FREE CASH FLOW ETF,True
92672A101,,,,,False
926874784,,,,,False
92719V100,VMEO*,BBG01175C7G1,Common Stock,VIMEO INC,True
92763W103,VIPS,BBG002NLDLV8,ADR,VIPSHOP HOLDINGS LTD - ADR,True
92763WAA1,VIPS 1.5 03/15/19,,YANKEE,VIPSHOP HOLDING LTD,True
92764N102,VIR,BBG00H2QQ8T5,Common Stock,VIR BIOTECHNOLOGY INC,True
92765X208,,,,,False
92790A603,VABS,BBG00Z6QCLF2,ETP,VIRTUS NWFLT SECR INC ETF-UI,True
928241108,,,,,False
92826C839,V,BBG000PSKYX7,Common Stock,VISA INC-CLASS A SHARES,True
92827P102,VRTUUSD,BBG00K03R3N7,Common Stock,VIRTUSA CORP,True
92828Q109,VRTS,BBG000DMFQS2,Common Stock,VIRTUS INVESTMENT PARTNERS,True
92835K103,VPG,BBG000PRQ0V9,Common Stock,VISHAY PRECISION GROUP,True
928377100,VSTOEUR,BBG008F9HFV0,Common Stock,VISTA OUTDOOR INC,True
92837L109,VIST,BBG00PMMBQS1,ADR,VISTA ENERGY SAB DE CV,True
92839U206,VC,BBG0016T3GQ0,Common Stock,VISTEON CORP,True
92840M102,VST,BBG00DXDL6Q1,Common Stock,VISTRA CORP,True
92847W103,VITL,BBG006XWWBL6,Common Stock,VITAL FARMS INC,True
92852W204,,,,,False
92854T100,,,,,False
928551100,,,,,False
928563402,VMWEUR,BBG007254N23,Common Stock,VMWARE INC-CLASS A,True
92857W209,,,,,False
92857W308,VOD,BBG000C4R6H6,ADR,VODAFONE GROUP PLC-SP ADR,True
928645100,,,,,False
929089100,VOYA,BBG000BCWKD6,Common Stock,VOYA FINANCIAL INC,True
929160109,VMC,BBG000BWGYF8,Common Stock,VULCAN MATERIALS CO,True
92923C807,,,,,False
92927K102,WBC1EUR,BBG00H8P69P5,Common Stock,WABCO HOLDINGS INC,True
929740108,WAB,BBG000BDD940,Common Stock,WABTEC CORP,True
931142103,WMT,BBG000BWXBC2,Common Stock,WALMART INC,True
931427108,WBA,BBG000BWLMJ4,Common Stock,WALGREENS BOOTS ALLIANCE INC,True
93148P102,WD,BBG000K8K0L3,Common Stock,WALKER & DUNLOP INC,True
931BNK902,,,,,False
93317W102,,,,,False
934423104,WBD,BBG011386VF4,Common Stock,WARNER BROS DISCOVERY INC,True
934550203,WMG,BBG00RP2T9T6,Common Stock,WARNER MUSIC GROUP CORP-CL A,True
93627C101,HCC,BBG00GD1JMV4,Common Stock,WARRIOR MET COAL INC,True
938824109,WAFD,BBG000BWQTD0,Common Stock,WAFD INC,True
939653101,ELME,BBG000BWYX06,REIT,ELME COMMUNITIES,True
94106B101,WCN,BBG000FLHZZ2,Common Stock,WASTE CONNECTIONS INC,True
941848103,WAT,BBG000FQRVM3,Common Stock,WATERS CORP,True
942622200,WSO,BBG000DJN7L9,Common Stock,WATSCO INC,True
94419L101,W,BBG001B17MV2,Common Stock,WAYFAIR INC- CLASS A,True
94724R108,WEAV,BBG00BCHPRP0,Common Stock,WEAVE COMMUNICATIONS INC,True
94770V102,,,,,False
947890109,WED,BBG000H6K5D9,Common Stock,WEBSTER FINANCIAL CORP,True
948596101,WB,BBG0065XPGX9,ADR,WEIBO CORP-SPON ADR,True
948626106,WTWEUR,BBG007257SC8,Common Stock,WW INTERNATIONAL INC,True
94946T106,WCGEUR,BBG00JPFDQX9,Common Stock,WELLCARE HEALTH PLANS INC,True
94973V107,,,,,False
949746101,WFC,BBG000BWQFY7,Common Stock,WELLS FARGO & CO,True
949746804,WFC 7.5 PERP L,,PUBLIC,WELLS FARGO & COMPANY,True
950000000,,,,,False
95040Q104,WELL,BBG000BKY1G5,REIT,WELLTOWER INC,True
95040Q203,WELL 6.5 PERP I,,PUBLIC,WELLTOWER INC,True
950814103,WAIREUR,BBG00HFG9395,Common Stock,WESCO AIRCRAFT HOLDINGS INC,True
95082P105,WCC,BBG000D0FNV3,Common Stock,WESCO INTERNATIONAL INC,True
95605Y106,,,,,False
957638109,WAL,BBG000Q1KFH4,Common Stock,WESTERN ALLIANCE BANCORP,True
958102105,WDC,BBG000BWNFZ9,Common Stock,WESTERN DIGITAL CORP,True
958254104,,,,,False
958892101,WNEB,BBG000C3KGT0,Common Stock,WESTERN NEW ENGLAND BANCORP,True
96145D105,WRKUSD,BBG00JPVT297,Common Stock,WESTROCK CO,True
96145W103,WEST,BBG016LHSDP8,Common Stock,WESTROCK COFFEE CO,True
96208T104,WEX,BBG000BVZP59,Common Stock,WEX INC,True
96209A104,,,,,False
962166104,WY,BBG000BX3BL3,REIT,WEYERHAEUSER CO,True
962879102,WPM,BBG000PVRDL2,Common Stock,WHEATON PRECIOUS METALS CORP,True
963025804,WHLR 7 12/31/31,,PUBLIC,WHEELER REIT INC,True
96328L205,2CH,BBG016RWLB07,Common Stock,WHEELS UP EXPERIENCE INC,True
963320106,WHR,BBG000BWSV34,Common Stock,WHIRLPOOL CORP,True
966244105,,,,,False
966387102,,,,,False
966387409,WLLEUR,BBG007R8ZWH0,Common Stock,WHITING PETROLEUM CORP,True
966387508,WLL,BBG00WYYC600,Common Stock,WHITING PETROLEUM CORP,True
966837106,,,,,False
968223206,WLY,BBG000DPRDJ1,Common Stock,WILEY (JOHN) & SONS-CLASS A,True
969457100,WMB,BBG000BWVCP8,Common Stock,WILLIAMS COS INC,True
969904101,WSM,BBG000FSMWC3,Common Stock,WILLIAMS-SONOMA INC,True
970646105,WLFC,BBG000H105D2,Common Stock,WILLIS LEASE FINANCE CORP,True
97075E100,,,,,False
971375126,,,,,False
971378104,WSC,BBG00B0FS947,Common Stock,WILLSCOT HOLDINGS CORP,True
974155103,WING,BBG008N298Y8,Common Stock,WINGSTOP INC,True
974250102,WINA,BBG000BQ5GY1,Common Stock,WINMARK CORP,True
97717P104,WT,BBG000KLDTJ2,Common Stock,WISDOMTREE INC,True
97717W208,DHS,BBG000BSXYW9,ETP,WISDOMTREE US HIGH DIVIDEND,True
97717W307,DLN,BBG000BT3296,ETP,WISDOMTREE US LARGECAP DIVID,True
97717W315,DEM,BBG000RPWS52,ETP,WISDOMTREE EMERGING MARKETS,True
97717W505,DON,BBG000BSWGB2,ETP,WISDOMTREE US MIDCAP DIVIDEN,True
97717W547,WTV,BBG000R1SHP2,ETP,WISDOMTREE U.S. VALUE FUND,True
97717W570,EZM,BBG000R1PNP2,ETP,WISDOMTREE US MIDCAP FUND,True
97717W588,EPS,BBG000R1PCX7,ETP,WISDOMTREE US LARGE CAP FUND,True
97717W851,DXJ,BBG000BT12H9,ETP,WISDOMTREE JAPAN HEDGED EQ,True
97717X263,DDWM,BBG00BSZ29K3,ETP,WISDOMTREE DY INTER EQ FD-US,True
97717X511,AGGY,BBG009KCY2B7,ETP,WISDOMTREE YIELD ENHANCED US,True
97717X594,IHDG,BBG006G0J5H8,ETP,WISDOMTREE INTERNATIONAL HED,True
97717X628,,,,,False
97717X669,DGRW,BBG004LMH377,ETP,WISDOMTREE U.S. QUALITY DIVI,True
97717X701,HEDJ,BBG000Q3NW62,ETP,WISDOMTREE EUROPE HEDGED EQU,True
97717X867,ELD,BBG0014GXD84,ETP,WISDOMTREE EMRG MKTS DEBT,True
97717Y527,USFR,BBG005YHYNF9,ETP,WISDOMTREE FLOATING RATE TRE,True
97717Y790,NTSX,BBG00LLPH5Y7,ETP,WISDOMTREE US EFFICIENT CORE,True
977852102,WOLF*,BBG00RM77P16,Common Stock,WOLFSPEED INC,True
98138H101,WDAY,BBG000VC0T95,Common Stock,WORKDAY INC-CLASS A,True
98138J206,WKHSEUR,BBG00H1PD3V0,Common Stock,WORKHORSE GROUP INC,True
981475106,WKC,BBG000BM3CJ8,Common Stock,WORLD KINECT CORP,True
98149E204,GLDM1USD,BBG00YB8M750,ETP,SPDR GOLD MINISHARES TRUST,True
98149E303,GLDM,BBG00L8YYP89,ETP,SPDR GOLD MINISHARES TRUST,True
981558109,WP,BBG0027Y18M0,Common Stock,WORLDPAY INC-CLASS A,True
98156Q108,WWEUSD,BBG00YLQ7X95,Common Stock,WORLD WRESTLING ENTERTAIN-A,True
98212B103,WPXUSD,BBG00K6RQHH5,Common Stock,WPX ENERGY INC,True
98262P101,WW6,BBG000D08924,Common Stock,WW INTERNATIONAL INC,True
98310W108,WYNEUR,BBG008B8PJM9,Common Stock,WYNDHAM DESTINATIONS INC,True
983134107,WYNN,BBG000LD9JQ8,Common Stock,WYNN RESORTS LTD,True
983772104,,,,,False
983793100,XPO,BBG000L5CJF3,Common Stock,XPO INC,True
983919101,XLNXEUR,BBG00FZLJFK5,Common Stock,XILINX INC,True
98400J108,,,,,False
984017103,XHR,BBG006YP1L41,REIT,XENIA HOTELS & RESORTS INC,True
98401F105,XNCR,BBG0026ZG4W0,Common Stock,XENCOR INC,True
984121608,XRXCHF,BBG007GJG347,Common Stock,XEROX CORP,True
98419M100,XYL,BBG001D8R5D0,Common Stock,XYLEM INC,True
98420N105,XENE,BBG0073DM784,Common Stock,XENON PHARMACEUTICALS INC,True
98420X202,XFOR,BBG001J1CYH8,Common Stock,X4 PHARMACEUTICALS INC,True
98422D105,XPEV,BBG00WKJG3M7,ADR,XPENG INC - ADR,True
984245100,YPF,BBG000BHPFQ0,ADR,YPF S.A.-SPONSORED ADR,True
98426T106,YYEUR,BBG005MYZ634,ADR,YY INC-ADR,True
984332106,,,,,False
985817105,YELP,BBG000Q2HM09,Common Stock,YELP INC,True
988498101,YUM,BBG000BH3GZ2,Common Stock,YUM! BRANDS INC,True
98850P109,YUMC,BBG00B8N0HG1,Common Stock,YUM CHINA HOLDINGS INC,True
98884U108,ZAGGEUR,BBG00JNKCGW4,Common Stock,ZAGG INC,True
98887Q104,ZLAB,BBG00HFX3N90,ADR,ZAI LAB LTD-ADR,True
98888T107,ZIMV,BBG014630587,Common Stock,ZIMVIE INC,True
98919V105,ZAYOEUR,BBG0099QKCW9,Common Stock,ZAYO GROUP HOLDINGS INC,True
989207105,ZBRA,BBG000CC7LQ7,Common Stock,ZEBRA TECHNOLOGIES CORP-CL A,True
98936J101,ZEN1EUR,BBG0099QKDP5,Common Stock,ZENDESK INC,True
98954L103,,,,,False
98954M101,ZG,BBG000D13GN8,Common Stock,ZILLOW GROUP INC - A,True
98954M200,Z,BBG009NRSWJ4,Common Stock,ZILLOW GROUP INC - C,True
98956A105,ZETA,BBG010FXVQ98,Common Stock,ZETA GLOBAL HOLDINGS CORP-A,True
98956P102,ZBH,BBG000BKPL53,Common Stock,ZIMMER BIOMET HOLDINGS INC,True
989701115,,,,,False
98973P101,,,,,False
989774104,,,,,False
98978L204,ZGNXEUR,BBG00CX44R31,Common Stock,ZOGENIX INC,True
98978V103,ZTS,BBG0039320N9,Common Stock,ZOETIS INC,True
98980A105,ZTO,BBG00DY7QWH1,ADR,ZTO EXPRESS CAYMAN INC-ADR,True
98980F104,GTM,BBG00S1HJ3M8,Common Stock,ZOOMINFO TECHNOLOGIES INC,True
98980G102,ZS,BBG003338H34,Common Stock,ZSCALER INC,True
98980L101,ZM,BBG0042V6JM8,Common Stock,ZOOM COMMUNICATIONS INC,True
98983V106,ZUOUSD,BBG00YJKS125,Common Stock,ZUORA INC - CLASS A,True
98985X100,ZYUSD,BBG011S4NQR5,Common Stock,ZYMERGEN INC,True
98986T108,ZNGAEUR,BBG005YZL2R6,Common Stock,ZYNGA INC - CL A,True
9EQ0HMNO0,,,,,False
B38564124,,,,,False
CS9000114,,,,,False
D18190898,,,,,False
F21107101,,,,,False
F2927N109,,,,,False
G0083B108,,,,,False
G0084W101,,,,,False
G00894108,,,,,False
G01767105,,,,,False
G0177J108,,,,,False
G02602103,,,,,False
G0378L100,,,,,False
G037AX101,,,,,False
G0403H108,,,,,False
G0408V102,,,,,False
G0450A105,,,,,False
G04553106,,,,,False
G0457F107,,,,,False
G0464B107,,,,,False
G0551A103,,,,,False
G0585R106,,,,,False
G0593M107,,,,,False
G06242104,,,,,False
G0625A105,,,,,False
G0684D107,,,,,False
G0750C108,,,,,False
G0751N103,,,,,False
G0772R208,,,,,False
G1117K114,,,,,False
G11196105,,,,,False
G11448100,,,,,False
G1151C101,,,,,False
G14838109,,,,,False
G16258108,,,,,False
G16962105,,,,,False
G17977110,,,,,False
G1889L100,,,,,False
G1890L107,,,,,False
G20045202,,,,,False
G2007L105,,,,,False
G21082105,,,,,False
G2110R114,,,,,False
G21515104,,,,,False
G21810109,,,,,False
G23726121,,,,,False
G2415A113,,,,,False
G2519Y108,,,,,False
G25343107,,,,,False
G25457105,,,,,False
G25508105,,,,,False
G2554F113,,,,,False
G25839104,,,,,False
G27823106,,,,,False
G27907107,,,,,False
G28195124,,,,,False
G28302126,,,,,False
G28553108,,,,,False
G29183103,,,,,False
G30397106,,,,,False
G3075P101,,,,,False
G31249108,,,,,False
G3223R108,,,,,False
G33033120,,,,,False
G3323L100,,,,,False
G3402M102,,,,,False
G3421J106,,,,,False
G3643J108,,,,,False
G3727Q101,,,,,False
G3730V105,,,,,False
G3788M114,,,,,False
G3855L106,,,,,False
G3922B107,,,,,False
G3934V109,,,,,False
G39387108,,,,,False
G4412G101,,,,,False
G4474Y214,,,,,False
G45667105,,,,,False
G4617B105,,,,,False
G46188101,,,,,False
G4705A100,,,,,False
G47567105,,,,,False
G4766E116,,,,,False
G47791101,,,,,False
G4863A108,,,,,False
G48833100,,,,,False
G48833118,,,,,False
G4955H110,,,,,False
G50752115,,,,,False
G50871105,,,,,False
G51502105,,,,,False
G5258J109,,,,,False
G5294K110,,,,,False
G5480U104,,,,,False
G5480U120,,,,,False
G5494J103,,,,,False
G54950103,,,,,False
G5785G107,,,,,False
G5876H105,,,,,False
G5960L103,,,,,False
G60754101,,,,,False
G61188101,,,,,False
G61188127,,,,,False
G6359F103,,,,,False
G6461G106,,,,,False
G65163100,,,,,False
G6518L108,,,,,False
G6564A105,,,,,False
G65773106,,,,,False
G6583A102,,,,,False
G66721104,,,,,False
G6674U108,,,,,False
G6674U908,,,,,False
G6683N103,,,,,False
G66964118,,,,,False
G6700G107,,,,,False
G67742109,,,,,False
G6852T105,,,,,False
G68707101,,,,,False
G6964L107,,,,,False
G7207P103,,,,,False
G72800108,,,,,False
G76279101,,,,,False
G7945E105,,,,,False
G7945M107,,,,,False
G7997R103,,,,,False
G8060N102,,,,,False
G8068L108,,,,,False
G81276100,,,,,False
G81477104,,,,,False
G8232Y101,,,,,False
G8250R103,,,,,False
G85158106,,,,,False
G8598Y109,,,,,False
G87110105,,,,,False
G8726T105,,,,,False
G8726X106,,,,,False
G8827U100,,,,,False
G89479102,,,,,False
G9019D104,,,,,False
G93A5A101,,,,,False
G9456A100,,,,,False
G9460G101,,,,,False
G9503X103,,,,,False
G96629103,,,,,False
G97822103,,,,,False
G98239109,,,,,False
H0023R105,,,,,False
H01301128,,,,,False
H11356104,,,,,False
H1467J104,,,,,False
H17182108,,,,,False
H27013103,,,,,False
H27178104,,,,,False
H42097107,,,,,False
H50430232,,,,,False
H5870P102,,,,,False
H5919C104,,,,,False
H6169Q108,,,,,False
H8088L103,,,,,False
H84989104,,,,,False
H8817H100,,,,,False
K08588103,,,,,False
L00849106,,,,,False
L0175J104,,,,,False
L01800108,,,,,False
L0302D178,,,,,False
L1995B107,,,,,False
L7257P205,,,,,False
L72967109,,,,,False
L7579L106,,,,,False
L8681T102,,,,,False
L9340P101,,,,,False
M0854Q105,,,,,False
M20295104,,,,,False
M2197Q107,,,,,False
M22465104,,,,,False
M2682V108,,,,,False
M46135105,,,,,False
M4R82T106,,,,,False
M51363113,,,,,False
M5216V106,,,,,False
M5425M103,,,,,False
M5R75Y101,,,,,False
M6191J100,,,,,False
M7S64H106,,,,,False
M84116108,,,,,False
M8737E108,,,,,False
M8740S227,,,,,False
M87915274,,,,,False
M8893U102,,,,,False
M97628107,,,,,False
M98068105,,,,,False
N00985106,,,,,False
N07059210,,,,,False
N14506104,,,,,False
N20944109,,,,,False
N22035104,,,,,False
N2451R105,,,,,False
N3167Y103,,,,,False
N3168P101,,,,,False
N31738102,,,,,False
N47279109,,,,,False
N53745100,,,,,False
N5749R100,,,,,False
N59465109,,,,,False
N62509109,,,,,False
N63218106,,,,,False
N6596X109,,,,,False
N71546100,,,,,False
N72482123,,,,,False
N72482AB3,,,,,False
N82405106,,,,,False
N90064101,,,,,False
N97284108,,,,,False
O53484101,,,,,False
P31076105,,,,,False
P73684113,,,,,False
Q4982L109,,,,,False
R1640U124,,,,,False
R1812S105,,,,,False
R85746106,,,,,False
US8816242,,,,,False
V5633W109,,,,,False
V7780T103,,,,,False
W48102128,,,,,False
Y0017S102,,,,,False
Y0486S104,,,,,False
Y09827109,,,,,False
Y2187A127,,,,,False
Y2187A143,,,,,False
Y2573F102,,,,,False
Y27183600,,,,,False
Y41053102,,,,,False
Y62132108,,,,,False
Y7542C106,,,,,False
Y8162K204,,,,,False
Y8565J101,,,,,False
Y95308105,,,,,False
