date,value
1996-01-03,0.00262381888795
1996-01-04,0.00273621174787
1996-01-05,0.0098102270028
1996-01-08,0.00139761777667
1996-01-09,-0.012694550607
1996-01-10,0.0210206236963
1996-01-11,-0.00122694261964
1996-01-12,0.0140085975513
1996-01-15,0.00214061752214
1996-01-16,-0.0157427569519
1996-01-17,-0.0126456557673
1996-01-18,0.0193495562053
1996-01-19,0.0152769659618
1996-01-22,0.000975767022518
1996-01-23,-0.00125273331185
1996-01-24,-0.00745200267763
1996-01-25,-0.00493179475924
1996-01-26,0.0104569582618
1996-01-29,-0.00739582573991
1996-01-30,-0.0106835901088
1996-01-31,-0.00435609807415
1996-02-01,0.0102928277209
1996-02-02,0.0295418876833
1996-02-05,0.00109360173243
1996-02-06,0.00122242077724
1996-02-07,0.00553755689356
1996-02-08,0.0174759551161
1996-02-09,-0.00143149334088
1996-02-12,0.0116634582598
1996-02-13,-0.00177345297864
1996-02-14,-0.0178359647901
1996-02-15,0.000745846052803
1996-02-16,-0.00495095724528
1996-02-20,-0.0098353126225
1996-02-21,0.000652221936941
1996-02-22,-0.00592768787615
1996-02-23,-0.0162138509751
1996-02-26,-0.00696134567207
1996-02-27,0.0101171128523
1996-02-28,0.00243357247385
1996-02-29,-0.00336185136369
1996-03-01,0.0158097616923
1996-03-04,-0.00313854620876
1996-03-05,-0.0141622636059
1996-03-06,-0.000328237498399
1996-03-07,0.00890591118255
1996-03-08,0.010096357072
1996-03-11,0.00882617786926
1996-03-12,-0.011551703179
1996-03-13,-0.0124807465579
1996-03-14,-0.000503833784423
1996-03-15,0.000534845932443
1996-03-18,0.0160819921165
1996-03-19,-0.00441252853846
1996-03-20,-0.00209239831902
1996-03-21,0.000745732857464
1996-03-22,0.0182842487817
1996-03-25,-0.00379765022607
1996-03-26,-0.0026720868755
1996-03-27,0.00637590743342
1996-03-28,0.0152704565578
1996-03-29,-0.00046018805155
1996-04-01,0.00307493366059
1996-04-02,0.00865450972411
1996-04-03,-0.0116364405703
1996-04-04,-0.0104361701505
1996-04-08,-0.0204794090515
1996-04-09,-0.00753069660311
1996-04-10,0.00138773967977
1996-04-11,0.00982371748698
1996-04-12,0.00885743770048
1996-04-15,-0.00745837612003
1996-04-16,0.00242741814597
1996-04-17,-0.00363926365255
1996-04-18,0.00655657583191
1996-04-19,0.00831068466237
1996-04-22,-0.00342723032785
1996-04-23,0.0213339734724
1996-04-24,0.00241210608987
1996-04-25,-0.00398693800182
1996-04-26,0.0108598427976
1996-04-29,0.00543198832861
1996-04-30,-0.0013774800657
1996-05-01,-0.00444043446956
1996-05-02,-0.00117801662222
1996-05-03,0.00616752606662
1996-05-06,-0.00119271114538
1996-05-07,-0.00603989867604
1996-05-08,0.00787386335338
1996-05-09,0.0162201484513
1996-05-10,0.00517355352917
1996-05-13,-0.000789699516697
1996-05-14,0.00148479020756
1996-05-15,-0.00148594886437
1996-05-16,-0.00559094608628
1996-05-17,-0.00578981359887
1996-05-20,-0.00206925651417
1996-05-21,0.00781587724738
1996-05-22,0.00532967057881
1996-05-23,-0.000587249372213
1996-05-24,0.00486719718297
1996-05-28,0.00449620246948
1996-05-29,0.0103070912129
1996-05-30,-0.00295347100258
1996-05-31,-0.0151434405699
1996-06-03,-0.0125249507663
1996-06-04,-0.00355401589626
1996-06-05,-0.00456923108852
1996-06-06,-0.00340811089668
1996-06-07,-0.00341140643501
1996-06-10,-0.0105899697896
1996-06-11,0.00529857646381
1996-06-12,0.0125292591994
1996-06-13,0.00766327078075
1996-06-14,0.00608451279822
1996-06-17,-0.0173454198425
1996-06-18,-0.00953525077678
1996-06-19,0.0128488984762
1996-06-20,-0.0126013314109
1996-06-21,-0.0281354350264
1996-06-24,0.0108324175376
1996-06-25,-0.00407768496047
1996-06-26,0.00544157572859
1996-06-27,-0.00327742313834
1996-06-28,0.0153307782592
1996-07-01,0.0110651855773
1996-07-02,0.00781698770278
1996-07-03,0.00131741080132
1996-07-05,0.00381598208021
1996-07-08,-0.00907639645661
1996-07-09,0.00445485813303
1996-07-10,0.0181286922703
1996-07-11,-0.00413643295539
1996-07-12,-0.00387176603095
1996-07-15,0.00223548923913
1996-07-16,0.0157833594924
1996-07-17,0.0131073393356
1996-07-18,0.0131131200662
1996-07-19,-0.00712178324022
1996-07-22,0.00164522948174
1996-07-23,0.00706781747807
1996-07-24,0.00592407121351
1996-07-25,-0.00740920303652
1996-07-26,0.0137618757477
1996-07-29,0.00344980700193
1996-07-30,0.00113050922876
1996-07-31,-0.00250584302536
1996-08-01,0.000252171749067
1996-08-02,0.0200060635218
1996-08-05,0.0124992297951
1996-08-06,-0.00602565469329
1996-08-07,0.000249768719642
1996-08-08,0.0168309250979
1996-08-09,-0.00372303498029
1996-08-12,-0.00319683499146
1996-08-13,0.0100129670632
1996-08-14,3.67945314642e-05
1996-08-15,-0.00197063833273
1996-08-16,0.00979679893146
1996-08-19,0.00142135666731
1996-08-20,-0.00425867795783
1996-08-21,-0.00725177801217
1996-08-22,0.000214656653968
1996-08-23,0.00605209541473
1996-08-26,0.0065092391211
1996-08-27,0.00835704631518
1996-08-28,-0.00766427960258
1996-08-29,-0.00219410391262
1996-08-30,-0.00212962960995
1996-09-03,0.00279565970808
1996-09-04,-0.00844657245707
1996-09-05,0.00539638908856
1996-09-06,-0.000443694288681
1996-09-09,0.00208973117931
1996-09-10,0.00229806358685
1996-09-11,-0.00658076554149
1996-09-12,-0.00292646127256
1996-09-13,0.00818366198433
1996-09-16,-0.00490040487938
1996-09-17,-0.00755057402012
1996-09-18,0.00491404414501
1996-09-19,0.00447290733157
1996-09-20,-0.00154093057699
1996-09-23,0.00141445095048
1996-09-24,-0.00750661999807
1996-09-25,0.00591584778284
1996-09-26,0.00762047424465
1996-09-27,-0.0031290675752
1996-09-30,-0.00748367360893
1996-10-01,0.0149348417163
1996-10-02,-0.00602345847561
1996-10-03,-0.00688615779281
1996-10-04,-0.00634614129321
1996-10-07,0.00918284111297
1996-10-08,0.000836408434562
1996-10-09,-0.00634564617895
1996-10-10,0.00255384571114
1996-10-11,0.00231811743908
1996-10-14,-0.00236077230548
1996-10-15,-0.00324202029837
1996-10-16,-0.00078028062953
1996-10-17,-0.0044730106963
1996-10-18,0.00819153030698
1996-10-21,-0.00359272306198
1996-10-22,-0.00159263467526
1996-10-23,0.00154586906196
1996-10-24,-0.00753188640571
1996-10-25,0.00455767036358
1996-10-28,-0.00427619255812
1996-10-29,-0.00651919271136
1996-10-30,0.0147058461321
1996-10-31,-0.0123412658689
1996-11-01,0.00407455622025
1996-11-04,-0.00756801346438
1996-11-05,-0.000647814666367
1996-11-06,0.00218746663747
1996-11-07,0.00405957513083
1996-11-08,0.000643222698935
1996-11-11,-0.0031774857735
1996-11-12,-0.00626970239873
1996-11-13,0.0127540155211
1996-11-14,0.00955354875752
1996-11-15,-0.00224828734526
1996-11-18,-0.00629744237545
1996-11-19,-0.0021025169223
1996-11-20,-0.0109193258929
1996-11-21,0.00711530588981
1996-11-22,-0.000299468812586
1996-11-25,0.00971592699535
1996-11-26,0.0199779701437
1996-11-27,0.00276776309435
1996-11-29,0.00381236439041
1996-12-02,-0.00438485364824
1996-12-03,-0.00901749775133
1996-12-04,0.00600528587741
1996-12-05,-0.0113116731956
1996-12-06,0.0111416897386
1996-12-09,0.0156903602372
1996-12-10,-0.000927167584084
1996-12-11,0.00628672982809
1996-12-12,0.0061787752233
1996-12-13,-0.000931702892615
1996-12-16,-0.00302087103877
1996-12-17,-0.00743889207794
1996-12-18,0.00711927561889
1996-12-19,0.0119296115817
1996-12-20,0.00335107216033
1996-12-23,-0.0125289011039
1996-12-24,-0.00798096135798
1996-12-26,0.00651494821368
1996-12-27,-0.00139153999592
1996-12-30,0.00455706071927
1996-12-31,-0.0138967393908
1997-01-02,0.0171137246142
1997-01-03,-0.00115770203254
1997-01-06,0.00491758047641
1997-01-07,-0.000711281499631
1997-01-08,0.00471731419828
1997-01-09,-0.00490448483693
1997-01-10,-0.000153128282265
1997-01-13,-0.00218944134898
1997-01-14,0.00549369226807
1997-01-15,-0.0141684562686
1997-01-16,0.00282790645248
1997-01-17,0.00450983676828
1997-01-20,0.00144741572003
1997-01-21,-0.00380479478725
1997-01-22,0.00133046526696
1997-01-23,0.000322611113034
1997-01-24,-0.00190847942688
1997-01-27,0.00244162835422
1997-01-28,-0.00131368386835
1997-01-29,0.00904825827053
1997-01-30,0.0011871040514
1997-01-31,-0.00418326876085
1997-02-03,0.00350959240205
1997-02-04,0.00495217855547
1997-02-05,-0.00274555690654
1997-02-06,0.00260059056305
1997-02-07,-0.00523351916135
1997-02-10,0.00623967216966
1997-02-11,0.00188644900619
1997-02-12,0.0116597005532
1997-02-13,0.00495050902107
1997-02-14,0.00618253231523
1997-02-18,-0.00830272979957
1997-02-19,-0.00340222597184
1997-02-20,0.00272316004103
1997-02-21,0.00166422581829
1997-02-24,-0.00159991845272
1997-02-25,0.00157983960145
1997-02-26,0.0143726876713
1997-02-27,0.00575379510809
1997-02-28,-0.0114346721169
1997-03-03,-0.0248692146498
1997-03-04,-0.000783049084636
1997-03-05,0.00142101233561
1997-03-06,-0.0033801888833
1997-03-07,-0.0204996375805
1997-03-10,-0.0105711214965
1997-03-11,-0.0041622093295
1997-03-12,-0.0131359995401
1997-03-13,0.00138049606071
1997-03-14,0.000946927481628
1997-03-17,-0.000602724243935
1997-03-18,0.0124740016893
1997-03-19,-0.00532780879505
1997-03-20,-0.0113233494267
1997-03-21,-0.0021266606088
1997-03-24,0.000638844216362
1997-03-25,-0.0055444949597
1997-03-26,0.00228587810835
1997-03-27,0.00858652630626
1997-03-31,-0.00146618341487
1997-04-01,0.00804378090355
1997-04-02,0.00830786187072
1997-04-03,-0.0127588597395
1997-04-04,0.0015151822441
1997-04-07,-0.00388066573472
1997-04-08,-0.00116094564116
1997-04-09,-0.00230552492653
1997-04-10,0.00544613327537
1997-04-11,-0.0153962568697
1997-04-14,-0.00162729743783
1997-04-15,0.00335305657449
1997-04-16,-0.00585574043999
1997-04-17,-0.0026683108063
1997-04-18,0.006334551857
1997-04-21,-0.00177442422435
1997-04-22,0.000921730206218
1997-04-23,-0.0096234166059
1997-04-24,-0.00386941481241
1997-04-25,0.0130827282286
1997-04-28,-0.00457667575204
1997-04-29,-0.00140804876549
1997-04-30,-0.000132759854225
1997-05-01,0.0113528411617
1997-05-02,0.00155990327498
1997-05-05,0.00674508147834
1997-05-06,0.00400894495083
1997-05-07,0.00943016869027
1997-05-08,0.00197864293449
1997-05-09,0.00879596004448
1997-05-12,0.0007366256304
1997-05-13,0.00639090099315
1997-05-14,-0.00300311721143
1997-05-15,0.00174363658994
1997-05-16,-0.0151161338208
1997-05-19,0.00172988288031
1997-05-20,0.000925327641998
1997-05-21,-0.0108623933281
1997-05-22,0.0165939884511
1997-05-23,-0.0072902698746
1997-05-27,-0.00111579310239
1997-05-28,0.00370429431915
1997-05-29,0.00414386741459
1997-05-30,-0.00404249761672
1997-06-02,0.00821430483626
1997-06-03,0.0113293007037
1997-06-04,0.00427441847408
1997-06-05,-0.0070989407102
1997-06-06,0.00385397036793
1997-06-09,-0.00675355348872
1997-06-10,-0.0108690144681
1997-06-11,0.00393250498856
1997-06-12,-0.0136255114466
1997-06-13,-0.00897286434748
1997-06-16,0.00749376237893
1997-06-17,0.00804971941452
1997-06-18,0.00756547906168
1997-06-19,-0.00840438144535
1997-06-20,0.00977548980697
1997-06-23,0.0111048707838
1997-06-24,-0.000653971150639
1997-06-25,-0.0161582737343
1997-06-26,0.00379044624244
1997-06-27,0.0121710691837
1997-06-30,-0.0107641337273
1997-07-01,0.00167118755218
1997-07-02,-0.00637213243181
1997-07-03,-0.0022932463684
1997-07-07,0.012740820942
1997-07-08,0.0023340984413
1997-07-09,-0.0108238035413
1997-07-10,-0.00917794326093
1997-07-11,0.00443251543419
1997-07-14,-0.00810179627232
1997-07-15,0.0126437416409
1997-07-16,0.0070991875918
1997-07-17,-0.0112401376855
1997-07-18,0.00670300577691
1997-07-21,0.00452743827678
1997-07-22,0.00466594705512
1997-07-23,-0.00521712389676
1997-07-24,-0.00259723169852
1997-07-25,0.00793164315945
1997-07-28,0.00440003522321
1997-07-29,-0.000566780754425
1997-07-30,0.00336871699297
1997-07-31,-0.00477313732585
1997-08-01,0.0102702598994
1997-08-04,0.00437406296544
1997-08-05,-0.00920164506005
1997-08-06,-0.00964804685541
1997-08-07,-0.00760979450763
1997-08-08,0.00738317736407
1997-08-11,-0.0149711263356
1997-08-12,0.0152888813012
1997-08-13,-0.00297256098062
1997-08-14,0.00903503644288
1997-08-15,0.00213086302623
1997-08-18,0.00499435209105
1997-08-19,-0.00750462830535
1997-08-20,-0.00125811953968
1997-08-21,-0.00719800743645
1997-08-22,-0.00554508330407
1997-08-25,0.00128985980076
1997-08-26,0.00188401748461
1997-08-27,-0.000960176555671
1997-08-28,-0.0026937892666
1997-08-29,-0.00930135534922
1997-09-02,0.00917996399673
1997-09-03,0.00806784547543
1997-09-04,0.00624638888623
1997-09-05,-0.00159517539319
1997-09-08,-0.0118586964772
1997-09-09,-0.00454223818743
1997-09-10,-0.00614489016327
1997-09-11,-0.00950629600764
1997-09-12,-0.00387608699604
1997-09-15,0.00230417609359
1997-09-16,0.00888118142401
1997-09-17,0.0017533713572
1997-09-18,-0.00421628717828
1997-09-19,0.00660080131323
1997-09-22,5.64748953612e-05
1997-09-23,0.0109378788581
1997-09-24,0.00412051448728
1997-09-25,-0.000946085652143
1997-09-26,-0.00827367908019
1997-09-29,-0.0090284030009
1997-09-30,-0.00984178629566
1997-10-01,0.000515733154902
1997-10-02,-0.00302703429021
1997-10-03,-0.00015748876801
1997-10-06,-0.00926426121778
1997-10-07,-0.0190028086286
1997-10-08,0.0035262750707
1997-10-09,0.00211823574348
1997-10-10,0.0064132328072
1997-10-13,-0.00153192489214
1997-10-14,0.00165996193301
1997-10-15,-0.00277027002438
1997-10-16,-0.0054906158644
1997-10-17,-0.00478275515371
1997-10-20,-0.0112269157215
1997-10-21,-0.00925602178175
1997-10-22,-0.00103730851066
1997-10-23,-0.00426974218337
1997-10-24,-0.0126484090109
1997-10-27,0.0233530326977
1997-10-28,-0.0165812472874
1997-10-29,-0.00165373712585
1997-10-30,-0.00444317671259
1997-10-31,0.0164014546782
1997-11-03,-0.00167560577454
1997-11-04,0.00357918898334
1997-11-05,0.00607363934522
1997-11-06,0.00260185746333
1997-11-07,0.00123992018264
1997-11-10,-0.00714523182365
1997-11-11,0.00836970346117
1997-11-12,0.00113509263628
1997-11-13,-0.000567326171756
1997-11-14,-0.00147032006113
1997-11-17,0.01267917955
1997-11-18,-0.00188706882118
1997-11-19,-0.00674122550875
1997-11-20,0.00919953653838
1997-11-21,0.00675716459981
1997-11-24,-0.00838529024334
1997-11-25,0.00314739428093
1997-11-26,0.00695279693886
1997-11-28,0.00213709365701
1997-12-01,-0.00266398006238
1997-12-02,0.0100751161305
1997-12-03,-0.00140615167897
1997-12-04,2.6262873483e-05
1997-12-05,6.01434682484e-05
1997-12-08,-0.000378494727292
1997-12-09,-0.00320727643352
1997-12-10,-0.0338670315013
1997-12-11,-0.0028792945999
1997-12-12,-0.0022639460743
1997-12-15,0.00180200295675
1997-12-16,-0.0120052792398
1997-12-17,-0.00811861841756
1997-12-18,0.00441399392848
1997-12-19,-0.00825902915233
1997-12-22,-0.0103314478839
1997-12-23,-0.00255463696738
1997-12-24,-0.0046979720949
1997-12-26,-0.00237918999664
1997-12-29,0.00757467630291
1997-12-30,0.0289827028517
1997-12-31,0.0180864292922
1998-01-02,0.0106671288089
1998-01-05,-0.00522149119467
1998-01-06,-0.00856766557523
1998-01-07,0.0106050278009
1998-01-08,-0.0124332825334
1998-01-09,0.00724640413384
1998-01-12,0.00177338476097
1998-01-13,0.00937908654462
1998-01-14,-0.00411641865431
1998-01-15,-0.00565559157528
1998-01-16,0.0114549146461
1998-01-20,0.00774681568255
1998-01-21,-0.019177641672
1998-01-22,-0.0119666873328
1998-01-23,-0.00237549602028
1998-01-26,0.00295035144703
1998-01-27,-0.0036226099738
1998-01-28,-0.0014140072636
1998-01-29,-0.00261113563869
1998-01-30,-0.00747261266733
1998-02-02,0.00262363797669
1998-02-03,0.002871641203
1998-02-04,0.0063633440471
1998-02-05,0.00853644946262
1998-02-06,-0.00374230256237
1998-02-09,-0.00369564557787
1998-02-10,0.00559292305355
1998-02-11,0.0164559998595
1998-02-12,-0.0071707484445
1998-02-13,-0.011064479551
1998-02-17,0.00991841227102
1998-02-18,0.00636893290357
1998-02-19,-0.0027101371559
1998-02-20,0.00119554964691
1998-02-23,0.00518685662517
1998-02-24,0.00139379289869
1998-02-25,0.00260470673466
1998-02-26,-0.0170350061496
1998-02-27,0.00558004282821
1998-03-02,0.00348677120499
1998-03-03,-0.00251681579182
1998-03-04,-0.00716491240969
1998-03-05,0.00184766369197
1998-03-06,0.0100570693084
1998-03-09,0.011478056042
1998-03-10,-0.000566196569159
1998-03-11,0.00612269833767
1998-03-12,-0.0109144964615
1998-03-13,0.00264284154365
1998-03-16,-0.0114952638344
1998-03-17,0.00167581814861
1998-03-18,-0.00945934784113
1998-03-19,-0.00603702109638
1998-03-20,-0.0112886294697
1998-03-23,0.0047785241552
1998-03-24,-3.1032678341e-05
1998-03-25,0.00171463392643
1998-03-26,-0.00704383613522
1998-03-27,0.00943985256327
1998-03-30,-0.000249198983693
1998-03-31,-0.00920203211563
1998-04-01,-0.00376954041562
1998-04-02,-0.00943893922309
1998-04-03,0.00445359962061
1998-04-06,-0.0145965914538
1998-04-07,0.00850221034629
1998-04-08,0.0117079331784
1998-04-09,-0.00347514161193
1998-04-13,-0.00874822237835
1998-04-14,-0.00802385961201
1998-04-15,-0.00132993629329
1998-04-16,0.00292785660563
1998-04-17,0.00679741973599
1998-04-20,-0.0114359992964
1998-04-21,-0.0013502402047
1998-04-22,0.00396607303685
1998-04-23,-0.0116633821177
1998-04-24,0.00478953694516
1998-04-27,0.00710433593765
1998-04-28,0.0127793615277
1998-04-29,0.00149406461645
1998-04-30,0.000829381979762
1998-05-01,-0.00262201329698
1998-05-04,0.0072444125904
1998-05-05,0.010815680931
1998-05-06,-0.00241827386419
1998-05-07,0.00233739955064
1998-05-08,0.00333900315782
1998-05-11,-0.000984464553089
1998-05-12,0.00641742595737
1998-05-13,-0.0101532548258
1998-05-14,-0.00275737854712
1998-05-15,-0.0110068265571
1998-05-18,0.0102952957368
1998-05-19,-0.00265037454467
1998-05-20,-0.00395975358096
1998-05-21,-0.00370499167142
1998-05-22,-0.00448774403508
1998-05-26,0.00616322391078
1998-05-27,0.00876939647796
1998-05-28,0.000275826142117
1998-05-29,0.0104950363116
1998-06-01,0.0113161942108
1998-06-02,-0.00465816568634
1998-06-03,-0.000192864351875
1998-06-04,-0.00226115555722
1998-06-05,0.00416836185744
1998-06-08,0.00253298369237
1998-06-09,0.00875932629872
1998-06-10,-0.0133440197162
1998-06-11,-0.00540408186639
1998-06-12,-0.0124400477245
1998-06-15,-0.0113013004907
1998-06-16,0.0114242597413
1998-06-17,0.0146931884304
1998-06-18,-0.00343853255062
1998-06-19,-0.000956825589472
1998-06-22,-0.00837612425998
1998-06-23,-0.00331343769881
1998-06-24,-0.0122616689576
1998-06-25,0.0229452038462
1998-06-26,-0.00525237357955
1998-06-29,-0.00288903838091
1998-06-30,-0.00346716689881
1998-07-01,-0.00612753318537
1998-07-02,-0.00756503307069
1998-07-06,-0.00250696080944
1998-07-07,0.00584578641522
1998-07-08,0.00133591719254
1998-07-09,-0.00397303288062
1998-07-10,-0.0106440232846
1998-07-13,-0.0182190125026
1998-07-14,0.00568544410139
1998-07-15,-0.0122569001395
1998-07-16,-0.00640546837145
1998-07-17,0.00969056809137
1998-07-20,-0.000162584463497
1998-07-21,-0.0103962213701
1998-07-22,-0.00938860331979
1998-07-23,0.0188594835558
1998-07-24,-0.00180055361284
1998-07-27,0.00584421185753
1998-07-28,0.00569597072
1998-07-29,-0.0108706148789
1998-07-30,0.0113103125358
1998-07-31,-0.00109095091513
1998-08-03,-0.0100002507809
1998-08-04,0.0072807472103
1998-08-05,0.0123625638787
1998-08-06,0.0217662753444
1998-08-07,-0.00889534085769
1998-08-10,0.00556728687688
1998-08-11,-0.00405385381806
1998-08-12,-0.00412978521044
1998-08-13,-0.00378873379971
1998-08-14,-0.0162490812159
1998-08-17,-0.00776550997373
1998-08-18,0.00459874854422
1998-08-19,0.010325811293
1998-08-20,0.00328033343709
1998-08-21,0.00281951881152
1998-08-24,-0.000245922546876
1998-08-25,0.00612385884209
1998-08-26,0.00554403374618
1998-08-27,0.00592427381077
1998-08-28,-0.021276581715
1998-08-31,-0.00265786035891
1998-09-01,0.00101347210379
1998-09-02,0.0196562917167
1998-09-03,0.0249326994512
1998-09-04,-0.00454419646861
1998-09-08,0.0073353662985
1998-09-09,0.00133973019063
1998-09-10,0.00783131175218
1998-09-11,-0.0182061010417
1998-09-14,-0.0106331075104
1998-09-15,-0.0136480391116
1998-09-16,0.000924300410097
1998-09-17,-0.0143816665428
1998-09-18,-0.00490359648689
1998-09-21,0.00526997549686
1998-09-22,-0.0144784961171
1998-09-23,-0.003011428724
1998-09-24,-0.00845139188299
1998-09-25,0.00329918243194
1998-09-28,0.00258350985543
1998-09-29,0.0107198055957
1998-09-30,0.0034533831345
1998-10-01,-0.00131043549526
1998-10-02,0.00878813670875
1998-10-05,-0.00288381033184
1998-10-06,0.0154522129297
1998-10-07,-0.026286032527
1998-10-08,0.00728558610888
1998-10-09,0.0312179834764
1998-10-12,-0.0075457080398
1998-10-13,0.00556675385116
1998-10-14,0.0216134000515
1998-10-15,0.0178480724172
1998-10-16,-0.0216875110083
1998-10-19,-0.000341701896521
1998-10-20,0.0357422484312
1998-10-21,0.0189391577037
1998-10-22,-0.0166625961703
1998-10-23,0.00559589364681
1998-10-26,-0.00468937220034
1998-10-27,0.0163258743299
1998-10-28,0.00630820807397
1998-10-29,-0.0135018184221
1998-10-30,0.0080877111456
1998-11-02,0.00127000322817
1998-11-03,-0.0208537537946
1998-11-04,0.0138354906697
1998-11-05,0.00354214224809
1998-11-06,-0.00318724366761
1998-11-09,0.00254062526611
1998-11-10,0.00416419183046
1998-11-11,-0.0107822299983
1998-11-12,0.0103709201294
1998-11-13,0.00771173856237
1998-11-16,0.0160142810881
1998-11-17,0.00397135930179
1998-11-18,0.0075372290812
1998-11-19,-0.00884424174766
1998-11-20,-0.000975092024593
1998-11-23,-0.00420183549777
1998-11-24,-0.00715506678019
1998-11-25,-0.000939112569864
1998-11-27,-0.00723979496862
1998-11-30,0.00148196454277
1998-12-01,-0.00898023123123
1998-12-02,0.0219705086759
1998-12-03,-0.0118342626702
1998-12-04,0.00357231732153
1998-12-07,0.00185804658952
1998-12-08,-0.00498579054863
1998-12-09,-0.0131750240329
1998-12-10,-0.00334817952994
1998-12-11,-0.010290491559
1998-12-14,0.0111445676911
1998-12-15,0.0155678516438
1998-12-16,-0.0109990761311
1998-12-17,0.0250137286646
1998-12-18,-0.00732058183022
1998-12-21,-0.0260382215765
1998-12-22,0.00677196286265
1998-12-23,0.00700817372721
1998-12-24,0.00511930587794
1998-12-28,-0.0125820685536
1998-12-29,0.00508786968677
1998-12-30,0.0106154973413
1998-12-31,0.00906582157173
1999-01-04,0.0295024164427
1999-01-05,0.0453201920943
1999-01-06,0.0110304812305
1999-01-07,0.00734557438917
1999-01-08,-0.00738220569038
1999-01-11,0.0193913851662
1999-01-12,0.00301876829791
1999-01-13,0.0031626751563
1999-01-14,-0.0114510754123
1999-01-15,0.0152467443624
1999-01-19,0.000122801098847
1999-01-20,0.00627250384331
1999-01-21,-0.00222375687408
1999-01-22,0.00884752895655
1999-01-25,-0.00742214994981
1999-01-26,0.0171422373549
1999-01-27,-0.00644184166345
1999-01-28,0.00412171226484
1999-01-29,-0.00865202027092
1999-02-01,-0.0124619802549
1999-02-02,0.0117646257596
1999-02-03,0.00262343612275
1999-02-04,0.00480995928672
1999-02-05,0.00344566803998
1999-02-08,0.00387983911162
1999-02-09,-0.0116760198151
1999-02-10,0.0186068166175
1999-02-11,0.0266347784302
1999-02-12,-0.00329324673478
1999-02-16,-0.00314969241631
1999-02-17,-0.0103780813985
1999-02-18,0.00840314057327
1999-02-19,0.0100269243928
1999-02-22,0.00658971625148
1999-02-23,0.00824515232804
1999-02-24,0.00580869637082
1999-02-25,0.0131862289967
1999-02-26,-0.0108165699351
1999-03-01,0.00680382881408
1999-03-02,-0.00208787086147
1999-03-03,0.00933150053191
1999-03-04,0.00525016284369
1999-03-05,0.00242235077192
1999-03-08,0.00744609853464
1999-03-09,0.00608384230714
1999-03-10,0.00179030923008
1999-03-11,-0.00787958243461
1999-03-12,0.022422426494
1999-03-15,0.00732054010142
1999-03-16,-0.00275635617213
1999-03-17,0.0261234830879
1999-03-18,-0.00300794155024
1999-03-19,0.00361256433663
1999-03-22,0.00211348678513
1999-03-23,0.0129896342031
1999-03-24,-0.00306380167785
1999-03-25,-0.0208173452698
1999-03-26,-0.0266968428863
1999-03-29,-0.00698785582071
1999-03-30,-0.00340372043783
1999-03-31,0.00251389959588
1999-04-01,0.00808908831247
1999-04-05,-0.0170567204781
1999-04-06,-0.000150687525726
1999-04-07,0.00611708672258
1999-04-08,0.00268558399184
1999-04-09,0.00243978330739
1999-04-12,0.00153425559119
1999-04-13,-0.0139443457624
1999-04-14,0.0065263633375
1999-04-15,-0.0025159521561
1999-04-16,-0.0068461383414
1999-04-19,0.00708576201004
1999-04-20,-0.000130399516534
1999-04-21,-0.0133526430596
1999-04-22,0.000896437255508
1999-04-23,0.0136858690694
1999-04-26,-0.00733997866872
1999-04-27,0.00275554190685
1999-04-28,0.00520305020868
1999-04-29,-0.0112580969726
1999-04-30,-0.000683441288119
1999-05-03,0.00315168272808
1999-05-04,0.0016576437083
1999-05-05,0.000436885923724
1999-05-06,0.0139040211128
1999-05-07,0.00472385548257
1999-05-10,0.000270551640391
1999-05-11,0.00111062858924
1999-05-12,-0.00499405836618
1999-05-13,-0.00359357282091
1999-05-14,-0.000928055601946
1999-05-17,-0.00465299678348
1999-05-18,4.59727525756e-05
1999-05-19,0.00603953352531
1999-05-20,0.00402591468134
1999-05-21,-0.00113471337688
1999-05-24,0.0062053692411
1999-05-25,0.00668813807414
1999-05-26,0.00735135976003
1999-05-27,0.0177728531291
1999-05-28,-0.00317997724838
1999-06-01,-0.015192295946
1999-06-02,0.0122626291099
1999-06-03,0.00220328098572
1999-06-04,0.00762046695225
1999-06-07,-0.00532930624582
1999-06-08,0.00167236032047
1999-06-09,0.00657276012178
1999-06-10,-0.00310761231031
1999-06-11,-0.00168931496801
1999-06-14,0.001266749101
1999-06-15,0.00231236347767
1999-06-16,0.029482336848
1999-06-17,0.00106853868487
1999-06-18,0.00373641768351
1999-06-21,-0.00550785831259
1999-06-22,0.0110694358191
1999-06-23,0.0070468473342
1999-06-24,0.00562399038734
1999-06-25,-0.0184646951751
1999-06-28,0.0105285820954
1999-06-29,-0.00584508463929
1999-06-30,-0.0173961588085
1999-07-01,0.00820079757426
1999-07-02,0.00947854552424
1999-07-06,-0.0162343277662
1999-07-07,-0.0403199062456
1999-07-08,-0.00462175604633
1999-07-09,-0.00448306238168
1999-07-12,0.00393343539977
1999-07-13,0.000437770673534
1999-07-14,0.0222187398338
1999-07-15,0.00397148949779
1999-07-16,-0.0069954616432
1999-07-19,0.00805641628207
1999-07-20,0.000630743207326
1999-07-21,0.00385060697527
1999-07-22,-0.00567942085175
1999-07-23,0.00260423664146
1999-07-26,0.00035877071857
1999-07-27,0.00140892095246
1999-07-28,0.000434428991123
1999-07-29,-0.0167212481386
1999-07-30,0.000639482339919
1999-08-02,-0.00404840163996
1999-08-03,-0.0227793384348
1999-08-04,-0.0104555449334
1999-08-05,0.0105878158792
1999-08-06,-0.0040209365632
1999-08-09,0.0012321832053
1999-08-10,0.0102908738741
1999-08-11,-0.00183826792905
1999-08-12,-0.00386223383393
1999-08-13,-0.00398617335883
1999-08-16,0.0123804597924
1999-08-17,0.00174022235924
1999-08-18,-0.00819348580426
1999-08-19,-0.0178499386325
1999-08-20,0.00908783758074
1999-08-23,-0.0143128889154
1999-08-24,0.00602698467853
1999-08-25,0.00773499954857
1999-08-26,0.00915170975136
1999-08-27,0.00641497969542
1999-08-30,-0.0165520348066
1999-08-31,-0.0145037946335
1999-09-01,-0.0168417466837
1999-09-02,0.00271618845735
1999-09-03,-0.0153673559147
1999-09-07,-0.00710352007512
1999-09-08,0.0061276248188
1999-09-09,0.00226837563661
1999-09-10,-0.00594125134832
1999-09-13,-0.00678506683187
1999-09-14,0.0200547429827
1999-09-15,0.00168881743615
1999-09-16,0.0147090840546
1999-09-17,0.00552227276623
1999-09-20,-0.00383031132248
1999-09-21,-0.00653129472371
1999-09-22,0.0014527987604
1999-09-23,-0.0137245320136
1999-09-24,-0.0172895623544
1999-09-27,-0.0132675376116
1999-09-28,-0.0253056829821
1999-09-29,0.00109752347007
1999-09-30,-0.00477644696908
1999-10-01,-0.0074475237723
1999-10-04,-0.0176992133287
1999-10-05,-0.0147318826972
1999-10-06,0.0242947202106
1999-10-07,0.00628831639125
1999-10-08,0.00901100687698
1999-10-11,-0.00269170023743
1999-10-12,-0.0142285055183
1999-10-13,0.0108731818592
1999-10-14,0.0131677178781
1999-10-15,-0.000540498398853
1999-10-18,-0.00203831544998
1999-10-19,0.00218340216744
1999-10-20,0.00683791928151
1999-10-21,0.0166534073245
1999-10-22,-0.00602952487369
1999-10-25,0.00594395028606
1999-10-26,-0.00448385977584
1999-10-27,-0.00954547245604
1999-10-28,-0.0142032102127
1999-10-29,0.000372445115236
1999-11-01,-0.0103045811299
1999-11-02,0.0115333640152
1999-11-03,0.00567323963727
1999-11-04,-0.00360811517181
1999-11-05,-0.0228620606039
1999-11-08,0.0176881332746
1999-11-09,0.0131729641073
1999-11-10,0.0206973260573
1999-11-11,-0.00549753329701
1999-11-12,-0.00371010598013
1999-11-15,0.00717866039778
1999-11-16,7.84310627616e-05
1999-11-17,0.00688383617879
1999-11-18,0.026933682027
1999-11-19,0.0119623183325
1999-11-22,-0.000686254090795
1999-11-23,0.00135439302849
1999-11-24,0.00232267776302
1999-11-26,-0.00642936788653
1999-11-29,-0.0122716383987
1999-11-30,0.0125453557413
1999-12-01,0.00212257080663
1999-12-02,0.00240111413907
1999-12-03,-0.00166443265323
1999-12-06,-0.00726271065722
1999-12-07,0.00672366800664
1999-12-08,0.00413651400038
1999-12-09,-0.00221551483227
1999-12-10,-0.00116038122339
1999-12-13,0.0081529921388
1999-12-14,0.0102038294359
1999-12-15,0.0234914585673
1999-12-16,-0.00354129707855
1999-12-17,0.0171370951338
1999-12-20,0.0222289319631
1999-12-21,-0.00520842282351
1999-12-22,-0.00397601858593
1999-12-23,0.00707206577717
1999-12-27,-0.000140768403444
1999-12-28,-0.00454145602036
1999-12-29,0.00592823142537
1999-12-30,-0.00860430576524
1999-12-31,0.0048520670571
2000-01-03,-2.81178706991e-05
2000-01-04,0.0182083632341
2000-01-05,-0.0191132933522
2000-01-06,0.000289571456084
2000-01-07,0.00983613250645
2000-01-10,-0.0120558864845
2000-01-11,0.0125153555808
2000-01-12,-0.0157379714437
2000-01-13,0.0216021829269
2000-01-14,0.000272903175401
2000-01-18,0.0215311303642
2000-01-19,-0.0173875615766
2000-01-20,0.0182209686792
2000-01-21,0.00365386634996
2000-01-24,-0.0057406201549
2000-01-25,-0.00155698977842
2000-01-26,-0.0179379962649
2000-01-27,0.0187327151694
2000-01-28,0.0029542939363
2000-01-31,0.0402339404645
2000-02-01,-0.00513642954816
2000-02-02,0.0026680278905
2000-02-03,-0.0157781951901
2000-02-04,-0.0105941653353
2000-02-07,-0.00281774077816
2000-02-08,0.0149122602365
2000-02-09,-0.00694831581654
2000-02-10,0.00505822520018
2000-02-11,-0.00206109934062
2000-02-14,0.00112940350529
2000-02-15,0.00509923470634
2000-02-16,-0.0243552843933
2000-02-17,-0.0135009710699
2000-02-18,-0.0242168632405
2000-02-22,-0.0151663410831
2000-02-23,0.0143606243707
2000-02-24,-0.0246149251162
2000-02-25,-0.0049732185165
2000-02-28,0.0247451920626
2000-02-29,-0.0155316404365
2000-03-01,0.00914229253489
2000-03-02,-0.0041292557732
2000-03-03,-0.0188371428102
2000-03-06,-0.0204973126022
2000-03-07,0.0137159969134
2000-03-08,-0.00488380373265
2000-03-09,0.000381050853058
2000-03-10,-0.00389585751105
2000-03-13,-0.00401602079582
2000-03-14,0.0184549219424
2000-03-15,0.0361454395217
2000-03-16,-0.0166141101828
2000-03-17,0.00901617342067
2000-03-20,0.0184542928407
2000-03-21,0.00985739835621
2000-03-22,0.00786624771687
2000-03-23,0.00238214818727
2000-03-24,0.00792036512065
2000-03-27,0.0174856779437
2000-03-28,-0.00773060995713
2000-03-29,0.00870167628799
2000-03-30,-0.0241664796516
2000-03-31,-0.01226260392
2000-04-03,0.0445024656768
2000-04-04,0.0320619339337
2000-04-05,-0.00918700616571
2000-04-06,0.0107218697569
2000-04-07,0.0101447641064
2000-04-10,-0.0213704486818
2000-04-11,-0.0068029910528
2000-04-12,0.0330231557263
2000-04-13,-0.0048720520472
2000-04-14,0.0344055443534
2000-04-17,-0.0101770953037
2000-04-18,-0.0109913112097
2000-04-19,0.00656161863373
2000-04-20,-0.00517177802955
2000-04-24,-0.0173665916987
2000-04-25,-0.0150295766966
2000-04-26,-0.000880733113086
2000-04-27,0.00917230694144
2000-04-28,0.00530432947029
2000-05-01,0.0120443713079
2000-05-02,0.0148293597509
2000-05-03,0.0274843367014
2000-05-04,-0.015517547971
2000-05-05,0.00659108164328
2000-05-08,-0.00592324334451
2000-05-09,0.00176095199312
2000-05-10,-0.00403002630326
2000-05-11,0.0123281826188
2000-05-12,-0.00511013745844
2000-05-15,0.0209663660825
2000-05-16,-0.00102528531871
2000-05-17,0.00171872662466
2000-05-18,-0.000518262734581
2000-05-19,0.0126414368812
2000-05-22,0.0161776758775
2000-05-23,-0.00846944809587
2000-05-24,-0.0477987509352
2000-05-25,-0.0161051627605
2000-05-26,0.0113656158913
2000-05-30,0.0127219630101
2000-05-31,-0.0203777334442
2000-06-01,-0.00365568701456
2000-06-02,-0.0241715553518
2000-06-05,0.00148314996998
2000-06-06,0.00270465614603
2000-06-07,0.0183712232479
2000-06-08,-0.00499173471053
2000-06-09,0.00183561912104
2000-06-12,0.00588020396466
2000-06-13,-0.0012209327975
2000-06-14,-0.0125328426591
2000-06-15,-0.0126862424503
2000-06-16,-0.00361735144345
2000-06-19,-0.00556187016747
2000-06-20,0.0115346593845
2000-06-21,-0.00226273856264
2000-06-22,0.021765624578
2000-06-23,-0.00665213731112
2000-06-26,-0.00563661209018
2000-06-27,0.00301031221567
2000-06-28,-0.000761156864499
2000-06-29,-0.00679966519611
2000-06-30,-0.00498638125532
2000-07-03,0.0242742195394
2000-07-05,-0.015390773487
2000-07-06,0.0197592862343
2000-07-07,-0.001228879518
2000-07-10,-0.00849609444747
2000-07-11,0.0136369385103
2000-07-12,0.0135122694627
2000-07-13,0.00139788472633
2000-07-14,0.00733280043751
2000-07-17,-0.0259371086511
2000-07-18,0.00566352070478
2000-07-19,0.0115292741237
2000-07-20,-0.0147266749053
2000-07-21,-0.0176377723168
2000-07-24,-0.00410157598979
2000-07-25,0.00865767592922
2000-07-26,0.00535204558582
2000-07-27,-0.0044184161016
2000-07-28,0.0182993377425
2000-07-31,-0.00674115933801
2000-08-01,0.0181720515554
2000-08-02,0.0169778798914
2000-08-03,0.00847143630188
2000-08-04,-0.00227686349451
2000-08-07,0.0188764209115
2000-08-08,0.0103609386062
2000-08-09,0.0140485491971
2000-08-10,0.00646283880375
2000-08-11,-0.000435032318899
2000-08-14,0.0104709218288
2000-08-15,0.00773164516496
2000-08-16,0.00301493394339
2000-08-17,-0.000270645261896
2000-08-18,0.000445926718412
2000-08-21,-0.0143326387022
2000-08-22,0.00102653121478
2000-08-23,-0.00602786950212
2000-08-24,-0.00502228579491
2000-08-25,-0.00175277550613
2000-08-28,0.000141156133147
2000-08-29,0.005237916599
2000-08-30,-0.017091180745
2000-08-31,-0.0107134617212
2000-09-01,0.0121149592116
2000-09-05,0.00107953722792
2000-09-06,-0.0118300650626
2000-09-07,0.00124657559195
2000-09-08,-0.0113567163922
2000-09-11,-0.00713326004981
2000-09-12,0.0171252183532
2000-09-13,-0.00517911772515
2000-09-14,-0.00673493243466
2000-09-15,-0.0191557013152
2000-09-18,-0.00293568383401
2000-09-19,0.0118688456463
2000-09-20,0.00208091558621
2000-09-21,-0.017175037677
2000-09-22,0.00120007292289
2000-09-25,-0.0030013220678
2000-09-26,-0.0209907248159
2000-09-27,-0.00426203589006
2000-09-28,0.003482629466
2000-09-29,0.0105427354834
2000-10-02,-0.0125986829701
2000-10-03,0.00206443054078
2000-10-04,-0.015072653327
2000-10-05,-0.00915869150263
2000-10-06,0.00367257694219
2000-10-09,-0.000385187404739
2000-10-10,-0.00431277234987
2000-10-11,0.00485429606406
2000-10-12,0.0035695050488
2000-10-13,0.0216937112772
2000-10-16,-0.0158193224164
2000-10-17,-0.00975360188043
2000-10-18,-0.0228566973647
2000-10-19,0.00715279385976
2000-10-20,0.00602670685458
2000-10-23,-0.00299743090585
2000-10-24,-0.00594637054875
2000-10-25,-0.0244423297548
2000-10-26,0.00829358134113
2000-10-27,0.00040621952251
2000-10-30,0.00454450839453
2000-10-31,0.0176095748617
2000-11-01,-0.0048863164946
2000-11-02,0.00397466746987
2000-11-03,0.00402782239774
2000-11-06,-0.00281508230489
2000-11-07,0.0110367251602
2000-11-08,-0.00748165706919
2000-11-09,-0.0130169998152
2000-11-10,0.00226458717561
2000-11-13,-0.019822254012
2000-11-14,0.00865248428331
2000-11-15,-0.00644766866704
2000-11-16,-0.00311775156138
2000-11-17,-0.0166608890711
2000-11-20,0.00463856647683
2000-11-21,0.00687059898313
2000-11-22,0.00571002963731
2000-11-24,0.00196671262054
2000-11-27,0.0257990792386
2000-11-28,0.00188297282262
2000-11-29,-0.00348324456623
2000-11-30,0.00641529439961
2000-12-01,0.0248368261613
2000-12-04,-0.0336910998531
2000-12-05,0.023182109897
2000-12-06,-0.0255202871815
2000-12-07,-0.00137876868687
2000-12-08,0.0176666644727
2000-12-11,0.0202448555819
2000-12-12,0.0204879223804
2000-12-13,-0.00238930382938
2000-12-14,-0.000905496501346
2000-12-15,-0.0105223687909
2000-12-18,-0.00722312723635
2000-12-19,0.00243416093956
2000-12-20,-0.0308612654507
2000-12-21,0.0150159312966
2000-12-22,0.0124353052844
2000-12-26,0.00770485615077
2000-12-27,-0.00228544132344
2000-12-28,-0.00696237368596
2000-12-29,0.0173994855596
2001-01-02,0.01033145148
2001-01-03,0.00928738096401
2001-01-04,0.00345185516487
2001-01-05,0.00149867104244
2001-01-08,0.00129680051162
2001-01-09,0.0062472631183
2001-01-10,0.00827867264384
2001-01-11,0.00644165325714
2001-01-12,0.00201354325056
2001-01-16,-0.0063053107614
2001-01-17,-0.0136259720545
2001-01-18,0.00572532260797
2001-01-19,0.00333841519077
2001-01-22,0.01817984252
2001-01-23,0.0106477205384
2001-01-24,0.0144655981315
2001-01-25,0.0144884395706
2001-01-26,0.000989906486817
2001-01-29,-0.0196327996167
2001-01-30,0.00801083003951
2001-01-31,-0.0072219117374
2001-02-01,0.0042924100286
2001-02-02,0.0240138527171
2001-02-05,0.000927212608968
2001-02-06,0.00510974159042
2001-02-07,0.00709879196403
2001-02-08,0.00328375567711
2001-02-09,0.00732359697689
2001-02-12,0.0043110767127
2001-02-13,-0.00963991327445
2001-02-14,0.00680927515884
2001-02-15,-0.010208193302
2001-02-16,-0.0273469879023
2001-02-20,-0.0127644279968
2001-02-21,-0.0168051609091
2001-02-22,-0.00243770705808
2001-02-23,-0.000552364559796
2001-02-26,-0.00199141988802
2001-02-27,0.0020069104623
2001-02-28,0.00759463791095
2001-03-01,0.00437926528762
2001-03-02,0.00455107089712
2001-03-05,0.00341246095936
2001-03-06,0.0164383212078
2001-03-07,0.00942372944725
2001-03-08,-0.0063504977953
2001-03-09,0.00890675267929
2001-03-12,-0.00231360486667
2001-03-13,-0.00112456728905
2001-03-14,-0.0146760063543
2001-03-15,0.022618667711
2001-03-16,-0.016836035695
2001-03-19,0.0137330961139
2001-03-20,-0.00487094514322
2001-03-21,-0.01561508728
2001-03-22,-0.0151055155097
2001-03-23,0.0286640894262
2001-03-26,0.0102403190676
2001-03-27,0.00595615882374
2001-03-28,-0.0191753478863
2001-03-29,0.000165683653834
2001-03-30,0.00437420886073
2001-04-02,0.0152266511275
2001-04-03,-0.0114730484829
2001-04-04,0.00183375278603
2001-04-05,0.0247507171179
2001-04-06,-0.0295316117768
2001-04-09,-0.00158417117989
2001-04-10,0.0128966640488
2001-04-11,0.00205183738381
2001-04-12,0.00181512098307
2001-04-16,-0.00493282984377
2001-04-17,-0.0137411568601
2001-04-18,0.0340849378274
2001-04-19,0.000576319086308
2001-04-20,-0.000936737623667
2001-04-23,0.00030701405729
2001-04-24,-0.00128100432495
2001-04-25,-0.00959766887013
2001-04-26,0.00185574683381
2001-04-27,0.00414347620821
2001-04-30,-0.00312329578462
2001-05-01,-0.00217102128885
2001-05-02,0.000648256707849
2001-05-03,0.00999095003235
2001-05-04,-0.00175072130752
2001-05-07,-0.00354970251219
2001-05-08,-0.000998326159983
2001-05-09,-0.000395616216643
2001-05-10,0.00197842322006
2001-05-11,-0.0087638984966
2001-05-14,0.00300568167585
2001-05-15,0.00779051861498
2001-05-16,0.000301386638935
2001-05-17,-0.0122012769006
2001-05-18,-0.00255792912506
2001-05-21,-0.0208903727735
2001-05-22,0.00457800386567
2001-05-23,-0.00371153484594
2001-05-24,-0.00161420667869
2001-05-25,0.001161104903
2001-05-29,0.00468965445173
2001-05-30,0.0171649076904
2001-05-31,-0.00389897331867
2001-06-01,0.0120284861005
2001-06-04,-0.000523544989412
2001-06-05,-0.0136052010893
2001-06-06,-0.00575246308704
2001-06-07,0.00243454197861
2001-06-08,0.000885522458019
2001-06-11,-0.00791675190299
2001-06-12,0.00730785288633
2001-06-13,-0.00737731905769
2001-06-14,-0.0231975507453
2001-06-15,0.0147426384367
2001-06-18,-0.0064464035562
2001-06-19,-0.00300625910024
2001-06-20,-0.00328222165346
2001-06-21,-0.00671183218736
2001-06-22,0.00523630046553
2001-06-25,-0.00744376567437
2001-06-26,0.0147670735226
2001-06-27,-0.00815644995073
2001-06-28,0.00211202054408
2001-06-29,-0.00640087156328
2001-07-02,-0.00655322910365
2001-07-03,0.000105732956144
2001-07-05,-0.000974015795745
2001-07-06,-0.0014894216865
2001-07-09,-0.00843185424599
2001-07-10,0.00274005858442
2001-07-11,-0.0012069923382
2001-07-12,-0.00339251912855
2001-07-13,0.00361749086023
2001-07-16,-0.0184227898865
2001-07-17,-0.00637071362032
2001-07-18,0.0187206226999
2001-07-19,-0.00175750930413
2001-07-20,-0.00466095595093
2001-07-23,0.00139228351009
2001-07-24,0.0147473184893
2001-07-25,-0.0125124269842
2001-07-26,0.00768804565187
2001-07-27,0.00210650359704
2001-07-30,-0.00493008261023
2001-07-31,-0.00708737765187
2001-08-01,0.00932656175288
2001-08-02,-0.000617392706369
2001-08-03,-0.0033457553638
2001-08-06,-0.000479090186006
2001-08-07,0.00823782401674
2001-08-08,0.0103968943552
2001-08-09,0.0046408365341
2001-08-10,-0.00818698543598
2001-08-13,0.00164265077522
2001-08-14,0.00933200359684
2001-08-15,0.00275090150355
2001-08-16,-0.000179837180855
2001-08-17,-0.00793129477025
2001-08-20,0.00265360522577
2001-08-21,0.00112684460105
2001-08-22,0.00421883801461
2001-08-23,-0.00858990982416
2001-08-24,0.00593055558862
2001-08-27,-0.00274080987147
2001-08-28,0.00176224177307
2001-08-29,-0.0151856285934
2001-08-30,-0.0101864406588
2001-08-31,0.00145048721929
2001-09-04,-0.00503416959707
2001-09-05,-0.00310621412265
2001-09-06,-0.0126341927162
2001-09-07,-0.00303465068539
2001-09-10,0.0105195124771
2001-09-17,-0.0628085690137
2001-09-18,0.01527717174
2001-09-19,-0.0133529632466
2001-09-20,-0.0101789556237
2001-09-21,0.0262412784183
2001-09-24,0.00589549598183
2001-09-25,0.0184016565035
2001-09-26,0.0209190889611
2001-09-27,-0.0140399347823
2001-09-28,0.0104966638956
2001-10-01,-0.00536189519724
2001-10-02,0.0159583986393
2001-10-03,0.00937082156614
2001-10-04,0.00900593966613
2001-10-05,-0.00172530811926
2001-10-08,-0.00512296353418
2001-10-09,-0.0163642112246
2001-10-10,0.0163337897033
2001-10-11,0.00993757495378
2001-10-12,0.00640059107172
2001-10-15,-0.0141532797259
2001-10-16,-0.00447581399756
2001-10-17,0.00629630884877
2001-10-18,-0.0166520811981
2001-10-19,0.0091406105046
2001-10-22,0.00425019847543
2001-10-23,0.0107926061779
2001-10-24,0.00164851452571
2001-10-25,0.0039123698663
2001-10-26,-0.00690691782549
2001-10-29,0.00309103895146
2001-10-30,0.00175083145799
2001-10-31,0.0128275127586
2001-11-01,-0.0111780628354
2001-11-02,0.00034020115832
2001-11-05,0.0126843989025
2001-11-06,-0.00135891639825
2001-11-07,0.00704318808947
2001-11-08,-0.0130971112162
2001-11-09,-0.000751846611402
2001-11-12,0.00348076705996
2001-11-13,0.00668882037571
2001-11-14,-0.00122994334708
2001-11-15,0.00609173218575
2001-11-16,0.00907028851658
2001-11-19,0.000648940793934
2001-11-20,0.000848624485889
2001-11-21,-0.00682250594095
2001-11-23,-0.00339592569588
2001-11-26,-0.00284154770785
2001-11-27,0.000526679572441
2001-11-28,0.00596552118177
2001-11-29,-0.000161357312147
2001-11-30,-0.00725532107315
2001-12-03,-0.00231473103715
2001-12-04,-0.000474436688537
2001-12-05,0.00779430502798
2001-12-06,-0.00329021164884
2001-12-07,-0.00320636366275
2001-12-10,0.00812228128885
2001-12-11,0.00331762553919
2001-12-12,0.00922637720373
2001-12-13,0.0127497242829
2001-12-14,-0.000205609771885
2001-12-17,-0.00208247050225
2001-12-18,0.00716461828875
2001-12-19,0.0108582703657
2001-12-20,-0.0119799966176
2001-12-21,0.00886474529104
2001-12-24,-0.000935468004792
2001-12-26,0.00194379778464
2001-12-27,-0.00625623702266
2001-12-28,0.00115794289257
2001-12-31,-0.00455772299392
2002-01-02,-0.00809420860567
2002-01-03,-0.0135929685456
2002-01-04,-0.00240936794594
2002-01-07,-0.00100703813684
2002-01-08,0.00855814764936
2002-01-09,0.00824145177419
2002-01-10,-0.0048503832782
2002-01-11,-0.00113307228059
2002-01-14,-0.0017591502095
2002-01-15,-0.00226313859097
2002-01-16,-0.00974410831667
2002-01-17,0.00116683628521
2002-01-18,0.00232648893644
2002-01-22,-0.000867228644203
2002-01-23,0.00488836066803
2002-01-24,-0.000425649975371
2002-01-25,0.00458090546024
2002-01-28,-0.00335174435074
2002-01-29,-0.00704910756712
2002-01-30,0.00117161909176
2002-01-31,-0.00318593189496
2002-02-01,-0.00370801815187
2002-02-04,-0.0130015108437
2002-02-05,-0.0173430227344
2002-02-06,0.00148065277788
2002-02-07,-0.00408753987112
2002-02-08,0.00717097559857
2002-02-11,0.00314448110779
2002-02-12,0.00513684854
2002-02-13,-0.00017539298434
2002-02-14,-0.000718930262369
2002-02-15,-0.00301577500611
2002-02-19,-0.00697072479775
2002-02-20,0.00690827459546
2002-02-21,-0.0018191684886
2002-02-22,-0.0113270757712
2002-02-25,-0.00397197596462
2002-02-26,0.000384210914945
2002-02-27,-0.000770197749551
2002-02-28,0.00305558628938
2002-03-01,0.00584875150691
2002-03-04,-0.00899971379701
2002-03-05,0.00555484841762
2002-03-06,-0.00133792515481
2002-03-07,0.00551102707894
2002-03-08,0.00226689904343
2002-03-11,-0.000271087000996
2002-03-12,-0.00577815895395
2002-03-13,-0.000485139091375
2002-03-14,0.00150640209936
2002-03-15,-0.00842401198107
2002-03-18,-0.0109669422902
2002-03-19,-0.00379080226927
2002-03-20,0.00363373731816
2002-03-21,0.0205518359709
2002-03-22,-0.00204966527623
2002-03-25,-0.0046597149164
2002-03-26,0.00413446341677
2002-03-27,0.00548322856239
2002-03-28,0.00195847750498
2002-04-01,-0.00145565653181
2002-04-02,-0.00026146119854
2002-04-03,0.00230721304657
2002-04-04,0.00252927200758
2002-04-05,0.00201234757562
2002-04-08,-0.00961725805099
2002-04-09,-0.00371445856944
2002-04-10,0.00835161979501
2002-04-11,-0.00361529256108
2002-04-12,0.00293649226816
2002-04-15,-0.0062383299503
2002-04-16,0.00350227844406
2002-04-17,-0.0126241545781
2002-04-18,0.00435454441039
2002-04-19,0.0105224048772
2002-04-22,0.00445838028418
2002-04-23,0.00770921391107
2002-04-24,0.00595060841518
2002-04-25,-0.010259465194
2002-04-26,-0.00148315074397
2002-04-29,-0.00183969120418
2002-04-30,0.00017006024055
2002-05-01,0.00130842978756
2002-05-02,-0.00775325766984
2002-05-03,-0.00643517840701
2002-05-06,-0.00394052244197
2002-05-07,-0.00235571123909
2002-05-08,0.00847831700874
2002-05-09,-0.010403334969
2002-05-10,-0.00489840606618
2002-05-13,0.00115473663958
2002-05-14,0.00954773053824
2002-05-15,0.00257355253292
2002-05-16,-0.00373145703624
2002-05-17,-0.00212145172176
2002-05-20,0.000757067830387
2002-05-21,0.00660587949948
2002-05-22,-0.008539388467
2002-05-23,-0.00179363058838
2002-05-24,-0.00696363650279
2002-05-28,-0.00679043355337
2002-05-29,0.000875688713946
2002-05-30,-4.17944402374e-05
2002-05-31,0.00142118525618
2002-06-03,-0.00943332148404
2002-06-04,-0.00519263911608
2002-06-05,-0.000396640601642
2002-06-06,-0.0117208980433
2002-06-07,-0.000236781979881
2002-06-10,0.00814403976202
2002-06-11,-0.0197164795425
2002-06-12,0.00111459432995
2002-06-13,-0.00831857932493
2002-06-14,0.0181742480707
2002-06-17,0.0116766527582
2002-06-18,0.00192927652433
2002-06-19,-0.00939345775318
2002-06-20,0.00518291888447
2002-06-21,-0.00901648221586
2002-06-24,-0.00310910358392
2002-06-25,0.00335521929451
2002-06-26,-0.00298440426092
2002-06-27,-0.00157985809745
2002-06-28,-0.00129597282629
2002-07-01,-0.00783245984534
2002-07-02,-0.0109430197851
2002-07-03,0.00455620425361
2002-07-05,0.011279448737
2002-07-08,0.00839561278628
2002-07-09,-0.0116885147698
2002-07-10,0.0107153852435
2002-07-11,0.00100851968293
2002-07-12,-0.00861496664983
2002-07-15,0.0107243379973
2002-07-16,-0.00822657874943
2002-07-17,0.0018936312934
2002-07-18,0.00671196773963
2002-07-19,-0.0194708956001
2002-07-22,0.0312230033339
2002-07-23,0.0208102139104
2002-07-24,0.0182533419393
2002-07-25,0.00839828007454
2002-07-26,0.00515821695206
2002-07-29,0.010453133498
2002-07-30,-0.0244482073996
2002-07-31,-0.00631491217791
2002-08-01,-0.0195784064
2002-08-02,0.00481503841391
2002-08-05,-0.0136870401292
2002-08-06,-0.00485176910285
2002-08-07,0.000454583729371
2002-08-08,0.0199182168013
2002-08-09,0.0253335701124
2002-08-12,-0.00124304416973
2002-08-13,0.00620814694743
2002-08-14,0.00909550695602
2002-08-15,0.00467612585699
2002-08-16,0.00994926344708
2002-08-19,0.0164095792817
2002-08-20,0.000155571249001
2002-08-21,0.00267278073406
2002-08-22,0.0069632969506
2002-08-23,0.00766848223769
2002-08-26,-0.00738877106586
2002-08-27,-0.000456578348114
2002-08-28,-0.000439179653602
2002-08-29,-0.0151565721562
2002-08-30,0.0122319286445
2002-09-03,0.00435988092331
2002-09-04,-0.00378942729285
2002-09-05,-0.0131612502961
2002-09-06,0.0129309736861
2002-09-09,-0.00135050199565
2002-09-10,0.0160075143748
2002-09-11,-0.00892062446788
2002-09-12,-0.00933520223254
2002-09-13,-0.000854298452412
2002-09-16,3.04136375363e-05
2002-09-17,0.000967166064925
2002-09-18,-0.0110449149716
2002-09-19,-0.00611866428891
2002-09-20,0.0050639597068
2002-09-23,-0.0096819019582
2002-09-24,0.00394471581783
2002-09-25,0.016619179854
2002-09-26,-0.00687747365551
2002-09-27,-0.0036737525181
2002-09-30,0.00158751009267
2002-10-01,0.00789938283481
2002-10-02,-0.000158493175303
2002-10-03,-0.0165030865122
2002-10-04,-0.0155951754375
2002-10-07,0.00549745752202
2002-10-08,-0.00371892134262
2002-10-09,-0.00542161862874
2002-10-10,0.0277180166298
2002-10-11,0.0303268762542
2002-10-14,0.0110594294062
2002-10-15,0.00131497976065
2002-10-16,-0.00301835477205
2002-10-17,0.00373360131591
2002-10-18,0.00992717492548
2002-10-21,0.0042028633395
2002-10-22,0.0276851600928
2002-10-23,0.000242169745848
2002-10-24,0.0100782102068
2002-10-25,-0.00292853604865
2002-10-28,0.00429469183039
2002-10-29,0.0107641391542
2002-10-30,0.000994716144066
2002-10-31,0.0136512902617
2002-11-01,-0.00401764118177
2002-11-04,-0.00687282630269
2002-11-05,0.0110827451214
2002-11-06,0.00614446959597
2002-11-07,-0.0121896341326
2002-11-08,-0.00889238822129
2002-11-11,0.00918568880358
2002-11-12,0.0184281588761
2002-11-13,0.0121092491022
2002-11-14,0.00891763043723
2002-11-15,0.0102533409153
2002-11-18,-0.00490464373758
2002-11-19,-0.00727902348683
2002-11-20,0.0173784144657
2002-11-21,0.00589200175614
2002-11-22,-0.000820484566782
2002-11-25,0.00599663244576
2002-11-26,-0.0176441593734
2002-11-27,0.00829144027331
2002-11-29,-0.0139426262755
2002-12-02,0.00629936258379
2002-12-03,0.00499280592772
2002-12-04,0.0101517607183
2002-12-05,-0.00467060674904
2002-12-06,0.0039111777753
2002-12-09,0.00237516287926
2002-12-10,0.00601573633622
2002-12-11,-0.00079928433783
2002-12-12,-0.00693508950721
2002-12-13,0.00252755935505
2002-12-16,0.00585241652324
2002-12-17,0.000398393386261
2002-12-18,-0.00920216840499
2002-12-19,-0.0032958394984
2002-12-20,0.002420977642
2002-12-23,-0.00252633496139
2002-12-24,0.00492716545858
2002-12-26,0.000136172966482
2002-12-27,-0.00688334741568
2002-12-30,0.00702797543617
2002-12-31,0.0154103819857
2003-01-02,-0.00218209388475
2003-01-03,-0.00121236807481
2003-01-06,0.000864170859438
2003-01-07,-0.000637504069191
2003-01-08,-0.0117823137077
2003-01-09,0.0113422683204
2003-01-10,-0.00498040244166
2003-01-13,0.00536438637299
2003-01-14,-8.8635903793e-05
2003-01-15,0.00265858194227
2003-01-16,0.00128895326211
2003-01-17,-0.00191532366349
2003-01-21,-0.00928471704915
2003-01-22,-0.001951370899
2003-01-23,0.0109399222702
2003-01-24,-0.00390664922023
2003-01-27,-0.00477418747671
2003-01-28,-0.00392588072934
2003-01-29,-0.0086035789572
2003-01-30,0.00506672537946
2003-01-31,0.0139404231268
2003-02-03,0.00424170589699
2003-02-04,-0.00805995080159
2003-02-05,-0.000122988162252
2003-02-06,-0.00297390208223
2003-02-07,-0.00427269908626
2003-02-10,-0.000876369563168
2003-02-11,-0.00419722066993
2003-02-12,0.00426640299519
2003-02-13,0.00755573682628
2003-02-14,-0.0112560770355
2003-02-18,-0.00136513365378
2003-02-19,0.00601022324727
2003-02-20,-0.00887378969095
2003-02-21,0.00104839709905
2003-02-24,0.00136371278233
2003-02-25,0.00111130802814
2003-02-26,0.00338645132387
2003-02-27,-0.00314304412029
2003-02-28,-0.00854764647335
2003-03-03,0.00610438571688
2003-03-04,0.0105254155343
2003-03-05,-0.00680913859734
2003-03-06,-3.84220979658e-05
2003-03-07,-0.00596750405182
2003-03-10,-0.00397764122177
2003-03-11,0.00383717646761
2003-03-12,0.00904535707845
2003-03-13,-0.0145911951702
2003-03-14,0.00701427938983
2003-03-17,0.00966699411888
2003-03-18,-0.00249678012005
2003-03-19,-0.00595227048155
2003-03-20,-0.00957111230214
2003-03-21,0.00280183766862
2003-03-24,0.00681585121284
2003-03-25,0.00296817928243
2003-03-26,0.00689401291688
2003-03-27,-0.00694364298723
2003-03-28,-0.00261214662648
2003-03-31,0.000595192486889
2003-04-01,0.00480466697928
2003-04-02,0.00212989851416
2003-04-03,0.0030432603116
2003-04-04,0.000152377440729
2003-04-07,0.00348588003164
2003-04-08,-0.000279627723505
2003-04-09,-4.55455153623e-05
2003-04-10,0.00159178915323
2003-04-11,0.000470456456681
2003-04-14,6.33876488205e-05
2003-04-15,-0.00157488938826
2003-04-16,0.00947868388109
2003-04-17,0.00158829677677
2003-04-21,-0.00155439168485
2003-04-22,0.00337064338107
2003-04-23,-0.0202311246567
2003-04-24,-0.00539707797319
2003-04-25,-0.00225761496225
2003-04-28,-0.00918690588104
2003-04-29,-0.000512207868753
2003-04-30,-0.000129985622743
2003-05-01,0.0152191880745
2003-05-02,0.00757852101347
2003-05-05,0.00663375432182
2003-05-06,0.00492670297705
2003-05-07,-0.00256085783602
2003-05-08,-0.00469914426745
2003-05-09,0.000654447716344
2003-05-12,-0.000321309429827
2003-05-13,-0.00696042025915
2003-05-14,0.000280174388774
2003-05-15,0.00678884884729
2003-05-16,0.000232058352585
2003-05-19,-0.00385884495745
2003-05-20,-0.00724789837886
2003-05-21,-0.00988227633367
2003-05-22,0.00417290678441
2003-05-23,-0.00528569044504
2003-05-27,0.00488751045529
2003-05-28,-0.000346132104216
2003-05-29,0.00551770327523
2003-05-30,-0.00256054837444
2003-06-02,-0.0111521740879
2003-06-03,-0.000327486498181
2003-06-04,-0.00637706039301
2003-06-05,-0.00537786754264
2003-06-06,-9.02210800634e-05
2003-06-09,-0.00172798221829
2003-06-10,0.00854112181042
2003-06-11,0.00336369880297
2003-06-12,-0.00417886559826
2003-06-13,-0.0084502511369
2003-06-16,-0.00505516462714
2003-06-17,-0.00240320252726
2003-06-18,0.00450541246825
2003-06-19,0.00597896467245
2003-06-20,-0.00835899561255
2003-06-23,-0.00171522176533
2003-06-24,0.00745837120552
2003-06-25,0.0084630747033
2003-06-26,0.00123725301643
2003-06-27,0.0081155422313
2003-06-30,0.00614140451006
2003-07-01,0.00405100306648
2003-07-02,-0.0111770915823
2003-07-03,-0.0035040289765
2003-07-07,-0.00644647699529
2003-07-08,0.0032163787003
2003-07-09,-0.000735370072492
2003-07-10,0.00897071711903
2003-07-11,0.0015244341828
2003-07-14,0.00327534205314
2003-07-15,-0.00116499436254
2003-07-16,-0.00565650829952
2003-07-17,-0.01413253499
2003-07-18,-0.00902519164809
2003-07-21,-0.00499659538923
2003-07-22,0.00309715800435
2003-07-23,-0.00326041061577
2003-07-24,-0.00244754445927
2003-07-25,-0.0123582271953
2003-07-28,-0.008199651014
2003-07-29,-0.00134372660729
2003-07-30,0.00917367763656
2003-07-31,-0.0053322063267
2003-08-01,-0.00185600789836
2003-08-04,0.00152702223213
2003-08-05,0.00188771469038
2003-08-06,0.00682972426105
2003-08-07,0.0183007487365
2003-08-08,0.00913092717412
2003-08-11,0.00357237229868
2003-08-12,0.00798515046614
2003-08-13,0.00250471640179
2003-08-14,-0.00319234603566
2003-08-15,-0.00246161301499
2003-08-18,-0.0108074829076
2003-08-19,0.00188585595652
2003-08-20,0.00722589734778
2003-08-21,-0.00922667202198
2003-08-22,-0.00206326377562
2003-08-25,-0.000863855167611
2003-08-26,0.0079158784256
2003-08-27,-0.00790393166335
2003-08-28,-0.00408349406287
2003-08-29,-0.00233402208307
2003-09-02,0.00446210047034
2003-09-03,0.00408086032226
2003-09-04,0.00323415376084
2003-09-05,0.00235751775298
2003-09-08,-0.00991517418253
2003-09-09,0.00330063726842
2003-09-10,-0.00127011989253
2003-09-11,0.00254957009097
2003-09-12,0.00504549566678
2003-09-15,0.0108946140621
2003-09-16,-0.00271320685885
2003-09-17,0.000477832244776
2003-09-18,-0.0014072658598
2003-09-19,-0.00342429098602
2003-09-22,-0.000253220243774
2003-09-23,-0.00260605963641
2003-09-24,-0.00838652635814
2003-09-25,-0.00162264730419
2003-09-26,-0.00570552459007
2003-09-29,0.0036706062046
2003-09-30,0.00229928924169
2003-10-01,0.00384016994888
2003-10-02,0.0043322284003
2003-10-03,-0.00433378596379
2003-10-06,0.00156851965526
2003-10-07,0.0124877619896
2003-10-08,0.000500747370994
2003-10-09,2.57462587899e-05
2003-10-10,0.00394590956303
2003-10-13,-0.00405774162263
2003-10-14,-0.00280230094592
2003-10-15,0.0035667779094
2003-10-16,-0.00139442831461
2003-10-17,-0.0017312973439
2003-10-20,-0.0028137327848
2003-10-21,0.00774007959436
2003-10-22,-0.00691595683872
2003-10-23,0.00205972867149
2003-10-24,-0.00569368021148
2003-10-27,-0.00876294084388
2003-10-28,0.00207600950437
2003-10-29,-0.00207270080098
2003-10-30,-0.00394099687233
2003-10-31,0.0029274130463
2003-11-03,0.00276233191417
2003-11-04,-0.00950863522283
2003-11-05,0.00260115639821
2003-11-06,0.00255751936845
2003-11-07,-0.00396296811338
2003-11-10,0.000436939376982
2003-11-11,-0.000509230600806
2003-11-12,-0.00219751242413
2003-11-13,-0.0065764465666
2003-11-14,-0.00377627618207
2003-11-17,-0.0043712125559
2003-11-18,-0.00367909053502
2003-11-19,-0.00572085798061
2003-11-20,-0.000399747470362
2003-11-21,0.000947892933899
2003-11-24,-0.00299246937816
2003-11-25,-0.00304822576237
2003-11-26,-0.00154657954219
2003-11-28,-0.00533305560738
2003-12-01,0.00396660350278
2003-12-02,-0.00186717170177
2003-12-03,-0.00608608775306
2003-12-04,0.0096164357655
2003-12-05,0.00522085030268
2003-12-08,-0.000569225478635
2003-12-09,-0.00333535998903
2003-12-10,0.00320370341124
2003-12-11,-0.000106956880221
2003-12-12,-0.000505998574026
2003-12-15,-0.00523716480989
2003-12-16,0.00265791663029
2003-12-17,-0.0016767574683
2003-12-18,-0.00174054943514
2003-12-19,-0.00368549709108
2003-12-22,-0.00563523325248
2003-12-23,0.00604475172801
2003-12-24,-0.00363942845177
2003-12-26,0.000260598048171
2003-12-29,-0.00119831716724
2003-12-30,-0.00235303644262
2003-12-31,0.00148542825132
2004-01-02,-0.00818691551198
2004-01-05,0.00338009919397
2004-01-06,0.000742619122733
2004-01-07,-0.011118712035
2004-01-08,-0.000764306048139
2004-01-09,0.00219658631443
2004-01-12,0.00467627493623
2004-01-13,-0.00548783395741
2004-01-14,-0.00600761553515
2004-01-15,0.00299136616641
2004-01-16,-0.00591622968675
2004-01-20,0.00334174520971
2004-01-21,-0.000407992936561
2004-01-22,-0.015526764972
2004-01-23,-0.00692884237754
2004-01-26,0.00429248544077
2004-01-27,-0.00486326657062
2004-01-28,0.00638674831606
2004-01-29,-0.0130906303907
2004-01-30,-0.00204249419323
2004-02-02,0.003703035083
2004-02-03,0.0111570752992
2004-02-04,0.00704465766028
2004-02-05,0.0050985642794
2004-02-06,-0.00995132611707
2004-02-09,0.00636445096713
2004-02-10,0.00256089496411
2004-02-11,-0.00579005976076
2004-02-12,0.00319797373249
2004-02-13,-0.00106478764974
2004-02-17,-0.00178058034563
2004-02-18,0.000137332955909
2004-02-19,-0.002665754511
2004-02-20,-0.000464053091889
2004-02-23,-0.0033924907143
2004-02-24,8.18836423696e-05
2004-02-25,-0.00012773306162
2004-02-26,0.00327140883437
2004-02-27,0.00330861018805
2004-03-01,-0.00486751615544
2004-03-02,0.00815520725326
2004-03-03,-0.00118504990558
2004-03-04,0.00368039353478
2004-03-05,-0.00324694193527
2004-03-08,0.00134774911058
2004-03-09,-0.00350083586867
2004-03-10,-0.00297411070193
2004-03-11,-0.00866256820848
2004-03-12,0.00205047644013
2004-03-15,-0.0165852588569
2004-03-16,-0.000282004109913
2004-03-17,0.0139351171631
2004-03-18,0.00568868775988
2004-03-19,0.00118499368043
2004-03-22,-0.00277602797403
2004-03-23,-0.00154747735144
2004-03-24,-0.00237342812644
2004-03-25,0.00200596968564
2004-03-26,0.00455211323266
2004-03-29,0.0103104959347
2004-03-30,-0.00121117848399
2004-03-31,-0.00625033200097
2004-04-01,0.00122864601221
2004-04-02,0.000543758636294
2004-04-05,0.00232457220505
2004-04-06,-0.00831571719801
2004-04-07,0.00142640076948
2004-04-08,0.00116680098701
2004-04-12,0.00101809227663
2004-04-13,-0.00104066707815
2004-04-14,-0.00673436104594
2004-04-15,-0.00386782024373
2004-04-16,0.00159002139845
2004-04-19,-0.0069540294624
2004-04-20,0.00580885687751
2004-04-21,-0.0043034175133
2004-04-22,0.00578859310768
2004-04-23,0.00091712912574
2004-04-26,-0.00334583225671
2004-04-27,-0.00475515026864
2004-04-28,0.0144736619267
2004-04-29,-0.0111444650658
2004-04-30,0.00268527841873
2004-05-03,-0.000837061078556
2004-05-04,-0.00815357882123
2004-05-05,-0.00137007850348
2004-05-06,-0.000462077091828
2004-05-07,-0.00241288373125
2004-05-10,0.00684679764888
2004-05-11,0.000114269123213
2004-05-12,-0.00425198324414
2004-05-13,-0.00867743317748
2004-05-14,0.00799568826982
2004-05-17,-0.00409055237946
2004-05-18,-0.0105154354639
2004-05-19,-0.00592182102017
2004-05-20,-0.0012253997598
2004-05-21,-0.00356188175332
2004-05-24,-0.00315573343326
2004-05-25,0.00548771722206
2004-05-26,0.00175895879139
2004-05-27,0.00859799448834
2004-05-28,0.00528569344669
2004-06-01,0.0010649689774
2004-06-02,0.00738966214762
2004-06-03,0.00488735595017
2004-06-04,0.00326885274502
2004-06-07,0.00297808358322
2004-06-08,0.0027386596239
2004-06-09,0.00636867752083
2004-06-10,0.00595938037964
2004-06-14,-0.00194224965069
2004-06-15,0.00234872409068
2004-06-16,-0.0053092297132
2004-06-17,0.00123000969961
2004-06-18,-0.000719825752023
2004-06-21,0.00486547338647
2004-06-22,0.00306460184326
2004-06-23,-0.0099618708468
2004-06-24,0.00139684417246
2004-06-25,-0.00282902589444
2004-06-28,0.00655326249746
2004-06-29,-0.00742687456837
2004-06-30,-0.0035937129868
2004-07-01,0.00168643234492
2004-07-02,0.00245311820788
2004-07-06,0.0034913882327
2004-07-07,0.00294819999735
2004-07-08,-0.00704803000311
2004-07-09,-0.00222162242799
2004-07-12,-0.00212632232233
2004-07-13,0.00361099229482
2004-07-14,0.0036751101557
2004-07-15,-0.0115080144843
2004-07-16,-0.0150652622759
2004-07-19,-0.00046383524013
2004-07-20,0.00769236942995
2004-07-21,0.00733734158313
2004-07-22,-0.00869163618645
2004-07-23,0.00345379524196
2004-07-26,-0.00543169843867
2004-07-27,0.0047769898177
2004-07-28,-0.00316923792607
2004-07-29,0.0103551934662
2004-07-30,0.00975353183544
2004-08-02,0.00338027525945
2004-08-03,0.000873250759423
2004-08-04,-0.000907537239799
2004-08-05,0.000417079942097
2004-08-06,0.00673219579915
2004-08-09,-8.21507581085e-05
2004-08-10,0.00336792704392
2004-08-11,-0.00340949189698
2004-08-12,-0.00988656105925
2004-08-13,-0.00749892752504
2004-08-16,0.00610725211211
2004-08-17,0.00596227174048
2004-08-18,0.00868735173976
2004-08-19,0.00825804111096
2004-08-20,-0.00562097000645
2004-08-23,0.00503323042863
2004-08-24,-0.00164074170298
2004-08-25,-0.00447508967767
2004-08-26,-0.00923330795958
2004-08-27,0.000695689724125
2004-08-30,0.00414271804111
2004-08-31,-0.000182836752511
2004-09-01,-0.00176826912127
2004-09-02,0.00354823427453
2004-09-03,-0.00248285820594
2004-09-07,0.00770502132062
2004-09-08,-0.00136404351901
2004-09-09,0.00438790899523
2004-09-10,0.00117163688867
2004-09-13,0.00261189180641
2004-09-14,-0.000975640225179
2004-09-15,-0.00130579590796
2004-09-16,-0.00146531721679
2004-09-17,-0.00225514119252
2004-09-20,0.00925758894332
2004-09-21,-0.00450552983209
2004-09-22,-0.00642410151548
2004-09-23,0.00234421093221
2004-09-24,-0.0016011716996
2004-09-27,0.0047519211221
2004-09-28,2.60764732197e-05
2004-09-29,-0.00184091097922
2004-09-30,0.00723920106451
2004-10-01,-0.000154218995948
2004-10-04,-0.0105409332997
2004-10-05,-0.00821870412354
2004-10-06,-0.00442856804949
2004-10-07,-0.00471523944443
2004-10-08,0.00224793015751
2004-10-11,-0.00631160485396
2004-10-12,0.00498119953361
2004-10-13,0.00246925997701
2004-10-14,-0.00731230861069
2004-10-15,0.00146901776561
2004-10-18,0.0041782715937
2004-10-19,-0.00646713974914
2004-10-20,0.00338477271724
2004-10-21,0.006918730881
2004-10-22,0.00393187886547
2004-10-25,0.0096051764439
2004-10-26,0.00254518476938
2004-10-27,-0.00455459313773
2004-10-28,0.00437101778887
2004-10-29,-0.0067149424657
2004-11-01,0.00334317087382
2004-11-02,-0.00868872002739
2004-11-03,0.00378097443066
2004-11-04,-0.0154606772641
2004-11-05,0.0106474451608
2004-11-08,-0.00434851896612
2004-11-09,-0.00222376674991
2004-11-10,-0.0018389349132
2004-11-11,-0.0030744670941
2004-11-12,-0.00994946368788
2004-11-15,-0.0024012387909
2004-11-16,3.4342208362e-05
2004-11-17,1.9049115189e-05
2004-11-18,-0.00344299833027
2004-11-19,0.00194854420332
2004-11-22,0.00383719866941
2004-11-23,0.000388620140272
2004-11-24,-0.00360983963573
2004-11-26,0.00264775543561
2004-11-29,-0.00793098625869
2004-11-30,-0.00573512750839
2004-12-01,-0.00180908689018
2004-12-02,0.0036411684819
2004-12-03,-0.00163684185417
2004-12-06,-0.00348211799939
2004-12-07,-0.00322262566243
2004-12-08,-0.00535062025175
2004-12-09,-0.00168961400463
2004-12-10,-0.00069592620158
2004-12-13,0.00990789342197
2004-12-14,-0.00292855372929
2004-12-15,0.000473792495353
2004-12-16,0.00347522399823
2004-12-17,-0.0103776963256
2004-12-20,0.000682923358355
2004-12-21,0.00399635124552
2004-12-22,0.00274995920866
2004-12-23,-0.00233051298639
2004-12-27,0.00181972048968
2004-12-28,0.00138743395143
2004-12-29,0.000859496366805
2004-12-30,0.00433708165669
2004-12-31,0.00135754157546
2005-01-03,0.00179139238783
2005-01-04,-0.000553347580442
2005-01-05,-0.00521325712941
2005-01-06,0.00391479743497
2005-01-07,-0.00157723710369
2005-01-10,0.00233114292465
2005-01-11,-0.00300494385003
2005-01-12,0.00106944875528
2005-01-13,0.00474992870845
2005-01-14,0.00204666696582
2005-01-18,-0.00640355864588
2005-01-19,0.00309156503769
2005-01-20,-0.00178760614272
2005-01-21,0.00118477855165
2005-01-24,0.00795719025976
2005-01-25,0.000960064153673
2005-01-26,-0.00364493232575
2005-01-27,0.00896808539425
2005-01-28,0.00845542969755
2005-01-31,-0.00311408729819
2005-02-01,-0.0111734276456
2005-02-02,0.00368576359294
2005-02-03,-0.00538823044031
2005-02-04,-0.00515977458532
2005-02-07,0.00205887614988
2005-02-08,-0.00454705612088
2005-02-09,0.00670657419495
2005-02-10,0.00311361001966
2005-02-11,-0.00787368026643
2005-02-14,0.0063375213388
2005-02-15,0.00248143735525
2005-02-16,0.00513172206427
2005-02-17,0.0036189261099
2005-02-18,0.000628275790528
2005-02-22,-0.00482992590217
2005-02-23,0.00174100325484
2005-02-24,-0.00424346626396
2005-02-25,0.00314767916708
2005-02-28,-0.0200073050112
2005-03-01,0.00623955084428
2005-03-02,-0.00281522807352
2005-03-03,-0.00511944665324
2005-03-04,-0.00834532852591
2005-03-07,-0.00324875912831
2005-03-08,-0.00180188497255
2005-03-09,-0.00449213120548
2005-03-10,-0.00169295327878
2005-03-11,-0.00116219338719
2005-03-14,0.00966249099402
2005-03-15,-0.00335118768164
2005-03-16,0.00861264808918
2005-03-17,-0.0036774924796
2005-03-18,-0.00814622975388
2005-03-21,-0.00254091698583
2005-03-22,-0.00322881879729
2005-03-23,0.00997393862959
2005-03-24,0.00592935418109
2005-03-28,0.00550847588498
2005-03-29,0.00190470757824
2005-03-30,-0.00674659178085
2005-03-31,-0.0102517355529
2005-04-01,-0.00174241705505
2005-04-04,0.00784839378117
2005-04-05,-0.00378273801184
2005-04-06,0.00286174746086
2005-04-07,-0.00161416025209
2005-04-08,-0.00154162437781
2005-04-11,-0.0012608764338
2005-04-12,0.00488460694335
2005-04-13,-0.0131323795593
2005-04-14,-0.00517929083557
2005-04-15,8.85514026581e-05
2005-04-18,0.00436449133564
2005-04-19,0.00123338958443
2005-04-20,-0.0193265447446
2005-04-21,-0.0037845508281
2005-04-22,0.000556267349713
2005-04-25,0.00345537979636
2005-04-26,0.0123511665449
2005-04-27,-0.000285758528551
2005-04-28,0.013986517499
2005-04-29,-0.00613748301683
2005-05-02,-0.000184941853325
2005-05-03,0.00112354863625
2005-05-04,-0.00179994628544
2005-05-05,0.00323283293332
2005-05-06,-0.0085287267281
2005-05-09,9.57632395641e-05
2005-05-10,0.00280326132103
2005-05-11,-0.00302015794821
2005-05-12,-0.00136171914962
2005-05-13,-0.00130772534153
2005-05-16,1.3713971288e-05
2005-05-17,0.00564823140788
2005-05-18,0.00930503009403
2005-05-19,0.00364212299183
2005-05-20,0.00101823521418
2005-05-23,-0.00211240771944
2005-05-24,0.00886364545941
2005-05-25,0.00182920331725
2005-05-26,-0.00887158401504
2005-05-27,-0.00121576944519
2005-05-31,0.00478090144613
2005-06-01,0.00156473728321
2005-06-02,-0.00522046504248
2005-06-03,-1.75574353258e-05
2005-06-06,-0.00172553699189
2005-06-07,-0.00129376726075
2005-06-08,-0.00382009424855
2005-06-09,0.00293008488552
2005-06-10,-0.00292321622677
2005-06-13,-0.0069413945949
2005-06-14,-0.00671876732625
2005-06-15,-0.00275141171105
2005-06-16,-0.001251729134
2005-06-17,-0.000888138379552
2005-06-20,0.00171825126253
2005-06-21,-0.0109215085674
2005-06-22,0.00604043414058
2005-06-23,-0.00484033199777
2005-06-24,-0.00384323657157
2005-06-27,0.00671763467104
2005-06-28,0.00107290096234
2005-06-29,-0.00610230246789
2005-06-30,0.000191978816085
2005-07-01,0.00306769241193
2005-07-05,0.00547407603366
2005-07-06,-0.0101434857753
2005-07-07,0.00147990149733
2005-07-08,0.00623118343051
2005-07-11,0.00617210203816
2005-07-12,5.09876086131e-05
2005-07-13,0.00355273737102
2005-07-14,-0.00396121621539
2005-07-15,0.00435948590044
2005-07-18,-0.00408043719855
2005-07-19,0.00174534624034
2005-07-20,-0.0104834154798
2005-07-21,-0.000155245261072
2005-07-22,9.58799426817e-05
2005-07-25,0.00710627617474
2005-07-26,0.00314916515611
2005-07-27,0.00376335480216
2005-07-28,0.0045587453953
2005-07-29,0.00230943104704
2005-08-01,-0.00166789233302
2005-08-02,-0.000342939061898
2005-08-03,-0.00678733699458
2005-08-04,0.00278459872014
2005-08-05,0.00223867714606
2005-08-08,-0.0050571384289
2005-08-09,-0.00541748347417
2005-08-10,-0.00260735919131
2005-08-11,-0.00381545521742
2005-08-12,0.00264242883715
2005-08-15,-0.00137046165105
2005-08-16,-0.00250222349461
2005-08-17,0.00838938340342
2005-08-18,-0.001294244549
2005-08-19,-0.000153657370636
2005-08-22,-0.00539700744609
2005-08-23,0.00332640938543
2005-08-24,0.00811741685472
2005-08-25,-0.00537849907471
2005-08-26,0.00054223798697
2005-08-29,0.00318318278277
2005-08-30,0.00380849060541
2005-08-31,0.00741646047927
2005-09-01,-0.00372338963242
2005-09-02,-1.82399134214e-05
2005-09-06,8.53710317164e-05
2005-09-07,-0.0071541902314
2005-09-08,0.0027397826814
2005-09-09,-0.00395758905958
2005-09-12,0.00839018408611
2005-09-13,0.00359781025456
2005-09-14,0.000762862908302
2005-09-15,-0.00602018702129
2005-09-16,-0.00966782849243
2005-09-19,-0.00309091156466
2005-09-20,-0.0002429693049
2005-09-21,-0.00490093402179
2005-09-22,0.0015587122868
2005-09-23,8.18877308905e-05
2005-09-26,-0.00577525991031
2005-09-27,-0.00419131326401
2005-09-28,0.00107688293845
2005-09-29,-0.00285320744135
2005-09-30,-0.00727128751939
2005-10-03,-0.00485667908264
2005-10-04,0.00231305205711
2005-10-05,0.003013930029
2005-10-06,-0.00169691855014
2005-10-07,0.0001077168972
2005-10-10,0.000785509197663
2005-10-11,-0.00180090102836
2005-10-12,0.00035731975241
2005-10-13,-0.00350215615239
2005-10-14,-0.0120689518938
2005-10-17,-0.00539222029286
2005-10-18,-0.0070177363917
2005-10-19,-0.00110530513139
2005-10-20,-0.00724105927378
2005-10-21,0.000653123578004
2005-10-24,0.00443144210817
2005-10-25,0.00496167173886
2005-10-26,0.000466995236342
2005-10-27,0.00372657821684
2005-10-28,-0.00272557674864
2005-10-31,0.00326844420437
2005-11-01,-0.00486598913421
2005-11-02,-0.00217581835814
2005-11-03,0.00768232548899
2005-11-04,0.00256425409213
2005-11-07,-0.00661535216502
2005-11-08,0.00392494802658
2005-11-09,0.00486905250986
2005-11-10,0.000244354342055
2005-11-11,0.000461329288063
2005-11-14,0.000364727747079
2005-11-15,0.00969195507234
2005-11-16,-0.001942621271
2005-11-17,-0.00109701785758
2005-11-18,0.00532507264031
2005-11-21,-0.00210070976757
2005-11-22,-0.00670963496824
2005-11-23,-0.00252548994546
2005-11-25,0.0020275270961
2005-11-28,-0.00353607924541
2005-11-29,-0.00713122138406
2005-11-30,0.00606355997979
2005-12-01,0.00626108742788
2005-12-02,-0.00422098633323
2005-12-05,-0.000448358035258
2005-12-06,-0.00603003215475
2005-12-07,-0.00691084411395
2005-12-08,-0.00261003414393
2005-12-09,0.00332622056122
2005-12-12,0.00292255803405
2005-12-13,0.00216250514664
2005-12-14,-0.00166824998855
2005-12-15,0.0040089879769
2005-12-16,-0.00111828597383
2005-12-19,-9.83012054486e-05
2005-12-20,0.0062543329342
2005-12-21,0.00669447507831
2005-12-22,0.00183014930472
2005-12-23,0.00102967235171
2005-12-27,-0.00446124749742
2005-12-28,0.000870313850278
2005-12-29,-0.00172332078945
2005-12-30,-0.0060547952803
2006-01-03,0.00977489240837
2006-01-04,0.000480343223809
2006-01-05,-0.00617476255177
2006-01-06,0.0109433307188
2006-01-09,-0.00952826811397
2006-01-10,-0.00620716292503
2006-01-11,0.000137811229879
2006-01-12,-0.00202786707591
2006-01-13,0.00242252896312
2006-01-17,-0.00143774167636
2006-01-18,0.00433531282824
2006-01-19,0.00704248198663
2006-01-20,-0.0125044075405
2006-01-23,-0.0014360125214
2006-01-24,0.00766489100983
2006-01-25,-0.000689895145193
2006-01-26,-0.00996458424794
2006-01-27,0.00409107360428
2006-01-30,-0.00047788507996
2006-01-31,-0.00318581638974
2006-02-01,0.00752182915505
2006-02-02,0.000501668326171
2006-02-03,-0.00790784441276
2006-02-06,-0.0128859355141
2006-02-07,0.0138222299261
2006-02-08,0.00703611041107
2006-02-09,-0.000403397976111
2006-02-10,0.000549076357612
2006-02-13,0.0032251258405
2006-02-14,0.0021747886867
2006-02-15,0.000286349751882
2006-02-16,0.00880084459655
2006-02-17,-0.00732124248418
2006-02-21,0.000289387696522
2006-02-22,-0.00360584495947
2006-02-23,-0.00479226332497
2006-02-24,0.00316569906531
2006-02-27,-0.00604385237953
2006-02-28,-8.00032681645e-05
2006-03-01,0.0062555708542
2006-03-02,0.00390617121658
2006-03-03,-0.0011763492647
2006-03-06,-0.0126786904327
2006-03-07,0.00133024116286
2006-03-08,-0.00215521345485
2006-03-09,-0.00106240575236
2006-03-10,-0.0008709325451
2006-03-13,-0.00256314085576
2006-03-14,0.00436162704859
2006-03-15,-0.0102672786485
2006-03-16,-0.00898235065775
2006-03-17,-0.00987706658533
2006-03-20,0.0122622009813
2006-03-21,0.00181105188787
2006-03-22,-0.00150551134602
2006-03-23,-0.00446306542154
2006-03-24,0.0085741064598
2006-03-27,0.00133804719581
2006-03-28,-0.00558900536123
2006-03-29,0.00109459860588
2006-03-30,-0.000295635193255
2006-03-31,0.00392294672425
2006-04-03,-0.000757986487762
2006-04-04,0.00339498262712
2006-04-05,0.00215564985912
2006-04-06,-0.0041648834079
2006-04-07,-0.003617979265
2006-04-10,-0.00402043785621
2006-04-11,-0.00591731022341
2006-04-12,0.00251909194373
2006-04-13,0.00139937867734
2006-04-17,-0.00478437202069
2006-04-18,0.0184762894982
2006-04-19,-0.00277858185154
2006-04-20,0.00619503584031
2006-04-21,0.00873937095909
2006-04-24,0.00195563358311
2006-04-25,0.00180144568758
2006-04-26,-0.00750148977177
2006-04-27,0.00367649577485
2006-04-28,0.0182918892549
2006-05-01,0.00157381578781
2006-05-02,-0.000476199664956
2006-05-03,-0.00252118360164
2006-05-04,-0.00600312721942
2006-05-05,-0.00210362601679
2006-05-08,0.00273096768106
2006-05-09,-0.00475511088361
2006-05-10,0.000684462595529
2006-05-11,0.000488800656381
2006-05-12,-0.00346232295034
2006-05-15,-0.000615557691589
2006-05-16,-0.00148516268103
2006-05-17,-0.00615461551959
2006-05-18,-0.00623501681752
2006-05-19,-0.00534806285179
2006-05-22,1.43487859533e-05
2006-05-23,0.00788802292882
2006-05-24,0.00312308057903
2006-05-25,0.00022597842989
2006-05-26,-0.00138625141725
2006-05-30,0.00218883155598
2006-05-31,-0.000225449630986
2006-06-01,0.0016527414438
2006-06-02,-0.00195875625333
2006-06-05,-0.005739959701
2006-06-06,0.00198522966574
2006-06-07,-0.00030482062321
2006-06-08,0.00928376413335
2006-06-09,-0.00485551534925
2006-06-12,-0.0062536341422
2006-06-13,-0.00379347046231
2006-06-14,0.00698504866825
2006-06-15,0.00891460714352
2006-06-16,0.00109286301326
2006-06-19,-0.00224942400921
2006-06-20,0.00329901195577
2006-06-21,0.00466706569047
2006-06-22,-0.00631153684119
2006-06-23,-0.0047731199448
2006-06-26,-0.00202977342167
2006-06-27,-0.00585643629628
2006-06-28,0.00282883345403
2006-06-29,0.0112831548034
2006-06-30,0.00257065799802
2006-07-03,-0.000620045061589
2006-07-05,-0.00569216171341
2006-07-06,0.00312712778086
2006-07-07,-0.009599770268
2006-07-10,-0.00448888962127
2006-07-11,-0.00390582366737
2006-07-12,-0.00801665388733
2006-07-13,-0.000418296055453
2006-07-14,0.00026450454298
2006-07-17,-0.000940419946518
2006-07-18,0.00335563396308
2006-07-19,0.00887256395305
2006-07-20,-0.00690316361624
2006-07-21,-0.00702362716426
2006-07-24,-0.00120095204933
2006-07-25,-0.00654624314057
2006-07-26,-0.00717253456452
2006-07-27,-0.00885379692818
2006-07-28,-0.00401419414324
2006-07-31,0.00308318007496
2006-08-01,0.00425218166367
2006-08-02,0.00119439858157
2006-08-03,-0.0126532316754
2006-08-04,-0.00821352525398
2006-08-07,-0.00176832903846
2006-08-08,-0.00209309641031
2006-08-09,0.00953578185198
2006-08-10,-0.00603539028064
2006-08-11,0.00313366016728
2006-08-14,-0.0026530712236
2006-08-15,-0.00188518346175
2006-08-16,-0.0030980127287
2006-08-17,0.00177886953568
2006-08-18,0.00372932891503
2006-08-21,0.00210471958028
2006-08-22,-0.00207381053968
2006-08-23,-0.00568767927973
2006-08-24,-0.00599938604161
2006-08-25,-0.00391762124332
2006-08-28,0.00503120476884
2006-08-29,-0.0043897060326
2006-08-30,-0.00349957139602
2006-08-31,0.00247078798631
2006-09-01,0.00157201404517
2006-09-05,0.00163219215095
2006-09-06,0.00111606294068
2006-09-07,0.00296820429472
2006-09-08,-0.00607340995346
2006-09-11,-0.00900906168374
2006-09-12,0.00292843360388
2006-09-13,0.00389782280648
2006-09-14,0.00327640022883
2006-09-15,0.00260055655414
2006-09-18,0.00365213356999
2006-09-19,0.00594828678593
2006-09-20,-0.00610964999625
2006-09-21,0.00403808918437
2006-09-22,0.00438724497958
2006-09-25,-0.00508695659733
2006-09-26,-0.000249184565919
2006-09-27,-0.00312774096515
2006-09-28,-0.00213970220593
2006-09-29,0.00276132423456
2006-10-02,0.00349802002708
2006-10-03,-0.00411567916175
2006-10-04,-0.00452921435758
2006-10-05,0.00839803553162
2006-10-06,-0.00332901419063
2006-10-09,-0.00927956482572
2006-10-10,0.00282585823041
2006-10-11,-0.00247256206975
2006-10-12,-0.00201815443723
2006-10-13,-0.00525312405166
2006-10-16,0.00321745965595
2006-10-17,-7.08542260455e-05
2006-10-18,0.0142929368904
2006-10-19,0.00670759684487
2006-10-20,0.00175336718214
2006-10-23,-0.00262233181332
2006-10-24,-0.000343818046388
2006-10-25,-0.00704581957368
2006-10-26,0.00157436645431
2006-10-27,0.00229972400287
2006-10-30,-0.00563403488789
2006-10-31,-0.0013525381695
2006-11-01,-0.000156489324377
2006-11-02,0.00416819741173
2006-11-03,-0.00463989040166
2006-11-06,0.000342982918342
2006-11-07,0.00881900657925
2006-11-08,-0.010487513115
2006-11-09,-0.0136669544027
2006-11-10,-0.00367156618947
2006-11-13,5.98988020444e-05
2006-11-14,0.0139936962743
2006-11-15,0.000818817749504
2006-11-16,-0.000887690188922
2006-11-17,0.000873000498342
2006-11-20,0.000214485469374
2006-11-21,-0.00597712178505
2006-11-22,0.00422711128013
2006-11-24,-0.00221403634302
2006-11-27,0.00343314439235
2006-11-28,0.00109360009364
2006-11-29,0.00063393072801
2006-11-30,-0.00343134402782
2006-12-01,-0.00101141455102
2006-12-04,-0.000256231345238
2006-12-05,0.000267186245699
2006-12-06,-0.00319509942202
2006-12-07,0.000868860396585
2006-12-08,0.00164815823601
2006-12-11,-0.0034687316317
2006-12-12,-0.0033711118183
2006-12-13,-0.000963528036155
2006-12-14,-0.00152328319659
2006-12-15,-0.00357689087788
2006-12-18,-0.00485545481111
2006-12-19,-0.00148665859423
2006-12-20,-0.00245960544412
2006-12-21,0.00729150370236
2006-12-22,0.000443929795168
2006-12-26,-0.000924952523629
2006-12-27,0.00463524627046
2006-12-28,-0.000307172773588
2006-12-29,0.00388622056399
2007-01-03,0.00449167397964
2007-01-04,0.0174783100098
2007-01-05,0.00106993761498
2007-01-08,-0.00274261803839
2007-01-09,0.000929477387976
2007-01-10,0.00252406065522
2007-01-11,-0.00271538564026
2007-01-12,-0.00361401478935
2007-01-16,-0.00698704140611
2007-01-17,0.000196705960587
2007-01-18,-0.00543596589384
2007-01-19,-0.00271173028687
2007-01-22,-0.00618962678284
2007-01-23,-0.00939102902746
2007-01-24,-0.00549653938184
2007-01-25,0.0010305794594
2007-01-26,-0.00731747676829
2007-01-29,0.000886121819864
2007-01-30,-0.0029333251842
2007-01-31,0.00200135839068
2007-02-01,0.00320161918956
2007-02-02,-0.00349569159391
2007-02-05,-0.00036672539298
2007-02-06,-0.00173228582231
2007-02-07,-0.00475775146511
2007-02-08,0.00151037321016
2007-02-09,0.000421111839345
2007-02-12,-0.00203899263267
2007-02-13,-0.00222218040579
2007-02-14,0.00370783836916
2007-02-15,0.00203387705237
2007-02-16,-0.00023266039698
2007-02-20,-0.00373250399398
2007-02-21,-0.00985946955567
2007-02-22,0.00534767260275
2007-02-23,0.00115650639849
2007-02-26,0.000181874483136
2007-02-27,-0.00409359470211
2007-02-28,-0.00379387314406
2007-03-01,0.000735518347583
2007-03-02,-0.00171268180258
2007-03-05,0.000868258562737
2007-03-06,0.000916285388405
2007-03-07,-0.00392375116485
2007-03-08,0.00791335439875
2007-03-09,-0.00130673618992
2007-03-12,-0.00292199667924
2007-03-13,-0.0104574561573
2007-03-14,0.00353473397354
2007-03-15,0.00331985128485
2007-03-16,-0.000972928354209
2007-03-19,-0.00292647521431
2007-03-20,-0.00201137507317
2007-03-21,0.00729738821886
2007-03-22,0.000219132384291
2007-03-23,-0.0045459111672
2007-03-26,-0.00563578031469
2007-03-27,-0.000995042289346
2007-03-28,-0.00115698162657
2007-03-29,-4.18563722077e-05
2007-03-30,-0.00608459126176
2007-04-02,0.0026222005389
2007-04-03,-0.00315492949785
2007-04-04,-0.0038847393553
2007-04-05,0.00286249257489
2007-04-09,0.00410999800569
2007-04-10,-0.00918052021861
2007-04-11,-0.00100623379109
2007-04-12,-0.00736082104307
2007-04-13,-0.00169646147207
2007-04-16,0.00379603922491
2007-04-17,-0.000490968529847
2007-04-18,0.000276623943112
2007-04-19,-0.0085695414499
2007-04-20,0.00618306883887
2007-04-23,0.00809615821478
2007-04-24,0.00280405234503
2007-04-25,0.00241738372884
2007-04-26,-0.00349700227378
2007-04-27,-0.00290318349644
2007-04-30,0.00735667386585
2007-05-01,-0.00354532752071
2007-05-02,-0.000973180878418
2007-05-03,0.00106953296729
2007-05-04,0.00355550105727
2007-05-07,1.60440881872e-06
2007-05-08,-0.00501594006803
2007-05-09,0.00125373957859
2007-05-10,-0.0022946695806
2007-05-11,0.000469541197918
2007-05-14,-0.00192581631136
2007-05-15,-0.000377076658596
2007-05-16,0.00326679311271
2007-05-17,0.00159543317171
2007-05-18,-0.00232595621669
2007-05-21,0.000646528537745
2007-05-22,0.00286038578741
2007-05-23,0.000513434477073
2007-05-24,0.0093775682456
2007-05-25,0.00113563672556
2007-05-29,-0.00254692974008
2007-05-30,-0.0110291747058
2007-05-31,0.00311493598344
2007-06-01,0.00332726040633
2007-06-04,-0.00568964312929
2007-06-05,-0.00362505823838
2007-06-06,-0.0003682183907
2007-06-07,-0.00705681337648
2007-06-08,0.000645080590389
2007-06-11,0.00398125268978
2007-06-12,-0.00299413380675
2007-06-13,0.00221416376018
2007-06-14,-0.0039826459004
2007-06-15,0.00150466366763
2007-06-18,0.000731537639701
2007-06-19,0.0048348988144
2007-06-20,-0.0133994185684
2007-06-21,-0.00863013828308
2007-06-22,-0.00739609446109
2007-06-25,-0.000833544908034
2007-06-26,0.00431490593525
2007-06-27,-0.000428510443136
2007-06-28,0.00184517841028
2007-06-29,-0.00134421060789
2007-07-02,0.00321205736931
2007-07-03,0.000379685709985
2007-07-05,0.000843112063781
2007-07-06,-0.0078646326027
2007-07-09,-0.00457121565117
2007-07-10,-0.00277701471199
2007-07-11,0.00472383348469
2007-07-12,-0.0031604120296
2007-07-13,0.00229438859272
2007-07-16,-0.000841838858481
2007-07-17,0.000864919060707
2007-07-18,-0.00412384055433
2007-07-19,-0.0119444039134
2007-07-20,-0.0163580580198
2007-07-23,-0.00130685359131
2007-07-24,0.00204491251746
2007-07-25,-0.00971908276517
2007-07-26,0.00680982856476
2007-07-27,0.0015728473429
2007-07-30,0.00104210447895
2007-07-31,0.00481115919929
2007-08-01,0.00621318532664
2007-08-02,0.000583663870488
2007-08-03,-0.0012314904484
2007-08-06,-0.0137463706276
2007-08-07,-0.0100438984266
2007-08-08,0.000699718064784
2007-08-09,0.00202851980635
2007-08-10,0.000965113767033
2007-08-13,0.0192064625941
2007-08-14,0.000414357274152
2007-08-15,-0.0090149843175
2007-08-16,-0.00415711015483
2007-08-17,0.00787609056268
2007-08-20,0.00608557319428
2007-08-21,0.00862452561705
2007-08-22,0.0116775304747
2007-08-23,0.000929591862823
2007-08-24,0.000413956696508
2007-08-27,0.00783915443138
2007-08-28,-0.000723859322038
2007-08-29,-0.000445226556076
2007-08-30,-0.00205603047912
2007-08-31,0.00217309275289
2007-09-04,0.0024805989317
2007-09-05,-0.00558060839066
2007-09-06,0.00131232897462
2007-09-07,-0.00281897450827
2007-09-10,-0.00225217272273
2007-09-11,-0.00704419947149
2007-09-12,-0.00619419523155
2007-09-13,0.00170073366347
2007-09-14,-0.00445506424493
2007-09-17,0.00228172335305
2007-09-18,-0.00443313264384
2007-09-19,-0.00353349461401
2007-09-20,-0.00142809897399
2007-09-21,-0.00590646302636
2007-09-24,-0.00524316613121
2007-09-25,0.0045580116155
2007-09-26,-0.00700840745419
2007-09-27,0.0089580762818
2007-09-28,0.0100980111326
2007-10-01,-0.00324976719825
2007-10-02,0.00695148470619
2007-10-03,0.00579442747397
2007-10-04,0.00232741769392
2007-10-05,-0.00714003609639
2007-10-08,-0.00405432646583
2007-10-09,-0.0055305625233
2007-10-10,0.00096499423402
2007-10-11,0.00795746480264
2007-10-12,-0.00938904555353
2007-10-15,0.000685230833457
2007-10-16,0.00398162542011
2007-10-17,-0.00714771040355
2007-10-18,-0.0014989154849
2007-10-19,-1.34835589865e-05
2007-10-22,-0.00101160952727
2007-10-23,-0.00818354292558
2007-10-24,-0.0036975085165
2007-10-25,-0.00784862006593
2007-10-26,-0.00761532838582
2007-10-29,-0.000240250265018
2007-10-30,0.00275437069782
2007-10-31,-0.00337434036692
2007-11-01,-0.00063987037436
2007-11-02,-0.00199813791988
2007-11-05,-0.0119628552918
2007-11-06,0.0021973461881
2007-11-07,-0.00249611851444
2007-11-08,0.0114771082873
2007-11-09,-0.000175553298578
2007-11-12,0.007460802371
2007-11-13,0.00901303744578
2007-11-14,-0.00219233640014
2007-11-15,-0.0103174325868
2007-11-16,4.39764542282e-06
2007-11-19,-0.00902171037494
2007-11-20,-0.00900411701584
2007-11-21,0.00846100770223
2007-11-23,0.00441498470268
2007-11-26,-0.00731794578411
2007-11-27,-0.00399824889309
2007-11-28,-0.000957902553126
2007-11-29,-0.00349116289665
2007-11-30,-0.00205374403557
2007-12-03,-3.40242377426e-05
2007-12-04,-0.0130256066328
2007-12-05,-0.00021213237292
2007-12-06,0.00223353783004
2007-12-07,0.00279037460149
2007-12-10,0.00780249650466
2007-12-11,0.00577904502792
2007-12-12,0.00458885676001
2007-12-13,0.000109564029948
2007-12-14,0.00362601858137
2007-12-17,0.0018877636932
2007-12-18,-0.00400641228251
2007-12-19,-0.00678198552723
2007-12-20,0.000197279537107
2007-12-21,0.00360269375456
2007-12-24,0.00105952101678
2007-12-26,0.00271017887314
2007-12-27,0.0013278418784
2007-12-28,0.000997344226696
2007-12-31,0.00346575031885
2008-01-02,-0.00720414866116
2008-01-03,3.06642396241e-05
2008-01-04,0.00346627349327
2008-01-07,0.0111269330845
2008-01-08,-0.000344831014541
2008-01-09,0.0118061009521
2008-01-10,0.00884048545222
2008-01-11,0.00683523561223
2008-01-14,-0.00367153243456
2008-01-15,0.00253808946744
2008-01-16,-0.00253583364948
2008-01-17,0.00586668744144
2008-01-18,-0.00077887196285
2008-01-22,0.00194729733165
2008-01-23,0.00121820465786
2008-01-24,-0.00077562458463
2008-01-25,0.00797221790899
2008-01-28,-0.00191197486171
2008-01-29,0.00946594954217
2008-01-30,-0.00419295328779
2008-01-31,-0.00891991090027
2008-02-01,0.0153314907169
2008-02-04,0.0117383907018
2008-02-05,-0.00482970505157
2008-02-06,-0.0111182997303
2008-02-07,-0.00311599160339
2008-02-08,-0.00941477091294
2008-02-11,-0.0055300695049
2008-02-12,0.00837005672637
2008-02-13,-0.00519485790921
2008-02-14,-0.000158577414744
2008-02-15,0.00759598978473
2008-02-19,-0.00297759221148
2008-02-20,0.00245936681279
2008-02-21,0.00682552221012
2008-02-22,-0.00377538572494
2008-02-25,-0.00151579981311
2008-02-26,0.00447748534869
2008-02-27,-0.000382119294805
2008-02-28,-0.01682751687
2008-02-29,-0.0073468834483
2008-03-03,-0.00429314531857
2008-03-04,0.00531874966205
2008-03-05,0.00407014127863
2008-03-06,0.00177443080104
2008-03-07,-0.00138600079215
2008-03-10,-0.0108059968991
2008-03-11,-0.00891594315163
2008-03-12,-0.00185145998214
2008-03-13,-0.00758508738746
2008-03-14,-0.00823656954105
2008-03-17,-0.020115687886
2008-03-18,0.0156058923119
2008-03-19,0.0113109162772
2008-03-20,0.0115016300128
2008-03-24,0.00863840331609
2008-03-25,0.0102601069241
2008-03-26,-0.0086080780792
2008-03-27,0.00036266787048
2008-03-28,-0.0113233766524
2008-03-31,0.0095288769748
2008-04-01,0.0027318487094
2008-04-02,0.0113976938604
2008-04-03,0.00541939809279
2008-04-04,-0.00227965859208
2008-04-07,0.00239383325643
2008-04-08,0.00895503258872
2008-04-09,0.00491546407843
2008-04-10,-0.00125999177391
2008-04-11,-0.00739071251524
2008-04-14,-0.00300738620983
2008-04-15,0.00938161060313
2008-04-16,-0.000980097240213
2008-04-17,0.00539483200888
2008-04-18,-0.0129151555789
2008-04-21,-0.00799935971346
2008-04-22,-0.00383859908023
2008-04-23,0.00610427760212
2008-04-24,0.00659442872469
2008-04-25,0.00251533855662
2008-04-28,0.00538507870796
2008-04-29,0.000468594530949
2008-04-30,-0.0023479204838
2008-05-01,0.00414230387362
2008-05-02,0.00314637614655
2008-05-05,-0.00173212889979
2008-05-06,0.011348573584
2008-05-07,-0.00105824645877
2008-05-08,0.00332798191477
2008-05-09,-0.00407063664239
2008-05-12,-0.00423774309711
2008-05-13,-0.0158368559637
2008-05-14,0.0114468780264
2008-05-15,-4.88899394309e-05
2008-05-16,0.00675780691648
2008-05-19,-0.0014019177742
2008-05-20,0.00585248350837
2008-05-21,0.00116783674694
2008-05-22,-0.00167854968254
2008-05-23,-0.00181302973495
2008-05-27,0.0066165656945
2008-05-28,0.000746959516178
2008-05-29,-0.00558038579841
2008-05-30,-0.00990363173769
2008-06-02,-0.00114437401405
2008-06-03,0.00523116924129
2008-06-04,-0.00343113927805
2008-06-05,-0.0154180547916
2008-06-06,-0.014956883318
2008-06-09,0.00412121936703
2008-06-10,0.0055366882695
2008-06-11,-0.000974332496306
2008-06-12,-0.0215107894756
2008-06-13,0.00781513079103
2008-06-16,-0.00317017624653
2008-06-17,0.00561485558087
2008-06-18,-0.0226297855108
2008-06-19,0.00434062630995
2008-06-20,0.00879286493259
2008-06-23,0.00152419945583
2008-06-24,0.0011843760835
2008-06-25,-0.00451225701135
2008-06-26,-0.000655785984074
2008-06-27,0.000125385863234
2008-06-30,0.00862499974459
2008-07-01,0.00527890147614
2008-07-02,-0.00647310335845
2008-07-03,-0.00651773499706
2008-07-07,0.00529532673256
2008-07-08,0.00359212911943
2008-07-09,-0.0106841084713
2008-07-10,0.00677720491315
2008-07-11,0.00204686671111
2008-07-14,-0.0071589009528
2008-07-15,-0.00220281472843
2008-07-16,-0.0126474666251
2008-07-17,0.00714677268139
2008-07-18,0.00444322674535
2008-07-21,0.000770400331122
2008-07-22,-0.00939123942022
2008-07-23,0.0205097222731
2008-07-24,0.00561508039928
2008-07-25,0.0237203839132
2008-07-28,-0.0122430112644
2008-07-29,0.000494669493219
2008-07-30,0.00031905993036
2008-07-31,-0.0053881802666
2008-08-01,0.0110774966558
2008-08-04,-0.0130264915219
2008-08-05,-0.000570388468932
2008-08-06,0.00583051170319
2008-08-07,-0.00586540850026
2008-08-08,-0.00876149287327
2008-08-11,-0.0123544777229
2008-08-12,-0.00619240313718
2008-08-13,0.0141375831053
2008-08-14,-0.0015064577555
2008-08-15,0.00242339021876
2008-08-18,-0.000294780127441
2008-08-19,0.00264616839296
2008-08-20,0.00976186261071
2008-08-21,0.000783620940173
2008-08-22,-0.00015583397046
2008-08-25,0.00889980240477
2008-08-26,-0.00413001239326
2008-08-27,0.00331050963663
2008-08-28,0.00157021168714
2008-08-29,-0.00291825125968
2008-09-02,-0.00403296209988
2008-09-03,-0.00439832768709
2008-09-04,0.00276940833841
2008-09-05,-0.0123177284256
2008-09-08,-0.0122093477009
2008-09-09,-0.00408339498192
2008-09-10,-0.00230232251534
2008-09-11,0.00196336152041
2008-09-12,-0.0133966435764
2008-09-15,-0.0208403507374
2008-09-16,0.00563322038279
2008-09-17,-0.029281394761
2008-09-18,-0.0169969140608
2008-09-19,0.0428858258195
2008-09-22,0.0293086853842
2008-09-23,0.0253553561438
2008-09-24,-0.0146853023323
2008-09-25,-0.0189707992941
2008-09-26,0.00622796735289
2008-09-29,0.0119515553835
2008-09-30,0.00389500095103
2008-10-01,-0.0078700754786
2008-10-02,-0.0154338102949
2008-10-03,-0.00910585037694
2008-10-06,-0.0263922644357
2008-10-07,-0.00411264382961
2008-10-08,0.0532063329233
2008-10-09,-0.00552930888025
2008-10-10,-0.0333617935036
2008-10-13,0.0468352649159
2008-10-14,0.0143607791891
2008-10-15,-0.0194272227058
2008-10-16,0.00945025768679
2008-10-17,0.0122902109533
2008-10-20,0.0361470431172
2008-10-21,-0.0154289457955
2008-10-22,-0.0170609189223
2008-10-23,0.0219800560267
2008-10-24,0.00296604298112
2008-10-27,0.000728375470476
2008-10-28,0.0293173765296
2008-10-29,-0.0109647242861
2008-10-30,0.0231056912982
2008-10-31,0.0326368274119
2008-11-03,0.0303655441435
2008-11-04,0.0260982280914
2008-11-05,0.0221720165549
2008-11-06,0.0188392826837
2008-11-07,-0.000700714342156
2008-11-10,-0.00131637265401
2008-11-11,-0.0208279633641
2008-11-12,-0.0281397888133
2008-11-13,0.0149739355169
2008-11-14,-3.17656751685e-05
2008-11-17,-0.000988767128874
2008-11-18,-0.000928334740672
2008-11-19,-0.0338969217455
2008-11-20,-0.0315948527441
2008-11-21,0.00215550655445
2008-11-24,0.0380327558412
2008-11-25,-0.00490039306945
2008-11-26,0.0129836022249
2008-11-28,0.00855112462824
2008-12-01,-0.0102302263039
2008-12-02,0.0211090440626
2008-12-03,-0.0127019735955
2008-12-04,0.0101921317795
2008-12-05,0.00326050473263
2008-12-08,0.0350519299235
2008-12-09,0.0199938338926
2008-12-10,0.0193968041325
2008-12-11,-0.00102977719328
2008-12-12,-0.0122112958764
2008-12-15,0.0016943998844
2008-12-16,-0.000678921596282
2008-12-17,0.00527365723161
2008-12-18,-0.0118679121119
2008-12-19,-0.0376521406487
2008-12-22,0.0250361732285
2008-12-23,0.00493636126648
2008-12-24,-0.000876242409408
2008-12-26,-0.000507527468495
2008-12-29,0.00803534395602
2008-12-30,-0.0155126628573
2008-12-31,-0.00340407942057
2009-01-02,-0.00242634915432
2009-01-05,-0.00515575810879
2009-01-06,0.0135983379516
2009-01-07,0.0149079205882
2009-01-08,-0.00360264729977
2009-01-09,0.00491626728344
2009-01-12,-0.00688679206831
2009-01-13,0.0167168400477
2009-01-14,-0.0103793955899
2009-01-15,-0.0118794770249
2009-01-16,0.000725948393405
2009-01-20,-0.0205136754875
2009-01-21,-0.00936404853434
2009-01-22,-0.00526786422932
2009-01-23,-0.0142644096146
2009-01-26,-0.00199269018618
2009-01-27,-0.0171235467782
2009-01-28,0.0330272575554
2009-01-29,-0.00826858380972
2009-01-30,-0.00644554710644
2009-02-02,-0.0164038595596
2009-02-03,0.0119409589021
2009-02-04,-0.0246123724122
2009-02-05,0.000118871860342
2009-02-06,0.00747982064367
2009-02-09,0.00539343063198
2009-02-10,0.00775434620594
2009-02-11,-0.00789979554334
2009-02-12,-0.018100343715
2009-02-13,0.0018130313549
2009-02-17,-0.0213725095969
2009-02-18,-0.00375437859417
2009-02-19,-0.00790524644159
2009-02-20,-0.0137158164227
2009-02-23,0.0139199992786
2009-02-24,0.000112523798792
2009-02-25,0.00659806195471
2009-02-26,0.00826671487742
2009-02-27,-0.0310292956498
2009-03-02,-0.0277499431478
2009-03-03,-0.0342993572459
2009-03-04,-0.00568952420408
2009-03-05,-0.0262727734788
2009-03-06,0.0080223164388
2009-03-09,-0.00699436942625
2009-03-10,0.0120296028519
2009-03-11,-0.0194629041423
2009-03-12,0.00878919935432
2009-03-13,0.0111095645623
2009-03-16,0.00503109789656
2009-03-17,-0.0239970540736
2009-03-18,-0.00987700325238
2009-03-19,0.00911789608079
2009-03-20,0.00573784715065
2009-03-23,-0.0001706408958
2009-03-24,0.0122298526489
2009-03-25,0.00819238369265
2009-03-26,-0.00318778187705
2009-03-27,0.0136611412869
2009-03-30,0.0163551323865
2009-03-31,0.00429988232775
2009-04-01,-0.0162714041971
2009-04-02,0.0169315360803
2009-04-03,-0.00515013113425
2009-04-06,-0.00128050721291
2009-04-07,0.00653658810743
2009-04-08,-0.0168708551839
2009-04-09,0.00246768574895
2009-04-13,-0.0250139921413
2009-04-14,-0.00205336107811
2009-04-15,0.0286217314988
2009-04-16,-0.00353707232252
2009-04-17,0.00886242134764
2009-04-20,0.0057486723604
2009-04-21,-0.0030484733457
2009-04-22,-0.0172826088301
2009-04-23,-0.00130832349286
2009-04-24,-0.0192749287898
2009-04-27,0.00125924839975
2009-04-28,-0.00245276031105
2009-04-29,0.00435531761134
2009-04-30,-0.0030310330942
2009-05-01,-0.00053021550036
2009-05-04,0.0176164352359
2009-05-05,-0.00409903350173
2009-05-06,0.00546913411
2009-05-07,-0.0208706304424
2009-05-08,-0.00371081810388
2009-05-11,-0.00572702342771
2009-05-12,0.0133514112982
2009-05-13,0.00498793782776
2009-05-14,-0.00320607272293
2009-05-15,0.00284122796723
2009-05-18,0.0053029435979
2009-05-19,0.00311360427639
2009-05-20,0.00598201309485
2009-05-21,-0.011004091399
2009-05-22,0.00324916531427
2009-05-26,0.00703827900819
2009-05-27,-0.00882941509399
2009-05-28,-0.00645943445587
2009-05-29,0.00962797732011
2009-06-01,0.00988985367459
2009-06-02,0.0231996247369
2009-06-03,-0.0121671727798
2009-06-04,0.00308588606377
2009-06-05,-0.00350583466204
2009-06-08,0.0105244849275
2009-06-09,-0.00136087046039
2009-06-10,5.77611711824e-05
2009-06-11,0.00295673788298
2009-06-12,0.00574985356349
2009-06-15,0.000963137875535
2009-06-16,-0.00441121419599
2009-06-17,-0.00259311390624
2009-06-18,0.000133778089914
2009-06-19,-0.00337623270461
2009-06-22,0.00531080350248
2009-06-23,0.00934305677297
2009-06-24,-0.00142351473733
2009-06-25,-0.00375895522645
2009-06-26,-0.00380502529507
2009-06-29,0.00687910397603
2009-06-30,0.00489487407321
2009-07-01,-0.0089749580834
2009-07-02,0.00240770947406
2009-07-06,0.00286383751399
2009-07-07,-0.0128953871369
2009-07-08,0.00930899136865
2009-07-09,-0.0132003178572
2009-07-10,0.0142603581266
2009-07-13,0.00805929465709
2009-07-14,-0.00520142084735
2009-07-15,0.00608432056594
2009-07-16,-0.011184155323
2009-07-17,0.0040195312544
2009-07-20,0.00198862179249
2009-07-21,0.00713076718766
2009-07-22,0.00283803973953
2009-07-23,0.00673932842402
2009-07-24,0.00845798697048
2009-07-27,-0.0023229743274
2009-07-28,0.000638975746716
2009-07-29,0.00632113551047
2009-07-30,0.00273923574015
2009-07-31,-0.00368803996107
2009-08-03,-0.00304494788869
2009-08-04,-0.00352139242243
2009-08-05,-0.00254816938374
2009-08-06,-0.0106312915459
2009-08-07,0.011992884682
2009-08-10,0.00593663516969
2009-08-11,0.00369621568878
2009-08-12,-0.0056672989736
2009-08-13,0.000161876368023
2009-08-14,0.0103576704258
2009-08-17,-0.00276279568772
2009-08-18,-0.0019936626205
2009-08-19,-0.00169344657608
2009-08-20,0.00394232833823
2009-08-21,-0.0111036712882
2009-08-24,-0.0126297398035
2009-08-25,-0.000650881591507
2009-08-26,-0.00488916284039
2009-08-27,-0.00623513781625
2009-08-28,-0.000645269529816
2009-08-31,0.00089553798192
2009-09-01,0.0131498957987
2009-09-02,-0.00672931160504
2009-09-03,-0.0142485851874
2009-09-04,9.87388164086e-05
2009-09-08,-0.00365678143216
2009-09-09,0.000131893842795
2009-09-10,-0.000860605727546
2009-09-11,-0.0016631886614
2009-09-14,0.00516967414108
2009-09-15,0.00106039060786
2009-09-16,-0.0143858801983
2009-09-17,-0.00338595876926
2009-09-18,0.00217995997371
2009-09-21,-0.00618736440598
2009-09-22,0.00266556936247
2009-09-23,0.0107937700012
2009-09-24,0.00549676626114
2009-09-25,-0.00188813152115
2009-09-28,-0.0050172804595
2009-09-29,-0.0024570585508
2009-09-30,0.00328960314142
2009-10-01,0.0109325181251
2009-10-02,0.0102271864287
2009-10-05,0.00314467872977
2009-10-06,-0.00372363233492
2009-10-07,0.00521162549362
2009-10-08,0.0256374712636
2009-10-09,-0.00224184270234
2009-10-12,-0.00152449525648
2009-10-13,0.00931642547796
2009-10-14,0.00192859356976
2009-10-15,0.00188979924197
2009-10-16,-0.00213830523169
2009-10-19,-0.00384991456196
2009-10-20,-0.018507157201
2009-10-21,0.000363945668209
2009-10-22,0.00187872972022
2009-10-23,-0.00220592819849
2009-10-26,-0.00824982856372
2009-10-27,-0.00343507922378
2009-10-28,0.0035015293887
2009-10-29,0.0161308905299
2009-10-30,-0.00368821683199
2009-11-02,-0.00924538062929
2009-11-03,-0.0176037649762
2009-11-04,0.0142367952548
2009-11-05,-0.00710123052442
2009-11-06,0.000331249147067
2009-11-09,0.0129846007997
2009-11-10,-0.00633322740189
2009-11-11,0.00992308714119
2009-11-12,0.00425376578469
2009-11-13,0.00658966444572
2009-11-16,0.00157771298824
2009-11-17,-0.00202524984742
2009-11-18,-0.00879849656084
2009-11-19,-0.00624372594064
2009-11-20,0.00291086390497
2009-11-23,-0.00189462056312
2009-11-24,-0.00424462591041
2009-11-25,-0.000508051761343
2009-11-27,0.00138722155708
2009-11-30,-0.00463405103366
2009-12-01,0.00149285283193
2009-12-02,-0.00846802518876
2009-12-03,0.00346989837394
2009-12-04,-0.00887304410046
2009-12-07,-0.00862403762067
2009-12-08,0.00217915663962
2009-12-09,0.00159866601301
2009-12-10,-0.00140446522838
2009-12-11,-0.0046053829732
2009-12-14,-0.00352910666621
2009-12-15,-0.00243998532628
2009-12-16,-0.00252331161589
2009-12-17,0.00198890103968
2009-12-18,0.00309458082231
2009-12-21,-0.00389343641263
2009-12-22,-0.0140681338158
2009-12-23,0.00243433292217
2009-12-24,-0.00185609633968
2009-12-28,0.00416879603595
2009-12-29,0.00188598880959
2009-12-30,0.00244357866882
2009-12-31,0.0019287351186
2010-01-04,0.00203990818269
2010-01-05,0.000793191432585
2010-01-06,0.00118335458035
2010-01-07,0.00806740762614
2010-01-08,0.0020412664155
2010-01-11,0.000729821003064
2010-01-12,0.00806962673124
2010-01-13,-0.000849310227502
2010-01-14,-0.00301579354853
2010-01-15,-0.000365485663505
2010-01-19,0.0137736351563
2010-01-20,-0.00114181055389
2010-01-21,0.00344180095243
2010-01-22,0.00121649758811
2010-01-25,0.00610945101337
2010-01-26,0.00470620486932
2010-01-27,0.000600615802195
2010-01-28,-0.00387606859856
2010-01-29,0.00703396160091
2010-02-01,0.00829561355502
2010-02-02,0.000506386000528
2010-02-03,-0.00402641834921
2010-02-04,-0.00682229995516
2010-02-05,-0.0027263403674
2010-02-08,0.00881633321607
2010-02-09,-0.00593762115384
2010-02-10,-0.00477006056279
2010-02-11,0.00125711291797
2010-02-12,-0.00583663401285
2010-02-16,0.00248440289419
2010-02-17,-0.000710018455562
2010-02-18,0.00189446989332
2010-02-19,-0.00312298283492
2010-02-22,0.00474281152777
2010-02-23,0.00621140199608
2010-02-24,-0.00353196914068
2010-02-25,-0.00283364013915
2010-02-26,0.00412346420056
2010-03-01,0.00512765974162
2010-03-02,0.00462652631916
2010-03-03,-0.000662423354794
2010-03-04,-0.00285307575879
2010-03-05,-0.004760502997
2010-03-08,-0.00307369709446
2010-03-09,-0.0032067788744
2010-03-10,-0.00415820356631
2010-03-11,-0.00369091922809
2010-03-12,-0.0044656222998
2010-03-15,-7.35004325747e-05
2010-03-16,-0.00224066333256
2010-03-17,-0.000227262880348
2010-03-18,0.00122542851836
2010-03-19,-0.00624823243958
2010-03-22,0.00554352672688
2010-03-23,0.0031358030531
2010-03-24,0.00216155576555
2010-03-25,0.000967576121482
2010-03-26,0.00210541845199
2010-03-29,-0.00321307096784
2010-03-30,-0.00728431861647
2010-03-31,0.00314407307312
2010-04-01,-0.000177686591392
2010-04-05,0.00282248089564
2010-04-06,0.00455340465922
2010-04-07,0.00625302227767
2010-04-08,0.000623613086731
2010-04-09,-0.00389286506331
2010-04-12,0.000469153845336
2010-04-13,-0.0028287413547
2010-04-14,-0.000650989260862
2010-04-15,-0.0134846101475
2010-04-16,-0.00172847278701
2010-04-19,0.0038052924293
2010-04-20,-0.000245726798567
2010-04-21,0.0100471342361
2010-04-22,0.00629450543401
2010-04-23,0.000409635265391
2010-04-26,0.0103705963305
2010-04-27,0.00210083996255
2010-04-28,0.00304441110988
2010-04-29,0.000818898525026
2010-04-30,0.000754716020615
2010-05-03,-0.00130651770047
2010-05-04,-0.00950323583825
2010-05-05,0.0115232601064
2010-05-06,0.00120932481432
2010-05-07,0.00647903710454
2010-05-10,0.0029041944135
2010-05-11,0.00275261985581
2010-05-12,0.00689300045991
2010-05-13,0.00391440854371
2010-05-14,0.00220667037456
2010-05-17,0.00105524174521
2010-05-18,0.00377832133722
2010-05-19,0.00221124692289
2010-05-20,0.00203485434015
2010-05-21,0.00475965395446
2010-05-24,-0.000755117903161
2010-05-25,-0.0105554559848
2010-05-26,0.0013638182056
2010-05-27,0.0107327461289
2010-05-28,-0.00163248174934
2010-06-01,-0.00926524945819
2010-06-02,0.00133477144955
2010-06-03,0.000257718437964
2010-06-04,-0.00665513070039
2010-06-07,0.00221078632354
2010-06-08,-0.0013807891387
2010-06-09,-0.00903643575065
2010-06-10,0.00297654712636
2010-06-11,0.00316073735124
2010-06-14,0.000244953765669
2010-06-15,0.00364066147846
2010-06-16,0.00178999220416
2010-06-17,-0.00451725556932
2010-06-18,-0.000475624640557
2010-06-21,0.00179170030059
2010-06-22,-0.00442625847624
2010-06-23,-0.00550252806429
2010-06-24,-0.0058273332768
2010-06-25,-0.00135316532736
2010-06-28,4.35102475176e-05
2010-06-29,0.00408720134589
2010-06-30,0.00574322716428
2010-07-01,0.00447425141434
2010-07-02,-0.00763818648655
2010-07-06,-0.00543877286481
2010-07-07,0.00198053915428
2010-07-08,0.00472073536609
2010-07-09,-0.00682700359223
2010-07-12,0.000982074924147
2010-07-13,-0.00180742619359
2010-07-14,0.00125356367444
2010-07-15,0.00570094520682
2010-07-16,-0.000129783280104
2010-07-19,-0.000873860837743
2010-07-20,0.000413537001815
2010-07-21,0.00370614704944
2010-07-22,0.000842020540444
2010-07-23,-0.00124064605121
2010-07-26,0.00132956969189
2010-07-27,-0.00425119437567
2010-07-28,0.00900820885175
2010-07-29,0.00264297985548
2010-07-30,0.00210544879283
2010-08-02,0.00628615337678
2010-08-03,-0.0122244531887
2010-08-04,-0.00257639232176
2010-08-05,-0.00104720181223
2010-08-06,-0.00520726812288
2010-08-09,-0.00219869097045
2010-08-10,-0.00179702897308
2010-08-11,0.00261632515983
2010-08-12,-0.000190740649465
2010-08-13,-0.00200989300114
2010-08-16,-0.000139029154005
2010-08-17,-0.00193600932644
2010-08-18,0.00911021129332
2010-08-19,-0.00412741210749
2010-08-20,0.000899065840334
2010-08-23,0.00337482086677
2010-08-24,-0.00229237078404
2010-08-25,0.00186573802518
2010-08-26,-0.00210009265221
2010-08-27,-0.00297965139088
2010-08-30,-0.00117315183052
2010-08-31,-0.002842485425
2010-09-01,0.000422947952775
2010-09-02,-0.00265085451314
2010-09-03,0.00491188621493
2010-09-07,-0.00767458545413
2010-09-08,-0.010450522397
2010-09-09,0.00119648292817
2010-09-10,-5.70978490571e-05
2010-09-13,0.0015673007464
2010-09-14,0.00875602280672
2010-09-15,0.0106946969637
2010-09-16,0.00160135593947
2010-09-17,0.0072000104677
2010-09-20,-0.000248654909407
2010-09-21,-0.00107589952769
2010-09-22,-0.00130046189876
2010-09-23,-0.00180137319919
2010-09-24,-0.000592965630194
2010-09-27,0.000601605361967
2010-09-28,-0.00351989469138
2010-09-29,-0.00664111165912
2010-09-30,0.00571808928483
2010-10-01,0.00317644187573
2010-10-04,0.00616022056211
2010-10-05,-0.00390987626027
2010-10-06,0.00206881460416
2010-10-07,0.00195802358573
2010-10-08,-0.000576513009199
2010-10-11,-0.00135733557663
2010-10-12,0.00446126737387
2010-10-13,0.00271833415388
2010-10-14,0.00412676091647
2010-10-15,-0.00566108253059
2010-10-18,0.00247324086786
2010-10-19,0.00216716777346
2010-10-20,0.00770404410697
2010-10-21,0.00374538928747
2010-10-22,-0.00156713457856
2010-10-25,0.00495646203674
2010-10-26,-0.00865533325174
2010-10-27,0.00179573003833
2010-10-28,-0.0122685819483
2010-10-29,0.0022661291698
2010-11-01,0.00568384995295
2010-11-02,0.00631562633253
2010-11-03,0.000548652818119
2010-11-04,-0.00291865957858
2010-11-05,-0.0121543937302
2010-11-08,0.00150729282712
2010-11-09,-0.00177504531967
2010-11-10,0.00761295190796
2010-11-11,-0.00164871323476
2010-11-12,-0.00234178885551
2010-11-15,-0.00440702582368
2010-11-16,0.000259020006869
2010-11-17,-0.00162164093362
2010-11-18,0.00408261312811
2010-11-19,-0.00252333546073
2010-11-22,0.00621686370139
2010-11-23,-0.00998514392115
2010-11-24,-0.00420122678131
2010-11-26,-0.00188466627226
2010-11-29,0.00457797087774
2010-11-30,-0.00616295056749
2010-12-01,0.0032731455422
2010-12-02,0.00291457625828
2010-12-03,0.00290255847183
2010-12-06,-0.00512416722897
2010-12-07,0.00210091459039
2010-12-08,0.00809059089964
2010-12-09,0.00755383717286
2010-12-10,-0.00246424114342
2010-12-13,-2.52545643388e-06
2010-12-14,-0.00458462622843
2010-12-15,-0.00457282274557
2010-12-16,-0.00187283794182
2010-12-17,0.00255077573124
2010-12-20,0.000191046342333
2010-12-21,-0.00855692264361
2010-12-22,0.00315941422546
2010-12-23,0.00215582705668
2010-12-27,-0.00154183305814
2010-12-28,-0.00123932416671
2010-12-29,0.00137299165617
2010-12-30,-0.00251902718905
2010-12-31,0.00139008648219
2011-01-03,-0.000937389141761
2011-01-04,-0.00575596160851
2011-01-05,0.00195639632171
2011-01-06,0.00182630233559
2011-01-07,-0.00202356021507
2011-01-10,0.00320741261536
2011-01-11,-0.00159473086152
2011-01-12,0.0014679021383
2011-01-13,-0.000930105122034
2011-01-14,0.00742351972281
2011-01-18,-0.00135070864531
2011-01-19,0.000614859730475
2011-01-20,-0.00136466077942
2011-01-21,-0.0015853286513
2011-01-24,-0.00134006145597
2011-01-25,-0.000544541550075
2011-01-26,0.00880712262542
2011-01-27,-0.0110520109716
2011-01-28,-0.00911401480379
2011-01-31,0.00356468874832
2011-02-01,0.00332835543333
2011-02-02,-0.00425725999194
2011-02-03,0.00605767525064
2011-02-04,0.0123523250454
2011-02-07,-0.00158342384766
2011-02-08,-0.000594065884158
2011-02-09,0.00245390398219
2011-02-10,0.000651996241829
2011-02-11,0.000413704525204
2011-02-14,-0.00641463263379
2011-02-15,0.000586327640632
2011-02-16,-0.0119526318744
2011-02-17,3.04575916304e-05
2011-02-18,-0.00512950014019
2011-02-22,0.00105098279426
2011-02-23,0.00152448413247
2011-02-24,-0.00240990875977
2011-02-25,-0.00414411566028
2011-02-28,-0.00254135915391
2011-03-01,0.00620852249992
2011-03-02,-0.00268460795198
2011-03-03,-0.00389306633498
2011-03-04,-0.00103934917054
2011-03-07,0.00657177395589
2011-03-08,-0.00198840290707
2011-03-09,0.0042519547632
2011-03-10,-0.00191179976514
2011-03-11,0.00290532390354
2011-03-14,0.00928310499409
2011-03-15,-0.0015214253989
2011-03-16,-0.0022106211048
2011-03-17,0.0020281005499
2011-03-18,-0.00581468521961
2011-03-21,0.00528965182249
2011-03-22,0.00606902794644
2011-03-23,-0.00359077299959
2011-03-24,-0.00148641157156
2011-03-25,-0.00491709798227
2011-03-28,0.0012252613453
2011-03-29,-0.00428537770401
2011-03-30,-0.000229292075575
2011-03-31,0.000485225157321
2011-04-01,-0.00146365318538
2011-04-04,-0.00740014600527
2011-04-05,0.00347549101175
2011-04-06,0.00024953004955
2011-04-07,-0.00730792981782
2011-04-08,-0.0122022593454
2011-04-11,0.00119562994251
2011-04-12,-0.00231406566523
2011-04-13,-0.00181870949018
2011-04-14,-0.00185013170916
2011-04-15,-0.00480232327551
2011-04-18,-0.004402466439
2011-04-19,-0.00324697802219
2011-04-20,0.00883576554342
2011-04-21,-0.0037081363679
2011-04-25,0.00242560485638
2011-04-26,-0.00574441002245
2011-04-27,-0.00508620227843
2011-04-28,-0.00115647710841
2011-04-29,0.00584631351079
2011-05-02,-0.000570803055938
2011-05-03,-0.000783782538061
2011-05-04,3.36832423605e-05
2011-05-05,0.00183299103347
2011-05-06,0.000550549031972
2011-05-09,-0.00237166936709
2011-05-10,-0.00317878756295
2011-05-11,-0.00502948535131
2011-05-12,-0.00352871232599
2011-05-13,0.00334339428293
2011-05-16,-0.0129650535406
2011-05-17,-0.0043926465009
2011-05-18,0.0031094942931
2011-05-19,-0.00260702330064
2011-05-20,0.00116441121566
2011-05-23,0.00139021822591
2011-05-24,0.00603865083708
2011-05-25,-0.00148486492022
2011-05-26,0.000222037859894
2011-05-27,0.00309624001166
2011-05-31,0.00517691123521
2011-06-01,0.0016733115612
2011-06-02,0.000719589307588
2011-06-03,-0.000112453452102
2011-06-06,0.00513837191604
2011-06-07,0.00373910158413
2011-06-08,-0.00864068054463
2011-06-09,0.00256082329797
2011-06-10,0.00331544303731
2011-06-13,2.64244292211e-05
2011-06-14,0.00153040423994
2011-06-15,-0.00382707385658
2011-06-16,0.00107219554616
2011-06-17,-0.00496632441908
2011-06-20,0.00235881475468
2011-06-21,0.00281577087826
2011-06-22,0.00792454914116
2011-06-23,0.000790845507918
2011-06-24,-0.00505890809904
2011-06-27,0.00156596525335
2011-06-28,-0.00161033656715
2011-06-29,0.00617798340654
2011-06-30,-0.003013327661
2011-07-01,0.00133442104995
2011-07-05,-0.00113704140144
2011-07-06,-0.00344438833001
2011-07-07,-0.00437571612838
2011-07-08,-0.00531117326784
2011-07-11,-0.00288961817793
2011-07-12,-0.00290476452664
2011-07-13,-0.00247146977522
2011-07-14,-0.00109590772715
2011-07-15,-0.00636751542669
2011-07-18,-0.00246743294675
2011-07-19,0.00129951063404
2011-07-20,-0.00101857130754
2011-07-21,0.00517754999107
2011-07-22,0.00959369521512
2011-07-25,-0.00557118642195
2011-07-26,-0.000552823175326
2011-07-27,-0.00597548895882
2011-07-28,-0.0108047019291
2011-07-29,0.00882485333075
2011-08-01,-0.00616281425168
2011-08-02,-0.00106779036988
2011-08-03,0.00457316002448
2011-08-04,0.00449212768222
2011-08-05,-0.0036442931406
2011-08-08,-0.0102360583967
2011-08-09,0.0161103523804
2011-08-10,-0.00209388424254
2011-08-11,0.0104527217078
2011-08-12,0.0030408439458
2011-08-15,0.0158735168843
2011-08-16,0.00640220298858
2011-08-17,-0.00144676476677
2011-08-18,-0.00350837524319
2011-08-19,0.0016216021475
2011-08-22,0.00646237356617
2011-08-23,3.54014703888e-05
2011-08-24,0.000400782298886
2011-08-25,-0.00078233415494
2011-08-26,0.000143355672537
2011-08-29,0.00951801051712
2011-08-30,-0.00141479201604
2011-08-31,0.00273646180571
2011-09-01,-0.00221119662016
2011-09-02,0.00242621095815
2011-09-06,-0.0137942053415
2011-09-07,-0.000205843498607
2011-09-08,-0.00733948894392
2011-09-09,0.00922379670005
2011-09-12,-0.00149288783659
2011-09-13,-0.00160279291295
2011-09-14,-0.000498611569189
2011-09-15,0.00931526282996
2011-09-16,0.00073973156377
2011-09-19,-0.0108822700893
2011-09-20,-0.00208294191144
2011-09-21,-0.0141064480424
2011-09-22,-0.00423591147161
2011-09-23,-0.00393708302872
2011-09-26,0.0134930365681
2011-09-27,0.00772937155654
2011-09-28,-0.00221515545255
2011-09-29,0.0040627869688
2011-09-30,-0.0137863591807
2011-10-03,3.85746818301e-05
2011-10-04,0.0133499874482
2011-10-05,0.00349382000424
2011-10-06,0.0225946278527
2011-10-07,-0.0175545692398
2011-10-10,0.00138264523481
2011-10-11,0.00306824694461
2011-10-12,0.00327837046501
2011-10-13,0.000567639344124
2011-10-14,0.00663102146683
2011-10-17,0.000596104132726
2011-10-18,0.00211871439352
2011-10-19,-0.00509861256943
2011-10-20,0.00317615020349
2011-10-21,-0.00477276685494
2011-10-24,0.00445628582432
2011-10-25,-0.00425291679056
2011-10-26,-0.0167121276759
2011-10-27,0.00745781953989
2011-10-28,0.00968516564727
2011-10-31,-0.00680493318591
2011-11-01,0.00345591274632
2011-11-02,0.000203459639125
2011-11-03,0.000693357269587
2011-11-04,-0.00632559647481
2011-11-07,-0.000112944249468
2011-11-08,0.00669689424047
2011-11-09,0.00308645545425
2011-11-10,-0.0105930967744
2011-11-11,-0.00318401689751
2011-11-14,-0.00222568240038
2011-11-15,0.000551042354743
2011-11-16,-0.00631823424652
2011-11-17,-0.00217555479768
2011-11-18,-0.00196776545129
2011-11-21,0.00494536273749
2011-11-22,-0.000804761505318
2011-11-23,0.00741395947052
2011-11-25,0.000997250946566
2011-11-28,-0.00295328671302
2011-11-29,-0.00193420882388
2011-11-30,0.0140191962422
2011-12-01,0.00133903368722
2011-12-02,0.00104720247641
2011-12-05,0.00195304788537
2011-12-06,0.000924351028252
2011-12-07,-0.00936365837359
2011-12-08,0.00267442407037
2011-12-09,3.02554555677e-05
2011-12-12,-0.00571427623126
2011-12-13,0.00306356433701
2011-12-14,-0.00169263664606
2011-12-15,-0.00497900934001
2011-12-16,-0.00774520493436
2011-12-19,-0.00115978550169
2011-12-20,-0.0051972420269
2011-12-21,-0.00372877228298
2011-12-22,-0.0110712200351
2011-12-23,-0.000386680494901
2011-12-27,0.000412817206078
2011-12-28,-0.000901794399677
2011-12-29,-0.0018694682277
2011-12-30,0.00297272135067
2012-01-03,0.00489995319109
2012-01-04,0.0042434316467
2012-01-05,0.000869210355062
2012-01-06,-0.00526070729671
2012-01-09,-0.00411263227261
2012-01-10,0.000304068846519
2012-01-11,0.00457783880543
2012-01-12,0.00134181178097
2012-01-13,0.0058624341486
2012-01-17,-0.00464351576543
2012-01-18,-0.00115000019593
2012-01-19,0.00252927312615
2012-01-20,0.0055631787943
2012-01-23,0.000808944977154
2012-01-24,-0.000579375167389
2012-01-25,-0.00553635414001
2012-01-26,-0.00582188684649
2012-01-27,0.00156229984434
2012-01-30,-0.00514338775848
2012-01-31,-0.00549869809517
2012-02-01,-0.00471878519749
2012-02-02,-0.00331241950515
2012-02-03,0.000777714884363
2012-02-06,-0.000448706802691
2012-02-07,0.00306934428049
2012-02-08,-0.00120273711499
2012-02-09,-0.0030435154833
2012-02-10,-0.00306166812647
2012-02-13,0.00428708479315
2012-02-14,-0.0018511680514
2012-02-15,-0.00937429223142
2012-02-16,0.00146332992203
2012-02-17,0.00566031579944
2012-02-21,-0.000922618526532
2012-02-22,0.00233188960998
2012-02-23,-0.00466388272385
2012-02-24,0.000732527494518
2012-02-27,0.00492576599546
2012-02-28,-0.005368950804
2012-02-29,0.00306977909484
2012-03-01,-0.00141241921838
2012-03-02,0.00140129859442
2012-03-05,-0.00335953640392
2012-03-06,-0.00095266797755
2012-03-07,-0.00554640533167
2012-03-08,0.00283888009201
2012-03-09,-0.00961874474835
2012-03-12,-0.00365909658558
2012-03-13,0.00573167802247
2012-03-14,-0.00286773963416
2012-03-15,0.00418179203626
2012-03-16,0.00798739191742
2012-03-19,-0.0027904871859
2012-03-20,-0.000703065087704
2012-03-21,-0.00733869491434
2012-03-22,-0.00405964119685
2012-03-23,0.00344525220781
2012-03-26,0.00240938330667
2012-03-27,-0.00428732056294
2012-03-28,-0.00649039330122
2012-03-29,0.00777368444586
2012-03-30,-0.001380238457
2012-04-02,0.00988663858044
2012-04-03,0.000655148746495
2012-04-04,-0.002138259331
2012-04-05,0.00316345613531
2012-04-09,0.00575952827572
2012-04-10,-0.00264673889372
2012-04-11,-0.00697891773419
2012-04-12,0.0049597887573
2012-04-13,0.00285153699791
2012-04-16,4.58578957627e-05
2012-04-17,0.00222471311239
2012-04-18,-0.00517044072227
2012-04-19,-0.00747222299971
2012-04-20,0.00436391811285
2012-04-23,0.00131418956012
2012-04-24,0.00618072061247
2012-04-25,-0.00888113690896
2012-04-26,0.000362681047798
2012-04-27,-0.00733488702534
2012-04-30,-0.00327811305541
2012-05-01,-0.00197458326074
2012-05-02,-0.00688837043236
2012-05-03,-0.00970256467957
2012-05-04,-0.00481835751889
2012-05-07,-0.0086079589418
2012-05-08,0.00425141588224
2012-05-09,-0.00188902655136
2012-05-10,-0.00553007255516
2012-05-11,-0.00136264405098
2012-05-14,-0.000276395077271
2012-05-15,0.00199640164764
2012-05-16,0.000327609701869
2012-05-17,0.000119677841586
2012-05-18,0.00801343108883
2012-05-21,-0.00618679037807
2012-05-22,0.00224143349701
2012-05-23,0.000291751060271
2012-05-24,-0.00247644251989
2012-05-25,-6.48325438696e-05
2012-05-29,-0.000400598822513
2012-05-30,-0.0008886706824
2012-05-31,-0.0061169271798
2012-06-01,-0.00440805683177
2012-06-04,0.0076534096736
2012-06-05,-0.00173547980159
2012-06-06,0.00400729391266
2012-06-07,0.00438896772858
2012-06-08,0.00424625043952
2012-06-11,-0.00201895256442
2012-06-12,0.00306730491956
2012-06-13,0.00304044172791
2012-06-14,0.000241931693498
2012-06-15,0.00258754809328
2012-06-18,-0.00559053508128
2012-06-19,-0.000622775812782
2012-06-20,0.00191533063518
2012-06-21,-0.00563497864
2012-06-22,-0.00144723985469
2012-06-25,-0.00944947445649
2012-06-26,-0.00152707178241
2012-06-27,-0.0106692194175
2012-06-28,-0.00971898653279
2012-06-29,-0.00868722578398
2012-07-02,-0.00343239809661
2012-07-03,0.000224435330465
2012-07-05,0.00169143886049
2012-07-06,-0.00427830990727
2012-07-09,-0.000552843508433
2012-07-10,0.000475003427118
2012-07-11,0.000799651998977
2012-07-12,-0.00658392075522
2012-07-13,-0.00501207105075
2012-07-16,-0.00129164747631
2012-07-17,-0.00246897398241
2012-07-18,0.0111458786453
2012-07-19,0.015661860081
2012-07-20,-0.0101751342109
2012-07-23,-0.00652134792622
2012-07-24,0.0011589202368
2012-07-25,0.0111350890817
2012-07-26,-0.0118879594119
2012-07-27,-0.00662252845008
2012-07-30,0.00205077235148
2012-07-31,-0.000247531100608
2012-08-01,0.00112576613736
2012-08-02,-0.0102081353257
2012-08-03,0.00078129714334
2012-08-06,0.000484506638813
2012-08-07,-0.000533901897391
2012-08-08,-0.00364127464656
2012-08-09,-0.00726628865631
2012-08-10,0.000288285510103
2012-08-13,0.000559270145183
2012-08-14,0.00491471646087
2012-08-15,0.00320785117798
2012-08-16,0.00333279048834
2012-08-17,-0.00528230607666
2012-08-20,0.00082945288364
2012-08-21,-0.0041484304049
2012-08-22,0.000710104092926
2012-08-23,-0.00226687466296
2012-08-24,0.000910641484962
2012-08-27,-0.00324616288705
2012-08-28,0.00173239632873
2012-08-29,-0.000776214239255
2012-08-30,0.00242380227911
2012-08-31,-0.00129602400261
2012-09-04,-0.0114078604012
2012-09-05,-0.000899870221838
2012-09-06,0.00369670996793
2012-09-07,-0.00587615890766
2012-09-10,0.00572485530219
2012-09-11,-0.00166212024151
2012-09-12,-0.00650769405227
2012-09-13,-0.00305949221619
2012-09-14,-0.0018831325591
2012-09-17,-0.00544748829034
2012-09-18,-0.00184778445742
2012-09-19,-0.00557613886583
2012-09-20,-0.00726928375177
2012-09-21,-0.00207473992455
2012-09-24,0.00395798506525
2012-09-25,-0.00158315549426
2012-09-26,-0.00196611777766
2012-09-27,0.00445251434452
2012-09-28,-0.0078785964213
2012-10-01,-0.00128051027326
2012-10-02,0.00557767012368
2012-10-03,-0.00210030760099
2012-10-04,0.00473027240819
2012-10-05,-0.00351532524615
2012-10-08,-0.00936171620202
2012-10-09,-0.00212010263935
2012-10-10,-0.00375039926211
2012-10-11,-0.00938260122232
2012-10-12,-0.00308685501402
2012-10-15,-0.00594829488484
2012-10-16,-0.00560177332781
2012-10-17,-0.00745555641461
2012-10-18,-0.00475277065347
2012-10-19,-0.00660739648642
2012-10-22,-0.00252172238501
2012-10-23,0.00203531047405
2012-10-24,-0.00214184267951
2012-10-25,0.00229882410179
2012-10-26,-0.00454843913197
2012-10-31,-0.00374045129805
2012-11-01,-0.0112678891513
2012-11-02,0.00369725870558
2012-11-05,-4.93778512824e-05
2012-11-06,-0.000336270995035
2012-11-07,0.00210393519773
2012-11-08,-0.00714136635667
2012-11-09,0.00314331139572
2012-11-12,0.000699662174298
2012-11-13,-0.00297428562674
2012-11-14,0.00250569461838
2012-11-15,-0.000333460581055
2012-11-16,0.00296624382479
2012-11-19,0.00928728642711
2012-11-20,-0.00715046013268
2012-11-21,-0.000982299972809
2012-11-23,0.000820509170354
2012-11-26,0.00583607491264
2012-11-27,0.00281948681508
2012-11-28,0.0105636316123
2012-11-29,0.00539485794102
2012-11-30,-0.00127767499782
2012-12-03,-0.00355742636318
2012-12-04,-0.00988657879772
2012-12-05,0.00735269052469
2012-12-06,-0.00169038946247
2012-12-07,-0.00208451390489
2012-12-10,-0.00039544370767
2012-12-11,0.00430203133081
2012-12-12,0.00792689434469
2012-12-13,0.00242392134628
2012-12-14,-0.000477498089788
2012-12-17,0.000227061174168
2012-12-18,0.00237031390213
2012-12-19,0.00198745447946
2012-12-20,-0.00717064953936
2012-12-21,-0.00284366900545
2012-12-24,0.00262197986432
2012-12-26,-8.22101081485e-05
2012-12-27,-0.000532973674816
2012-12-28,-0.00175371769669
2012-12-31,-0.00209067478181
2013-01-02,0.00161879759337
2013-01-03,-0.000933517334714
2013-01-04,0.00670366250588
2013-01-07,-0.00316108846225
2013-01-08,-0.00720690711282
2013-01-09,-0.000462276265958
2013-01-10,0.00147322457631
2013-01-11,-0.00270556184619
2013-01-14,0.00189082770735
2013-01-15,-0.0020217696928
2013-01-16,0.000215360684501
2013-01-17,-0.000317553330246
2013-01-18,-0.00477122808961
2013-01-22,0.00167711181338
2013-01-23,0.00658844663175
2013-01-24,0.0043342928429
2013-01-25,-0.00812301046749
2013-01-28,0.000272651509761
2013-01-29,0.000537099745518
2013-01-30,-9.27212721197e-05
2013-01-31,-0.000302460771897
2013-02-01,1.5511562222e-05
2013-02-04,-0.00150762376299
2013-02-05,-0.00319266088001
2013-02-06,-0.000806734305701
2013-02-07,-0.00245427336481
2013-02-08,0.00230526885254
2013-02-11,0.000579660383258
2013-02-12,-0.00198924052673
2013-02-13,0.00605740019494
2013-02-14,-0.00486498127064
2013-02-15,0.00217059528367
2013-02-19,-0.00506808077158
2013-02-20,0.00524610426689
2013-02-21,0.00686996434528
2013-02-22,-0.000219995499359
2013-02-25,-0.00312798248987
2013-02-26,-0.00799006813234
2013-02-27,0.00769608418235
2013-02-28,-0.00498329323176
2013-03-01,-0.00381350928402
2013-03-04,-0.00450420502421
2013-03-05,-0.000384996034393
2013-03-06,0.0053837019021
2013-03-07,0.000392497374
2013-03-08,-0.00469834636909
2013-03-11,-0.00294884311911
2013-03-12,-0.00236392796038
2013-03-13,-0.00395998603043
2013-03-14,-0.00543163541252
2013-03-15,-4.49259988197e-05
2013-03-18,0.000926988155794
2013-03-19,-0.00737468117332
2013-03-20,9.29890958723e-05
2013-03-21,0.00204259154449
2013-03-22,-0.000143716133215
2013-03-25,-0.00231391419599
2013-03-26,-0.00127949989195
2013-03-27,0.000681898826166
2013-03-28,-0.0054485853078
2013-04-01,-0.00666945062345
2013-04-02,-0.00306929945421
2013-04-03,-0.00145077974454
2013-04-04,-0.0036840836741
2013-04-05,-0.00153394000475
2013-04-08,-0.00181948780823
2013-04-09,-0.00552666496077
2013-04-10,0.00277001007577
2013-04-11,-0.00870579894461
2013-04-12,-0.00347990293367
2013-04-15,0.00410554446973
2013-04-16,-0.00553701250834
2013-04-17,-0.00591612245605
2013-04-18,-0.000382233208661
2013-04-19,-0.00948675980117
2013-04-22,-0.00128501053633
2013-04-23,0.001806670498
2013-04-24,0.0119571972893
2013-04-25,-0.000718365498174
2013-04-26,-0.00406955443076
2013-04-29,0.00264117713602
2013-04-30,-6.1460896088e-05
2013-05-01,0.0033833541004
2013-05-02,-0.00230392692099
2013-05-03,0.00622687603337
2013-05-06,0.00442143990702
2013-05-07,0.00681981171193
2013-05-08,0.00349260743775
2013-05-09,0.0027282122171
2013-05-10,0.00385975807123
2013-05-13,-0.00176628656531
2013-05-14,-0.000120600534954
2013-05-15,-0.00260979671742
2013-05-16,0.0141297441937
2013-05-17,-0.00829780533174
2013-05-20,-0.000809358689404
2013-05-21,-0.0030535761789
2013-05-22,0.00365090383683
2013-05-23,0.0142400625165
2013-05-24,-0.0122351506766
2013-05-28,-0.00928642787429
2013-05-29,0.00827495216604
2013-05-30,0.00396182478793
2013-05-31,0.00123630985465
2013-06-03,-0.00275676710943
2013-06-04,0.00280478233738
2013-06-05,-0.00155167342636
2013-06-06,0.0137454463117
2013-06-07,0.00110896194538
2013-06-10,-0.00906226761956
2013-06-11,0.000224557447137
2013-06-12,-0.00314396137671
2013-06-13,-0.000507703135372
2013-06-14,-0.00545448186178
2013-06-17,0.00040816094903
2013-06-18,0.00465648715435
2013-06-19,-0.00576314164455
2013-06-20,-0.00438411128774
2013-06-21,-0.000223895996856
2013-06-24,-0.00241809149003
2013-06-25,0.00484499332706
2013-06-26,-0.000807017006113
2013-06-27,0.00541751709633
2013-06-28,0.000380378977014
2013-07-01,-0.00497961672433
2013-07-02,0.00519657124704
2013-07-03,-0.00196531735438
2013-07-05,-5.12859487111e-05
2013-07-08,-0.00242965089906
2013-07-09,0.00963612740817
2013-07-10,-0.000472312916827
2013-07-11,0.00444457760201
2013-07-12,-0.000237621494535
2013-07-15,0.00109901481196
2013-07-16,-0.00168630457825
2013-07-17,0.000796220149135
2013-07-18,0.00331245555697
2013-07-19,0.00118191001215
2013-07-22,-0.00163349987181
2013-07-23,0.00143451820676
2013-07-24,-0.00298030990106
2013-07-25,-0.00247057099607
2013-07-26,-0.00111317021384
2013-07-29,-0.00326125579502
2013-07-30,0.00198483603109
2013-07-31,0.00308993502669
2013-08-01,-0.00270105402775
2013-08-02,0.00180209027149
2013-08-05,-0.00155168211134
2013-08-06,0.00446675395007
2013-08-07,-5.54105858936e-05
2013-08-08,-0.00234909463245
2013-08-09,-0.00110842839187
2013-08-12,-0.00755437631252
2013-08-13,0.00384467295197
2013-08-14,0.00389751587611
2013-08-15,0.00367502606406
2013-08-16,0.0013390725913
2013-08-19,-0.00234987183827
2013-08-20,0.00182157432885
2013-08-21,-0.00348015420859
2013-08-22,-0.00941224216233
2013-08-23,-0.00378138411395
2013-08-26,-0.000238454291098
2013-08-27,0.000203073302193
2013-08-28,-0.00917975096881
2013-08-29,0.00130926378266
2013-08-30,0.00350119569238
2013-09-03,-0.00190764506725
2013-09-04,0.00493148234146
2013-09-05,0.00525340673197
2013-09-06,0.00419212231523
2013-09-09,0.00779832462787
2013-09-10,-0.00582269823545
2013-09-11,-0.00239658707957
2013-09-12,0.00462999045957
2013-09-13,-0.00426066980449
2013-09-16,-0.00558922559109
2013-09-17,-0.00110700362487
2013-09-18,0.0128021152186
2013-09-19,-0.00418050806188
2013-09-20,-0.00103708817978
2013-09-23,0.00275161791735
2013-09-24,-0.00150192318063
2013-09-25,-0.00772531372058
2013-09-26,-0.00414668483919
2013-09-27,0.00121228640975
2013-09-30,0.0023794260398
2013-10-01,-0.00181398787246
2013-10-02,0.000320097231277
2013-10-03,-0.00687963663891
2013-10-04,-0.00892156743326
2013-10-07,0.00553176341453
2013-10-08,0.00423035455576
2013-10-09,-0.000264519199941
2013-10-10,0.000203853826243
2013-10-11,0.00321243012592
2013-10-14,-0.00266720402787
2013-10-15,0.000751024239449
2013-10-16,-0.0146957307078
2013-10-17,-0.00458431637176
2013-10-18,0.00296301041981
2013-10-21,0.00232214899419
2013-10-22,-0.0012779406778
2013-10-23,-0.00788458602988
2013-10-24,0.00753201134828
2013-10-25,0.00333659913915
2013-10-28,-0.000547929232479
2013-10-29,-0.0010234116252
2013-10-30,-0.000313858502423
2013-10-31,0.00451392438291
2013-11-01,-0.00799759299397
2013-11-04,0.00344496872938
2013-11-05,0.00063201242395
2013-11-06,0.00601378987062
2013-11-07,0.0020478504165
2013-11-08,-0.003993549796
2013-11-11,-0.00300360438277
2013-11-12,0.00711442406572
2013-11-13,0.000525816762916
2013-11-14,-0.00652790771039
2013-11-15,-0.00265549853679
2013-11-18,-0.00110925977559
2013-11-19,-0.000369407773954
2013-11-20,-0.00370953285995
2013-11-21,0.00113581274804
2013-11-22,0.00162181522631
2013-11-25,-0.00177610029459
2013-11-26,0.00065314037524
2013-11-27,-0.00541164727476
2013-11-29,-0.00051605872889
2013-12-02,-0.000713902685472
2013-12-03,0.00173805369803
2013-12-04,0.00528980918513
2013-12-05,0.00411759592778
2013-12-06,0.00268351659754
2013-12-09,-0.00843348498347
2013-12-10,-0.0031161937791
2013-12-11,0.00175052115393
2013-12-12,0.00191722862636
2013-12-13,0.00548041403017
2013-12-16,-0.00735958011335
2013-12-17,-0.00465045708964
2013-12-18,-0.00772784610553
2013-12-19,0.00118659963104
2013-12-20,0.00141806475235
2013-12-23,-0.00554783394616
2013-12-24,0.0012736470888
2013-12-26,-0.00327714133333
2013-12-27,-0.000659450449621
2013-12-30,0.00202744710174
2013-12-31,0.00222465676259
2014-01-02,0.00188487177334
2014-01-03,0.00255616665753
2014-01-06,-0.00645430137934
2014-01-07,-0.00103081615458
2014-01-08,-0.000924598846003
2014-01-09,0.00418796090268
2014-01-10,-0.00727918768728
2014-01-13,-9.44717178856e-05
2014-01-14,-0.00327527284976
2014-01-15,-0.00323149554854
2014-01-16,-0.00990803687553
2014-01-17,-0.00146680324718
2014-01-21,-0.00817810675083
2014-01-22,-0.0012159769493
2014-01-23,0.00241101479949
2014-01-24,0.00120658237764
2014-01-27,0.00744861354574
2014-01-28,0.00819880407838
2014-01-29,0.00125075613338
2014-01-30,-0.00111268118404
2014-01-31,-0.000281436254046
2014-02-03,0.00187625038181
2014-02-04,0.00167809082143
2014-02-05,-0.00419575683105
2014-02-06,-0.0075551213429
2014-02-07,0.00813966500904
2014-02-10,-0.00142739550583
2014-02-11,0.00441108868897
2014-02-12,-0.00472038646461
2014-02-13,-0.0108491050625
2014-02-14,-0.00362559490055
2014-02-18,-0.00361439591132
2014-02-19,-0.00388335355239
2014-02-20,-0.000709993915056
2014-02-21,0.00419124463646
2014-02-24,0.00384886454379
2014-02-25,-0.00278525922062
2014-02-26,0.000355076451788
2014-02-27,-0.00103620757638
2014-02-28,-0.0085874265761
2014-03-03,0.00516833442254
2014-03-04,0.00529651145135
2014-03-05,0.00563148737764
2014-03-06,0.00814668499447
2014-03-07,-0.00239657109735
2014-03-10,0.00281215503349
2014-03-11,0.000705922920331
2014-03-12,0.00349985004348
2014-03-13,0.00105206290901
2014-03-14,0.00218762176858
2014-03-17,0.00127103843691
2014-03-18,0.00712947695448
2014-03-19,0.00368682948928
2014-03-20,-0.00660665136453
2014-03-21,-0.00667677162148
2014-03-24,0.00135281617395
2014-03-25,0.00449691220206
2014-03-26,0.00792443230223
2014-03-27,-0.00738719583539
2014-03-28,0.00479692422998
2014-03-31,0.00445786149737
2014-04-01,0.00302825120028
2014-04-02,-0.00658579838062
2014-04-03,-0.00926359907741
2014-04-04,-0.000510070274486
2014-04-07,-0.00288171624655
2014-04-08,-0.000587867840337
2014-04-09,0.0136143252277
2014-04-10,0.00222976357786
2014-04-11,-0.00107145198014
2014-04-14,-0.00196499278545
2014-04-15,0.0032970200778
2014-04-16,-0.000850572086866
2014-04-17,-0.00239340222196
2014-04-21,0.0030656456058
2014-04-22,0.00433265698097
2014-04-23,0.00285716239142
2014-04-24,-0.0018674438495
2014-04-25,0.00371504334535
2014-04-28,0.000302783963453
2014-04-29,0.00643941346056
2014-04-30,-0.00208772787607
2014-05-01,0.00189743151052
2014-05-02,0.00842763872141
2014-05-05,-0.00176243247019
2014-05-06,0.0015459477947
2014-05-07,-0.000383713982788
2014-05-08,-0.00084801908438
2014-05-09,-0.00568123213354
2014-05-12,0.000578493227318
2014-05-13,0.00111437451104
2014-05-14,0.005764428095
2014-05-15,0.00510393473857
2014-05-16,-0.000329524083436
2014-05-19,-0.00220441231111
2014-05-20,0.000486394668513
2014-05-21,-0.00608936838034
2014-05-22,-0.00263277575769
2014-05-23,-0.00297167709464
2014-05-27,0.00878958497687
2014-05-28,-0.000784007985165
2014-05-29,-0.000187301229393
2014-05-30,0.0043916823434
2014-06-02,9.7803210907e-05
2014-06-03,-0.00532156577207
2014-06-04,-0.00123603579659
2014-06-05,0.00519332039265
2014-06-06,-0.00270131585387
2014-06-09,0.00188855624903
2014-06-10,0.000885309803997
2014-06-11,0.00258033267943
2014-06-12,-0.000563781569462
2014-06-13,0.00566549070116
2014-06-16,-0.00293304297461
2014-06-17,2.17338890864e-05
2014-06-18,0.0021096312764
2014-06-19,0.00476040722216
2014-06-20,-0.0049034206653
2014-06-23,-0.00225945885836
2014-06-24,0.00552191990586
2014-06-25,-0.00461745833689
2014-06-26,0.00170114036219
2014-06-27,-0.00195292707554
2014-06-30,-0.00524777841235
2014-07-01,0.0046464982912
2014-07-02,0.00416616650083
2014-07-03,-0.00199868322909
2014-07-07,0.00339208782783
2014-07-08,-0.00156029261966
2014-07-09,-0.0019587817821
2014-07-10,0.000840887061594
2014-07-11,0.00142107603281
2014-07-14,0.00213682857
2014-07-15,0.00220121571567
2014-07-16,-0.00524547809195
2014-07-17,0.00151744718
2014-07-18,0.00152394467024
2014-07-21,0.00121197975398
2014-07-22,-0.000972215638035
2014-07-23,0.00658755653428
2014-07-24,-0.002856216003
2014-07-25,-0.00195204052879
2014-07-28,-0.00014937426572
2014-07-29,-0.000467732831511
2014-07-30,0.00159013542294
2014-07-31,0.00289943318437
2014-08-01,0.00228175787546
2014-08-04,0.000711810730478
2014-08-05,0.00439654440492
2014-08-06,0.0147527783323
2014-08-07,0.00299927512775
2014-08-08,0.00395550134645
2014-08-11,-0.000892628585199
2014-08-12,0.00105528265407
2014-08-13,0.00314127647048
2014-08-14,-0.00239617352069
2014-08-15,-0.00234513296859
2014-08-18,-0.00173089345634
2014-08-19,0.00104051884075
2014-08-20,-0.00274338882596
2014-08-21,0.00353952736227
2014-08-22,-0.0031457297163
2014-08-25,-0.000185116953153
2014-08-26,-0.000404466938159
2014-08-27,0.00105815901335
2014-08-28,-0.00163289144263
2014-08-29,-0.00231346961242
2014-09-02,-0.00160957595582
2014-09-03,-0.00298984728513
2014-09-04,-0.000757348023783
2014-09-05,0.00101897065796
2014-09-08,0.000625588770908
2014-09-09,0.00261594720464
2014-09-10,0.00200305417833
2014-09-11,0.000296146771431
2014-09-12,-0.00469524252398
2014-09-15,-0.00242268865621
2014-09-16,-0.00109096880341
2014-09-17,-0.00197579348195
2014-09-18,0.00163182684802
2014-09-19,-0.00552786120582
2014-09-22,-5.47877203061e-05
2014-09-23,0.00388325979664
2014-09-24,0.000633308475827
2014-09-25,-0.000278802495189
2014-09-26,-0.000704443656765
2014-09-29,-0.00711209463768
2014-09-30,0.00379693292633
2014-10-01,0.00134305608376
2014-10-02,0.00207059934851
2014-10-03,0.00299322821834
2014-10-06,0.000522867255717
2014-10-07,-0.00612102738328
2014-10-08,0.00910501858886
2014-10-09,-0.00687065083263
2014-10-10,0.000947291029251
2014-10-13,-0.00240276846374
2014-10-14,0.00696232874691
2014-10-15,0.000109037215679
2014-10-16,0.0160807222264
2014-10-17,0.00162036035686
2014-10-20,0.00434377532739
2014-10-21,-0.00111529948432
2014-10-22,0.0081685561193
2014-10-23,-0.00270798651233
2014-10-24,0.000526984457925
2014-10-27,-0.00510172121558
2014-10-28,0.00535914626892
2014-10-29,-0.00246285096071
2014-10-30,-0.00588197673216
2014-10-31,-0.00207885105917
2014-11-03,-0.00373243431398
2014-11-04,-0.0126573139887
2014-11-05,-0.00626076102078
2014-11-06,0.0089943690239
2014-11-07,0.00946896072604
2014-11-10,-0.00773908636097
2014-11-11,0.00190650087511
2014-11-12,-0.000477257838351
2014-11-13,-0.00253307296047
2014-11-14,0.00330317160892
2014-11-17,-0.00426798194827
2014-11-18,0.00101945829196
2014-11-19,-0.00128567542581
2014-11-20,0.00710559625551
2014-11-21,0.00309161362797
2014-11-24,-0.00517249790622
2014-11-25,0.0055987969578
2014-11-26,-0.00236814450285
2014-11-28,-0.0090823697009
2014-12-01,-1.04711616052e-05
2014-12-02,0.00441473536871
2014-12-03,0.000917536003974
2014-12-04,-0.00590246562158
2014-12-05,0.00191966549528
2014-12-08,-0.00562312292644
2014-12-09,-0.0054762962398
2014-12-10,-0.00149199362284
2014-12-11,0.00441620417856
2014-12-12,0.00169676718446
2014-12-15,0.0012477910107
2014-12-16,0.00405175862846
2014-12-17,-0.00411755856661
2014-12-18,0.00896939392304
2014-12-19,0.00219072971588
2014-12-22,0.00263594984948
2014-12-23,0.000658844230221
2014-12-24,0.00355825736373
2014-12-26,0.00230900097751
2014-12-29,0.00358873285869
2014-12-30,-0.00016994909342
2014-12-31,-0.00367353234504
2015-01-02,-0.00513005150846
2015-01-05,-0.000909018645365
2015-01-06,-0.00371481949525
2015-01-07,0.0111779879784
2015-01-08,0.00858659798061
2015-01-09,6.97423429913e-05
2015-01-12,-0.00055355568532
2015-01-13,-0.00254568923173
2015-01-14,-0.00246037931762
2015-01-15,-0.00757103380394
2015-01-16,0.000192160581573
2015-01-20,0.00330043420071
2015-01-21,-0.0108630587631
2015-01-22,0.00354373490867
2015-01-23,0.00519448054196
2015-01-26,-0.00954995413136
2015-01-27,-0.00381972660758
2015-01-28,0.00258632458674
2015-01-29,0.0060533839469
2015-01-30,-0.00931486583155
2015-02-02,0.00334970343726
2015-02-03,0.00158810339637
2015-02-04,-0.00518828535097
2015-02-05,-0.00203289824344
2015-02-06,-0.00342890875494
2015-02-09,0.00260375990364
2015-02-10,0.0049797054249
2015-02-11,-0.00262016367786
2015-02-12,0.00497789939591
2015-02-13,0.0094607985534
2015-02-17,0.000542058024886
2015-02-18,-0.000790909150282
2015-02-19,0.000871551120973
2015-02-20,0.00490495761497
2015-02-23,0.000411370803278
2015-02-24,0.00380680056855
2015-02-25,0.00140456360832
2015-02-26,-0.00588939621487
2015-02-27,0.000292379517015
2015-03-02,0.00500151709082
2015-03-03,-0.00266859001105
2015-03-04,0.00144854688637
2015-03-05,0.00185562197753
2015-03-06,-0.0039992299194
2015-03-09,-0.00312133627049
2015-03-10,0.000378907601095
2015-03-11,0.00390572125573
2015-03-12,-0.00286704993942
2015-03-13,0.00385753594709
2015-03-16,-0.00507716596526
2015-03-17,-0.00170517975672
2015-03-18,0.000612580503083
2015-03-19,0.00318437129905
2015-03-20,0.00296964211076
2015-03-23,0.000275072559246
2015-03-24,0.00737694203727
2015-03-25,0.00459617335058
2015-03-26,0.00210684622828
2015-03-27,0.00114686399547
2015-03-30,-0.00132964056579
2015-03-31,-0.00656069068268
2015-04-01,0.00412242772925
2015-04-02,0.00678230194379
2015-04-06,0.00583068152291
2015-04-07,0.00232132363279
2015-04-08,-0.00102803933968
2015-04-09,0.00497786737995
2015-04-10,0.0037223309826
2015-04-13,-0.00341137230754
2015-04-14,-0.00214070860168
2015-04-15,-0.00106914430666
2015-04-16,0.0007187928218
2015-04-17,-0.0093776140626
2015-04-20,0.00286943373452
2015-04-21,0.00848124158548
2015-04-22,-0.000706146735996
2015-04-23,0.00129542828686
2015-04-24,-0.00581267880395
2015-04-27,-0.00189838464055
2015-04-28,-0.00151799195781
2015-04-29,-0.00433921834712
2015-04-30,-0.00176454013034
2015-05-01,0.00181580106861
2015-05-04,0.00484645928879
2015-05-05,0.00600688359699
2015-05-06,0.00431269493528
2015-05-07,0.00232292532375
2015-05-08,-0.00162207394774
2015-05-11,0.00329248937838
2015-05-12,0.00601692154796
2015-05-13,0.00220773484299
2015-05-14,-0.00155020162749
2015-05-15,0.00707819520503
2015-05-18,0.000254698008047
2015-05-19,-4.90907658718e-05
2015-05-20,0.002817920118
2015-05-21,0.000496787174369
2015-05-22,0.00181112006053
2015-05-26,0.00389029756854
2015-05-27,-0.00202957909295
2015-05-28,0.00335510651054
2015-05-29,-0.00144547730232
2015-06-01,-0.000256772916015
2015-06-02,0.00122742631061
2015-06-03,-0.00524806041612
2015-06-04,-0.00114461421984
2015-06-05,-0.00628000604071
2015-06-08,0.00169483252114
2015-06-09,0.000362363845223
2015-06-10,-0.00236381558573
2015-06-11,0.000413842597805
2015-06-12,-0.00073507473972
2015-06-15,-0.000628056095897
2015-06-16,0.00275971622134
2015-06-17,-0.000140944374471
2015-06-18,-0.00182721165822
2015-06-19,0.00271355649598
2015-06-22,0.00811472908573
2015-06-23,-0.00133435823326
2015-06-24,-0.000378226552635
2015-06-25,-0.00351955607429
2015-06-26,-0.0102672713322
2015-06-29,-0.00214150528633
2015-06-30,-0.012616446357
2015-07-01,-0.00677082624998
2015-07-02,-0.00340898347862
2015-07-06,-0.004046795728
2015-07-07,0.000128639194557
2015-07-08,-0.00426509226412
2015-07-09,0.00466679265392
2015-07-10,0.00112034130254
2015-07-13,-0.00455541550516
2015-07-14,4.48228900913e-05
2015-07-15,0.000341356047301
2015-07-16,-0.00596087209135
2015-07-17,-0.0120346654542
2015-07-20,-0.00694513662464
2015-07-21,-0.00827716863691
2015-07-22,-0.00189869136716
2015-07-23,-0.0103770598736
2015-07-24,-0.00537837424002
2015-07-27,-0.00260390066091
2015-07-28,-0.000663788315871
2015-07-29,-0.000881023342617
2015-07-30,-0.00252957991677
2015-07-31,0.0113986239988
2015-08-03,-0.0190433476083
2015-08-04,-0.0111850934165
2015-08-05,-0.00168155199877
2015-08-06,-0.00644697033819
2015-08-07,0.00532792055355
2015-08-10,0.00480684183109
2015-08-11,-0.00778253581639
2015-08-12,0.0015738965884
2015-08-13,-0.00188107431738
2015-08-14,-0.00258474360709
2015-08-17,-0.00364303254909
2015-08-18,-0.00492440010815
2015-08-19,0.00259098966588
2015-08-20,0.00560717918744
2015-08-21,-0.00384879953603
2015-08-24,-0.00883347010406
2015-08-25,0.00807475207055
2015-08-26,0.002026760524
2015-08-27,0.000268483052363
2015-08-28,-0.00135252234027
2015-08-31,-0.00575758438685
2015-09-01,-0.00829520409112
2015-09-02,-0.00286755929576
2015-09-03,-0.000344549507898
2015-09-04,-0.00416363470628
2015-09-08,-0.00480902334742
2015-09-09,-0.001328073966
2015-09-10,0.00150908099235
2015-09-11,-0.00514274858083
2015-09-14,-0.00442995311536
2015-09-15,0.00576181681183
2015-09-16,-0.00934473324747
2015-09-17,0.00361926068568
2015-09-18,-0.00199507352616
2015-09-21,-0.00520000749297
2015-09-22,0.00362043683271
2015-09-23,-0.00781214787617
2015-09-24,0.0037699207729
2015-09-25,-0.00889622683833
2015-09-28,-0.00713029558199
2015-09-29,-0.0031583958292
2015-09-30,0.000937955693401
2015-10-01,0.000805966137157
2015-10-02,0.00888213561616
2015-10-05,0.0148632113649
2015-10-06,-0.00868467934205
2015-10-07,0.0223664533653
2015-10-08,6.11716805818e-05
2015-10-09,0.00474617734906
2015-10-12,-0.00273903820165
2015-10-13,-0.00409590421478
2015-10-14,-0.00421957077819
2015-10-15,-0.00255444742253
2015-10-16,-0.00815035822077
2015-10-19,-0.00153551124897
2015-10-20,0.00538405300003
2015-10-21,-0.00268531108282
2015-10-22,0.00695879948356
2015-10-23,0.00879577764588
2015-10-26,-0.00322481634203
2015-10-27,-0.00295199872941
2015-10-28,0.0124232369824
2015-10-29,0.00912811385236
2015-10-30,0.0101163735099
2015-11-02,-0.00292626541447
2015-11-03,-0.000950224832235
2015-11-04,-0.00424094944983
2015-11-05,-0.00346595558336
2015-11-06,0.00650053357804
2015-11-09,0.00430770392806
2015-11-10,-0.00915119201087
2015-11-11,0.0016418458427
2015-11-12,-0.00128837918374
2015-11-13,0.00611465094777
2015-11-16,-0.00205798177602
2015-11-17,-0.0158165132688
2015-11-18,0.00361176261882
2015-11-19,0.00230022637429
2015-11-20,-0.00393705541102
2015-11-23,-0.00311692494165
2015-11-24,0.00267979032994
2015-11-25,0.0044239453236
2015-11-27,-0.00313501154453
2015-11-30,0.00606179982181
2015-12-01,0.00399271928908
2015-12-02,-0.00642210542804
2015-12-03,0.00275090325864
2015-12-04,-0.0117222172636
2015-12-07,-0.0115862473368
2015-12-08,0.00509917319999
2015-12-09,0.0101168182251
2015-12-10,0.00411155888104
2015-12-11,-0.0032306025399
2015-12-14,0.00937272613812
2015-12-15,0.00180501351858
2015-12-16,0.0044278461806
2015-12-17,0.0042113623337
2015-12-18,-0.00519024020095
2015-12-21,-0.000971189715358
2015-12-22,-0.00115381061048
2015-12-23,0.00403463809662
2015-12-24,-0.00105600127266
2015-12-28,0.00159654718736
2015-12-29,-0.00235988616769
2015-12-30,-0.00103743743207
2015-12-31,0.000930521860709
2016-01-04,-0.00910237941997
2016-01-05,0.000520578561792
2016-01-06,-0.00357741283722
2016-01-07,-0.011230828752
2016-01-08,0.00157749550273
2016-01-11,0.0118483732466
2016-01-12,0.0025270181039
2016-01-13,0.00287268693605
2016-01-14,0.00278943814804
2016-01-15,0.00673989519204
2016-01-19,-0.00438545166617
2016-01-20,-0.00270512811052
2016-01-21,-0.00790479207092
2016-01-22,0.00624317946732
2016-01-25,0.00750155397547
2016-01-26,0.00579150204545
2016-01-27,0.00612465964003
2016-01-28,-0.00208210105772
2016-01-29,-0.00338061720361
2016-02-01,-0.00105632538478
2016-02-02,0.000559001033171
2016-02-03,-0.00730548097439
2016-02-04,-0.00933181877606
2016-02-05,-3.04059735216e-06
2016-02-08,0.00300727730688
2016-02-09,-0.000796044153465
2016-02-10,-0.00104399354973
2016-02-11,-0.0160002285201
2016-02-12,-0.000923935757831
2016-02-16,8.07846193894e-06
2016-02-17,0.00671437279922
2016-02-18,-0.00402926361113
2016-02-19,-0.000821396332931
2016-02-22,0.00599419843294
2016-02-23,-0.00854458871031
2016-02-24,0.00145733288753
2016-02-25,0.00704828884349
2016-02-26,0.0134222301209
2016-02-29,-0.00523436314792
2016-03-01,0.00606409747028
2016-03-02,0.00730131005626
2016-03-03,0.00549509240877
2016-03-04,-0.00491383969786
2016-03-07,0.00771691695395
2016-03-08,-0.000205791185977
2016-03-09,0.0017291037791
2016-03-10,-0.00215311443365
2016-03-11,0.000625958203724
2016-03-14,0.00676609851578
2016-03-15,-0.00224036827761
2016-03-16,-0.00619724382715
2016-03-17,0.00263457303574
2016-03-18,0.00150556286183
2016-03-21,0.00333949149621
2016-03-22,-0.00374954211589
2016-03-23,0.00597564097818
2016-03-24,-0.00403252242101
2016-03-28,-0.00220943427961
2016-03-29,-0.00598773027721
2016-03-30,0.00380770464051
2016-03-31,-0.0050836169234
2016-04-01,-0.00158210054495
2016-04-04,0.00418260112709
2016-04-05,0.00178721350814
2016-04-06,-0.0102374018334
2016-04-07,-0.0043801377271
2016-04-08,-0.010944852104
2016-04-11,0.000744956828476
2016-04-12,0.00021919456443
2016-04-13,0.00364657336771
2016-04-14,-0.00256573783958
2016-04-15,-0.000131776530625
2016-04-18,-0.00142758813451
2016-04-19,0.00419649486966
2016-04-20,0.00418468561136
2016-04-21,-0.00800660598692
2016-04-22,-0.00854040366325
2016-04-25,0.006080187541
2016-04-26,0.000214632778298
2016-04-27,0.000520782035272
2016-04-28,0.00472764467579
2016-04-29,-0.00252977478706
2016-05-02,0.00193283686173
2016-05-03,0.00156380378761
2016-05-04,-0.00168451972104
2016-05-05,-0.00171284242319
2016-05-06,-0.0107088646365
2016-05-09,0.00110496856767
2016-05-10,-0.000784385945599
2016-05-11,0.00659828558797
2016-05-12,-0.00632657724534
2016-05-13,0.00477881287916
2016-05-16,-0.00286888245756
2016-05-17,-0.00454212529931
2016-05-18,0.00315914768068
2016-05-19,-0.00124035595943
2016-05-20,0.0095854721822
2016-05-23,-0.000617834575244
2016-05-24,0.00561548815107
2016-05-25,0.00392943925707
2016-05-26,0.000134134383742
2016-05-27,-0.0017579653752
2016-05-31,-0.0030600469719
2016-06-01,0.00214187434434
2016-06-02,-0.00150099338106
2016-06-03,-0.000207067777531
2016-06-06,-0.00119133518243
2016-06-07,-0.00324043215461
2016-06-08,0.00927261053485
2016-06-09,-0.00794008966402
2016-06-10,-0.0080436311808
2016-06-13,0.000827524455618
2016-06-14,0.000213898603949
2016-06-15,0.00467921298604
2016-06-16,-0.00221125340235
2016-06-17,-0.00378172573414
2016-06-20,0.0029121861952
2016-06-21,-0.00215325395948
2016-06-22,0.00343052496125
2016-06-23,0.00252180658977
2016-06-24,0.00608043520068
2016-06-27,0.00221094459
2016-06-28,0.000944402770728
2016-06-29,0.00205779996518
2016-06-30,-0.00356883945578
2016-07-01,-0.00499172476497
2016-07-05,-0.00641017755937
2016-07-06,0.00222662111698
2016-07-07,0.000507712491461
2016-07-08,0.00161885325259
2016-07-11,0.00111914024897
2016-07-12,-0.0059081330936
2016-07-13,0.000487130120351
2016-07-14,0.000825290438175
2016-07-15,-0.000114256673145
2016-07-18,-0.00148337243067
2016-07-19,-0.00409883124753
2016-07-20,0.00341524646271
2016-07-21,-2.50775030019e-05
2016-07-22,0.00199759551183
2016-07-25,-0.00461896422407
2016-07-26,-0.00745544841737
2016-07-27,-0.00555308387772
2016-07-28,0.00816897779931
2016-07-29,-0.00844518847231
2016-08-01,-0.00353717991483
2016-08-02,0.00280342398226
2016-08-03,0.00144322038823
2016-08-04,0.00409982744993
2016-08-05,-0.00306977798054
2016-08-08,-0.00335622004895
2016-08-09,0.00155611922879
2016-08-10,-0.00132588723212
2016-08-11,-0.000860026052254
2016-08-12,-0.00575309959284
2016-08-15,-0.000224753245254
2016-08-16,-8.19807886918e-05
2016-08-17,0.000518183146484
2016-08-18,0.00286882276184
2016-08-19,0.0087212920101
2016-08-22,0.00177662885423
2016-08-23,-0.00433148516165
2016-08-24,-0.00108363296931
2016-08-25,0.00531106292253
2016-08-26,-0.00594741740674
2016-08-29,0.00571366388432
2016-08-30,-0.00517906783703
2016-08-31,0.00380518310844
2016-09-01,-0.00367025494416
2016-09-02,-0.00414315489446
2016-09-06,-0.0018452722202
2016-09-07,-0.00329603636369
2016-09-08,-0.00600870028448
2016-09-09,0.00478383372946
2016-09-12,-0.00178682016106
2016-09-13,0.00368636244042
2016-09-14,0.00633884101057
2016-09-15,0.000175785726649
2016-09-16,-0.00271733384864
2016-09-19,0.000690941301493
2016-09-20,-0.0018555200303
2016-09-21,-0.00709509854521
2016-09-22,-0.0032620097006
2016-09-23,-0.00401857984972
2016-09-26,0.000251405868395
2016-09-27,-0.00312540602866
2016-09-28,0.00222576457181
2016-09-29,-0.00265837240571
2016-09-30,0.00152188377492
2016-10-03,0.000670688758886
2016-10-04,0.000459258973398
2016-10-05,0.00264987617935
2016-10-06,0.000191478197227
2016-10-07,0.00548496718697
2016-10-10,-0.00194319651883
2016-10-11,0.00604537730418
2016-10-12,0.00190718439941
2016-10-13,0.00212176628067
2016-10-14,0.0021039382402
2016-10-17,0.00192129262143
2016-10-18,0.00170586008058
2016-10-19,0.00449619904418
2016-10-20,0.00219878933081
2016-10-21,-0.00394696294987
2016-10-24,-0.00284688113942
2016-10-25,0.00612437703442
2016-10-26,-0.00851569976805
2016-10-27,-0.000755795676243
2016-10-28,0.00608570616054
2016-10-31,-0.0117363435863
2016-11-01,-0.00277227213947
2016-11-02,-0.00444640671803
2016-11-03,0.00372065951163
2016-11-04,0.0017836305058
2016-11-07,0.00181549347983
2016-11-08,-0.00111671820472
2016-11-09,-0.0178241841506
2016-11-10,-0.00788514891805
2016-11-11,-0.0165336733141
2016-11-14,0.00277353544755
2016-11-15,0.00256915453195
2016-11-16,0.00575411326337
2016-11-17,-0.00888452229296
2016-11-18,-0.000352884238684
2016-11-21,-0.00129667375368
2016-11-22,-0.00624344515299
2016-11-23,-0.0061282520299
2016-11-25,-0.000450103769687
2016-11-28,-0.00421649576492
2016-11-29,0.00205865826338
2016-11-30,0.00644375316423
2016-12-01,-0.000994682913749
2016-12-02,0.003944508743
2016-12-05,0.00235120700442
2016-12-06,-0.00497902164348
2016-12-07,-0.0134952111668
2016-12-08,0.00429850000954
2016-12-09,-0.00131327948364
2016-12-12,-0.000116632704197
2016-12-13,-0.00204326269493
2016-12-14,0.000966870871748
2016-12-15,-0.0045014309626
2016-12-16,-0.00269402228401
2016-12-19,-0.000554306974637
2016-12-20,-0.00766813510143
2016-12-21,0.0046965485163
2016-12-22,-0.00782377513003
2016-12-23,-0.00188300307451
2016-12-27,-0.00247401925982
2016-12-28,0.00333019132784
2016-12-29,-0.000424774255543
2016-12-30,-0.00112749423054
2017-01-03,-0.00261866047321
2017-01-04,0.00676045874086
2017-01-05,0.00354863196522
2017-01-06,0.00348832160812
2017-01-09,0.00307523909951
2017-01-10,-0.00660360907383
2017-01-11,0.00608841946214
2017-01-12,-0.00510717663366
2017-01-13,-0.00521613474799
2017-01-17,0.00106651747532
2017-01-18,0.00216939594031
2017-01-19,-0.00549769271555
2017-01-20,-0.0090086277645
2017-01-23,-0.0105379588348
2017-01-24,-0.00521192315897
2017-01-25,-0.00275150822949
2017-01-26,0.00356376350255
2017-01-27,0.00214293715889
2017-01-30,-0.00399213920075
2017-01-31,-0.000672408706059
2017-02-01,-0.000473301616795
2017-02-02,-0.00205861667769
2017-02-03,0.00195743907405
2017-02-06,0.00303987885558
2017-02-07,-0.00256882464211
2017-02-08,0.00119825826163
2017-02-09,-0.0101619125984
2017-02-10,0.00475469673786
2017-02-13,0.00015358024896
2017-02-14,-0.00197079797756
2017-02-15,-0.00453840537507
2017-02-16,0.000447015714038
2017-02-17,-0.0109660641432
2017-02-21,-0.00293761475132
2017-02-22,-0.00192424097097
2017-02-23,0.00258180994049
2017-02-24,-0.00119065252709
2017-02-27,-0.00476782192713
2017-02-28,0.00441962657515
2017-03-01,0.00250400478981
2017-03-02,-0.00441631847102
2017-03-03,-0.00394186722182
2017-03-06,-0.0030616667836
2017-03-07,-0.00569942996234
2017-03-08,-0.0079650960115
2017-03-09,-0.000393997740515
2017-03-10,-0.0027120811593
2017-03-13,0.00207080430217
2017-03-14,0.00229562240093
2017-03-15,-0.000657562609078
2017-03-16,-0.00213886134719
2017-03-17,-0.00112526544572
2017-03-20,0.00446382244004
2017-03-21,-0.00402325426336
2017-03-22,-0.00153843102028
2017-03-23,0.00525429372641
2017-03-24,-0.00101107452237
2017-03-27,-0.00596456236569
2017-03-28,0.00110284700218
2017-03-29,0.00374752817783
2017-03-30,-0.00466919017454
2017-03-31,0.00179054090923
2017-04-03,0.000199953960586
2017-04-04,0.0012131654566
2017-04-05,-0.00155012123389
2017-04-06,7.65563122177e-05
2017-04-07,-0.00179121654797
2017-04-10,-0.0015701695191
2017-04-11,0.00316826848612
2017-04-12,0.00531818987267
2017-04-13,-0.000870875607571
2017-04-17,0.00150472201558
2017-04-18,-0.00522253140182
2017-04-19,-0.011554175207
2017-04-20,-0.00287062026098
2017-04-21,0.00198902885603
2017-04-24,0.00510099655834
2017-04-25,-0.000550489372486
2017-04-26,-0.010980466103
2017-04-27,0.00426538812964
2017-04-28,0.00433892930523
2017-05-01,-0.00576860935537
2017-05-02,-0.0126338397018
2017-05-03,-0.00423490457407
2017-05-04,0.00406449467581
2017-05-05,-0.00360981703284
2017-05-08,0.000896543743738
2017-05-09,0.00111940731992
2017-05-10,-0.00180335761313
2017-05-11,-0.00181073966628
2017-05-12,0.000879043733559
2017-05-15,-0.000305222278587
2017-05-16,-0.00633053488194
2017-05-17,-0.00773828280533
2017-05-18,-0.00107231997756
2017-05-19,-0.00377312509076
2017-05-22,-0.00409053539939
2017-05-23,-0.00540801008183
2017-05-24,-0.00429385330699
2017-05-25,0.0101023441338
2017-05-26,-0.00210367514776
2017-05-30,-0.00180480995364
2017-05-31,0.00123229671951
2017-06-01,0.00831376336365
2017-06-02,-0.000349379360856
2017-06-05,-0.00131171272926
2017-06-06,0.00202087311134
2017-06-07,-0.000648245468697
2017-06-08,0.00368386698353
2017-06-09,0.00712407665662
2017-06-12,-0.000644010995101
2017-06-13,0.00758305592917
2017-06-14,-0.00186522710441
2017-06-15,0.00197809481116
2017-06-16,-0.00631749440936
2017-06-19,0.00133038482016
2017-06-20,0.00427008828585
2017-06-21,0.00374433592724
2017-06-22,-0.000748731996803
2017-06-23,-8.18703327586e-05
2017-06-26,-0.000299769603
2017-06-27,0.00191728051731
2017-06-28,0.0034066544526
2017-06-29,-0.000208513286286
2017-06-30,0.000126976482508
2017-07-03,0.00204483797747
2017-07-05,0.000678788185158
2017-07-06,-0.00071269673933
2017-07-07,0.000497255895859
2017-07-10,-0.000984167943318
2017-07-11,0.00578893415162
2017-07-12,0.00544781823329
2017-07-13,-0.000786646450884
2017-07-14,-0.00606687162565
2017-07-17,0.00193679662929
2017-07-18,-0.00138542982757
2017-07-19,-0.00371558054028
2017-07-20,0.0041035023205
2017-07-21,0.00374350441857
2017-07-24,0.000606131367768
2017-07-25,-0.000906296118899
2017-07-26,0.000931673541628
2017-07-27,0.00165193611534
2017-07-28,-0.000659306520818
2017-07-31,0.000251212884261
2017-08-01,-0.0077545040699
2017-08-02,0.00232650434274
2017-08-03,-0.000330994817503
2017-08-04,-0.003266435215
2017-08-07,0.00352755570877
2017-08-08,-0.00519249292382
2017-08-09,-0.00302262234575
2017-08-10,0.00108288047952
2017-08-11,0.00384942990222
2017-08-14,0.00036214075864
2017-08-15,0.00241821099989
2017-08-16,0.0111431272316
2017-08-17,0.0036136224118
2017-08-18,0.00542097212276
2017-08-21,-0.00313878653066
2017-08-22,-0.00161005354664
2017-08-23,0.0031024300036
2017-08-24,-0.00304551268254
2017-08-25,0.00294889020016
2017-08-28,-0.00366044314402
2017-08-29,0.00152285578055
2017-08-30,0.00329594948244
2017-08-31,-0.00169024690696
2017-09-01,-0.00216248160065
2017-09-05,-0.00303773475945
2017-09-06,0.0093781072993
2017-09-07,-0.00728758965555
2017-09-08,0.00596303466108
2017-09-11,0.0079402655677
2017-09-12,0.00348432636942
2017-09-13,-0.000450015079523
2017-09-14,-0.00247238599344
2017-09-15,0.00106065627501
2017-09-18,-0.00148971177211
2017-09-19,0.0027923206675
2017-09-20,-0.00229801009552
2017-09-21,-0.00238124278906
2017-09-22,-0.0021690323621
2017-09-25,-0.00514245767308
2017-09-26,0.00173028831003
2017-09-27,-0.000604394448351
2017-09-28,0.00111731474508
2017-09-29,-0.00244108234711
2017-10-02,0.00881271836269
2017-10-03,0.00233708589747
2017-10-04,-0.000711725043698
2017-10-05,0.00934234536065
2017-10-06,0.00617131590812
2017-10-09,0.00308047249006
2017-10-10,-0.00328191228198
2017-10-11,-0.00749628687249
2017-10-12,-0.000187550984897
2017-10-13,-0.0033175664649
2017-10-16,-0.00114031607808
2017-10-17,0.0063235472086
2017-10-18,-0.0045335703291
2017-10-19,0.00954050216608
2017-10-20,0.000105277036206
2017-10-23,-0.00145189418142
2017-10-24,0.00440673682671
2017-10-25,0.00550549397253
2017-10-26,0.00138543366815
2017-10-27,-0.0097458808828
2017-10-30,-0.0029520838409
2017-10-31,0.00797594250193
2017-11-01,0.00233974353144
2017-11-02,0.00031905902229
2017-11-03,-0.0024123742244
2017-11-06,-0.00890788070964
2017-11-07,0.00275477568251
2017-11-08,-0.000850490559225
2017-11-09,0.00464434544396
2017-11-10,0.00138320949375
2017-11-13,0.000657953342892
2017-11-14,0.00538600412334
2017-11-15,-0.0074149356683
2017-11-16,-0.00330853563881
2017-11-17,-0.00323881114224
2017-11-20,0.00343168365979
2017-11-21,-0.00230273763782
2017-11-22,0.00257193375026
2017-11-24,-0.000946840111616
2017-11-27,-0.00117666104634
2017-11-28,-0.000644593374303
2017-11-29,-0.000905608999494
2017-11-30,0.000308574994115
2017-12-01,-0.000807140412256
2017-12-04,-0.00699981300749
2017-12-05,-0.00028895541536
2017-12-06,-0.00275237455931
2017-12-07,0.00729455564074
2017-12-08,-0.00333060826852
2017-12-11,-0.00155668932533
2017-12-12,-0.00346518877612
2017-12-13,-0.00998763105908
2017-12-14,0.00129900699906
2017-12-15,-0.0055798392475
2017-12-18,0.00538899776349
2017-12-19,0.00322646620673
2017-12-20,-0.00170658386391
2017-12-21,-0.00145085643863
2017-12-22,-0.000144375965313
2017-12-26,-0.000910809873082
2017-12-27,-0.000994412322308
2017-12-28,0.00189243781898
2017-12-29,-0.00161383306464
2018-01-02,-0.00396901008718
2018-01-03,0.00625726233899
2018-01-04,-0.00212835997937
2018-01-05,0.00250408160111
2018-01-08,0.00383258462778
2018-01-09,0.00441917067511
2018-01-10,-0.0142400770768
2018-01-11,-0.00263249564005
2018-01-12,0.00117015971436
2018-01-16,0.00595418768323
2018-01-17,0.00153858121057
2018-01-18,0.00510605327193
2018-01-19,-0.000906109093568
2018-01-22,-0.000711133692733
2018-01-23,-0.00459749387625
2018-01-24,-0.000549910108006
2018-01-25,0.0111180621526
2018-01-26,-0.00131644029785
2018-01-29,-0.00573943222034
2018-01-30,0.0050530635782
2018-01-31,-0.001242225358
2018-02-01,0.00225701425452
2018-02-02,-0.00787284597755
2018-02-05,-0.00207325631233
2018-02-06,0.0118534026727
2018-02-07,-0.00803757765472
2018-02-08,0.000400130656598
2018-02-09,-0.000675746659349
2018-02-12,-0.00094696041626
2018-02-13,-0.000759343721816
2018-02-14,-0.00427058223486
2018-02-15,-0.00551563298203
2018-02-16,0.00669788411108
2018-02-20,0.00383818698724
2018-02-21,0.00531750838126
2018-02-22,-0.00116210829182
2018-02-23,-0.00755971287246
2018-02-26,-0.00676660962486
2018-02-27,0.00278331379022
2018-02-28,0.00160633347411
2018-03-01,0.00376831419029
2018-03-02,0.000916349656356
2018-03-05,-0.0070317195572
2018-03-06,0.00127279756885
2018-03-07,0.00795541554333
2018-03-08,0.00202254579594
2018-03-09,-0.00294054317341
2018-03-12,0.00630587733989
2018-03-13,0.00105488766155
2018-03-14,0.00596828862343
2018-03-15,0.00187273863969
2018-03-16,-0.00663715199135
2018-03-19,0.00212375287226
2018-03-20,-0.00641716051047
2018-03-21,0.000847405952943
2018-03-22,0.00113543810057
2018-03-23,0.00631723024028
2018-03-26,0.00528438896084
2018-03-27,-0.00654257099464
2018-03-28,0.00381719060788
2018-03-29,0.00485734361963
2018-04-02,-0.00412667689664
2018-04-03,-0.000581783220917
2018-04-04,0.0084673559588
2018-04-05,0.00143210299335
2018-04-06,-0.00352472960183
2018-04-09,-0.00313051103361
2018-04-10,0.00526725305346
2018-04-11,0.00075355150271
2018-04-12,-0.00389040607775
2018-04-13,-0.00273842201425
2018-04-16,-0.00857732156179
2018-04-17,0.000403329949998
2018-04-18,4.00935149768e-06
2018-04-19,0.00212058686908
2018-04-20,0.00273230423376
2018-04-23,-0.007073502737
2018-04-24,-0.00989910926168
2018-04-25,-0.00830265113449
2018-04-26,-0.00480322085263
2018-04-27,-0.0023682692706
2018-04-30,0.00460432689237
2018-05-01,-0.00747045399384
2018-05-02,0.00787000537173
2018-05-03,0.0141990528919
2018-05-04,0.000227463064216
2018-05-07,-0.00452047728318
2018-05-08,0.000461044489131
2018-05-09,-0.0026490892267
2018-05-10,7.92162750047e-06
2018-05-11,-0.00400464106146
2018-05-14,-0.00087901991386
2018-05-15,0.000736254376923
2018-05-16,-0.00570691709496
2018-05-17,0.00971168952509
2018-05-18,-0.00793318302953
2018-05-21,0.00245223510673
2018-05-22,0.00280532971551
2018-05-23,0.00658599095683
2018-05-24,-0.000291227255797
2018-05-25,-0.0115603979691
2018-05-29,-0.00247768976502
2018-05-30,0.00240665125139
2018-05-31,0.00102496657183
2018-06-01,-0.00527410202913
2018-06-04,-0.00184938180655
2018-06-05,0.00138101761832
2018-06-06,-0.0061247634223
2018-06-07,0.000217627222792
2018-06-08,-0.000766228471635
2018-06-11,-0.0111527924151
2018-06-12,-0.00335915048959
2018-06-13,0.00171305157693
2018-06-14,2.24082144621e-06
2018-06-15,-0.011202143204
2018-06-18,-0.00493817107585
2018-06-19,0.00156950850806
2018-06-20,-0.000113023578389
2018-06-21,-0.00299674427288
2018-06-22,0.0047778618211
2018-06-25,0.00507934835415
2018-06-26,0.000647567403456
2018-06-27,-0.00188057999637
2018-06-28,0.000308720750993
2018-06-29,0.00290262552108
2018-07-02,-0.00675377050415
2018-07-03,0.00150195941969
2018-07-05,0.00205814191852
2018-07-06,-0.00191828319168
2018-07-09,0.00665496745792
2018-07-10,-0.00114440879345
2018-07-11,-0.0039001388106
2018-07-12,0.00339111185206
2018-07-13,-0.00184344489644
2018-07-16,-0.00184365842365
2018-07-17,-0.00273800811512
2018-07-18,-0.00347314866383
2018-07-19,0.00749341047305
2018-07-20,0.00401129954428
2018-07-23,0.00583060919699
2018-07-24,0.00235663020452
2018-07-25,-0.00409227063597
2018-07-26,0.00861774029655
2018-07-27,-0.00189581628415
2018-07-30,-0.00494235739549
2018-07-31,0.000566341405753
2018-08-01,-0.00147728254185
2018-08-02,0.00301472076997
2018-08-03,-0.00111782656983
2018-08-06,-0.000521860935835
2018-08-07,0.00635683408541
2018-08-08,-0.00265146351036
2018-08-09,-0.00432235864783
2018-08-10,-0.00500014764026
2018-08-13,0.00925487870337
2018-08-14,-3.79287531395e-05
2018-08-15,0.0026082139472
2018-08-16,-0.00327994748419
2018-08-17,0.00324054416233
2018-08-20,-0.000727265551714
2018-08-21,0.0118866891561
2018-08-22,0.00295836754752
2018-08-23,-0.00436975291975
2018-08-24,0.0015703050341
2018-08-27,0.0086864943816
2018-08-28,-0.00618195849696
2018-08-29,-0.00254412655224
2018-08-30,-0.00224895086818
2018-08-31,-0.00584545971474
2018-09-04,-0.00769187945513
2018-09-05,0.00261210884484
2018-09-06,-0.00356561841401
2018-09-07,-0.00325104218807
2018-09-10,-0.00908613430343
2018-09-11,-0.00229687044733
2018-09-12,0.00136161819874
2018-09-13,-0.000753535442683
2018-09-14,-0.00450009090905
2018-09-17,0.00600876644626
2018-09-18,0.0067294193395
2018-09-19,0.00372639784067
2018-09-20,-0.000709045424457
2018-09-21,-0.00181781056735
2018-09-24,-0.00430497283543
2018-09-25,0.00236302349903
2018-09-26,-0.00304632239067
2018-09-27,0.000180288767885
2018-09-28,-0.00186665922389
2018-10-01,0.00536565262656
2018-10-02,0.000225091799595
2018-10-03,0.00429479376089
2018-10-04,-0.00402342457442
2018-10-05,-0.00466808269053
2018-10-08,-0.00876001819993
2018-10-09,-0.0067441853046
2018-10-10,-0.0052697159742
2018-10-11,0.00916124399794
2018-10-12,0.00432790303772
2018-10-15,-0.00703650767416
2018-10-16,0.00782253245778
2018-10-17,0.000217588546517
2018-10-18,-0.00970448435038
2018-10-19,-0.0130757968654
2018-10-22,-0.0058067835665
2018-10-23,-1.89512736715e-05
2018-10-24,-0.000588190698133
2018-10-25,0.0073676585461
2018-10-26,0.00113137115104
2018-10-29,-0.00552338189336
2018-10-30,0.00687144259827
2018-10-31,0.00403949003785
2018-11-01,0.0282697920756
2018-11-02,-0.00213488009513
2018-11-05,-0.00230012888912
2018-11-06,-0.00422086903929
2018-11-07,-0.00541716342163
2018-11-08,-0.00175592640184
2018-11-09,0.00451373304091
2018-11-12,-0.0172522005504
2018-11-13,0.00546998122075
2018-11-14,-0.0059307228752
2018-11-15,-0.0160999000597
2018-11-16,0.00391791131975
2018-11-19,-0.00912559443159
2018-11-20,0.00383346618148
2018-11-21,-9.45425505573e-05
2018-11-23,-0.00165928267836
2018-11-26,-0.00237443260227
2018-11-27,-0.00391883573145
2018-11-28,0.00599650330533
2018-11-29,0.00796461667918
2018-11-30,0.00145023568388
2018-12-03,0.00752873502047
2018-12-04,-0.00719507917677
2018-12-06,-0.00789652950945
2018-12-07,0.0063385436354
2018-12-10,0.00206308457167
2018-12-11,-0.004693218151
2018-12-12,-0.00260984548854
2018-12-13,-0.01038966398
2018-12-14,0.00747881595073
2018-12-17,0.00193102029426
2018-12-18,-0.00958219028252
2018-12-19,-0.00458828149258
2018-12-20,-0.00597254411535
2018-12-21,-0.016392887121
2018-12-24,-0.00909325396594
2018-12-26,4.00948217674e-05
2018-12-27,-0.00632892108515
2018-12-28,0.00465392998314
2018-12-31,-0.00507881402853
2019-01-02,0.00538790145287
2019-01-03,-0.0034688894268
2019-01-04,0.00753164838794
2019-01-07,-0.00203215310158
2019-01-08,0.00781521054446
2019-01-09,-0.00217929658989
2019-01-10,-0.00195736559604
2019-01-11,0.00982703159267
2019-01-14,0.000484949088875
2019-01-15,0.00210469811597
2019-01-16,-0.00381394440121
2019-01-17,-0.00231298927124
2019-01-18,-0.00245664115535
2019-01-22,0.00849384060366
2019-01-23,0.00218221820648
2019-01-24,-0.0168716268191
2019-01-25,-0.00355487350014
2019-01-28,-0.00493004879409
2019-01-29,0.00214776048338
2019-01-30,0.00737830865553
2019-01-31,0.00744751990663
2019-02-01,0.0101010716227
2019-02-04,-0.00609881892604
2019-02-05,0.00334836480993
2019-02-06,-0.00149362489307
2019-02-07,0.00478940006359
2019-02-08,0.000396691777591
2019-02-11,-0.0006070142227
2019-02-12,0.00687867609505
2019-02-13,-0.0019469175118
2019-02-14,0.00440640977864
2019-02-15,0.00403556810614
2019-02-19,-0.00237058608305
2019-02-20,0.000516049574196
2019-02-21,0.0053133177428
2019-02-22,-0.00928208420457
2019-02-25,0.00860652186548
2019-02-26,0.00111478103233
2019-02-27,-0.00522426249657
2019-02-28,-0.0017940152957
2019-03-01,-8.98591838968e-05
2019-03-04,0.00677708192518
2019-03-05,-0.00250960006002
2019-03-06,-0.00112496435644
2019-03-07,-0.00540840353812
2019-03-08,-8.3907602051e-05
2019-03-11,-0.0030402743155
2019-03-12,-0.00429884693253
2019-03-13,-0.00201749820253
2019-03-14,0.00247857900916
2019-03-15,-0.00545798173099
2019-03-18,0.00124211701954
2019-03-19,0.000593408589078
2019-03-20,-0.00410903588069
2019-03-21,-0.0136549896746
2019-03-22,-0.00311048199005
2019-03-25,0.00726852312014
2019-03-26,0.0036205495494
2019-03-27,-0.00242791433227
2019-03-28,0.00278164915705
2019-03-29,0.00671669890549
2019-04-01,0.00853102160293
2019-04-02,-0.00711727947381
2019-04-03,-0.00424821040486
2019-04-04,-0.00741489514086
2019-04-05,-0.00351207733037
2019-04-08,-0.00297922309882
2019-04-09,0.003804217648
2019-04-10,-0.00238015810572
2019-04-11,-0.0101094116665
2019-04-12,-0.00347671559608
2019-04-15,0.00918710202372
2019-04-16,-0.0128029612432
2019-04-17,-0.0169595446031
2019-04-18,-0.00261650453849
2019-04-22,0.00392639458854
2019-04-23,0.012363273722
2019-04-24,-0.00456645421511
2019-04-25,-0.001189100468
2019-04-26,0.00455184233112
2019-04-29,0.00115257679681
2019-04-30,0.00583089511706
2019-05-01,-0.00297892538342
2019-05-02,-0.00405174473763
2019-05-03,-0.0024052564635
2019-05-06,-0.00154013230398
2019-05-07,-0.00287493558581
2019-05-08,-0.00351658702082
2019-05-09,-0.00577760362756
2019-05-10,-0.0012153062846
2019-05-13,-0.00594221118601
2019-05-14,0.00148132409435
2019-05-15,0.00102183001164
2019-05-16,0.00110142562005
2019-05-17,-0.0101242416426
2019-05-20,0.00123885099602
2019-05-21,-0.000320920111555
2019-05-22,0.0161650134463
2019-05-23,0.00215324451748
2019-05-24,-0.00226238713013
2019-05-28,-0.00556885114777
2019-05-29,0.00756802085549
2019-05-30,-0.00668556096602
2019-05-31,0.0037978287888
2019-06-03,-0.00665894218247
2019-06-04,0.00347447368435
2019-06-05,-0.0126463184872
2019-06-06,-0.00435316727824
2019-06-07,-0.00199703671263
2019-06-10,0.00920926981998
2019-06-11,-0.00022482041293
2019-06-12,-0.00161030554756
2019-06-13,0.00473679018171
2019-06-14,-0.00111705713046
2019-06-17,0.000600592876903
2019-06-18,-0.00022795062608
2019-06-19,-0.00325618775042
2019-06-20,0.00467608581529
2019-06-21,0.00411496171891
2019-06-24,-0.00075398796584
2019-06-25,-0.0010002962479
2019-06-26,0.00203583913292
2019-06-27,0.0069609963932
2019-06-28,0.00647338096504
2019-07-01,0.00908410216095
2019-07-02,-0.00730176076017
2019-07-03,-0.00131229195972
2019-07-05,-0.00291238518298
2019-07-08,-0.00383563781326
2019-07-09,-6.81220355649e-05
2019-07-10,-0.000532316054994
2019-07-11,-0.00414584926507
2019-07-12,0.00507556178568
2019-07-15,-0.00313517834809
2019-07-16,0.00778663139458
2019-07-17,-0.00229652613842
2019-07-18,0.00150076411562
2019-07-19,0.00104716781306
2019-07-22,-0.000426206618552
2019-07-23,0.00112073424921
2019-07-24,0.00104746801835
2019-07-25,-0.00578027167523
2019-07-26,-0.00367484561239
2019-07-29,0.00195438669103
2019-07-30,-0.00551422480803
2019-07-31,0.000695116548477
2019-08-01,-0.0102209300426
2019-08-02,0.00640353358703
2019-08-05,0.00797210782915
2019-08-06,0.00397009905318
2019-08-07,-0.00680665101519
2019-08-08,0.00406932090055
2019-08-09,-0.00368674564967
2019-08-12,-0.00879854721839
2019-08-13,-0.00192910385645
2019-08-14,-0.000278927475414
2019-08-15,0.00210589179892
2019-08-16,0.00452840000364
2019-08-19,-0.0152970233612
2019-08-20,0.0092778749559
2019-08-21,-0.00359272301376
2019-08-22,-0.00641754169185
2019-08-23,-0.000718126114404
2019-08-26,0.00387458679863
2019-08-27,0.0019581105404
2019-08-28,-0.000159169525979
2019-08-29,-0.000251106800775
2019-08-30,-0.00166220915229
2019-09-03,0.00614333783592
2019-09-04,0.000801392541965
2019-09-05,-0.0016379549468
2019-09-06,-0.00566677940813
2019-09-09,0.0078153094053
2019-09-10,0.000719618003719
2019-09-11,-0.00252854810002
2019-09-12,-0.0016430346805
2019-09-13,0.00816333742673
2019-09-16,-0.0098265161967
2019-09-17,0.00859492952429
2019-09-18,-0.000382732484248
2019-09-19,0.00406720441717
2019-09-20,-0.00255781138963
2019-09-23,-0.00228831626494
2019-09-24,0.00256019472247
2019-09-25,0.00853009616866
2019-09-26,-0.00794906407676
2019-09-27,-0.00931271777451
2019-09-30,0.00328577003912
2019-10-01,0.000509410851196
2019-10-02,0.00415182341064
2019-10-03,-0.00395044654293
2019-10-04,-0.00161333129626
2019-10-07,-0.00079220009104
2019-10-08,0.00284821436224
2019-10-09,-0.00280785123742
2019-10-10,-0.00262349738766
2019-10-11,0.00475705294664
2019-10-14,-0.00257359745393
2019-10-15,-0.00627049253906
2019-10-16,0.001745122789
2019-10-17,-0.00560573871287
2019-10-18,-0.00680555606862
2019-10-21,0.00328687880407
2019-10-22,0.00923704899931
2019-10-23,0.00775819048851
2019-10-24,0.00830615697962
2019-10-25,-9.42454383881e-05
2019-10-28,-0.00420676871943
2019-10-29,0.00983492321507
2019-10-30,0.00523312686254
2019-10-31,0.00378604721873
2019-11-01,0.00924057754226
2019-11-04,-0.00683659853377
2019-11-05,0.00594233026896
2019-11-06,0.00770781717325
2019-11-07,-0.00213902884225
2019-11-08,-0.00946267541654
2019-11-11,0.00497586354333
2019-11-12,-0.00194912813139
2019-11-13,0.00195101067837
2019-11-14,0.00223181897129
2019-11-15,-0.00369113448343
2019-11-18,-0.00529917875334
2019-11-19,-0.00105264818896
2019-11-20,0.00592730467177
2019-11-21,0.0116381726446
2019-11-22,-0.00250878151347
2019-11-25,-0.00424149212336
2019-11-26,-0.0040600364537
2019-11-27,-0.00138838721287
2019-11-29,-0.000363982345083
2019-12-02,-0.00390574228229
2019-12-03,0.00262678521147
2019-12-04,0.000378295546613
2019-12-05,0.00023948118481
2019-12-06,-0.000242693341547
2019-12-09,-0.00331793405822
2019-12-10,-0.0065647395441
2019-12-11,-0.00354485503658
2019-12-12,0.00614649102741
2019-12-13,-0.00366998775509
2019-12-16,0.0098886969905
2019-12-17,-0.00373078554185
2019-12-18,-0.00207749575227
2019-12-19,-0.00157337474554
2019-12-20,-0.00133096727804
2019-12-23,0.00298837018766
2019-12-24,-0.0032101908622
2019-12-26,-3.57158113275e-05
2019-12-27,0.002410578529
2019-12-30,-0.00143823199803
2019-12-31,-0.00182020578557
2020-01-02,0.00308897654713
2020-01-03,-0.00417797546075
2020-01-06,-0.00344354714968
2020-01-07,-0.00653274867685
2020-01-08,0.00266412454091
2020-01-09,0.00165953689382
2020-01-10,-0.00726447754475
2020-01-13,-0.00208035118015
2020-01-14,-0.00338730345886
2020-01-15,-0.00410267737127
2020-01-16,-0.00230307126681
2020-01-17,0.00312394411362
2020-01-21,-0.010454667441
2020-01-22,-0.00744151094054
2020-01-23,0.00361886958277
2020-01-24,-0.0110677228633
2020-01-27,-0.00546807965074
2020-01-28,0.00821720352847
2020-01-29,-0.00201382380977
2020-01-30,0.00343223522093
2020-01-31,-0.0144851265647
2020-02-03,-0.00156536440967
2020-02-04,0.00105959770121
2020-02-05,0.0121755380255
2020-02-06,-0.0115921319722
2020-02-07,-0.00742905039784
2020-02-10,-0.00163305815161
2020-02-11,0.00598280534104
2020-02-12,0.00194388890255
2020-02-13,-0.00339097019577
2020-02-14,-0.00479468515869
2020-02-18,0.00547323838599
2020-02-19,-0.00593726116616
2020-02-20,-0.00109358424316
2020-02-21,0.00842716532233
2020-02-24,-0.00539025382114
2020-02-25,-0.00996713146355
2020-02-26,0.000887388453519
2020-02-27,-0.00403698163694
2020-02-28,-0.0018540217889
2020-03-02,0.0355523921843
2020-03-03,-0.0158417568157
2020-03-04,0.0196612436206
2020-03-05,-0.0119944296419
2020-03-06,0.00383746228037
2020-03-09,-0.0349572330212
2020-03-10,0.00279919905164
2020-03-11,-0.0270759081178
2020-03-12,-0.0138835290843
2020-03-13,0.0138637748267
2020-03-16,0.0319889632186
2020-03-17,0.0292011884572
2020-03-18,0.0271160610647
2020-03-19,-0.0557122876972
2020-03-20,0.0019225677393
2020-03-23,-0.015080227775
2020-03-24,0.00969382237059
2020-03-25,0.0570051366462
2020-03-26,0.0225715824637
2020-03-27,-0.0222937151193
2020-03-30,0.00563107355554
2020-03-31,0.00189100926546
2020-04-01,-0.00999434159705
2020-04-02,-0.0206682784117
2020-04-03,-0.00728351458875
2020-04-06,0.0445532733358
2020-04-07,0.0198550299759
2020-04-08,0.0341869859296
2020-04-09,0.0218149745486
2020-04-13,-0.0149379972345
2020-04-14,0.00307652923621
2020-04-15,-0.00764777359649
2020-04-16,-0.0156720859141
2020-04-17,0.0221986668685
2020-04-20,-0.00649539235747
2020-04-21,0.00615502436121
2020-04-22,-0.00694098019172
2020-04-23,-0.00834384241579
2020-04-24,-0.00686484243929
2020-04-27,0.00410246658387
2020-04-28,0.00871166395161
2020-04-29,0.0100319564772
2020-04-30,-0.00611924897821
2020-05-01,0.00193549486917
2020-05-04,-0.0266185091568
2020-05-05,-0.0124541881555
2020-05-06,-0.00171405911313
2020-05-07,0.00886297392864
2020-05-08,0.00503619175276
2020-05-11,-0.012870614367
2020-05-12,-0.0130156744405
2020-05-13,-0.00628133294993
2020-05-14,0.0218961200422
2020-05-15,-0.0326205385997
2020-05-18,0.0319571308826
2020-05-19,-0.0037037123208
2020-05-20,0.0119575143524
2020-05-21,-0.00307304882655
2020-05-22,-0.00455681367849
2020-05-26,0.0254744672088
2020-05-27,0.0175392645727
2020-05-28,0.00487612636404
2020-05-29,0.0147441546577
2020-06-01,-0.00311031526308
2020-06-02,-0.0102476521198
2020-06-03,-0.00233374636907
2020-06-04,0.010758848759
2020-06-05,0.0106390221121
2020-06-08,0.000749052092541
2020-06-09,0.00156845363346
2020-06-10,-0.00297871468403
2020-06-11,-0.00304474698244
2020-06-12,-0.00428021776622
2020-06-15,0.0001866361822
2020-06-16,0.0143591572375
2020-06-17,-0.00757625437169
2020-06-18,-0.00546732372673
2020-06-19,-0.0024433446762
2020-06-22,-0.00675523386847
2020-06-23,0.000541822152441
2020-06-24,-0.0033731470249
2020-06-25,-0.00506509530613
2020-06-26,0.00608871171543
2020-06-29,0.00850700254307
2020-06-30,-0.00463174341169
2020-07-01,-0.000919832864929
2020-07-02,0.0015933249465
2020-07-06,-0.0113792682344
2020-07-07,-0.016476916189
2020-07-08,-1.90780148683e-06
2020-07-09,-0.0149943315466
2020-07-10,0.0117875102517
2020-07-13,0.0127134799553
2020-07-14,-0.00473454215297
2020-07-15,0.00658908067537
2020-07-16,-0.0097744812618
2020-07-17,0.00163172196374
2020-07-20,-0.00351383332219
2020-07-21,0.00643085193845
2020-07-22,-0.00734565182622
2020-07-23,-0.0103411386381
2020-07-24,-0.00144193516866
2020-07-27,-0.00499884198305
2020-07-28,0.00642095507504
2020-07-29,-0.00717891924491
2020-07-30,-0.00230594350771
2020-07-31,-0.000528732472584
2020-08-03,0.0015160580908
2020-08-04,0.00251366147556
2020-08-05,-0.00197727970765
2020-08-06,0.00901942387329
2020-08-07,0.00251507109935
2020-08-10,0.00833768091684
2020-08-11,0.00294826608305
2020-08-12,-0.00326858204186
2020-08-13,-0.000653469785643
2020-08-14,-0.00283742218969
2020-08-17,-0.00352796402424
2020-08-18,0.00611946742671
2020-08-19,-0.00857562303009
2020-08-20,0.00357556816438
2020-08-21,-0.0139464029754
2020-08-24,0.00147762772516
2020-08-25,0.00575281454029
2020-08-26,-0.00606083664392
2020-08-27,0.00129125420362
2020-08-28,-0.0112906894436
2020-08-31,0.00155067064346
2020-09-01,-0.0075952911691
2020-09-02,-0.000522869710729
2020-09-03,0.00917776923177
2020-09-04,0.00243925145324
2020-09-08,-0.00277567566237
2020-09-09,-0.00434142786675
2020-09-10,-0.000547851591393
2020-09-11,-0.00594381684506
2020-09-14,-0.00298822913777
2020-09-15,-0.000585336830787
2020-09-16,0.000315777491805
2020-09-17,-0.00572931410805
2020-09-18,0.000506154151342
2020-09-21,0.00685552909573
2020-09-22,0.00404020590457
2020-09-23,-0.00273261523911
2020-09-24,0.00776363736661
2020-09-25,-0.00525034922764
2020-09-28,0.0069318875319
2020-09-29,-0.00723037634947
2020-09-30,0.0071565110074
2020-10-01,-0.012391737795
2020-10-02,-0.00114567517443
2020-10-05,0.00514703494887
2020-10-06,0.00144656708603
2020-10-07,-0.00289600090378
2020-10-08,-0.00214051062631
2020-10-09,-0.0116229429169
2020-10-12,0.00152871451188
2020-10-13,-0.00397568835412
2020-10-14,-0.00280297078018
2020-10-15,0.00156159948891
2020-10-16,-0.0105133403605
2020-10-19,-0.0038927086794
2020-10-20,0.0098510039149
2020-10-21,0.00290498533086
2020-10-22,0.00411329311478
2020-10-23,0.00630386887789
2020-10-26,-0.00176672526557
2020-10-27,-0.00265205468787
2020-10-28,-0.00828397106695
2020-10-29,-0.00475766376081
2020-10-30,0.00743191200678
2020-11-02,3.39924760338e-05
2020-11-03,0.00245272548881
2020-11-04,0.00451554236849
2020-11-05,0.00583266162335
2020-11-06,0.00562477807421
2020-11-09,0.00433004628672
2020-11-10,0.0150852065299
2020-11-11,0.00250466453361
2020-11-12,-0.00440862994748
2020-11-13,-0.00338667298153
2020-11-16,0.00665362609024
2020-11-17,0.0127963728037
2020-11-18,-0.000266368323854
2020-11-19,0.00395623561166
2020-11-20,-0.00552405450489
2020-11-23,-0.00587485335145
2020-11-24,0.0101951210882
2020-11-25,-0.00872673412752
2020-11-27,-0.000161014278551
2020-11-30,0.00394106044217
2020-12-01,0.00950612977569
2020-12-02,-0.00893657129365
2020-12-03,0.00528242387402
2020-12-04,-0.00641891216934
2020-12-07,0.00157981567924
2020-12-08,-0.00188824130978
2020-12-09,-0.00465244517826
2020-12-10,-0.011657575377
2020-12-11,-0.00440194490435
2020-12-14,0.00265230745298
2020-12-15,-9.55190132388e-05
2020-12-16,-0.00508734050341
2020-12-17,-0.000839156341129
2020-12-18,-0.00317003745445
2020-12-21,0.00329794335299
2020-12-22,0.00230728130739
2020-12-23,0.0131570853473
2020-12-24,-0.00598361815579
2020-12-28,0.000764928170176
2020-12-29,0.00300433521545
2020-12-30,0.00224985567971
2020-12-31,-0.0035537109335
2021-01-04,0.00347861689368
2021-01-05,-0.000856104968215
2021-01-06,-0.00774980404104
2021-01-07,-0.0147100622478
2021-01-08,0.00223879946205
2021-01-11,0.00243979149535
2021-01-12,0.00482873800293
2021-01-13,-0.00651948033963
2021-01-14,-0.00267738505566
2021-01-15,0.0049194744899
2021-01-19,-0.0094618207911
2021-01-20,-0.00421810416372
2021-01-21,-0.00427435291191
2021-01-22,0.000377573665448
2021-01-25,-0.00352108963194
2021-01-26,-0.00845707380153
2021-01-27,-0.00846963358684
2021-01-28,0.020533764668
2021-01-29,0.000357572250849
2021-02-01,0.00875449654933
2021-02-02,0.012410975768
2021-02-03,-0.00559994705493
2021-02-04,0.00379280962354
2021-02-05,0.00271533845257
2021-02-08,0.00560177271299
2021-02-09,-0.00244718217125
2021-02-10,-8.27210660002e-05
2021-02-11,0.0057062107649
2021-02-12,0.000228603340285
2021-02-16,2.49467547989e-07
2021-02-17,0.00576743323041
2021-02-18,0.00478414573434
2021-02-19,-0.00655924233279
2021-02-22,-0.012895611068
2021-02-23,-0.00360746219505
2021-02-24,-0.00488505646172
2021-02-25,0.00329225904382
2021-02-26,0.010275377947
2021-03-01,0.00837369610928
2021-03-02,0.00420461004792
2021-03-03,-0.0137079780663
2021-03-04,0.00372924463246
2021-03-05,-0.000877291307895
2021-03-08,-0.000235114609862
2021-03-09,0.00648910119673
2021-03-10,0.00783322026783
2021-03-11,0.0034508490815
2021-03-12,-2.87734569095e-05
2021-03-15,0.00037402495863
2021-03-16,0.00310358064043
2021-03-17,-0.00194017989412
2021-03-18,-0.00309018622413
2021-03-19,0.00826872922315
2021-03-22,0.00424219060495
2021-03-23,0.00385424772078
2021-03-24,-0.00489633193997
2021-03-25,-0.0048379322761
2021-03-26,-0.0186149019786
2021-03-29,-0.00705564414558
2021-03-30,0.0037982325182
2021-03-31,-0.0027349395588
2021-04-01,0.00553601508516
2021-04-05,-0.00346749667724
2021-04-06,0.00325784499149
2021-04-07,0.00378313775075
2021-04-08,-0.00280400764644
2021-04-09,-0.000217702180417
2021-04-12,0.00126428162509
2021-04-13,-0.00120808951938
2021-04-14,-0.000975080141588
2021-04-15,-0.00199184148993
2021-04-16,0.00260145374386
2021-04-19,-0.00391022306546
2021-04-20,-0.00194262863345
2021-04-21,-0.00514295750105
2021-04-22,-0.000415412612603
2021-04-23,-0.00742989367109
2021-04-26,-0.00313616201809
2021-04-27,0.0102184618093
2021-04-28,-0.00275065254864
2021-04-29,-0.00288623497006
2021-04-30,0.0115030761511
2021-05-03,0.00128010505847
2021-05-04,-0.0017947715898
2021-05-05,0.00745034508366
2021-05-06,-0.000586647042889
2021-05-07,-0.00260510213516
2021-05-10,0.00442567623841
2021-05-11,-0.00670597330587
2021-05-12,6.83843707941e-05
2021-05-13,-0.00256710622333
2021-05-14,-0.00237782178275
2021-05-17,-0.0129586732986
2021-05-18,0.000979137809813
2021-05-19,-0.00187274960808
2021-05-20,0.00363269073932
2021-05-21,0.00468320849044
2021-05-24,-0.003415630293
2021-05-25,-0.00113580877125
2021-05-26,-0.00379177496127
2021-05-27,0.000322046469217
2021-05-28,0.00301735360264
2021-06-01,0.00168464263222
2021-06-02,-0.00586758875701
2021-06-03,-0.00259909983709
2021-06-04,-0.00263864264548
2021-06-07,-0.0244655658937
2021-06-08,-0.00238936163888
2021-06-09,-0.00335895533173
2021-06-10,-0.00386052328328
2021-06-11,-0.00161672171197
2021-06-14,-0.00600450279406
2021-06-15,0.00135464287348
2021-06-16,0.00184951299567
2021-06-17,-0.00632283255042
2021-06-18,0.000718087713799
2021-06-21,-0.00141516890074
2021-06-22,-0.00149712141573
2021-06-23,0.00135593190342
2021-06-24,-0.0051162078771
2021-06-25,0.00257091233916
2021-06-28,-0.00281466957727
2021-06-29,0.00206747508483
2021-06-30,-0.00272540805814
2021-07-01,0.00671193898179
2021-07-02,0.00241129989803
2021-07-06,-0.000901580250339
2021-07-07,0.00148804721653
2021-07-08,-0.000757713914155
2021-07-09,-0.000372865172404
2021-07-12,-0.00266455645436
2021-07-13,-0.0069471587297
2021-07-14,-0.00922377775399
2021-07-15,-0.00225844954632
2021-07-16,-0.00243444370045
2021-07-19,0.0122131787813
2021-07-20,-0.00901652917049
2021-07-21,-0.00045398543042
2021-07-22,0.00019805529785
2021-07-23,0.000373669636203
2021-07-26,0.00629477680729
2021-07-27,0.000207102477126
2021-07-28,0.000298112084606
2021-07-29,-0.0120117404496
2021-07-30,-0.00122766986433
2021-08-02,-0.000718005529253
2021-08-03,-0.0127073267279
2021-08-04,-0.00439560257474
2021-08-05,-0.000566197834141
2021-08-06,0.00114404601342
2021-08-09,-0.00253435506988
2021-08-10,-0.0156372759471
2021-08-11,0.00232890296098
2021-08-12,-0.000447570460749
2021-08-13,0.00309374349719
2021-08-16,0.00114845312478
2021-08-17,-0.00825063982491
2021-08-18,-0.000450351454579
2021-08-19,0.00164606659098
2021-08-20,-0.0079606324192
2021-08-23,-0.000418445827727
2021-08-24,-0.000632817707308
2021-08-25,-0.00204990700272
2021-08-26,-0.000211871694815
2021-08-27,-0.00145437402777
2021-08-30,0.00550045754978
2021-08-31,0.00158546417448
2021-09-01,-0.00365997531947
2021-09-02,-0.00774564330097
2021-09-03,0.00197920338612
2021-09-07,-0.00176417689312
2021-09-08,0.00666884257271
2021-09-09,-0.00589203288268
2021-09-10,0.000148765687593
2021-09-13,-0.00523411713633
2021-09-14,-0.00174448682636
2021-09-15,-0.00800157728543
2021-09-16,0.00526336744234
2021-09-17,-0.00129138568168
2021-09-20,0.00391744807443
2021-09-21,0.00155865693622
2021-09-22,-0.00780207557468
2021-09-23,0.00118122224615
2021-09-24,-0.00608224660711
2021-09-27,0.00400863578903
2021-09-28,0.00209766653025
2021-09-29,-0.000295417878105
2021-09-30,0.00275982002648
2021-10-01,-0.00947795243305
2021-10-04,-0.00494251800471
2021-10-05,-0.00455053032985
2021-10-06,-0.00378825210795
2021-10-07,0.00276225212135
2021-10-08,-0.00813087016049
2021-10-11,0.00231495492061
2021-10-12,0.000713358386119
2021-10-13,-0.00220849389472
2021-10-14,0.00298199708781
2021-10-15,-0.000348446473831
2021-10-18,-0.00393554375504
2021-10-19,0.00342142442607
2021-10-20,-0.00186505673262
2021-10-21,-0.000543787107962
2021-10-22,-0.00255672237718
2021-10-25,-0.00253623735123
2021-10-26,0.00839792813179
2021-10-27,0.00256336964101
2021-10-28,-0.00379123151434
2021-10-29,0.00759877874245
2021-11-01,0.000168068025576
2021-11-02,-0.0069094621442
2021-11-03,-0.00381400949515
2021-11-04,-0.00195523123678
2021-11-05,0.00836715465843
2021-11-08,-0.00688241869692
2021-11-09,0.00270792299079
2021-11-10,0.00135431795413
2021-11-11,-0.0102328790395
2021-11-12,-0.00243442151296
2021-11-15,-0.0067908023729
2021-11-16,0.00465385094456
2021-11-17,0.00321386589246
2021-11-18,-0.000329092183513
2021-11-19,0.00227047024063
2021-11-22,-0.00644726872034
2021-11-23,-0.00126629836772
2021-11-24,0.00376158509628
2021-11-26,-0.00890101012834
2021-11-29,0.0130101263909
2021-11-30,-0.00647917827709
2021-12-01,-0.00678347672623
2021-12-02,-0.00380347736709
2021-12-03,-0.00342281041738
2021-12-06,0.00788051965763
2021-12-07,0.00682988087089
2021-12-08,0.00514112163674
2021-12-09,-0.00971257407441
2021-12-10,0.00294048177237
2021-12-13,-0.00639118439606
2021-12-14,-0.00284868295893
2021-12-15,0.00641992541613
2021-12-16,-0.00625826095621
2021-12-17,-0.00650516277963
2021-12-20,0.00210031632478
2021-12-21,0.00895165811705
2021-12-22,-0.00376218639552
2021-12-23,0.00737837560009
2021-12-27,0.00268172066411
2021-12-28,-0.00129018015498
2021-12-29,-0.00269510832878
2021-12-30,0.00364719603936
2021-12-31,0.00290732792489
2022-01-03,0.0035695971973
2022-01-04,0.0047177197696
2022-01-05,-0.00503179300356
2022-01-06,-0.00294250604108
2022-01-07,0.00485877546683
2022-01-10,-0.00402814571897
2022-01-11,-0.000467079821193
2022-01-12,0.000558860134619
2022-01-13,-0.00512983487772
2022-01-14,-0.0192212600712
2022-01-18,-0.00810806341348
2022-01-19,0.00144776738435
2022-01-20,0.00986412965243
2022-01-21,-0.00823674148361
2022-01-24,-0.00205914198507
2022-01-25,-0.00963971674984
2022-01-26,-0.00567078623444
2022-01-27,0.00520374279596
2022-01-28,0.00311199281259
2022-01-31,0.0212586654793
2022-02-01,-0.00384053933467
2022-02-02,0.000876397563283
2022-02-03,0.00416827071499
2022-02-04,-0.00555547118858
2022-02-07,0.0100206235507
2022-02-08,-0.000922337960928
2022-02-09,0.00633902819762
2022-02-10,0.00458626890825
2022-02-11,0.0025458556159
2022-02-14,-0.00161742174604
2022-02-15,0.00113966665674
2022-02-16,-0.00482492609367
2022-02-17,-0.00382555369414
2022-02-18,-0.00688650593415
2022-02-22,0.000871468734272
2022-02-23,-0.00512891513237
2022-02-24,-0.000798980545172
2022-02-25,-0.00365748438377
2022-02-28,-0.0189465556605
2022-03-01,-0.0190579497401
2022-03-02,0.00915875856054
2022-03-03,-0.00422104703371
2022-03-04,-0.0135443503194
2022-03-07,-0.0139510280088
2022-03-08,0.00559545836224
2022-03-09,0.00598050623545
2022-03-10,-0.01353540241
2022-03-11,-0.00284378458404
2022-03-14,0.0153626310846
2022-03-15,0.00442180769791
2022-03-16,0.0110217108939
2022-03-17,0.0014424797942
2022-03-18,0.00605154938675
2022-03-21,-0.00237239305197
2022-03-22,0.00574595715387
2022-03-23,-0.00486426941837
2022-03-24,-0.00593174367711
2022-03-25,-0.000229869517818
2022-03-28,0.00887598102399
2022-03-29,-0.000626617894995
2022-03-30,-0.00693876995476
2022-03-31,-0.00751802877425
2022-04-01,-0.00245355824492
2022-04-04,0.00358485500046
2022-04-05,-0.0116531670696
2022-04-06,-0.00869752057563
2022-04-07,-0.0189162349496
2022-04-08,0.000816798576081
2022-04-11,0.00709991471274
2022-04-12,-0.00275516224627
2022-04-13,0.00563885089087
2022-04-14,-0.00139474470105
2022-04-18,-0.000879523562647
2022-04-19,0.00237445585846
2022-04-20,-0.000524160634921
2022-04-21,-0.0132828120139
2022-04-22,0.0151947649951
2022-04-25,-0.00345710800991
2022-04-26,-0.000603938977417
2022-04-27,-0.00617955186062
2022-04-28,-0.0124819905856
2022-04-29,-0.000431995909275
2022-05-02,-0.00608969531886
2022-05-03,-0.00129915205913
2022-05-04,-0.0198123987974
2022-05-05,-0.000410356146426
2022-05-06,-0.0123842290133
2022-05-09,-0.00160164446649
2022-05-10,-0.00264262278838
2022-05-11,0.00304166745687
2022-05-12,-0.000181808210762
2022-05-13,0.00144591200729
2022-05-16,-0.00921794340583
2022-05-17,0.000855904646465
2022-05-18,-0.00371326326601
2022-05-19,0.00288200121287
2022-05-20,-0.00310986495368
2022-05-23,0.00856350301303
2022-05-24,0.000990437529911
2022-05-25,-0.00352336321708
2022-05-26,0.0045916534005
2022-05-27,0.0136299884362
2022-05-31,-0.00501492140293
2022-06-01,-0.00447271867528
2022-06-02,0.00590056879942
2022-06-03,-0.0180687160611
2022-06-06,-0.00268298473516
2022-06-07,0.00523206524819
2022-06-08,-0.00529881373681
2022-06-09,-0.00708925510871
2022-06-10,0.00994547914198
2022-06-13,-0.00144123068169
2022-06-14,-0.0110710074752
2022-06-15,-0.000125582638012
2022-06-16,0.00214728547774
2022-06-17,-0.00457937819863
2022-06-21,-0.00780837947141
2022-06-22,0.0004570563219
2022-06-23,0.00568828547537
2022-06-24,-0.00157240007687
2022-06-27,0.0108326924902
2022-06-28,0.00127812527654
2022-06-29,-0.00317532813006
2022-06-30,0.000288117836819
2022-07-01,-0.00613051421839
2022-07-05,0.00308803418653
2022-07-06,-0.00344040859516
2022-07-07,0.00873393697865
2022-07-08,-0.00414445874884
2022-07-11,0.00741034100296
2022-07-12,0.00750857408139
2022-07-13,0.0100808681348
2022-07-14,-0.00303467377344
2022-07-15,0.00844216170425
2022-07-18,-0.00533681129589
2022-07-19,0.00199297753879
2022-07-20,0.00182327101951
2022-07-21,-0.00738228521142
2022-07-22,0.00744357700199
2022-07-25,-0.00663123631773
2022-07-26,-0.00563361098687
2022-07-27,0.0110743487347
2022-07-28,0.00336818306394
2022-07-29,-0.00109829157848
2022-08-01,-0.000209652654275
2022-08-02,0.00640804701358
2022-08-03,-0.0130474506873
2022-08-04,-0.00266716149621
2022-08-05,0.00464338922662
2022-08-08,-0.00541656161563
2022-08-09,-0.00413452141604
2022-08-10,-0.00297737134903
2022-08-11,-0.00625127723198
2022-08-12,-0.00417812460829
2022-08-15,-0.00151235725762
2022-08-16,-0.0111689692875
2022-08-17,0.00520708314107
2022-08-18,0.00366674314538
2022-08-19,0.000267856644215
2022-08-22,0.00358388530557
2022-08-23,0.00496804242978
2022-08-24,-0.00189076361209
2022-08-25,-0.00289028320327
2022-08-26,-0.00187817639891
2022-08-29,-0.00246991099702
2022-08-30,0.00199442493508
2022-08-31,-0.00258614828245
2022-09-01,-0.00319710228284
2022-09-02,-0.00429049204351
2022-09-06,0.00673047300739
2022-09-07,-0.00193183794268
2022-09-08,-0.00525008476186
2022-09-09,0.00390015792584
2022-09-12,0.00201990192305
2022-09-13,-0.011871266282
2022-09-14,-0.0128533167275
2022-09-15,-0.00729117337628
2022-09-16,0.000741844757906
2022-09-19,0.00278708635059
2022-09-20,0.00649997805761
2022-09-21,0.00436765809917
2022-09-22,-0.0161401614796
2022-09-23,0.0016957922296
2022-09-26,-0.00731834009236
2022-09-27,0.00403630486342
2022-09-28,-0.00696170836819
2022-09-29,-0.00896039248286
2022-09-30,0.00841771372757
2022-10-03,0.000711064147559
2022-10-04,-0.00396083396723
2022-10-05,-0.0209158658665
2022-10-06,-0.00972402335119
2022-10-07,-0.0081133589232
2022-10-10,-0.00441045965547
2022-10-11,-0.00699903754258
2022-10-12,0.00863610055234
2022-10-13,-0.00170941978447
2022-10-14,0.00843836639347
2022-10-17,0.00300220651872
2022-10-18,0.0066723841109
2022-10-19,-0.000926855657521
2022-10-20,-0.00358002735479
2022-10-21,-0.0161908653743
2022-10-24,0.00226394355469
2022-10-25,0.00893772800501
2022-10-26,-0.00299830321576
2022-10-27,-0.0245875170517
2022-10-28,-0.00246505129297
2022-10-31,-0.00362533542341
2022-11-01,0.00359143622349
2022-11-02,-0.00452009269603
2022-11-03,-0.0054171760403
2022-11-04,-0.0018735146741
2022-11-07,-0.00248017959987
2022-11-08,0.00487455585867
2022-11-09,-0.00747367363159
2022-11-10,0.00503957865337
2022-11-11,-0.000868587984381
2022-11-14,-0.00606111757121
2022-11-15,0.00444945926521
2022-11-16,0.000925022206365
2022-11-17,0.00224861487357
2022-11-18,0.00776324813419
2022-11-21,-0.00131614279059
2022-11-22,-0.00109369274363
2022-11-23,0.00523435206808
2022-11-25,-0.000227021412269
2022-11-28,-0.000285280290563
2022-11-29,-0.00372019657754
2022-11-30,0.00125821211397
2022-12-01,-0.00480180462908
2022-12-02,-0.0037914236306
2022-12-05,-0.0104413724831
2022-12-06,0.000281504343194
2022-12-07,0.00460441661656
2022-12-08,-0.00953442639508
2022-12-09,-0.00108462621469
2022-12-12,-0.00701243610405
2022-12-13,-0.00050221629611
2022-12-14,-0.00377310892736
2022-12-15,0.000552888490313
2022-12-16,0.00206265395467
2022-12-19,0.00618281642645
2022-12-20,0.000878029129448
2022-12-21,-0.00231123010827
2022-12-22,0.00171320222376
2022-12-23,0.00150390565163
2022-12-27,-0.00498133343124
2022-12-28,-0.00604150644676
2022-12-29,0.00129861017861
2022-12-30,0.000656994079734
2023-01-03,-0.0053881186879
2023-01-04,-0.00251928762062
2023-01-05,-0.00647629306801
2023-01-06,0.00916201187696
2023-01-09,0.00956824568144
2023-01-10,-0.00765802460561
2023-01-11,0.0113753539016
2023-01-12,-0.00361920230495
2023-01-13,0.00730846288114
2023-01-17,-0.00183524996226
2023-01-18,0.000873593335189
2023-01-19,-0.0104282568815
2023-01-20,-0.0060914476738
2023-01-23,-0.00337423705406
2023-01-24,0.00269780171844
2023-01-25,-0.00825371857279
2023-01-26,-0.00652048794095
2023-01-27,-0.00594929377212
2023-01-30,0.000925578999444
2023-01-31,0.00911804367238
2023-02-01,0.0123912119241
2023-02-02,0.00308925295183
2023-02-03,0.0021024891059
2023-02-06,-0.000645822493662
2023-02-07,0.00920274373683
2023-02-08,-0.00510358084092
2023-02-09,-0.00904642981045
2023-02-10,0.00749941310887
2023-02-13,-0.00714086988531
2023-02-14,-0.00225952592147
2023-02-15,0.00108565274274
2023-02-16,-0.00610853033939
2023-02-17,0.00440993669053
2023-02-21,0.00192609303397
2023-02-22,0.00207717442541
2023-02-23,0.000407583206135
2023-02-24,-0.00189179861579
2023-02-27,0.00404496693817
2023-02-28,0.00448533534647
2023-03-01,0.00461273904327
2023-03-02,0.00167667661904
2023-03-03,0.00199665139169
2023-03-06,0.00115808885169
2023-03-07,-0.0100887931219
2023-03-08,0.00430442647481
2023-03-09,-0.00266562320346
2023-03-10,-0.00155892923552
2023-03-13,-0.00355981201039
2023-03-14,-0.00513488121442
2023-03-15,0.0169853509884
2023-03-16,-0.00233775616572
2023-03-17,-0.00299311728817
2023-03-20,0.000303991926299
2023-03-21,0.00761216881327
2023-03-22,-0.0142721218458
2023-03-23,0.000595095624912
2023-03-24,0.00326726057023
2023-03-27,0.0103774802194
2023-03-28,0.00200127185644
2023-03-29,0.00740251975277
2023-03-30,-0.00181563021845
2023-03-31,0.00238130084504
2023-04-03,-0.00360852358647
2023-04-04,-0.00868149173592
2023-04-05,0.00135990445446
2023-04-06,0.000555528441009
2023-04-10,0.0161694823441
2023-04-11,0.00314301685049
2023-04-12,0.00157617473277
2023-04-13,-0.00630704078263
2023-04-14,0.00240091213934
2023-04-17,0.00558864257965
2023-04-18,0.00414265385067
2023-04-19,-0.00134587720785
2023-04-20,0.002595597477
2023-04-21,-0.00586351156697
2023-04-24,0.00880355094313
2023-04-25,9.18884835306e-05
2023-04-26,0.00502837425326
2023-04-27,0.00156783646926
2023-04-28,-0.00588962906597
2023-05-01,0.00293221445177
2023-05-02,-0.00749489360249
2023-05-03,-0.0115487355868
2023-05-04,-0.00325380445015
2023-05-05,0.00119252127934
2023-05-08,-0.00602080108808
2023-05-09,-0.00423434588178
2023-05-10,0.00252770427886
2023-05-11,-0.00282854964822
2023-05-12,0.00500381946409
2023-05-15,-0.00328163327029
2023-05-16,-0.0122300141126
2023-05-17,0.00978628939544
2023-05-18,-0.00311202476807
2023-05-19,0.00154703235047
2023-05-22,0.00038052196492
2023-05-23,-0.00035459725474
2023-05-24,-0.000320871802329
2023-05-25,-0.0195563759509
2023-05-26,-0.00252562007133
2023-05-30,-0.0155898578555
2023-05-31,-0.00421362504568
2023-06-01,0.00493868625819
2023-06-02,3.42565072737e-05
2023-06-05,-0.00784943454975
2023-06-06,0.00751271911123
2023-06-07,-0.00197617881025
2023-06-08,-0.00140343710163
2023-06-09,-0.00152135614258
2023-06-12,0.00599268341528
2023-06-13,-0.00310112572846
2023-06-14,0.01218142718
2023-06-15,-0.000267445804909
2023-06-16,0.00118414031381
2023-06-20,-0.00719874733739
2023-06-21,0.00149288262948
2023-06-22,0.000180023543796
2023-06-23,-0.0118568805531
2023-06-26,0.0160525313338
2023-06-27,-0.00928330420083
2023-06-28,-0.0094779004937
2023-06-29,0.00378061608885
2023-06-30,-0.00393162643594
2023-07-03,0.00962674471193
2023-07-05,0.00165552694952
2023-07-06,-0.00733480107857
2023-07-07,-4.4811378932e-05
2023-07-10,0.00407484785203
2023-07-11,0.00399974389258
2023-07-12,0.00454326847241
2023-07-13,0.000431232656009
2023-07-14,0.00770769410021
2023-07-17,-7.32950120554e-05
2023-07-18,-0.00135816254228
2023-07-19,-0.00330811607197
2023-07-20,0.00865237468044
2023-07-21,0.00261169628897
2023-07-24,0.00546213695707
2023-07-25,0.0010799980217
2023-07-26,0.000390374214633
2023-07-27,0.00411473719228
2023-07-28,-0.00326382021719
2023-07-31,0.0091805143064
2023-08-01,0.0108915079904
2023-08-02,-0.00126929746775
2023-08-03,0.0109487964855
2023-08-04,0.00116584929935
2023-08-07,-0.00974128849296
2023-08-08,-0.0103133848446
2023-08-09,0.00114747908932
2023-08-10,-0.01114187175
2023-08-11,8.05652674261e-05
2023-08-14,-1.6903204577e-05
2023-08-15,-0.00215273988356
2023-08-16,0.00104886336176
2023-08-17,0.00143283957885
2023-08-18,-0.0042702328952
2023-08-21,0.0031024000758
2023-08-22,-0.00233004798857
2023-08-23,0.000937140954674
2023-08-24,0.00253222328264
2023-08-25,0.00248818056233
2023-08-28,-0.00289056653412
2023-08-29,9.79493172582e-05
2023-08-30,0.00129845767037
2023-08-31,-0.0035156675523
2023-09-01,-0.00811827756535
2023-09-05,0.00158262931936
2023-09-06,-1.03724759705e-05
2023-09-07,-0.000977873056988
2023-09-08,0.00170053241733
2023-09-11,0.00472600843779
2023-09-12,0.00733818376871
2023-09-13,0.00931364434209
2023-09-14,0.00506228967245
2023-09-15,-0.00746774567372
2023-09-18,-0.00398387264084
2023-09-19,0.002048072008
2023-09-20,-0.00705289839643
2023-09-21,-0.00516910259656
2023-09-22,-0.00124833708844
2023-09-25,0.000376592220488
2023-09-26,0.00297727520946
2023-09-27,0.0019044256496
2023-09-28,0.00450451675057
2023-09-29,0.0125125450955
2023-10-02,-0.0114950174228
2023-10-03,0.0112093341546
2023-10-04,-0.0131401138973
2023-10-05,-0.00678652129813
2023-10-06,0.00297797714527
2023-10-09,-0.000826225084442
2023-10-10,0.00381363900908
2023-10-11,0.00167534265697
2023-10-12,0.000379919635161
2023-10-13,0.0073144395105
2023-10-16,-0.00150729873622
2023-10-17,2.19981166446e-05
2023-10-18,0.00612185190068
2023-10-19,0.018313892158
2023-10-20,-0.000716112451681
2023-10-23,0.00676534034011
2023-10-24,-0.00423184224211
2023-10-25,-0.00462047724718
2023-10-26,0.0148938326733
2023-10-27,0.000536483826307
2023-10-30,-0.00400670390326
2023-10-31,-0.0038558821098
2023-11-01,-0.00621634593929
2023-11-02,-0.00282132635355
2023-11-03,0.0139935903864
2023-11-06,-0.00202379097085
2023-11-07,-0.00925569823737
2023-11-08,0.00280447462742
2023-11-09,-0.00423230908525
2023-11-10,-7.10900659088e-05
2023-11-13,-0.00115646706563
2023-11-14,0.00728126707148
2023-11-15,0.000426873615882
2023-11-16,-0.00856678022067
2023-11-17,0.00199648433456
2023-11-20,-0.000888004025792
2023-11-21,-0.00529408641205
2023-11-22,-0.00189381286111
2023-11-24,-0.00322101291822
2023-11-27,-0.000601380578982
2023-11-28,0.00474167243778
2023-11-29,-0.00127016282202
2023-11-30,-0.00507890718309
2023-12-01,-0.0051505773701
2023-12-04,0.000753650258752
2023-12-05,0.00224093994439
2023-12-06,-0.0021823132152
2023-12-07,-0.000552390826112
2023-12-08,9.68950638855e-05
2023-12-11,0.00328679174533
2023-12-12,-0.00605039948738
2023-12-13,0.00803374707527
2023-12-14,0.00493640906853
2023-12-15,-0.00996070896029
2023-12-18,-0.00256948331653
2023-12-19,0.00179791605036
2023-12-20,0.00385350655432
2023-12-21,-0.00296602196553
2023-12-22,0.000435215771305
2023-12-26,-0.00232054955847
2023-12-27,-0.00287789163855
2023-12-28,0.00057944740165
2023-12-29,0.00187041717212
2024-01-02,0.000562543978389
2024-01-03,0.00971028696226
2024-01-04,-0.00165317986021
2024-01-05,0.000620548280204
2024-01-08,0.00279257637466
2024-01-09,-0.00616341312728
2024-01-10,0.00175578943102
2024-01-11,0.00611683078554
2024-01-12,0.00344191287953
2024-01-16,-0.000624365865773
2024-01-17,-0.00346184722432
2024-01-18,-0.00192611073256
2024-01-19,-0.00977787258647
2024-01-22,0.00744511969416
2024-01-23,-9.24807666092e-05
2024-01-24,0.00580268595657
2024-01-25,0.0159948595354
2024-01-26,0.000641748538622
2024-01-29,-0.00260009654867
2024-01-30,0.00627879959688
2024-01-31,0.0124910545242
2024-02-01,0.0165855778925
2024-02-02,-0.0244326165751
2024-02-05,-0.0068921108592
2024-02-06,0.00714517642702
2024-02-07,0.00145781563455
2024-02-08,-0.00123246420835
2024-02-09,-0.00726216281956
2024-02-12,0.00280412556356
2024-02-13,-0.00710959992897
2024-02-14,-0.00800891366584
2024-02-15,0.00568938958105
2024-02-16,-0.0136480240794
2024-02-20,0.00840854344079
2024-02-21,0.00251327604873
2024-02-22,-0.000478447139699
2024-02-23,0.00772786177492
2024-02-26,-0.000416203837909
2024-02-27,-0.00705713063075
2024-02-28,-0.000949264157111
2024-02-29,0.00189352862672
2024-03-01,-0.000389535794927
2024-03-04,-0.00823639391276
2024-03-05,-0.0176356207608
2024-03-06,-0.00232072058444
2024-03-07,0.00306186520922
2024-03-08,0.00731090738996
2024-03-11,0.00536016373111
2024-03-12,-0.000130964658514
2024-03-13,-0.00517643003839
2024-03-14,-0.00067889037426
2024-03-15,-0.00457680096226
2024-03-18,-0.0035186684001
2024-03-19,0.00381025675873
2024-03-20,-0.00515336628646
2024-03-21,-0.00949923211065
2024-03-22,0.00221131216031
2024-03-25,-0.00192369725958
2024-03-26,0.00802234228652
2024-03-27,0.0045463395426
2024-03-28,0.00511590210955
2024-04-01,-0.00361703559745
2024-04-02,0.00246372014564
2024-04-03,0.00675784245698
2024-04-04,-0.00076638528358
2024-04-05,-0.00789962770698
2024-04-08,-0.00471997807945
2024-04-09,0.00613773262654
2024-04-10,-0.00703855386582
2024-04-11,-0.0042308877929
2024-04-12,-0.000793333001281
2024-04-15,0.000233370497488
2024-04-16,0.00427372736794
2024-04-17,-0.00141226640393
2024-04-18,0.00421913156248
2024-04-19,0.00387398959097
2024-04-22,-0.00254867726642
2024-04-23,-0.00946375579876
2024-04-24,-0.00784397590009
2024-04-25,0.00314071252067
2024-04-26,-0.00974847733915
2024-04-29,-0.000231912938286
2024-04-30,-0.0058882193159
2024-05-01,-0.00804339529005
2024-05-02,-0.00592042814675
2024-05-03,-0.0112240492509
2024-05-06,-0.00607131971958
2024-05-07,0.00170297878676
2024-05-08,-0.00646502739256
2024-05-09,0.00364320382036
2024-05-10,-0.00284694912777
2024-05-13,0.000446741845966
2024-05-14,-0.00933523367604
2024-05-15,-0.00487741910077
2024-05-16,0.00475347424191
2024-05-17,-0.00345802579965
2024-05-20,0.000724234525044
2024-05-21,-0.00793954681675
2024-05-22,-0.0125146769484
2024-05-23,0.0014346879242
2024-05-24,-0.00901984596354
2024-05-28,0.0011192352403
2024-05-29,-0.00128018315216
2024-05-30,0.000627908285386
2024-05-31,0.00633454448852
2024-06-03,-0.010660484902
2024-06-04,0.00460249536415
2024-06-05,-0.00423946065733
2024-06-06,0.00190218714588
2024-06-07,0.00354298419883
2024-06-10,-0.00696585469839
2024-06-11,-0.000592273833159
2024-06-12,-0.00925090240875
2024-06-13,0.00159695011291
2024-06-14,0.00154267918637
2024-06-17,-0.00880010868751
2024-06-18,-0.0147651016127
2024-06-20,0.00994609119164
2024-06-21,0.00592439076615
2024-06-24,0.00196706420417
2024-06-25,-0.00638951162715
2024-06-26,-0.0067293357966
2024-06-27,0.000140349830995
2024-06-28,-0.0115911237494
2024-07-01,-0.00404674153165
2024-07-02,0.00595846557612
2024-07-03,0.0079351126864
2024-07-05,0.00519397849813
2024-07-08,-0.00104003964784
2024-07-09,-0.00246410353571
2024-07-10,0.00637310324263
2024-07-11,-0.00135562623237
2024-07-12,-0.000280888330457
2024-07-15,0.00530986517887
2024-07-16,0.00324990108124
2024-07-17,0.00328475309304
2024-07-18,-0.0047374924659
2024-07-19,0.000590094506085
2024-07-22,-0.00159940181998
2024-07-23,0.00589236689009
2024-07-24,-0.00243573578949
2024-07-25,0.0088026318773
2024-07-26,0.0165366936
2024-07-29,-0.000929486252129
2024-07-30,-0.00600523389814
2024-07-31,0.00181944914964
2024-08-01,-0.00158234397931
2024-08-02,-0.00771212017474
2024-08-05,-0.0139347361392
2024-08-06,0.00168873802628
2024-08-07,0.0029224036094
2024-08-08,-0.00364032958462
2024-08-09,0.00352797470109
2024-08-12,6.64016954036e-05
2024-08-13,0.00244434957648
2024-08-14,-0.00170102142002
2024-08-15,0.0120428898634
2024-08-16,0.000649637715361
2024-08-19,0.00651577848051
2024-08-20,-0.00186099841634
2024-08-21,0.0131868564888
2024-08-22,-0.00664343207491
2024-08-23,-0.00184637152346
2024-08-26,-0.00557165513517
2024-08-27,-0.00708095514315
2024-08-28,-0.00131104306948
2024-08-29,0.00422991953467
2024-08-30,0.00159416352046
2024-09-03,0.0108037589035
2024-09-04,-0.0049568825253
2024-09-05,-0.00265905691454
2024-09-06,-0.00788532389125
2024-09-09,-0.0102977983014
2024-09-10,0.00510752908151
2024-09-11,0.00100883994934
2024-09-12,0.00298608623622
2024-09-13,0.000498131984215
2024-09-16,-0.00605194392344
2024-09-17,-0.00357841588926
2024-09-18,-0.00292137639125
2024-09-19,0.000705101019713
2024-09-20,-0.00197743861887
2024-09-23,0.00609415128486
2024-09-24,-0.00494218593158
2024-09-25,0.00135598735792
2024-09-26,-0.0178894229844
2024-09-27,-0.00307072842565
2024-09-30,0.00567636122664
2024-10-01,-0.0102878046242
2024-10-02,-0.00387978582645
2024-10-03,-1.22798727098e-05
2024-10-04,-0.00531531282997
2024-10-07,-0.00667679366089
2024-10-08,0.00652098147987
2024-10-09,-0.00695949874442
2024-10-10,0.00603974388585
2024-10-11,0.00164173169988
2024-10-14,0.00166775891402
2024-10-15,0.00509149308373
2024-10-16,-0.0104208861397
2024-10-17,-0.0105113826037
2024-10-18,0.00816921633112
2024-10-21,-0.00519087162403
2024-10-22,0.0178081450928
2024-10-23,0.00595251324837
2024-10-24,-0.00155947150036
2024-10-25,-0.00392011714806
2024-10-28,-0.000763173849155
2024-10-29,-0.0118508112613
2024-10-30,-0.00796721511384
2024-10-31,0.00190975353277
2024-11-01,0.00750615965607
2024-11-04,0.00515981897228
2024-11-05,-0.0015824871417
2024-11-06,-0.0390342056647
2024-11-07,0.00287739954101
2024-11-08,0.00201111054952
2024-11-11,-0.0144751952984
2024-11-12,-0.00701556737122
2024-11-13,-0.00956463399905
2024-11-14,-0.00247428400142
2024-11-15,-0.00732681002277
2024-11-18,0.00163040991286
2024-11-19,0.00102903494175
2024-11-20,0.00291146479159
2024-11-21,0.00444288944165
2024-11-22,-0.00128267413606
2024-11-25,0.00154809870533
2024-11-26,-0.00635461550445
2024-11-27,0.00381905185301
2024-11-29,0.00575190906293
2024-12-02,-0.00294164580113
2024-12-03,0.00905724063239
2024-12-04,-0.0023698882047
2024-12-05,0.00580401472054
2024-12-06,0.00444521972301
2024-12-09,-0.00508518409957
2024-12-10,-0.00811274299313
2024-12-11,0.00469464429044
2024-12-12,0.00538762947978
2024-12-13,-0.0022727948111
2024-12-16,-0.00810167068661
2024-12-17,0.000569070404556
2024-12-18,0.0121105016617
2024-12-19,-0.00842221128298
2024-12-20,0.00554750284015
2024-12-23,-0.0072701533182
2024-12-24,-0.00316732145144
2024-12-26,-0.0018496514567
2024-12-27,-0.00107700384978
2024-12-30,0.00124477712228
2024-12-31,-0.000566355591583
2025-01-02,-0.00402577588441
2025-01-03,-0.00439868267704
2025-01-06,-5.38885053459e-05
2025-01-07,-0.00926405169442
2025-01-08,-0.000999834601654
2025-01-10,-0.0203321006219
2025-01-13,-0.00354738868585
2025-01-14,0.00132395327024
2025-01-15,-0.00726771393587
2025-01-16,0.000433333474874
2025-01-17,0.00641817647065
2025-01-21,0.00592578379301
2025-01-22,-0.00233183527474
2025-01-23,-0.00952167295058
2025-01-24,0.0105172330833
2025-01-27,-0.000595360917605
2025-01-28,0.00198764701937
2025-01-29,0.00163091852821
2025-01-30,0.0129857448385
2025-01-31,-0.00187928027539
2025-02-03,-0.0124251028123
2025-02-04,-8.72611207611e-05
2025-02-05,-0.00675803323053
2025-02-06,-0.00683639995388
2025-02-07,-0.00268681222845
2025-02-10,0.00943261198349
2025-02-11,0.00277632643471
2025-02-12,-0.0121044368511
2025-02-13,-0.00676848277012
2025-02-14,-0.00699192245623
2025-02-18,0.00227414915368
2025-02-19,0.00501136356375
2025-02-20,0.00669282890334
2025-02-21,0.00508655227244
2025-02-24,-0.000133309732243
2025-02-25,0.00105775053979
2025-02-26,-0.000464628228833
2025-02-27,0.00284880348339
2025-02-28,0.00319608315056
2025-03-03,-0.0176224564186
2025-03-04,-0.00873665393109
2025-03-05,0.0027888119539
2025-03-06,0.00503736883731
2025-03-07,-0.00409999895925
2025-03-10,-0.0125928567998
2025-03-11,-0.000808975677301
2025-03-12,-0.00252340293812
2025-03-13,-0.0152758474044
2025-03-14,0.00372353689292
2025-03-17,-0.00381894866285
2025-03-18,-0.00233107304639
2025-03-19,0.00527636006321
2025-03-20,-0.00361447186181
2025-03-21,-0.000258484426732
2025-03-24,0.00708045699955
2025-03-25,-0.0100563344664
2025-03-26,0.00909606917217
2025-03-27,-0.0027529132697
2025-03-28,0.00273625919878
2025-03-31,0.00583176925227
2025-04-01,-0.00708596469241
2025-04-02,0.000241211292189
2025-04-03,-0.0341881119153
2025-04-04,-0.00479997805528
2025-04-07,0.00849136449606
2025-04-08,-0.00100061496254
2025-04-09,-0.00242098800128
2025-04-10,-0.0201605951542
2025-04-11,-0.00634927712514
2025-04-14,0.0128178920826
2025-04-15,0.00309859597999
2025-04-16,-0.00761711873172
2025-04-17,0.0148670054853
2025-04-21,0.000616837777708
2025-04-22,0.0268998654111
2025-04-23,0.0078721306637
2025-04-24,0.00450657205423
2025-04-25,-0.0132432942401
2025-04-28,0.00739173661837
2025-04-29,0.000557520276307
2025-04-30,-0.0169085539217
2025-05-01,0.00261858224821
2025-05-02,0.00876567970291
2025-05-05,-0.01153971257
2025-05-06,-0.000735821390807
2025-05-07,-0.000984038720618
2025-05-08,0.000150507854838
2025-05-09,-0.00707066959641
2025-05-12,0.012948494517
2025-05-13,-0.0106594243124
2025-05-14,-0.0027272152543
2025-05-15,-0.0078460466394
2025-05-16,0.00735862602727
2025-05-19,-0.00096856837783
2025-05-20,-0.00212619873714
2025-05-21,-0.00451766335938
2025-05-22,-0.0055248542451
2025-05-23,0.000322487243137
2025-05-27,-0.00157024389198
2025-05-28,-1.24060450166e-05
2025-05-29,-0.00146246858217
2025-05-30,0.00110563896573
2025-06-02,0.00447779815105
2025-06-03,0.000946657183492
2025-06-04,-0.00408229485342
2025-06-05,-0.00606794087209
2025-06-06,0.00569074449062
2025-06-09,-0.00777339134282
2025-06-10,0.00257280909032
2025-06-11,-0.00125256840934
2025-06-12,-0.00831668037663
2025-06-13,-0.0135151204116
2025-06-16,-0.00943812907978
2025-06-17,-0.00218264890266
2025-06-18,-0.00156172947343
2025-06-20,-0.00273617766617
2025-06-23,-0.000657703314944
2025-06-24,0.0046767450374
2025-06-25,-0.0120226138994
2025-06-26,0.002366807137
2025-06-27,-0.0038279891275
2025-06-30,-0.00754779228628
2025-07-01,0.00406133675044
2025-07-02,0.00103576099572
2025-07-03,0.000980392691063
2025-07-07,0.00126394466588
2025-07-08,0.00443630541468
2025-07-09,-0.00846931875098
2025-07-10,0.00356992208968
2025-07-11,-0.00422463401976
2025-07-14,0.00104090709793
2025-07-15,-0.00609607929589
2025-07-16,-0.00650664113739
2025-07-17,-0.00250931368221
2025-07-18,0.0106016589316
2025-07-21,0.00304406740553
2025-07-22,-0.00890405689594
2025-07-23,0.00241093032544
2025-07-24,-0.0021671887621
2025-07-25,0.00839901370145
2025-07-28,-3.25623145312e-05
2025-07-29,2.21781843889e-05
2025-07-30,-0.00582446880372
2025-07-31,0.00787012819743
2025-08-01,-0.000251890662346
2025-08-04,0.00144122211441
2025-08-05,0.00402200438562
2025-08-06,-0.00257899567934
2025-08-07,-0.00747527226363
2025-08-08,-0.00048931801666
2025-08-11,-0.00524013862102
2025-08-12,-0.00179256707353
2025-08-13,0.00396691970015
2025-08-14,0.00218578871732
2025-08-15,0.00245079535177
2025-08-18,0.00591533949976
2025-08-19,-0.00662606598109
2025-08-20,0.00452035208243
2025-08-21,0.00559767144038
2025-08-22,-0.0058747802716
2025-08-25,-0.00735408946085
2025-08-26,0.00339165258876
2025-08-27,-0.00159520595857
2025-08-28,0.00217029900061
2025-08-29,-0.00517586455671
2025-09-02,-0.0106407925393
2025-09-03,-0.0105624831033
2025-09-04,-0.0107086034273
2025-09-05,-0.0085507830204
2025-09-08,-0.00694395476915
2025-09-09,0.000188891054505
2025-09-10,0.0169376714978
2025-09-11,-0.00410895957637
2025-09-12,-0.00625636426914
2025-09-15,-0.0104686937653
2025-09-16,-0.0033751015569
2025-09-17,0.00743916591234
2025-09-18,0.00159533310167
2025-09-19,0.00414658846753
2025-09-22,-0.00630032682608
2025-09-23,-0.000392545921938
2025-09-24,0.0040611700387
2025-09-25,-0.000326215362966
2025-09-26,0.000420971396237
2025-09-29,0.00342467918464
2025-09-30,0.0105268732245
2025-10-01,-0.0180121663516
2025-10-02,0.00641026079761
2025-10-03,-0.00177156698136
2025-10-06,0.00560180810291
2025-10-07,0.00672466803767
2025-10-08,-0.00111934621189
2025-10-09,0.00301925498894
2025-10-10,0.000684923687334
2025-10-13,-0.00577247595166
2025-10-14,0.00810620401953
2025-10-15,0.00661846689812
2025-10-16,0.000122277506068
2025-10-17,0.0111493096908
2025-10-20,0.00927129556273
2025-10-21,0.00212303057204
2025-10-22,-0.015688627758
2025-10-23,-0.000309925359613
2025-10-24,0.00774215034291
2025-10-27,-0.00476515428041
2025-10-28,-0.00149935981499
2025-10-29,-0.0059710307231
2025-10-30,0.00519938084905
2025-10-31,-0.000216878346184
2025-11-03,-0.000292580698762
2025-11-04,-0.00261225615543
2025-11-05,0.0132327497348
2025-11-06,0.00140065352761
2025-11-07,0.00163703234869
2025-11-10,0.00240951497052
2025-11-11,-0.00578392925036
2025-11-12,0.00223134353786
2025-11-13,-0.0105351435564
2025-11-14,0.00377560697128
2025-11-17,-0.00122196035323
2025-11-18,0.00302172900843
2025-11-19,-0.00048178072058
2025-11-20,-0.00648920275568
2025-11-21,0.00200012303571
2025-11-24,0.0105847162831
2025-11-25,0.0020528975019
2025-11-26,0.00349017705825
2025-11-28,0.00606906558685
2025-12-01,-0.00761047001571
2025-12-02,0.000382660857918
2025-12-03,-0.00794140515384
2025-12-04,0.00236303034876
2025-12-05,-0.000525546069375
2025-12-08,-0.00145682023911
2025-12-09,0.00736976045355
2025-12-10,0.00229599484461
2025-12-11,-0.00504668021091
2025-12-12,-0.00430246769315
2025-12-15,-0.000540349700907
2025-12-16,-0.00454754623194
2025-12-17,-0.0176402578243
2025-12-18,-0.00232981125408
2025-12-19,0.00760889287554
2025-12-22,0.00127114980441
2025-12-23,0.00742398442049
2025-12-24,-0.00243545543635
2025-12-26,0.000473525590388
2025-12-29,0.00248583632407
2025-12-30,0.00017560482323
2025-12-31,-0.00526373692545
2026-01-02,-0.00928839255053
2026-01-05,0.00672484914346
2026-01-06,-0.0233234108944
2026-01-07,0.0004864978898
2026-01-08,0.0142515344569
2026-01-09,-0.011930215448
2026-01-12,-0.000138481327582
2026-01-13,-0.000273735385351
2026-01-14,-0.00987993564766
2026-01-15,-0.00199890786105
2026-01-16,-0.00939117181871
2026-01-20,-0.011092744267
2026-01-21,-0.00338055473547
2026-01-22,0.0052059773812
2026-01-23,0.00347250568089
2026-01-26,0.00619394046519
2026-01-27,-0.00149201768133
2026-01-28,-0.00502341520935
2026-01-29,0.00452750664524
2026-01-30,0.00537862564202
2026-02-02,0.00404230194278
2026-02-03,-0.0126428240522
2026-02-04,0.00652675111009
2026-02-05,-0.00198513852074
2026-02-06,0.00714615663628
2026-02-09,-0.000303434825603
2026-02-10,-0.00206930302949
2026-02-11,-0.0164087189848
2026-02-12,0.0120265102746
2026-02-13,0.0163710156173
2026-02-17,0.00810237311924
2026-02-18,0.00850423065137
2026-02-19,-0.0184642198687
2026-02-20,0.00201352705304
2026-02-23,-0.0288382783269
2026-02-24,0.000349311479914
2026-02-25,0.0172703983816
2026-02-26,0.0184907494333
2026-02-27,-0.0159675808877
2026-03-02,-0.00289277227869
2026-03-03,0.00629405725655
2026-03-04,-0.0015432576176
2026-03-05,0.00270797369697
2026-03-06,0.00203109252973
2026-03-09,0.0010360820371
2026-03-10,-0.00183956837616
2026-03-11,-0.00310844786345
2026-03-12,-0.00785319229648
2026-03-13,0.00548851843688
2026-03-16,0.00228611539349
2026-03-17,-0.0025598967948
2026-03-18,-0.00726230112796
2026-03-19,-0.0188945217314
2026-03-20,0.00543873634215
2026-03-23,0.00953944355025
2026-03-24,-0.0115651833854
2026-03-25,0.00378684259784
2026-03-26,-0.00235941391191
2026-03-27,-0.00492796696669
2026-03-30,0.00174045632208
2026-03-31,0.00961312420301
2026-04-01,-0.0042921640821
2026-04-02,-0.0011770704834
2026-04-06,0.009525508058
2026-04-07,-0.00376344478443
2026-04-08,0.00230461024419
2026-04-09,0.00153840028369
2026-04-10,-0.00708135924244
2026-04-13,-0.00837734903157
2026-04-14,0.0206360178686
2026-04-15,-0.00298462402954
2026-04-16,0.0058225963913
2026-04-17,0.0120623051181
2026-04-20,0.00102060079579
2026-04-21,-0.0285644007757
2026-04-22,-0.00753365377608
2026-04-23,-0.00458994798028
2026-04-24,0.00227652492074
2026-04-27,-0.00559943455721
2026-04-28,-0.00438594715627
2026-04-29,-0.0100017429753
2026-04-30,-0.00958854641036
2026-05-01,-0.012950200353
2026-05-04,-0.000218773637042
2026-05-05,-0.0131826748902
2026-05-06,0.00218264373538
2026-05-07,0.013658432951
2026-05-08,-0.0165075623265
2026-05-11,-0.0136705578974
2026-05-12,0.00716891004255
2026-05-13,-0.0163797500746
2026-05-14,0.000700589995581
2026-05-15,0.00781606171185
2026-05-18,0.00386343384788
2026-05-19,0.00505706018473
2026-05-20,0.0169222097069
2026-05-21,-0.00108730318569
2026-05-22,-0.000305166937393
2026-05-26,0.00123957037456
2026-05-27,0.00611522098732
2026-05-28,-0.00534174333717
2026-05-29,-0.00814652540642
2026-06-01,0.000558953022795
2026-06-02,-0.00801829135836
2026-06-03,0.0115860706011
2026-06-04,-0.000804152648687
2026-06-05,0.00829925412256
2026-06-08,-0.00229716577671
2026-06-09,0.00482266231992
2026-06-10,-0.00863371312657
2026-06-11,0.00239226713059
2026-06-12,0.0101563413375
2026-06-15,-0.000481842920481
2026-06-16,0.00100418136892
2026-06-17,-0.0158542874885
2026-06-18,-0.00836452255957
2026-06-22,-0.0115021138761
2026-06-23,0.00119434852969
2026-06-24,-0.0120678318711
2026-06-25,-0.0101546082556
2026-06-26,0.0029486765353
2026-06-29,-0.00483450172314
2026-06-30,0.0117408102051
