date,value
1996-01-03,0.00462381888795
1996-01-04,0.0036034076988
1996-01-05,0.0109743923744
1996-01-08,0.00218916256619
1996-01-09,-0.0115689822737
1996-01-10,0.0214252179967
1996-01-11,-0.000621963720999
1996-01-12,0.0148726032659
1996-01-15,0.00301674587287
1996-01-16,-0.0147566829381
1996-01-17,-0.0116536359995
1996-01-18,0.0200379973226
1996-01-19,0.0166023127624
1996-01-22,0.00195610609134
1996-01-23,-0.00056079169334
1996-01-24,-0.00687883062376
1996-01-25,-0.00467475719822
1996-01-26,0.0110995689241
1996-01-29,-0.00653173747745
1996-01-30,-0.00980948615565
1996-01-31,-0.00405139466389
1996-02-01,0.0108473596875
1996-02-02,0.0308299838627
1996-02-05,0.00163044739254
1996-02-06,0.00172318482845
1996-02-07,0.00642609802048
1996-02-08,0.0182231678328
1996-02-09,-0.000797012503825
1996-02-12,0.0126650860096
1996-02-13,-0.000706218991054
1996-02-14,-0.0167448443741
1996-02-15,0.00145963933883
1996-02-16,-0.00422714449294
1996-02-20,-0.00921129988494
1996-02-21,0.00134614231485
1996-02-22,-0.00541430850849
1996-02-23,-0.0157297474568
1996-02-26,-0.00632697212849
1996-02-27,0.0105977416171
1996-02-28,0.00367791168546
1996-02-29,-0.00282929114092
1996-03-01,0.0164995165723
1996-03-04,-0.00232858058598
1996-03-05,-0.0136822251452
1996-03-06,0.000451333776812
1996-03-07,0.00949306561013
1996-03-08,0.0106903664984
1996-03-11,0.00954667096109
1996-03-12,-0.0108651197942
1996-03-13,-0.0120117852089
1996-03-14,-1.4590711656e-05
1996-03-15,0.00104917504757
1996-03-18,0.0167878321209
1996-03-19,-0.0036992110664
1996-03-20,-0.001346001196
1996-03-21,0.00160855518446
1996-03-22,0.0191254465685
1996-03-25,-0.00297027684561
1996-03-26,-0.00188176745459
1996-03-27,0.00719069809036
1996-03-28,0.0161073736295
1996-03-29,9.39950085645e-05
1996-04-01,0.00349900050407
1996-04-02,0.00922762781856
1996-04-03,-0.0107245754123
1996-04-04,-0.00977123816438
1996-04-08,-0.0199846285229
1996-04-09,-0.00680588016809
1996-04-10,0.00179679012804
1996-04-11,0.010382515165
1996-04-12,0.00926708373501
1996-04-15,-0.0069062495872
1996-04-16,0.00307208854267
1996-04-17,-0.00291821524077
1996-04-18,0.00710856742871
1996-04-19,0.00926766061574
1996-04-22,-0.0027313385293
1996-04-23,0.0222992042791
1996-04-24,0.00313858907441
1996-04-25,-0.00340235316614
1996-04-26,0.0113852672464
1996-04-29,0.00643791231972
1996-04-30,-0.000450364496628
1996-05-01,-0.0033730384551
1996-05-02,-0.000525209955915
1996-05-03,0.00715406715815
1996-05-06,-0.000697440445265
1996-05-07,-0.00555969424086
1996-05-08,0.00863955971176
1996-05-09,0.0169723791353
1996-05-10,0.00577182442757
1996-05-13,-0.000128747364797
1996-05-14,0.00252670424859
1996-05-15,-0.000832504893396
1996-05-16,-0.00455052818361
1996-05-17,-0.00510082297714
1996-05-20,-0.00121421701304
1996-05-21,0.0087449823065
1996-05-22,0.00619880167794
1996-05-23,8.00776121324e-05
1996-05-24,0.00530100348158
1996-05-28,0.00517548416485
1996-05-29,0.0109987789749
1996-05-30,-0.00188127063927
1996-05-31,-0.01435937702
1996-06-03,-0.0117876723374
1996-06-04,-0.00294907257379
1996-06-05,-0.00404424884928
1996-06-06,-0.00320201755652
1996-06-07,-0.0030818940419
1996-06-10,-0.00991636388515
1996-06-11,0.00601634369576
1996-06-12,0.0131461150507
1996-06-13,0.0084220791156
1996-06-14,0.00685174504701
1996-06-17,-0.0164594259694
1996-06-18,-0.00902911481815
1996-06-19,0.0134941418428
1996-06-20,-0.011750345457
1996-06-21,-0.0276962729433
1996-06-24,0.0112046001956
1996-06-25,-0.00316654882265
1996-06-26,0.00578425788618
1996-06-27,-0.00262492620373
1996-06-28,0.0162109979427
1996-07-01,0.0120237895303
1996-07-02,0.00866527568199
1996-07-03,0.0023080529538
1996-07-05,0.00470489932245
1996-07-08,-0.00832113762108
1996-07-09,0.00502261316097
1996-07-10,0.0187631463111
1996-07-11,-0.00366365425158
1996-07-12,-0.00305233183249
1996-07-15,0.00300730178128
1996-07-16,0.0164913867748
1996-07-17,0.0141338557797
1996-07-18,0.0140255842762
1996-07-19,-0.00565678222695
1996-07-22,0.00239745625473
1996-07-23,0.00769012923892
1996-07-24,0.00639020428221
1996-07-25,-0.00673750887221
1996-07-26,0.0144076421474
1996-07-29,0.0041934407475
1996-07-30,0.00202074598857
1996-07-31,-0.00183137937085
1996-08-01,0.00130461999864
1996-08-02,0.0207318614304
1996-08-05,0.0132637603649
1996-08-06,-0.00507676185361
1996-08-07,0.00120925493167
1996-08-08,0.0174649374736
1996-08-09,-0.00313909048155
1996-08-12,-0.00300337721787
1996-08-13,0.0106460919878
1996-08-14,0.00143628880669
1996-08-15,-0.00141902153277
1996-08-16,0.0105544408446
1996-08-19,0.00213464526436
1996-08-20,-0.00383000861372
1996-08-21,-0.00672654909984
1996-08-22,0.00104780823177
1996-08-23,0.00653130974229
1996-08-26,0.0070271926387
1996-08-27,0.0088750369117
1996-08-28,-0.00718559939173
1996-08-29,-0.00130124308205
1996-08-30,-0.00152341674414
1996-09-03,0.00367824151137
1996-09-04,-0.00786405658796
1996-09-05,0.0059769205803
1996-09-06,0.000291945151482
1996-09-09,0.00265845374697
1996-09-10,0.0033136474296
1996-09-11,-0.00611349887919
1996-09-12,-0.00220965544551
1996-09-13,0.00910507920363
1996-09-16,-0.00422735685735
1996-09-17,-0.00672796154935
1996-09-18,0.00547687275973
1996-09-19,0.00532843584435
1996-09-20,-0.000928040056029
1996-09-23,0.00219500991534
1996-09-24,-0.00706206153781
1996-09-25,0.00667626779295
1996-09-26,0.00847723555225
1996-09-27,-0.00241495798762
1996-09-30,-0.00701842435351
1996-10-01,0.0158316563187
1996-10-02,-0.00560342589173
1996-10-03,-0.00601640703948
1996-10-04,-0.00523512597232
1996-10-07,0.010136758183
1996-10-08,0.00146741261392
1996-10-09,-0.00539450305335
1996-10-10,0.00344832266309
1996-10-11,0.00270325315072
1996-10-14,-0.00149851450697
1996-10-15,-0.00271690239792
1996-10-16,5.96884763424e-05
1996-10-17,-0.00366272186233
1996-10-18,0.00906125266133
1996-10-21,-0.00255204567302
1996-10-22,-0.000741393491832
1996-10-23,0.0021781998566
1996-10-24,-0.00703175600377
1996-10-25,0.00500881746644
1996-10-28,-0.00346474562861
1996-10-29,-0.00584276677002
1996-10-30,0.0148367928532
1996-10-31,-0.0117371030961
1996-11-01,0.00472287979665
1996-11-04,-0.00667651662718
1996-11-05,1.28539735112e-05
1996-11-06,0.00291860190176
1996-11-07,0.00456224779276
1996-11-08,0.00146210054655
1996-11-11,-0.00226508284394
1996-11-12,-0.00550236738821
1996-11-13,0.0134076426053
1996-11-14,0.0103227721431
1996-11-15,-0.00149814355735
1996-11-18,-0.0056418365227
1996-11-19,-0.00150621029558
1996-11-20,-0.0101129910574
1996-11-21,0.00757858146725
1996-11-22,0.000639678337693
1996-11-25,0.0105836310682
1996-11-26,0.0205733904536
1996-11-27,0.00356704276382
1996-11-29,0.00434965400438
1996-12-02,-0.00365792684951
1996-12-03,-0.00821511477168
1996-12-04,0.00648977973816
1996-12-05,-0.0104893638182
1996-12-06,0.0117659782489
1996-12-09,0.0165015760249
1996-12-10,-7.97410626233e-05
1996-12-11,0.0072521518185
1996-12-12,0.00688482974074
1996-12-13,-0.000141853783356
1996-12-16,-0.00205347304222
1996-12-17,-0.00704652771178
1996-12-18,0.00758962196534
1996-12-19,0.0125495529682
1996-12-20,0.00405552043528
1996-12-23,-0.01137124318
1996-12-24,-0.00735257649774
1996-12-26,0.00728391204738
1996-12-27,-0.00076599938669
1996-12-30,0.0050194270337
1996-12-31,-0.0130170568694
1997-01-02,0.0177242846932
1997-01-03,-0.000215915423071
1997-01-06,0.00575981640823
1997-01-07,-7.74601073423e-05
1997-01-08,0.00552198054929
1997-01-09,-0.00402053983077
1997-01-10,0.000679871106056
1997-01-13,-0.0015155918482
1997-01-14,0.00595744229378
1997-01-15,-0.0134556263899
1997-01-16,0.0034783340891
1997-01-17,0.00543684926565
1997-01-20,0.00242479684987
1997-01-21,-0.00270787152505
1997-01-22,0.00228024512841
1997-01-23,0.000886055102729
1997-01-24,-0.00116306068613
1997-01-27,0.00321412661226
1997-01-28,-0.000583649879088
1997-01-29,0.00952160151697
1997-01-30,0.00177182791046
1997-01-31,-0.00360495448519
1997-02-03,0.004381806687
1997-02-04,0.00568086540192
1997-02-05,-0.00175315618225
1997-02-06,0.00312798469855
1997-02-07,-0.00434760788165
1997-02-10,0.00681454727198
1997-02-11,0.00239697528365
1997-02-12,0.0124811880249
1997-02-13,0.00631016528954
1997-02-14,0.00661749612642
1997-02-18,-0.00742114060405
1997-02-19,-0.00295055210347
1997-02-20,0.00353853818886
1997-02-21,0.00221739824095
1997-02-24,-0.000708828794866
1997-02-25,0.00227370782343
1997-02-26,0.0151498543472
1997-02-27,0.00655711431187
1997-02-28,-0.0103407245027
1997-03-03,-0.0239874753888
1997-03-04,4.21742569291e-05
1997-03-05,0.00222194563167
1997-03-06,-0.00264527900647
1997-03-07,-0.0199963094339
1997-03-10,-0.00986811062189
1997-03-11,-0.00350034360462
1997-03-12,-0.0124796620466
1997-03-13,0.0017748945107
1997-03-14,0.00154066512954
1997-03-17,0.000129909657236
1997-03-18,0.0130712932467
1997-03-19,-0.00489724607079
1997-03-20,-0.0105515742064
1997-03-21,-0.00129286236902
1997-03-24,0.00107737528321
1997-03-25,-0.00485986678285
1997-03-26,0.00305412364545
1997-03-27,0.00921495180876
1997-03-31,-0.00081867089008
1997-04-01,0.00870915719467
1997-04-02,0.00906983808432
1997-04-03,-0.0121684253482
1997-04-04,0.00212413556357
1997-04-07,-0.00319087726766
1997-04-08,-0.000491411985855
1997-04-09,-0.00162246467795
1997-04-10,0.00595030616448
1997-04-11,-0.0149710927309
1997-04-14,-0.000998790734369
1997-04-15,0.00386046033869
1997-04-16,-0.00494307009875
1997-04-17,-0.00201716130928
1997-04-18,0.00704092578399
1997-04-21,-0.00111337160353
1997-04-22,0.00141891970651
1997-04-23,-0.00898839663678
1997-04-24,-0.00291944319795
1997-04-25,0.013764500797
1997-04-28,-0.00368166744419
1997-04-29,-0.000708647657486
1997-04-30,0.000746403860923
1997-05-01,0.0124493401813
1997-05-02,0.00209389472154
1997-05-05,0.00720532510733
1997-05-06,0.00453466884904
1997-05-07,0.0101417344648
1997-05-08,0.00248768972917
1997-05-09,0.00948245380388
1997-05-12,0.00133121724609
1997-05-13,0.00712862682491
1997-05-14,-0.00259238163934
1997-05-15,0.00227329665774
1997-05-16,-0.0143381200318
1997-05-19,0.00203304291697
1997-05-20,0.00170041874071
1997-05-21,-0.0102877038123
1997-05-22,0.0171352639185
1997-05-23,-0.00660634636879
1997-05-27,-0.000589681371282
1997-05-28,0.00457136306301
1997-05-29,0.00471439730081
1997-05-30,-0.00331359927653
1997-06-02,0.0089729921033
1997-06-03,0.0121928122229
1997-06-04,0.00510630589318
1997-06-05,-0.00662077885023
1997-06-06,0.00447394592182
1997-06-09,-0.00613890370494
1997-06-10,-0.0101352358153
1997-06-11,0.00496243129269
1997-06-12,-0.012837372642
1997-06-13,-0.00841747091453
1997-06-16,0.00795898519094
1997-06-17,0.00887306664917
1997-06-18,0.00831036061096
1997-06-19,-0.00741800637902
1997-06-20,0.0103712163397
1997-06-23,0.0119106068798
1997-06-24,0.000187063996488
1997-06-25,-0.0153810475264
1997-06-26,0.00476518004257
1997-06-27,0.0129202134984
1997-06-30,-0.010299186325
1997-07-01,0.00223145220478
1997-07-02,-0.00553665720785
1997-07-03,-0.00185280094677
1997-07-07,0.0135289514884
1997-07-08,0.00290555179857
1997-07-09,-0.0101027209943
1997-07-10,-0.00861324721155
1997-07-11,0.00497451319329
1997-07-14,-0.00753056869096
1997-07-15,0.0134124697847
1997-07-16,0.00801889330015
1997-07-17,-0.0104712148117
1997-07-18,0.00736625502069
1997-07-21,0.00509263084234
1997-07-22,0.00502433390538
1997-07-23,-0.00457122328129
1997-07-24,-0.00197770379318
1997-07-25,0.00867403617618
1997-07-28,0.00516557159844
1997-07-29,0.000110752169999
1997-07-30,0.00433628509643
1997-07-31,-0.0038919130383
1997-08-01,0.0109759440194
1997-08-04,0.00501722261208
1997-08-05,-0.00857828446035
1997-08-06,-0.0087942877633
1997-08-07,-0.00705782769905
1997-08-08,0.00778373801905
1997-08-11,-0.0143659917411
1997-08-12,0.0159175435423
1997-08-13,-0.00230625911113
1997-08-14,0.00955585218777
1997-08-15,0.00310604282942
1997-08-18,0.00570169589203
1997-08-19,-0.00666927240175
1997-08-20,-0.000450123734447
1997-08-21,-0.00668215334167
1997-08-22,-0.00529853897799
1997-08-25,0.00189753071086
1997-08-26,0.00260738450778
1997-08-27,-0.000273833540088
1997-08-28,-0.00215580276394
1997-08-29,-0.00864303433194
1997-09-02,0.00954786546914
1997-09-03,0.00858407940928
1997-09-04,0.00700714315293
1997-09-05,-0.000544633322211
1997-09-08,-0.0110020890292
1997-09-09,-0.0037206200553
1997-09-10,-0.00538273675803
1997-09-11,-0.0090853825878
1997-09-12,-0.00330313074412
1997-09-15,0.0030671732455
1997-09-16,0.00968763924125
1997-09-17,0.00248605214128
1997-09-18,-0.00345125291086
1997-09-19,0.00740400323193
1997-09-22,0.000540040345701
1997-09-23,0.0115054788836
1997-09-24,0.00517051895482
1997-09-25,-0.000139308262915
1997-09-26,-0.0074622460028
1997-09-29,-0.00847519375814
1997-09-30,-0.0090741023098
1997-10-01,0.00129838374665
1997-10-02,-0.00277120853533
1997-10-03,0.000331058008926
1997-10-06,-0.00830111405686
1997-10-07,-0.0185377346023
1997-10-08,0.00418152102346
1997-10-09,0.00296545672874
1997-10-10,0.00722442148434
1997-10-13,-0.000962738852171
1997-10-14,0.00215029340785
1997-10-15,-0.00223536809002
1997-10-16,-0.00478884204671
1997-10-17,-0.00404914612885
1997-10-20,-0.0107794315583
1997-10-21,-0.00856282836149
1997-10-22,-0.000209757128788
1997-10-23,-0.00381567690036
1997-10-24,-0.0121775861388
1997-10-27,0.0237893532859
1997-10-28,-0.0158366750479
1997-10-29,-0.000566986708093
1997-10-30,-0.00325457117357
1997-10-31,0.0169578220324
1997-11-03,-0.000715349590115
1997-11-04,0.00446616929644
1997-11-05,0.00709715246569
1997-11-06,0.00346976435845
1997-11-07,0.00174037862694
1997-11-10,-0.00631891143663
1997-11-11,0.00886369009759
1997-11-12,0.00160547770313
1997-11-13,-0.000143623955912
1997-11-14,-0.000862216891939
1997-11-17,0.0131230883745
1997-11-18,-0.00126468380703
1997-11-19,-0.00617470022614
1997-11-20,0.00967895193391
1997-11-21,0.00751496592917
1997-11-24,-0.00811857801031
1997-11-25,0.00380251495445
1997-11-26,0.00768146634913
1997-11-28,0.0031509438356
1997-12-01,-0.00168033132883
1997-12-02,0.0107247085899
1997-12-03,-0.000763366872965
1997-12-04,0.000886667196854
1997-12-05,0.000714666419991
1997-12-08,0.000606903047367
1997-12-09,-0.00253488328404
1997-12-10,-0.0331142398724
1997-12-11,-0.00189573403854
1997-12-12,-0.00172384915678
1997-12-15,0.00219090407123
1997-12-16,-0.0112482101783
1997-12-17,-0.00738074203171
1997-12-18,0.0046017858957
1997-12-19,-0.00761417270455
1997-12-22,-0.00990893547438
1997-12-23,-0.00205480116582
1997-12-24,-0.0040011428649
1997-12-26,-0.00158240246122
1997-12-29,0.00806942367866
1997-12-30,0.0298979066251
1997-12-31,0.0193006873648
1998-01-02,0.0118309368411
1998-01-05,-0.00422497194726
1998-01-06,-0.00797387135011
1998-01-07,0.0110175141664
1998-01-08,-0.0113359505186
1998-01-09,0.00793376719345
1998-01-12,0.00281578190859
1998-01-13,0.0101761490816
1998-01-14,-0.0030691520183
1998-01-15,-0.00500358789648
1998-01-16,0.0121274977892
1998-01-20,0.00843492519648
1998-01-21,-0.0182021470312
1998-01-22,-0.011459184395
1998-01-23,-0.00155906800066
1998-01-26,0.00390284497065
1998-01-27,-0.00291028613331
1998-01-28,-0.000740486737295
1998-01-29,-0.00217054743545
1998-01-30,-0.00680165636272
1998-02-02,0.00317711414576
1998-02-03,0.00340982364878
1998-02-04,0.0070656288663
1998-02-05,0.00914595953745
1998-02-06,-0.00284790207814
1998-02-09,-0.00309362814858
1998-02-10,0.00616826460415
1998-02-11,0.016817032884
1998-02-12,-0.00641924007108
1998-02-13,-0.0102050785389
1998-02-17,0.0103653856645
1998-02-18,0.00718763510055
1998-02-19,-0.00226914422308
1998-02-20,0.00180789938508
1998-02-23,0.00596538248827
1998-02-24,0.0016653281353
1998-02-25,0.00326440354669
1998-02-26,-0.0166373956064
1998-02-27,0.00592495421832
1998-03-02,0.00394500110502
1998-03-03,-0.00169182365873
1998-03-04,-0.0065730418931
1998-03-05,0.0023250990572
1998-03-06,0.0107855187504
1998-03-09,0.012262219981
1998-03-10,0.000552777159797
1998-03-11,0.00663403125818
1998-03-12,-0.0100375150977
1998-03-13,0.00311626169648
1998-03-16,-0.0107089177094
1998-03-17,0.00264507091143
1998-03-18,-0.00850770122369
1998-03-19,-0.00524730236613
1998-03-20,-0.0103250288466
1998-03-23,0.00524731322467
1998-03-24,0.000542191267211
1998-03-25,0.00220430275835
1998-03-26,-0.00618249342671
1998-03-27,0.010258595467
1998-03-30,0.000221217176022
1998-03-31,-0.00854232133735
1998-04-01,-0.0032486474591
1998-04-02,-0.00858050004934
1998-04-03,0.00503440163381
1998-04-06,-0.0140230336604
1998-04-07,0.00909442804626
1998-04-08,0.01244080562
1998-04-09,-0.00301803102374
1998-04-13,-0.00786342068893
1998-04-14,-0.00749335523602
1998-04-15,-0.00090294616846
1998-04-16,0.00340547305279
1998-04-17,0.00765334509408
1998-04-20,-0.0105335904489
1998-04-21,-0.000750409648794
1998-04-22,0.00472551851942
1998-04-23,-0.0107457420924
1998-04-24,0.00515534846679
1998-04-27,0.00745323478992
1998-04-28,0.0133619267485
1998-04-29,0.00222433525498
1998-04-30,0.00158698573541
1998-05-01,-0.00173888199783
1998-05-04,0.00815001438874
1998-05-05,0.0118396471846
1998-05-06,-0.00175671484547
1998-05-07,0.00292511523051
1998-05-08,0.00415744507929
1998-05-11,-0.000378738256937
1998-05-12,0.00708029287188
1998-05-13,-0.00946538825241
1998-05-14,-0.00209797171063
1998-05-15,-0.0104589804358
1998-05-18,0.0110577546825
1998-05-19,-0.0020012195798
1998-05-20,-0.00335526971674
1998-05-21,-0.00319825656487
1998-05-22,-0.00403592263239
1998-05-26,0.00683874866216
1998-05-27,0.00912277516829
1998-05-28,0.00128373583376
1998-05-29,0.0112442321323
1998-06-01,0.0121951213966
1998-06-02,-0.00384893555771
1998-06-03,0.000772393649158
1998-06-04,-0.00142368908486
1998-06-05,0.00500163914803
1998-06-08,0.00340867277705
1998-06-09,0.00938793061294
1998-06-10,-0.0123924728142
1998-06-11,-0.00505966226719
1998-06-12,-0.0113936575652
1998-06-15,-0.010739792421
1998-06-16,0.0120804141207
1998-06-17,0.0156591789779
1998-06-18,-0.00288475860927
1998-06-19,-0.000449827719722
1998-06-22,-0.00783789111758
1998-06-23,-0.00277081303957
1998-06-24,-0.0114446838253
1998-06-25,0.0236167672823
1998-06-26,-0.00462776350754
1998-06-29,-0.00217159929492
1998-06-30,-0.00284867215674
1998-07-01,-0.00554308365676
1998-07-02,-0.00675803467185
1998-07-06,-0.00217451933232
1998-07-07,0.0068459692644
1998-07-08,0.00203632424273
1998-07-09,-0.00302100190738
1998-07-10,-0.00984870089916
1998-07-13,-0.0173594328171
1998-07-14,0.00614730754863
1998-07-15,-0.0114896109466
1998-07-16,-0.00545243232272
1998-07-17,0.0102770558632
1998-07-20,0.000936107339197
1998-07-21,-0.00979948311433
1998-07-22,-0.00859212330471
1998-07-23,0.0197850289299
1998-07-24,-0.00121430164348
1998-07-27,0.00640391790651
1998-07-28,0.00673894932728
1998-07-29,-0.0104997594288
1998-07-30,0.012221654266
1998-07-31,-0.000454535827894
1998-08-03,-0.00943904093098
1998-08-04,0.00772344759057
1998-08-05,0.0134289582755
1998-08-06,0.0225392128599
1998-08-07,-0.00772040133129
1998-08-10,0.00689765788664
1998-08-11,-0.00365748639665
1998-08-12,-0.00342692090106
1998-08-13,-0.00297254690504
1998-08-14,-0.0156688773215
1998-08-17,-0.0073465344036
1998-08-18,0.00503375571238
1998-08-19,0.0111465998161
1998-08-20,0.00412574292038
1998-08-21,0.00348730179425
1998-08-24,0.000237581084581
1998-08-25,0.00672316988846
1998-08-26,0.00657346793577
1998-08-27,0.00672593298862
1998-08-28,-0.0208445837471
1998-08-31,-0.00218655063167
1998-09-01,0.00152081033064
1998-09-02,0.020625770998
1998-09-03,0.0263117241725
1998-09-04,-0.00398127440738
1998-09-08,0.00798614347057
1998-09-09,0.00253674157688
1998-09-10,0.00847738451677
1998-09-11,-0.0176101004885
1998-09-14,-0.0101582063069
1998-09-15,-0.0132923773771
1998-09-16,0.00158207423952
1998-09-17,-0.0138334142139
1998-09-18,-0.00427166803754
1998-09-21,0.00598805487355
1998-09-22,-0.0137558562049
1998-09-23,-0.00242100816363
1998-09-24,-0.00777716487761
1998-09-25,0.004361480165
1998-09-28,0.00330921009618
1998-09-29,0.011552511586
1998-09-30,0.00401061651813
1998-10-01,-0.000363567251186
1998-10-02,0.00933763134322
1998-10-05,-0.00216600749298
1998-10-06,0.0158374376458
1998-10-07,-0.0254228550082
1998-10-08,0.00809130393506
1998-10-09,0.0316984129834
1998-10-12,-0.00619552180704
1998-10-13,0.00647409209592
1998-10-14,0.0222888987203
1998-10-15,0.0189467611517
1998-10-16,-0.0211003566347
1998-10-19,0.000298372321441
1998-10-20,0.0362536651809
1998-10-21,0.0199529418046
1998-10-22,-0.0159010065486
1998-10-23,0.00685178951119
1998-10-26,-0.00395464414529
1998-10-27,0.0168063451595
1998-10-28,0.00689548423112
1998-10-29,-0.0128278011013
1998-10-30,0.00832799969536
1998-11-02,0.0018952857263
1998-11-03,-0.0203132447549
1998-11-04,0.014448547354
1998-11-05,0.00429553451456
1998-11-06,-0.00253350257904
1998-11-09,0.00311228593962
1998-11-10,0.00469922705115
1998-11-11,-0.00962782676324
1998-11-12,0.0109270554942
1998-11-13,0.00796749935977
1998-11-16,0.0167280246758
1998-11-17,0.00484046399512
1998-11-18,0.00832334834355
1998-11-19,-0.00773588125942
1998-11-20,-0.000260284834383
1998-11-23,-0.00350053171206
1998-11-24,-0.00656302044745
1998-11-25,-0.000368358619426
1998-11-27,-0.0065089264695
1998-11-30,0.00224325134624
1998-12-01,-0.00865298895815
1998-12-02,0.0224147496046
1998-12-03,-0.0110378176716
1998-12-04,0.00410576523732
1998-12-07,0.00241300114206
1998-12-08,-0.00427523969724
1998-12-09,-0.0125220015896
1998-12-10,-0.00272512086
1998-12-11,-0.00987540461769
1998-12-14,0.0118047377237
1998-12-15,0.0163938237485
1998-12-16,-0.0103650995668
1998-12-17,0.0257946570192
1998-12-18,-0.00666456217872
1998-12-21,-0.0255080253699
1998-12-22,0.00731898863659
1998-12-23,0.00761997823392
1998-12-24,0.00583929601242
1998-12-28,-0.0116254200823
1998-12-29,0.00575881460901
1998-12-30,0.0112776875745
1998-12-31,0.0100909046512
1999-01-04,0.0304912113561
1999-01-05,0.0460651252858
1999-01-06,0.0123629781714
1999-01-07,0.00778685122097
1999-01-08,-0.00672727931494
1999-01-11,0.0206046661616
1999-01-12,0.00392855324146
1999-01-13,0.00394805220251
1999-01-14,-0.0109416999656
1999-01-15,0.0159378390746
1999-01-19,0.00135395690887
1999-01-20,0.00692324405219
1999-01-21,-0.00163090696314
1999-01-22,0.00942104859498
1999-01-25,-0.00676179457359
1999-01-26,0.0180907703721
1999-01-27,-0.00581285412324
1999-01-28,0.00463363342937
1999-01-29,-0.00815987873842
1999-02-01,-0.0117197342744
1999-02-02,0.0124009763965
1999-02-03,0.00362706477993
1999-02-04,0.00566673239129
1999-02-05,0.00418665548997
1999-02-08,0.00447714105527
1999-02-09,-0.0109219423175
1999-02-10,0.019323306082
1999-02-11,0.0275925566915
1999-02-12,-0.00212718738242
1999-02-16,-0.00296195248627
1999-02-17,-0.00931698382369
1999-02-18,0.00912962821468
1999-02-19,0.0109581390133
1999-02-22,0.00737459043551
1999-02-23,0.00889759310103
1999-02-24,0.0066826392697
1999-02-25,0.0140074286584
1999-02-26,-0.0101835854383
1999-03-01,0.00733229521172
1999-03-02,-0.00136394075897
1999-03-03,0.00990794716722
1999-03-04,0.00596818848889
1999-03-05,0.00291323459363
1999-03-08,0.00809796261863
1999-03-09,0.00683148747041
1999-03-10,0.00239238309257
1999-03-11,-0.00682544246756
1999-03-12,0.0230835734635
1999-03-15,0.00809856290019
1999-03-16,-0.00172604878547
1999-03-17,0.0271109337282
1999-03-18,-0.0018075211225
1999-03-19,0.00448006717895
1999-03-22,0.0033652916107
1999-03-23,0.0139895829231
1999-03-24,-0.00258228039761
1999-03-25,-0.0203478268887
1999-03-26,-0.0257448505732
1999-03-29,-0.00633135885827
1999-03-30,-0.00287668246174
1999-03-31,0.00303666877439
1999-04-01,0.0088168031312
1999-04-05,-0.0164226484188
1999-04-06,0.000492731824669
1999-04-07,0.00657449427498
1999-04-08,0.00326078574339
1999-04-09,0.00300980099691
1999-04-12,0.00241895718135
1999-04-13,-0.0134578364698
1999-04-14,0.00715641756727
1999-04-15,-0.00193602674926
1999-04-16,-0.00632555096286
1999-04-19,0.00757447210276
1999-04-20,0.000490460204397
1999-04-21,-0.0124112720841
1999-04-22,0.00157121133956
1999-04-23,0.014678498425
1999-04-26,-0.0068143438818
1999-04-27,0.00344363426214
1999-04-28,0.005568736723
1999-04-29,-0.0103884084379
1999-04-30,-0.000128017193391
1999-05-03,0.00401377812773
1999-05-04,0.00232594132185
1999-05-05,0.00102548192743
1999-05-06,0.0144102434108
1999-05-07,0.00550472788589
1999-05-10,0.0013742209465
1999-05-11,0.00161360868018
1999-05-12,-0.00439039457818
1999-05-13,-0.00307549218821
1999-05-14,-6.62575022212e-06
1999-05-17,-0.00380492768215
1999-05-18,0.000832935571663
1999-05-19,0.0070311034332
1999-05-20,0.00489658159665
1999-05-21,-0.000182287702907
1999-05-24,0.00688237925807
1999-05-25,0.00717957391559
1999-05-26,0.0081076208542
1999-05-27,0.018738676386
1999-05-28,-0.00240899160918
1999-06-01,-0.0143941927688
1999-06-02,0.0130390419112
1999-06-03,0.00282190058627
1999-06-04,0.00856356211233
1999-06-07,-0.00451460220391
1999-06-08,0.00228984373801
1999-06-09,0.00732519550291
1999-06-10,-0.00209610686226
1999-06-11,-0.00110554328554
1999-06-14,0.00195852213045
1999-06-15,0.00282968526674
1999-06-16,0.0302287415098
1999-06-17,0.00191595895733
1999-06-18,0.00444367347059
1999-06-21,-0.00454173130001
1999-06-22,0.0117691775885
1999-06-23,0.00772479213601
1999-06-24,0.0065736976115
1999-06-25,-0.017668706067
1999-06-28,0.0112455303997
1999-06-29,-0.00511386366578
1999-06-30,-0.0168541959227
1999-07-01,0.00907219906044
1999-07-02,0.0106284382309
1999-07-06,-0.0154993421102
1999-07-07,-0.0398040282049
1999-07-08,-0.00371305877435
1999-07-09,-0.00347818135588
1999-07-12,0.00446863047254
1999-07-13,0.00105570560342
1999-07-14,0.0230798577741
1999-07-15,0.00438784092958
1999-07-16,-0.00574163412445
1999-07-19,0.00876423591406
1999-07-20,0.00160138461314
1999-07-21,0.0044821084097
1999-07-22,-0.00474062825847
1999-07-23,0.00312717181614
1999-07-26,0.000977107830421
1999-07-27,0.0022534687873
1999-07-28,0.00103881348806
1999-07-29,-0.0159202553058
1999-07-30,0.00108180914009
1999-08-02,-0.00332529877113
1999-08-03,-0.0220880163687
1999-08-04,-0.00966034243134
1999-08-05,0.0110838354944
1999-08-06,-0.00346157751672
1999-08-09,0.00190986528912
1999-08-10,0.010843486462
1999-08-11,-0.00107110383952
1999-08-12,-0.00308007131649
1999-08-13,-0.00332237053472
1999-08-16,0.0130814212187
1999-08-17,0.00247863293726
1999-08-18,-0.00746634609423
1999-08-19,-0.0170571861041
1999-08-20,0.0095033057071
1999-08-23,-0.0134356511983
1999-08-24,0.00672087534577
1999-08-25,0.00864138778803
1999-08-26,0.00979527092523
1999-08-27,0.00694908731537
1999-08-30,-0.0156497227945
1999-08-31,-0.0139590790446
1999-09-01,-0.0163489308516
1999-09-02,0.00336016668484
1999-09-03,-0.0142137559321
1999-09-07,-0.00639500709325
1999-09-08,0.00681941753475
1999-09-09,0.00320848600153
1999-09-10,-0.00527939878202
1999-09-13,-0.00610350786625
1999-09-14,0.0212461334235
1999-09-15,0.00232103186661
1999-09-16,0.0156174309576
1999-09-17,0.00603798766947
1999-09-20,-0.00313518064919
1999-09-21,-0.0057079530021
1999-09-22,0.00248150323946
1999-09-23,-0.0128804089119
1999-09-24,-0.016651935239
1999-09-27,-0.0125895432733
1999-09-28,-0.0244281015119
1999-09-29,0.00158613297153
1999-09-30,-0.00370689255412
1999-10-01,-0.00653630778699
1999-10-04,-0.0168820612808
1999-10-05,-0.0139175999027
1999-10-06,0.0249748597123
1999-10-07,0.00695163941495
1999-10-08,0.00983703011904
1999-10-11,-0.00195346609022
1999-10-12,-0.013476360606
1999-10-13,0.0118177649296
1999-10-14,0.0136407387385
1999-10-15,0.000413010664797
1999-10-18,-0.00109709227823
1999-10-19,0.00286162059496
1999-10-20,0.00744272677652
1999-10-21,0.0172031251207
1999-10-22,-0.00547193224359
1999-10-25,0.0071637417819
1999-10-26,-0.00368123217993
1999-10-27,-0.00901425946991
1999-10-28,-0.0135632675817
1999-10-29,0.00109401644601
1999-11-01,-0.00963825050291
1999-11-02,0.0120590810809
1999-11-03,0.00643424989499
1999-11-04,-0.00281523769189
1999-11-05,-0.0225045680749
1999-11-08,0.0185255644213
1999-11-09,0.0137314282829
1999-11-10,0.0212876592238
1999-11-11,-0.00454476968005
1999-11-12,-0.00293266419938
1999-11-15,0.00754155583347
1999-11-16,0.000671448919121
1999-11-17,0.00763393425617
1999-11-18,0.028002383082
1999-11-19,0.0123715682991
1999-11-22,0.00022860176792
1999-11-23,0.00206397721025
1999-11-24,0.00315869120404
1999-11-26,-0.00532337487419
1999-11-29,-0.0117459546256
1999-11-30,0.0129874861161
1999-12-01,0.00299215489312
1999-12-02,0.00310373374386
1999-12-03,-0.000897134023276
1999-12-06,-0.00689602836806
1999-12-07,0.00728012252002
1999-12-08,0.00469557531179
1999-12-09,-0.00145772215293
1999-12-10,-0.000281424317607
1999-12-13,0.00872824533061
1999-12-14,0.0111031108112
1999-12-15,0.0244672791014
1999-12-16,-0.00263802637193
1999-12-17,0.0175874991024
1999-12-20,0.022903642637
1999-12-21,-0.00432925152245
1999-12-22,-0.00309424761968
1999-12-23,0.0078007677318
1999-12-27,0.000585451291568
1999-12-28,-0.00403413699417
1999-12-29,0.00668450773503
1999-12-30,-0.00780308200699
1999-12-31,0.00540727870308
2000-01-03,0.000596601744351
2000-01-04,0.0186426959835
2000-01-05,-0.0183379220885
2000-01-06,0.000849331703415
2000-01-07,0.010573279518
2000-01-10,-0.0114438199992
2000-01-11,0.0132881186956
2000-01-12,-0.0146141525502
2000-01-13,0.0223651427659
2000-01-14,0.00087088773355
2000-01-18,0.0221857532178
2000-01-19,-0.0166388642966
2000-01-20,0.0189642647743
2000-01-21,0.0044005791807
2000-01-24,-0.00532040255049
2000-01-25,-0.00105377311441
2000-01-26,-0.0168120211094
2000-01-27,0.0195904424735
2000-01-28,0.00422771455557
2000-01-31,0.0411203329095
2000-02-01,-0.00398722275629
2000-02-02,0.00357080421082
2000-02-03,-0.0151291599233
2000-02-04,-0.00988700384131
2000-02-07,-0.00200312703702
2000-02-08,0.0153736747197
2000-02-09,-0.00617669585694
2000-02-10,0.00588740320782
2000-02-11,-0.00153078963211
2000-02-14,0.00164265344836
2000-02-15,0.0058821021763
2000-02-16,-0.0235964656106
2000-02-17,-0.0128802919524
2000-02-18,-0.0236197736624
2000-02-22,-0.0144564082693
2000-02-23,0.0153134152821
2000-02-24,-0.0238840724676
2000-02-25,-0.00446383244643
2000-02-28,0.025279644965
2000-02-29,-0.0145021903941
2000-03-01,0.00994689594427
2000-03-02,-0.00357064324343
2000-03-03,-0.0184653067615
2000-03-06,-0.0197649040942
2000-03-07,0.0141469882249
2000-03-08,-0.00436305562611
2000-03-09,0.00129069392303
2000-03-10,-0.00321609706981
2000-03-13,-0.00342926403248
2000-03-14,0.0189688613918
2000-03-15,0.0372911355842
2000-03-16,-0.0154837838877
2000-03-17,0.00979917879106
2000-03-20,0.0188884492407
2000-03-21,0.0104128790092
2000-03-22,0.00888466442303
2000-03-23,0.00288796948183
2000-03-24,0.00830774589239
2000-03-27,0.0183917223678
2000-03-28,-0.00683639307811
2000-03-29,0.00937322096354
2000-03-30,-0.0233986578192
2000-03-31,-0.011630423867
2000-04-03,0.0451011954231
2000-04-04,0.0326595478108
2000-04-05,-0.00845148463004
2000-04-06,0.0113462795986
2000-04-07,0.0107705483743
2000-04-10,-0.0206053052947
2000-04-11,-0.00620536035491
2000-04-12,0.0335493846489
2000-04-13,-0.00426413258199
2000-04-14,0.0354881094908
2000-04-17,-0.00973378587547
2000-04-18,-0.00995772706362
2000-04-19,0.00773032307846
2000-04-20,-0.0046193502767
2000-04-24,-0.0167015593909
2000-04-25,-0.0146811603037
2000-04-26,-0.000221710871751
2000-04-27,0.00979976756205
2000-04-28,0.00619986009623
2000-05-01,0.0130506524851
2000-05-02,0.0155022971782
2000-05-03,0.0283489312846
2000-05-04,-0.0146452796016
2000-05-05,0.00716388959581
2000-05-08,-0.00529128671887
2000-05-09,0.00242008145508
2000-05-10,-0.00332651428486
2000-05-11,0.0127062818634
2000-05-12,-0.00441901885367
2000-05-15,0.0216354593104
2000-05-16,9.61810835446e-05
2000-05-17,0.00226037993595
2000-05-18,-4.13594459366e-05
2000-05-19,0.0130568804357
2000-05-22,0.016972157983
2000-05-23,-0.0077417652582
2000-05-24,-0.0471149552538
2000-05-25,-0.015557780268
2000-05-26,0.0121267403374
2000-05-30,0.0132325598589
2000-05-31,-0.0195519225835
2000-06-01,-0.00296882486165
2000-06-02,-0.0231899902514
2000-06-05,0.00229888316863
2000-06-06,0.00336310552979
2000-06-07,0.0189238276772
2000-06-08,-0.00418055965518
2000-06-09,0.00245151987341
2000-06-12,0.00649872893131
2000-06-13,-0.000876712442234
2000-06-14,-0.0118529607376
2000-06-15,-0.0121995598664
2000-06-16,-0.00295923982928
2000-06-19,-0.00477069596278
2000-06-20,0.0122007301107
2000-06-21,-0.00179312099826
2000-06-22,0.0222108787454
2000-06-23,-0.00584038262483
2000-06-26,-0.00481395511185
2000-06-27,0.00382063421204
2000-06-28,0.000550043391144
2000-06-29,-0.00631244380355
2000-06-30,-0.00461722346433
2000-07-03,0.0248434958918
2000-07-05,-0.0146203790828
2000-07-06,0.0201992378299
2000-07-07,-8.60376125316e-05
2000-07-10,-0.00792061531925
2000-07-11,0.0141256314939
2000-07-12,0.014471365757
2000-07-13,0.00189020301719
2000-07-14,0.00808135157104
2000-07-17,-0.0249321633541
2000-07-18,0.00607064742221
2000-07-19,0.0121521748986
2000-07-20,-0.0141495724463
2000-07-21,-0.0169127966621
2000-07-24,-0.00334199088233
2000-07-25,0.00930596049536
2000-07-26,0.00608787678593
2000-07-27,-0.0039470855492
2000-07-28,0.0191047422232
2000-07-31,-0.00604103023234
2000-08-01,0.0189217273137
2000-08-02,0.0177213485498
2000-08-03,0.00912202632665
2000-08-04,-0.00137145183954
2000-08-07,0.0197490389055
2000-08-08,0.0112261183214
2000-08-09,0.0149126521021
2000-08-10,0.00717129326213
2000-08-11,0.000380390722742
2000-08-14,0.0110647888941
2000-08-15,0.00854298333687
2000-08-16,0.00366287247576
2000-08-17,0.000547601626168
2000-08-18,0.00147847525727
2000-08-21,-0.0136573459218
2000-08-22,0.00148931879481
2000-08-23,-0.00533746075123
2000-08-24,-0.00396871438262
2000-08-25,-0.000962178855558
2000-08-28,0.000717197347047
2000-08-29,0.00594579707164
2000-08-30,-0.0165496426709
2000-08-31,-0.0100633269097
2000-09-01,0.0126556947932
2000-09-05,0.00206882400929
2000-09-06,-0.0112211956081
2000-09-07,0.00151195468111
2000-09-08,-0.010823573138
2000-09-11,-0.00660525773325
2000-09-12,0.0177908086246
2000-09-13,-0.00427920673146
2000-09-14,-0.00580433286552
2000-09-15,-0.0184499591581
2000-09-18,-0.00246760781773
2000-09-19,0.0126722763125
2000-09-20,0.00312353993453
2000-09-21,-0.016369516376
2000-09-22,0.00179250405261
2000-09-25,-0.00201981464359
2000-09-26,-0.0201403589129
2000-09-27,-0.00370541268631
2000-09-28,0.0037965116744
2000-09-29,0.011236545707
2000-10-02,-0.0119893015775
2000-10-03,0.00243775300541
2000-10-04,-0.014591282315
2000-10-05,-0.00860007085052
2000-10-06,0.00396896802718
2000-10-09,0.000375784234753
2000-10-10,-0.00364669028893
2000-10-11,0.0054461675875
2000-10-12,0.00449784872467
2000-10-13,0.0224251292463
2000-10-16,-0.0150375024337
2000-10-17,-0.00881642076003
2000-10-18,-0.0221289058281
2000-10-19,0.00774123295296
2000-10-20,0.00716410849917
2000-10-23,-0.00190620653414
2000-10-24,-0.00529223245646
2000-10-25,-0.0236322077296
2000-10-26,0.00867021290307
2000-10-27,0.000946704595745
2000-10-30,0.0053399982104
2000-10-31,0.0181040991149
2000-11-01,-0.00388916261558
2000-11-02,0.00453815593628
2000-11-03,0.00439994689243
2000-11-06,-0.0020247164587
2000-11-07,0.0116944782798
2000-11-08,-0.00657470446487
2000-11-09,-0.0125660220251
2000-11-10,0.00272662265681
2000-11-13,-0.0192205712099
2000-11-14,0.00931536747529
2000-11-15,-0.00573264299063
2000-11-16,-0.00257549970467
2000-11-17,-0.0161633567489
2000-11-20,0.00524056480582
2000-11-21,0.0075540864819
2000-11-22,0.0060634414361
2000-11-24,0.00242884816496
2000-11-27,0.0265129335781
2000-11-28,0.00273248216
2000-11-29,-0.00279662999472
2000-11-30,0.00709639042464
2000-12-01,0.025658168087
2000-12-04,-0.0330740741797
2000-12-05,0.0237154633059
2000-12-06,-0.0246860957834
2000-12-07,-0.000851505241472
2000-12-08,0.0184501383159
2000-12-11,0.0210844282048
2000-12-12,0.0210264395493
2000-12-13,-0.00187777572757
2000-12-14,-0.000190080162356
2000-12-15,-0.00999823359206
2000-12-18,-0.00652595523133
2000-12-19,0.00301591666492
2000-12-20,-0.0302282697947
2000-12-21,0.0154801749835
2000-12-22,0.0131130935045
2000-12-26,0.00859312612468
2000-12-27,-0.00150081539126
2000-12-28,-0.00598077591672
2000-12-29,0.0181920899164
2001-01-02,0.0110907531101
2001-01-03,0.00996050601864
2001-01-04,0.00408931124057
2001-01-05,0.00214421167762
2001-01-08,0.00239044854541
2001-01-09,0.00731256109063
2001-01-10,0.0094754921773
2001-01-11,0.00689862293885
2001-01-12,0.00229134098938
2001-01-16,-0.00582220950578
2001-01-17,-0.0125895313251
2001-01-18,0.00656348449146
2001-01-19,0.00410085662774
2001-01-22,0.0189804306125
2001-01-23,0.011420242225
2001-01-24,0.0151330601152
2001-01-25,0.0152991602974
2001-01-26,0.00182387063562
2001-01-29,-0.0192212603143
2001-01-30,0.00915403370461
2001-01-31,-0.00643146599006
2001-02-01,0.00500558940578
2001-02-02,0.0245911975683
2001-02-05,0.00188251378451
2001-02-06,0.00612785237224
2001-02-07,0.00802892002868
2001-02-08,0.0038407300336
2001-02-09,0.00802240891921
2001-02-12,0.00511342557555
2001-02-13,-0.00900852467907
2001-02-14,0.00788499093042
2001-02-15,-0.00953812954532
2001-02-16,-0.0262914362647
2001-02-20,-0.0119392653721
2001-02-21,-0.0161888857815
2001-02-22,-0.00147994220007
2001-02-23,3.45853232988e-05
2001-02-26,-0.00174044955078
2001-02-27,0.00298979525256
2001-02-28,0.00810075281017
2001-03-01,0.00527332308307
2001-03-02,0.00517698526457
2001-03-05,0.00430956532062
2001-03-06,0.0168383576374
2001-03-07,0.0103171984343
2001-03-08,-0.00559590917081
2001-03-09,0.0100865332721
2001-03-12,-0.00165480852891
2001-03-13,-0.000396315203905
2001-03-14,-0.0141420327247
2001-03-15,0.0234810102251
2001-03-16,-0.0160137095643
2001-03-19,0.0140931100367
2001-03-20,-0.00396970276052
2001-03-21,-0.0147130298079
2001-03-22,-0.0142190519508
2001-03-23,0.0291821379226
2001-03-26,0.0111690783241
2001-03-27,0.00645521269269
2001-03-28,-0.0182816582948
2001-03-29,0.000805819635119
2001-03-30,0.00481551639735
2001-04-02,0.0157819943002
2001-04-03,-0.010475174863
2001-04-04,0.00249158677708
2001-04-05,0.025556618454
2001-04-06,-0.0286153986168
2001-04-09,-0.000761677574605
2001-04-10,0.0135948569115
2001-04-11,0.0030713549114
2001-04-12,0.00262277154968
2001-04-16,-0.00413148158629
2001-04-17,-0.0131068834271
2001-04-18,0.0351226861318
2001-04-19,0.00135350788828
2001-04-20,-5.19027997491e-05
2001-04-23,0.000897314758344
2001-04-24,-0.000577318804921
2001-04-25,-0.00878769064874
2001-04-26,0.00273472646496
2001-04-27,0.00498830711929
2001-04-30,-0.00227773735948
2001-05-01,-0.00151972884792
2001-05-02,0.00131613802631
2001-05-03,0.0106173340335
2001-05-04,-0.00126554541849
2001-05-07,-0.00316215656359
2001-05-08,-0.000232598418881
2001-05-09,0.00035036230046
2001-05-10,0.0025419134116
2001-05-11,-0.00815919651729
2001-05-14,0.00367524846674
2001-05-15,0.00827538265563
2001-05-16,0.00113842200662
2001-05-17,-0.0113422900238
2001-05-18,-0.00197597886661
2001-05-21,-0.019937242785
2001-05-22,0.00527560056277
2001-05-23,-0.00310963004045
2001-05-24,-0.000811054885362
2001-05-25,0.00176156901024
2001-05-29,0.00543850819569
2001-05-30,0.0179420996167
2001-05-31,-0.00323658890939
2001-06-01,0.0127171185859
2001-06-04,0.000349137840768
2001-06-05,-0.0127558064735
2001-06-06,-0.00500612714398
2001-06-07,0.00326714459297
2001-06-08,0.00138987882599
2001-06-11,-0.00706536052048
2001-06-12,0.00802180512228
2001-06-13,-0.00664587059801
2001-06-14,-0.0221864747025
2001-06-15,0.0154808100438
2001-06-18,-0.00568002305671
2001-06-19,-0.00219353119904
2001-06-20,-0.0026847077088
2001-06-21,-0.00628316579834
2001-06-22,0.00597991379844
2001-06-25,-0.00667653990224
2001-06-26,0.0154093556339
2001-06-27,-0.00741260944515
2001-06-28,0.00286265183266
2001-06-29,-0.0057922562933
2001-07-02,-0.00613992412941
2001-07-03,0.00182807632153
2001-07-05,-0.000170022278948
2001-07-06,-0.000673881563476
2001-07-09,-0.00766278836455
2001-07-10,0.00342533337578
2001-07-11,-0.000558323249672
2001-07-12,-0.00288292125271
2001-07-13,0.00411910826656
2001-07-16,-0.0172770330053
2001-07-17,-0.00577776820066
2001-07-18,0.0193925961756
2001-07-19,-0.0008822498844
2001-07-20,-0.00395701466658
2001-07-23,0.00208297271895
2001-07-24,0.0152568985675
2001-07-25,-0.011650321018
2001-07-26,0.00878441521971
2001-07-27,0.00326533291246
2001-07-30,-0.00420095819069
2001-07-31,-0.00607277389724
2001-08-01,0.0101778124969
2001-08-02,-5.70207546453e-05
2001-08-03,-0.00269035272659
2001-08-06,0.000115096096726
2001-08-07,0.00879183390825
2001-08-08,0.0109945759792
2001-08-09,0.00528757919307
2001-08-10,-0.00749736622562
2001-08-13,0.00224583042341
2001-08-14,0.0101453201033
2001-08-15,0.00375941914522
2001-08-16,0.000515854310313
2001-08-17,-0.00739778891684
2001-08-20,0.00332189893196
2001-08-21,0.00165822778072
2001-08-22,0.004841673623
2001-08-23,-0.00785538192281
2001-08-24,0.00639392323422
2001-08-27,-0.00180150055578
2001-08-28,0.00224105061214
2001-08-29,-0.0144575645629
2001-08-30,-0.00926619084186
2001-08-31,0.00203721164299
2001-09-04,-0.00449041952593
2001-09-05,-0.00268899921136
2001-09-06,-0.0121758263413
2001-09-07,-0.00239989746504
2001-09-10,0.0107843844386
2001-09-17,-0.0622226669362
2001-09-18,0.0164125238789
2001-09-19,-0.0125227199383
2001-09-20,-0.00920211833501
2001-09-21,0.0268139318169
2001-09-24,0.00682523150204
2001-09-25,0.019348169635
2001-09-26,0.0219487405229
2001-09-27,-0.0134090275786
2001-09-28,0.0112515513307
2001-10-01,-0.00452549123551
2001-10-02,0.0163385663803
2001-10-03,0.010333717462
2001-10-04,0.00952638101839
2001-10-05,-0.00105105561869
2001-10-08,-0.00427347887888
2001-10-09,-0.0157856602467
2001-10-10,0.0172173991042
2001-10-11,0.0104017004468
2001-10-12,0.00757670086025
2001-10-15,-0.0134606999915
2001-10-16,-0.00372824254552
2001-10-17,0.00680623231415
2001-10-18,-0.0152667737865
2001-10-19,0.00986681349275
2001-10-22,0.00498976133023
2001-10-23,0.0113854268308
2001-10-24,0.00233440030814
2001-10-25,0.00466346586311
2001-10-26,-0.00628353415607
2001-10-29,0.00352048040461
2001-10-30,0.00260379948332
2001-10-31,0.0136219051183
2001-11-01,-0.0105392745595
2001-11-02,0.000789253445881
2001-11-05,0.013242921702
2001-11-06,-0.000376580786351
2001-11-07,0.00755857838975
2001-11-08,-0.0125561606661
2001-11-09,-0.000151254457826
2001-11-12,0.00409343828936
2001-11-13,0.00732324410812
2001-11-14,-0.000341768118105
2001-11-15,0.00664840001907
2001-11-16,0.00987378748637
2001-11-19,0.00140379160203
2001-11-20,0.00135093689905
2001-11-21,-0.00613254712584
2001-11-23,-0.00261573165755
2001-11-26,-0.00262832156834
2001-11-27,0.000965041547897
2001-11-28,0.00662117210816
2001-11-29,0.000510969169558
2001-11-30,-0.00690055934427
2001-12-03,-0.00156153456842
2001-12-04,0.00010643380385
2001-12-05,0.0082177872785
2001-12-06,-0.00254887235911
2001-12-07,-0.00267168272119
2001-12-10,0.00852358756742
2001-12-11,0.00401844930411
2001-12-12,0.00968650057221
2001-12-13,0.0136594063597
2001-12-14,0.000648150755159
2001-12-17,-0.00105576131283
2001-12-18,0.0081640208979
2001-12-19,0.0116164464509
2001-12-20,-0.0115474583206
2001-12-21,0.00944440143017
2001-12-24,-0.000107326161027
2001-12-26,0.00239802812586
2001-12-27,-0.00577987663005
2001-12-28,0.00169048619695
2001-12-31,-0.00388212487334
2002-01-02,-0.00747017879482
2002-01-03,-0.0131763242175
2002-01-04,-0.00173363290507
2002-01-07,-9.86930139547e-06
2002-01-08,0.0092574999814
2002-01-09,0.00914184600839
2002-01-10,-0.00377811699105
2002-01-11,-0.000566011986322
2002-01-14,-0.00088064140809
2002-01-15,-0.00202111253481
2002-01-16,-0.00904080027858
2002-01-17,0.0018167568676
2002-01-18,0.00300509586394
2002-01-22,-0.000359508554084
2002-01-23,0.00576089640458
2002-01-24,0.000424056156499
2002-01-25,0.00515181729256
2002-01-28,-0.00253631576381
2002-01-29,-0.00656548855704
2002-01-30,0.00180759031208
2002-01-31,-0.0026425033147
2002-02-01,-0.00287048301713
2002-02-04,-0.0119021636215
2002-02-05,-0.0168959090354
2002-02-06,0.00239379229042
2002-02-07,-0.0033412818372
2002-02-08,0.00779609690955
2002-02-11,0.00383896842291
2002-02-12,0.00566008077294
2002-02-13,0.000459228911356
2002-02-14,1.86539270074e-05
2002-02-15,-0.00243017357804
2002-02-19,-0.00633220986828
2002-02-20,0.00757158769538
2002-02-21,-0.00140327576414
2002-02-22,-0.0107613785817
2002-02-25,-0.00346006181891
2002-02-26,0.00115819922681
2002-02-27,3.99934447073e-05
2002-02-28,0.00348873196276
2002-03-01,0.00667290087326
2002-03-04,-0.00848407491003
2002-03-05,0.00587956337614
2002-03-06,-0.000794131653723
2002-03-07,0.00609843096201
2002-03-08,0.00362851166582
2002-03-11,0.000455213822717
2002-03-12,-0.00497156168589
2002-03-13,0.000220926009855
2002-03-14,0.00203112768812
2002-03-15,-0.00793743053939
2002-03-18,-0.0100733768938
2002-03-19,-0.00320045319393
2002-03-20,0.00431264684073
2002-03-21,0.0214973841708
2002-03-22,-0.00122671174845
2002-03-25,-0.00405012397801
2002-03-26,0.00494195714618
2002-03-27,0.00613990061121
2002-03-28,0.00249731472944
2002-04-01,-0.000811810053432
2002-04-02,0.00033581238964
2002-04-03,0.00282714173577
2002-04-04,0.00307676419189
2002-04-05,0.00248249705666
2002-04-08,-0.00890581529892
2002-04-09,-0.0026091707373
2002-04-10,0.00871019582337
2002-04-11,-0.00289316437399
2002-04-12,0.00357047250833
2002-04-15,-0.00577565840922
2002-04-16,0.00415308699039
2002-04-17,-0.0117777480088
2002-04-18,0.00501346836963
2002-04-19,0.011284492716
2002-04-22,0.00508966043397
2002-04-23,0.00820429721709
2002-04-24,0.00667702533558
2002-04-25,-0.00923883504247
2002-04-26,-0.00055922239831
2002-04-29,-0.000971336196106
2002-04-30,0.000829697762352
2002-05-01,0.00211624336845
2002-05-02,-0.00677642729225
2002-05-03,-0.005978381408
2002-05-06,-0.00343756304155
2002-05-07,-0.001801115134
2002-05-08,0.00918693058897
2002-05-09,-0.00946612955985
2002-05-10,-0.00433760567152
2002-05-13,0.00174065534942
2002-05-14,0.0100894838099
2002-05-15,0.00319690720215
2002-05-16,-0.00272110009957
2002-05-17,-0.00152067510369
2002-05-20,0.00124689061161
2002-05-21,0.00738789013718
2002-05-22,-0.00750685720566
2002-05-23,-0.000976644965821
2002-05-24,-0.00597121109717
2002-05-28,-0.00612080515907
2002-05-29,0.00137216273675
2002-05-30,0.000673776619453
2002-05-31,0.00231940331413
2002-06-03,-0.0085766385443
2002-06-04,-0.00457565688743
2002-06-05,0.000124918347183
2002-06-06,-0.0111540093308
2002-06-07,0.000189890664084
2002-06-10,0.00887195325352
2002-06-11,-0.0191362462378
2002-06-12,0.0020021668591
2002-06-13,-0.00780713690349
2002-06-14,0.0188983496596
2002-06-17,0.0127666700013
2002-06-18,0.00283063968687
2002-06-19,-0.00871186963517
2002-06-20,0.0062633406424
2002-06-21,-0.0083399081565
2002-06-24,-0.00250622134108
2002-06-25,0.00383806122614
2002-06-26,-0.00237442294618
2002-06-27,-0.000873332801371
2002-06-28,-0.000803144981817
2002-07-01,-0.00715259794903
2002-07-02,-0.0104472338034
2002-07-03,0.0048970571972
2002-07-05,0.0119444408851
2002-07-08,0.00906821717629
2002-07-09,-0.0108509017286
2002-07-10,0.0115395160242
2002-07-11,0.00151650707748
2002-07-12,-0.00802855526596
2002-07-15,0.0113166153556
2002-07-16,-0.00734633006953
2002-07-17,0.00243151305879
2002-07-18,0.00729036786589
2002-07-19,-0.0188306898779
2002-07-22,0.0316577252681
2002-07-23,0.0216346861155
2002-07-24,0.0187752732849
2002-07-25,0.0100574168077
2002-07-26,0.00548532551562
2002-07-29,0.0116448539292
2002-07-30,-0.0236146805998
2002-07-31,-0.00546226312245
2002-08-01,-0.0189061826448
2002-08-02,0.00571895081911
2002-08-05,-0.0131476838658
2002-08-06,-0.0041596582791
2002-08-07,0.00107346460429
2002-08-08,0.0205560331529
2002-08-09,0.025656528351
2002-08-12,-0.000649486816944
2002-08-13,0.00682153299556
2002-08-14,0.00978992199378
2002-08-15,0.00552286946609
2002-08-16,0.0108025221015
2002-08-19,0.0172339895586
2002-08-20,0.000820862831172
2002-08-21,0.0031867244951
2002-08-22,0.00781910864557
2002-08-23,0.00820104447582
2002-08-26,-0.00684961615442
2002-08-27,8.29527806373e-05
2002-08-28,0.000435059724643
2002-08-29,-0.0144529837704
2002-08-30,0.0126547236654
2002-09-03,0.00486752324611
2002-09-04,-0.00328833161993
2002-09-05,-0.0125534977374
2002-09-06,0.0135832010405
2002-09-09,-0.00059281325133
2002-09-10,0.0167068545372
2002-09-11,-0.00818503835959
2002-09-12,-0.00880552610377
2002-09-13,2.61836776008e-05
2002-09-16,0.000644318915539
2002-09-17,0.00189450539558
2002-09-18,-0.0104240505777
2002-09-19,-0.00566915541014
2002-09-20,0.00569321822126
2002-09-23,-0.00898336109548
2002-09-24,0.00488052105471
2002-09-25,0.0171267320618
2002-09-26,-0.00615076179384
2002-09-27,-0.00328508662856
2002-09-30,0.00212255002544
2002-10-01,0.00834093375926
2002-10-02,0.000380586283285
2002-10-03,-0.0159247732371
2002-10-04,-0.0150587127725
2002-10-07,0.00592483647434
2002-10-08,-0.00295800472367
2002-10-09,-0.00461798599725
2002-10-10,0.0284343127034
2002-10-11,0.0311913747398
2002-10-14,0.012182948383
2002-10-15,0.00213657999021
2002-10-16,-0.00225682063723
2002-10-17,0.00461967600487
2002-10-18,0.0106032994315
2002-10-21,0.00502937664738
2002-10-22,0.0284816100797
2002-10-23,0.00101955931927
2002-10-24,0.010908384988
2002-10-25,-0.00215571585057
2002-10-28,0.00490115739605
2002-10-29,0.0114152878244
2002-10-30,0.0019735090078
2002-10-31,0.0143370731711
2002-11-01,-0.00320249112709
2002-11-04,-0.00614235581531
2002-11-05,0.011608974313
2002-11-06,0.00695579770426
2002-11-07,-0.0113425518897
2002-11-08,-0.00829780129691
2002-11-11,0.00960765614207
2002-11-12,0.0191924803092
2002-11-13,0.0125031593941
2002-11-14,0.0097272833833
2002-11-15,0.0114050936623
2002-11-18,-0.00414834069306
2002-11-19,-0.0068143274681
2002-11-20,0.0179172850854
2002-11-21,0.00678850361014
2002-11-22,-0.000416866775572
2002-11-25,0.00643678321339
2002-11-26,-0.0170883030707
2002-11-27,0.00930285708596
2002-11-29,-0.013386846794
2002-12-02,0.00688749110773
2002-12-03,0.00572989418406
2002-12-04,0.0108000534009
2002-12-05,-0.00386463601851
2002-12-06,0.00452637682808
2002-12-09,0.0030268964214
2002-12-10,0.00678582974917
2002-12-11,-0.000192907637816
2002-12-12,-0.00655366189564
2002-12-13,0.00289856376628
2002-12-16,0.00692840689294
2002-12-17,0.00120976053703
2002-12-18,-0.00852479602481
2002-12-19,-0.0026867033973
2002-12-20,0.00296707004413
2002-12-23,-0.00194756925609
2002-12-24,0.00565876875019
2002-12-26,0.000857188777839
2002-12-27,-0.00650036603796
2002-12-30,0.00730532109527
2002-12-31,0.016081296617
2003-01-02,-0.00144017325412
2003-01-03,-0.000557341849692
2003-01-06,0.00153494825467
2003-01-07,-0.000539194117532
2003-01-08,-0.0110084233115
2003-01-09,0.0119634421669
2003-01-10,-0.00394906449548
2003-01-13,0.00592833970206
2003-01-14,0.000744447612694
2003-01-15,0.00337658779755
2003-01-16,0.00182516691256
2003-01-17,-0.00119773239726
2003-01-21,-0.00855840693468
2003-01-22,-0.0010776534592
2003-01-23,0.0113718736723
2003-01-24,-0.00259391917347
2003-01-27,-0.00411434077693
2003-01-28,-0.00326886446293
2003-01-29,-0.00810145881062
2003-01-30,0.00595231963723
2003-01-31,0.0148701337604
2003-02-03,0.0053360255659
2003-02-04,-0.00745600870694
2003-02-05,0.000577125316691
2003-02-06,-0.00241574826795
2003-02-07,-0.0037126031317
2003-02-10,-0.000379568853957
2003-02-11,-0.0033154855634
2003-02-12,0.00489178267382
2003-02-13,0.00813330909126
2003-02-14,-0.0103169215211
2003-02-18,-0.000721325882846
2003-02-19,0.00660024483516
2003-02-20,-0.00816924002766
2003-02-21,0.00151473076102
2003-02-24,0.00200101584106
2003-02-25,0.00190014332172
2003-02-26,0.00394102913043
2003-02-27,-0.00245210755961
2003-02-28,-0.00787640206899
2003-03-03,0.0069977040559
2003-03-04,0.0112873593637
2003-03-05,-0.00591962537433
2003-03-06,0.000497383305505
2003-03-07,-0.00535014933902
2003-03-10,-0.00331121327794
2003-03-11,0.00446420765703
2003-03-12,0.00935233195878
2003-03-13,-0.013873216121
2003-03-14,0.00748002205008
2003-03-17,0.010184599097
2003-03-18,-0.00183746278948
2003-03-19,-0.00525316775273
2003-03-20,-0.00876169917378
2003-03-21,0.00391428372771
2003-03-24,0.00781016143482
2003-03-25,0.00360806404213
2003-03-26,0.00730927513613
2003-03-27,-0.00619001396787
2003-03-28,-0.00212086850686
2003-03-31,0.00126735560122
2003-04-01,0.00519403714793
2003-04-02,0.00277946018003
2003-04-03,0.00375078507798
2003-04-04,0.000745805626583
2003-04-07,0.00431946242478
2003-04-08,9.97724580526e-07
2003-04-09,0.000697097690173
2003-04-10,0.0021987267371
2003-04-11,0.00140993087473
2003-04-14,0.000663774463237
2003-04-15,-0.000786594869122
2003-04-16,0.00992940650834
2003-04-17,0.00223943358054
2003-04-21,-0.000761648746186
2003-04-22,0.00407343503135
2003-04-23,-0.0196807506042
2003-04-24,-0.0045166867749
2003-04-25,-0.00153312109743
2003-04-28,-0.00874249186153
2003-04-29,9.82356052939e-05
2003-04-30,0.000303200799446
2003-05-01,0.0156052324662
2003-05-02,0.00797614025834
2003-05-05,0.00739559308675
2003-05-06,0.00569973433567
2003-05-07,-0.00204818434202
2003-05-08,-0.00402749378643
2003-05-09,0.00120445235428
2003-05-12,0.000230926281585
2003-05-13,-0.00657243857528
2003-05-14,0.00123439075662
2003-05-15,0.00708263668573
2003-05-16,0.000901076386527
2003-05-19,-0.0032937388264
2003-05-20,-0.00671724543475
2003-05-21,-0.00940981551534
2003-05-22,0.00478579475567
2003-05-23,-0.00477873924679
2003-05-27,0.00524216681386
2003-05-28,0.00026053749576
2003-05-29,0.00610711725583
2003-05-30,-0.00203894036742
2003-06-02,-0.0105668069222
2003-06-03,-9.99045306641e-05
2003-06-04,-0.00545369140328
2003-06-05,-0.00484129716157
2003-06-06,0.00042581828485
2003-06-09,-0.000924700253679
2003-06-10,0.00929274768056
2003-06-11,0.00446762004246
2003-06-12,-0.00334615668432
2003-06-13,-0.00803545080174
2003-06-16,-0.00430881794566
2003-06-17,-0.00193149251647
2003-06-18,0.00495187216395
2003-06-19,0.006572838453
2003-06-20,-0.00745725957488
2003-06-23,-0.00114800536602
2003-06-24,0.00873379557297
2003-06-25,0.00924982692579
2003-06-26,0.00203269090004
2003-06-27,0.00898582660696
2003-06-30,0.00656455189092
2003-07-01,0.00486266741635
2003-07-02,-0.0104602035969
2003-07-03,-0.00273070206363
2003-07-07,-0.0057583055497
2003-07-08,0.00368240806151
2003-07-09,0.000191975610311
2003-07-10,0.00963730823372
2003-07-11,0.00223556827173
2003-07-14,0.00418669389266
2003-07-15,-0.000387551443249
2003-07-16,-0.00514201650042
2003-07-17,-0.0132703482214
2003-07-18,-0.00773464171824
2003-07-21,-0.00382422436498
2003-07-22,0.00369044666932
2003-07-23,-0.00246943639029
2003-07-24,-0.00158000516846
2003-07-25,-0.0121029095091
2003-07-28,-0.00728724008166
2003-07-29,-0.000757962083936
2003-07-30,0.0101618939592
2003-07-31,-0.00472693255575
2003-08-01,-0.00151016885765
2003-08-04,0.00258885727679
2003-08-05,0.00280401888905
2003-08-06,0.00741656319666
2003-08-07,0.0191720445198
2003-08-08,0.0101235512642
2003-08-11,0.00419200080409
2003-08-12,0.00861577138108
2003-08-13,0.00314544688271
2003-08-14,-0.00258201387201
2003-08-15,-0.00175229456694
2003-08-18,-0.0104071948231
2003-08-19,0.00228642873272
2003-08-20,0.00797943409838
2003-08-21,-0.00822505273211
2003-08-22,-0.00156055734732
2003-08-25,1.06766586114e-05
2003-08-26,0.00880881419504
2003-08-27,-0.00702889154519
2003-08-28,-0.00359390730632
2003-08-29,-0.00175064057327
2003-09-02,0.00510538908518
2003-09-03,0.00498505546935
2003-09-04,0.00404682723147
2003-09-05,0.00311490512568
2003-09-08,-0.00904657072764
2003-09-09,0.00408623281615
2003-09-10,-0.000640092743691
2003-09-11,0.00361638499292
2003-09-12,0.00575883177338
2003-09-15,0.0116235209048
2003-09-16,-0.0017418501625
2003-09-17,0.00131933196848
2003-09-18,-0.000677170274628
2003-09-19,-0.00242947250602
2003-09-22,0.000456317801968
2003-09-23,-0.00197708553101
2003-09-24,-0.00768341826196
2003-09-25,-0.00105847109618
2003-09-26,-0.00504994041474
2003-09-29,0.00437703633157
2003-09-30,0.00278390123739
2003-10-01,0.00442891499248
2003-10-02,0.0048382232383
2003-10-03,-0.00357535858207
2003-10-06,0.00207011099891
2003-10-07,0.0130725920759
2003-10-08,0.00161343174849
2003-10-09,0.000879073893871
2003-10-10,0.00444174005884
2003-10-13,-0.00323717563255
2003-10-14,-0.00248695046978
2003-10-15,0.00470659011345
2003-10-16,-0.000474692491737
2003-10-17,-0.000823950960734
2003-10-20,-0.00205236754719
2003-10-21,0.00852674859149
2003-10-22,-0.00601648174188
2003-10-23,0.00308484970924
2003-10-24,-0.0048213791991
2003-10-27,-0.0082123948938
2003-10-28,0.00274266377715
2003-10-29,-0.00154855897555
2003-10-30,-0.00306755145105
2003-10-31,0.00350866313007
2003-11-03,0.00369329875714
2003-11-04,-0.00889759339609
2003-11-05,0.00276996058137
2003-11-06,0.00307398683426
2003-11-07,-0.0036515725764
2003-11-10,0.00133636191501
2003-11-11,-6.50845838293e-05
2003-11-12,-0.00144461774881
2003-11-13,-0.00591859905752
2003-11-14,-0.00327741047531
2003-11-17,-0.00386174938875
2003-11-18,-0.00319832546787
2003-11-19,-0.00530495366034
2003-11-20,0.000197326848499
2003-11-21,0.00169402559828
2003-11-24,-0.00211157813113
2003-11-25,-0.00241973078837
2003-11-26,-0.000910986204849
2003-11-28,-0.00477655900693
2003-12-01,0.00434632676766
2003-12-02,-0.00137535411129
2003-12-03,-0.00561252259332
2003-12-04,0.0101521961023
2003-12-05,0.00596182805069
2003-12-08,-6.78608040689e-05
2003-12-09,-0.00267923073041
2003-12-10,0.00363896855703
2003-12-11,0.000625490633514
2003-12-12,4.01517362467e-06
2003-12-15,-0.00477635512568
2003-12-16,0.00344983738175
2003-12-17,-0.00115145099748
2003-12-18,-0.00112754029169
2003-12-19,-0.00313781707907
2003-12-22,-0.00508054406083
2003-12-23,0.00674975545356
2003-12-24,-0.00287878665784
2003-12-26,0.000794068648274
2003-12-29,-0.000478777905536
2003-12-30,-0.00172093145855
2003-12-31,0.00200043672326
2004-01-02,-0.00743941357702
2004-01-05,0.00387463386555
2004-01-06,0.0011924432425
2004-01-07,-0.0101404904303
2004-01-08,-0.000228954860702
2004-01-09,0.00290382688728
2004-01-12,0.00570450371861
2004-01-13,-0.00489175259624
2004-01-14,-0.00543718726037
2004-01-15,0.0037466357458
2004-01-16,-0.00509901258187
2004-01-20,0.00375551302745
2004-01-21,0.000180783262336
2004-01-22,-0.0150924092356
2004-01-23,-0.00613478645028
2004-01-26,0.00483609763201
2004-01-27,-0.00396410306497
2004-01-28,0.0068870323274
2004-01-29,-0.0125825678967
2004-01-30,-0.00167181726569
2004-02-02,0.00449738986458
2004-02-03,0.0116941303569
2004-02-04,0.00767738274245
2004-02-05,0.00573439231667
2004-02-06,-0.00918698114449
2004-02-09,0.0071607663305
2004-02-10,0.00322853521665
2004-02-11,-0.00521136075532
2004-02-12,0.00393453888332
2004-02-13,-0.000228632859528
2004-02-17,-0.00120279839114
2004-02-18,0.000832571316259
2004-02-19,-0.0021436946981
2004-02-20,0.00017548744643
2004-02-23,-0.00264302045556
2004-02-24,0.00080273984353
2004-02-25,0.000356706327751
2004-02-26,0.00408653032297
2004-02-27,0.0038508499243
2004-03-01,-0.00425356006848
2004-03-02,0.00881120048091
2004-03-03,-0.000659624180205
2004-03-04,0.00415478330066
2004-03-05,-0.00235921941473
2004-03-08,0.0018643228123
2004-03-09,-0.00285014927101
2004-03-10,-0.00257955134067
2004-03-11,-0.00810740016126
2004-03-12,0.00276510190462
2004-03-15,-0.0154954294014
2004-03-16,0.000304750681306
2004-03-17,0.0146082811292
2004-03-18,0.00640128066461
2004-03-19,0.00208849999251
2004-03-22,-0.00205126075469
2004-03-23,-0.000853883365269
2004-03-24,-0.00161874384153
2004-03-25,0.00289599558748
2004-03-26,0.00518842315376
2004-03-29,0.0107936143947
2004-03-30,-0.000793557417253
2004-03-31,-0.0057033660588
2004-04-01,0.00224160006031
2004-04-02,0.00145148137021
2004-04-05,0.00273099366401
2004-04-06,-0.00776010641673
2004-04-07,0.00210763051717
2004-04-08,0.00208317095188
2004-04-12,0.00156000340514
2004-04-13,-0.000639193579368
2004-04-14,-0.00628501161628
2004-04-15,-0.00259768353275
2004-04-16,0.00260347751367
2004-04-19,-0.00585716301224
2004-04-20,0.00660802074971
2004-04-21,-0.00351504583661
2004-04-22,0.00661536874959
2004-04-23,0.00146992693626
2004-04-26,-0.00240404471768
2004-04-27,-0.0040140366238
2004-04-28,0.0150535135316
2004-04-29,-0.0106031559565
2004-04-30,0.00344359677889
2004-05-03,-0.000238217063115
2004-05-04,-0.00771740713346
2004-05-05,-0.00106702663767
2004-05-06,7.03418834051e-05
2004-05-07,-0.00204008665257
2004-05-10,0.00719629832736
2004-05-11,0.000877426600534
2004-05-12,-0.0035327555459
2004-05-13,-0.00823361805467
2004-05-14,0.00859094946587
2004-05-17,-0.00306400551203
2004-05-18,-0.0097890012399
2004-05-19,-0.00491186104258
2004-05-20,-0.000689827219938
2004-05-21,-0.00307344318503
2004-05-24,-0.00264665894015
2004-05-25,0.00613958906086
2004-05-26,0.00248077431699
2004-05-27,0.00903372892435
2004-05-28,0.00594568858963
2004-06-01,0.00205088197249
2004-06-02,0.00800717095692
2004-06-03,0.00561396160353
2004-06-04,0.00426747020626
2004-06-07,0.00377942653798
2004-06-08,0.00355689084198
2004-06-09,0.00708377905645
2004-06-10,0.00668277003034
2004-06-14,-0.00120785676674
2004-06-15,0.00285564561986
2004-06-16,-0.00471438877242
2004-06-17,0.00175620261001
2004-06-18,-2.67290535459e-05
2004-06-21,0.00574770667625
2004-06-22,0.00391634465699
2004-06-23,-0.00899974627889
2004-06-24,0.00202916410758
2004-06-25,-0.0023949441383
2004-06-28,0.0071732196299
2004-06-29,-0.00669650281617
2004-06-30,-0.00262537263168
2004-07-01,0.00234642045308
2004-07-02,0.00298730651966
2004-07-06,0.00399379575221
2004-07-07,0.00360497191998
2004-07-08,-0.00641398731364
2004-07-09,-0.00145476065906
2004-07-12,-0.00121911654532
2004-07-13,0.00443649525163
2004-07-14,0.00456712842912
2004-07-15,-0.0107792948707
2004-07-16,-0.0144759263906
2004-07-19,0.000281673461901
2004-07-20,0.00857066654217
2004-07-21,0.00841712627589
2004-07-22,-0.00767953746012
2004-07-23,0.0044369306581
2004-07-26,-0.0051090756408
2004-07-27,0.00533247250071
2004-07-28,-0.00247301763881
2004-07-29,0.0107478368229
2004-07-30,0.0103587484666
2004-08-02,0.00448683569037
2004-08-03,0.00135782490203
2004-08-04,-0.000487510695204
2004-08-05,0.00110085321613
2004-08-06,0.00754826735234
2004-08-09,0.000558481016752
2004-08-10,0.00407205281658
2004-08-11,-0.00228335626824
2004-08-12,-0.00911336888695
2004-08-13,-0.00692015978745
2004-08-16,0.00658955869354
2004-08-17,0.00681191470395
2004-08-18,0.00922082634633
2004-08-19,0.00954275062214
2004-08-20,-0.00478971904003
2004-08-23,0.00585212636306
2004-08-24,-0.000518429360923
2004-08-25,-0.00376432475149
2004-08-26,-0.00831513179576
2004-08-27,0.00123299891195
2004-08-30,0.00468613750235
2004-08-31,0.000455082605638
2004-09-01,-0.000974291602352
2004-09-02,0.00402824806611
2004-09-03,-0.00185017352741
2004-09-07,0.00801812978222
2004-09-08,-0.000675955498696
2004-09-09,0.00536617479286
2004-09-10,0.0017966108542
2004-09-13,0.00328399752428
2004-09-14,-0.000171967016327
2004-09-15,-0.00074553238041
2004-09-16,-0.000885363379821
2004-09-17,-0.00179983446492
2004-09-20,0.0100718380634
2004-09-21,-0.00378685000542
2004-09-22,-0.00580360372575
2004-09-23,0.00293241653181
2004-09-24,-0.000799528597161
2004-09-27,0.00551616717972
2004-09-28,0.000779369117214
2004-09-29,-0.00121786495573
2004-09-30,0.00799971517195
2004-10-01,0.000443973053217
2004-10-04,-0.00978611196295
2004-10-05,-0.00746409826241
2004-10-06,-0.0037153361945
2004-10-07,-0.00401934683583
2004-10-08,0.00256682331768
2004-10-11,-0.00536957064128
2004-10-12,0.00548525082538
2004-10-13,0.0032155930717
2004-10-14,-0.00680444736934
2004-10-15,0.00197872508942
2004-10-18,0.00448914813088
2004-10-19,-0.00564025877628
2004-10-20,0.00421464145839
2004-10-21,0.00770351288692
2004-10-22,0.00459633490056
2004-10-25,0.0107527173602
2004-10-26,0.00371236641755
2004-10-27,-0.00375096492175
2004-10-28,0.00545210354608
2004-10-29,-0.00615143645535
2004-11-01,0.00419056011163
2004-11-02,-0.0082617533744
2004-11-03,0.00440983464204
2004-11-04,-0.0149060324478
2004-11-05,0.011171497929
2004-11-08,-0.0035293109948
2004-11-09,-0.00164620323622
2004-11-10,-0.00100049680236
2004-11-11,-0.00203035907111
2004-11-12,-0.00950653369613
2004-11-15,-0.00118772629448
2004-11-16,0.000744786136715
2004-11-17,0.000768183549312
2004-11-18,-0.00272593823122
2004-11-19,0.00268678514778
2004-11-22,0.00441970226767
2004-11-23,0.00101033822975
2004-11-24,-0.00287067726412
2004-11-26,0.00343605579386
2004-11-29,-0.00710187243691
2004-11-30,-0.00482791973661
2004-12-01,-0.00103435102506
2004-12-02,0.00413205088245
2004-12-03,-0.00123726106969
2004-12-06,-0.00285051261643
2004-12-07,-0.00287138357288
2004-12-08,-0.00472443794113
2004-12-09,-0.000852212922703
2004-12-10,-0.000274870127737
2004-12-13,0.0102944503824
2004-12-14,-0.00227108954739
2004-12-15,0.000895160947286
2004-12-16,0.00410930209832
2004-12-17,-0.00976037338068
2004-12-20,0.001540738727
2004-12-21,0.00486078186998
2004-12-22,0.00332113578428
2004-12-23,-0.00184084915659
2004-12-27,0.00249657939053
2004-12-28,0.0020464294664
2004-12-29,0.00129131794486
2004-12-30,0.00491149034873
2004-12-31,0.00204088949542
2005-01-03,0.00241252229916
2005-01-04,0.000210791169564
2005-01-05,-0.00425196116235
2005-01-06,0.00479954427119
2005-01-07,-0.00100578816724
2005-01-10,0.00276054704371
2005-01-11,-0.0024084460291
2005-01-12,0.00214682978084
2005-01-13,0.00531609161039
2005-01-14,0.00274642431506
2005-01-18,-0.0054166036255
2005-01-19,0.00404608460699
2005-01-20,-0.00109237595795
2005-01-21,0.0017069049758
2005-01-24,0.00852801859417
2005-01-25,0.00140933677229
2005-01-26,-0.00289825164761
2005-01-27,0.00968218430065
2005-01-28,0.00904438168749
2005-01-31,-0.00200712039369
2005-02-01,-0.0104099358583
2005-02-02,0.00429956111475
2005-02-03,-0.00443074599496
2005-02-04,-0.00454681159574
2005-02-07,0.00284924498007
2005-02-08,-0.00390896932815
2005-02-09,0.00723592527558
2005-02-10,0.00378932825357
2005-02-11,-0.00705688877141
2005-02-14,0.00724358450817
2005-02-15,0.00311653023161
2005-02-16,0.00609990055501
2005-02-17,0.00432070773802
2005-02-18,0.00122447432557
2005-02-22,-0.00430985267453
2005-02-23,0.00235765308382
2005-02-24,-0.00362452364473
2005-02-25,0.00390691850802
2005-02-28,-0.0193614430507
2005-03-01,0.00682064857894
2005-03-02,-0.00229875256923
2005-03-03,-0.00375821639059
2005-03-04,-0.00758218947572
2005-03-07,-0.00262432322926
2005-03-08,-0.00109536961282
2005-03-09,-0.0037709205924
2005-03-10,-0.00127662886621
2005-03-11,-0.000791833004015
2005-03-14,0.0101508214581
2005-03-15,-0.00297187772876
2005-03-16,0.00928923501859
2005-03-17,-0.00272016286854
2005-03-18,-0.00709661216165
2005-03-21,-0.00203405081282
2005-03-22,-0.00281660595873
2005-03-23,0.0103886861072
2005-03-24,0.00685093138256
2005-03-28,0.0063681254084
2005-03-29,0.00305108538738
2005-03-30,-0.00610098464115
2005-03-31,-0.00964988184146
2005-04-01,-0.000902753791309
2005-04-04,0.00853111234615
2005-04-05,-0.00287326504091
2005-04-06,0.00367800660099
2005-04-07,-0.000990582291091
2005-04-08,-0.00103031561335
2005-04-11,-0.000753011517738
2005-04-12,0.00547917624084
2005-04-13,-0.0124392698974
2005-04-14,-0.004648966574
2005-04-15,0.000605315583893
2005-04-18,0.00493753344423
2005-04-19,0.00217793114506
2005-04-20,-0.0185414070338
2005-04-21,-0.00276692302369
2005-04-22,0.00147319159477
2005-04-25,0.00411297948816
2005-04-26,0.0129621667166
2005-04-27,0.000233736759746
2005-04-28,0.0147671021645
2005-04-29,-0.00491618853957
2005-05-02,0.000169641262974
2005-05-03,0.00196741209264
2005-05-04,-0.00098362467182
2005-05-05,0.00381225418527
2005-05-06,-0.00786953306049
2005-05-09,0.000777240630727
2005-05-10,0.00381436941363
2005-05-11,-0.00218954592411
2005-05-12,-0.000573070490669
2005-05-13,-0.00053608869027
2005-05-16,0.000695344890256
2005-05-17,0.00644921188481
2005-05-18,0.00994033741892
2005-05-19,0.00466062381601
2005-05-20,0.00176919852594
2005-05-23,-0.00154807942151
2005-05-24,0.0097570254371
2005-05-25,0.00252974940053
2005-05-26,-0.00812548746536
2005-05-27,-0.000706877410329
2005-05-31,0.00516626961445
2005-06-01,0.00233159900446
2005-06-02,-0.00440348864643
2005-06-03,0.000312739961659
2005-06-06,-0.00105366813743
2005-06-07,-0.000536139534799
2005-06-08,-0.00320615108795
2005-06-09,0.00327605497126
2005-06-10,-0.00253914928197
2005-06-13,-0.00625381721542
2005-06-14,-0.00591148110691
2005-06-15,-0.00207538980294
2005-06-16,-0.000668392100354
2005-06-17,8.93402551341e-05
2005-06-20,0.00233736036668
2005-06-21,-0.0100115268883
2005-06-22,0.00688308451259
2005-06-23,-0.00417312383882
2005-06-24,-0.00320888874657
2005-06-27,0.00756158633631
2005-06-28,0.00176219276682
2005-06-29,-0.00540892186688
2005-06-30,0.000531938629781
2005-07-01,0.00349489704617
2005-07-05,0.00577847555358
2005-07-06,-0.00939974892963
2005-07-07,0.0020895515513
2005-07-08,0.00697945438813
2005-07-11,0.00701184334013
2005-07-12,0.00100738840824
2005-07-13,0.00432743358132
2005-07-14,-0.00307786557653
2005-07-15,0.00527863107255
2005-07-18,-0.00328506376351
2005-07-19,0.00247649333389
2005-07-20,-0.00996961741101
2005-07-21,0.000519739653992
2005-07-22,0.000940801407108
2005-07-25,0.00803443881423
2005-07-26,0.00390204892849
2005-07-27,0.00462048189997
2005-07-28,0.0053296854864
2005-07-29,0.00267945973635
2005-08-01,-0.000602469977552
2005-08-02,0.000387647207202
2005-08-03,-0.00612520542863
2005-08-04,0.00354230356484
2005-08-05,0.00258759789041
2005-08-08,-0.00431701998848
2005-08-09,-0.00494548488186
2005-08-10,-0.0019472587789
2005-08-11,-0.00331023350027
2005-08-12,0.00304139078103
2005-08-15,-0.00092298449225
2005-08-16,-0.00175428182685
2005-08-17,0.00875675782075
2005-08-18,-0.000681652039995
2005-08-19,0.000431588650289
2005-08-22,-0.00472715643383
2005-08-23,0.00410841367034
2005-08-24,0.0088448750951
2005-08-25,-0.00466626759382
2005-08-26,0.00110844287608
2005-08-29,0.00350862243783
2005-08-30,0.00500411560595
2005-08-31,0.00812114692828
2005-09-01,-0.00307246603372
2005-09-02,0.000679237362709
2005-09-06,0.000611308747874
2005-09-07,-0.00648300807893
2005-09-08,0.00321835236585
2005-09-09,-0.0033908119716
2005-09-12,0.00902226669516
2005-09-13,0.00486092629496
2005-09-14,0.00137873232261
2005-09-15,-0.00553301186413
2005-09-16,-0.00917267795258
2005-09-19,-0.00251172431271
2005-09-20,0.000632222485028
2005-09-21,-0.00443989750722
2005-09-22,0.00210036131272
2005-09-23,0.00126507756762
2005-09-26,-0.00471933534389
2005-09-27,-0.00364959380234
2005-09-28,0.00159035184641
2005-09-29,-0.00228519175965
2005-09-30,-0.00668272907062
2005-10-03,-0.00434254238614
2005-10-04,0.0029431022435
2005-10-05,0.0036908159137
2005-10-06,-0.00117328038544
2005-10-07,0.000586202946572
2005-10-10,0.00137439223078
2005-10-11,-0.00102360578803
2005-10-12,0.00100183768059
2005-10-13,-0.00294228417423
2005-10-14,-0.0116103743246
2005-10-17,-0.00461415415366
2005-10-18,-0.00643898828779
2005-10-19,-4.32551331009e-05
2005-10-20,-0.00674601684946
2005-10-21,0.00100808778659
2005-10-24,0.00543685564396
2005-10-25,0.00549796245298
2005-10-26,0.00122334687246
2005-10-27,0.00436978022972
2005-10-28,-0.00186645613447
2005-10-31,0.00400157728425
2005-11-01,-0.00445355060415
2005-11-02,-0.00143514877345
2005-11-03,0.00846164969253
2005-11-04,0.00355123911249
2005-11-07,-0.0055101206868
2005-11-08,0.00439982880074
2005-11-09,0.00553547575938
2005-11-10,0.00101680903156
2005-11-11,0.000940444493078
2005-11-14,0.00086672832327
2005-11-15,0.0104047672652
2005-11-16,-0.00120052899572
2005-11-17,-0.000359376611844
2005-11-18,0.00576806438074
2005-11-21,-0.00134046784606
2005-11-22,-0.00612596058595
2005-11-23,-0.00199972302838
2005-11-25,0.00256277433549
2005-11-28,-0.00293252717355
2005-11-29,-0.00662972750872
2005-11-30,0.00663200695283
2005-12-01,0.00697647770496
2005-12-02,-0.00362022388758
2005-12-05,0.000158578355392
2005-12-06,-0.00512722200857
2005-12-07,-0.0061353197545
2005-12-08,-0.00202805952008
2005-12-09,0.0039722167211
2005-12-12,0.00373297951258
2005-12-13,0.00296679813177
2005-12-14,-0.00116360666113
2005-12-15,0.00453157203796
2005-12-16,-0.000432529027394
2005-12-19,0.000518205397905
2005-12-20,0.00653900233635
2005-12-21,0.00735412882367
2005-12-22,0.00249234893886
2005-12-23,0.00192897770622
2005-12-27,-0.00405813783226
2005-12-28,0.00139954624309
2005-12-29,-0.00110960109943
2005-12-30,-0.00540774109105
2006-01-03,0.0100607360064
2006-01-04,0.00130950812445
2006-01-05,-0.0052807600183
2006-01-06,0.011413101608
2006-01-09,-0.00890188957612
2006-01-10,-0.00548746487662
2006-01-11,0.000853267762686
2006-01-12,-0.00153235691002
2006-01-13,0.00303339342084
2006-01-17,-0.000882580715786
2006-01-18,0.0046629129009
2006-01-19,0.00787572800036
2006-01-20,-0.0120435131588
2006-01-23,-0.000969328753002
2006-01-24,0.00850383792428
2006-01-25,-0.000167294666906
2006-01-26,-0.00898295416647
2006-01-27,0.00473405561561
2006-01-30,0.000132770456264
2006-01-31,-0.00257611844479
2006-02-01,0.00801873077888
2006-02-02,0.0011392970818
2006-02-03,-0.00706056195623
2006-02-06,-0.0124280443957
2006-02-07,0.0142475307176
2006-02-08,0.00801637251108
2006-02-09,0.000177315036364
2006-02-10,0.00122642904079
2006-02-13,0.00424673768558
2006-02-14,0.00297713104458
2006-02-15,0.00133986330335
2006-02-16,0.00939133005509
2006-02-17,-0.00631158140962
2006-02-21,0.00104008658136
2006-02-22,-0.00315318704207
2006-02-23,-0.00409170732178
2006-02-24,0.00358433963296
2006-02-27,-0.00522153427043
2006-02-28,0.000331283846127
2006-03-01,0.00680231209968
2006-03-02,0.00465083437597
2006-03-03,-0.000559835565066
2006-03-06,-0.0119050097108
2006-03-07,0.00207174215666
2006-03-08,-0.00167776814152
2006-03-09,-5.80754438907e-05
2006-03-10,-0.000367855745523
2006-03-13,-0.00191777659759
2006-03-14,0.00528514627916
2006-03-15,-0.00960817296491
2006-03-16,-0.00827179346218
2006-03-17,-0.00901022648923
2006-03-20,0.012673240108
2006-03-21,0.00249195071936
2006-03-22,-0.000485548290084
2006-03-23,-0.00377265467211
2006-03-24,0.00902546267088
2006-03-27,0.00195707309558
2006-03-28,-0.00502853259695
2006-03-29,0.0018217662297
2006-03-30,0.000260221222325
2006-03-31,0.00430010687412
2006-04-03,-0.000149151025996
2006-04-04,0.00384576887321
2006-04-05,0.00290857329945
2006-04-06,-0.00352505290284
2006-04-07,-0.00310796691228
2006-04-10,-0.00337495007844
2006-04-11,-0.00558374566396
2006-04-12,0.00299334584674
2006-04-13,0.00220619177272
2006-04-17,-0.00417284607346
2006-04-18,0.0188059397764
2006-04-19,-0.00175072516911
2006-04-20,0.00713511104774
2006-04-21,0.0101081253967
2006-04-24,0.00276568760199
2006-04-25,0.00245412730487
2006-04-26,-0.00673537021011
2006-04-27,0.00447729630196
2006-04-28,0.0187473940387
2006-05-01,0.00221469711202
2006-05-02,0.000275582526526
2006-05-03,-0.00207600994064
2006-05-04,-0.00540459753179
2006-05-05,-0.0014258453058
2006-05-08,0.00364490093327
2006-05-09,-0.00403464357888
2006-05-10,0.00131412122378
2006-05-11,0.00137535656974
2006-05-12,-0.00267205557255
2006-05-15,0.000205371872314
2006-05-16,-0.000938859532109
2006-05-17,-0.0055126501628
2006-05-18,-0.00566012231924
2006-05-19,-0.00469747912863
2006-05-22,0.000663529390514
2006-05-23,0.00834976949962
2006-05-24,0.003746175922
2006-05-25,0.000968225955844
2006-05-26,-0.000800575386601
2006-05-30,0.00304008014219
2006-05-31,0.000209498264755
2006-06-01,0.00199374251028
2006-06-02,-0.00118502068344
2006-06-05,-0.00490991062922
2006-06-06,0.0027129661808
2006-06-07,0.000298444539143
2006-06-08,0.0100628086582
2006-06-09,-0.00391021824267
2006-06-12,-0.00567246128695
2006-06-13,-0.00316184069289
2006-06-14,0.00759751765114
2006-06-15,0.00987519003761
2006-06-16,0.00218018842967
2006-06-19,-0.00119724899974
2006-06-20,0.00400933948422
2006-06-21,0.00543438151387
2006-06-22,-0.00552547093805
2006-06-23,-0.00435940976436
2006-06-26,-0.00110383942162
2006-06-27,-0.00503644440207
2006-06-28,0.00350260452513
2006-06-29,0.0120220554388
2006-06-30,0.00322256658314
2006-07-03,0.000108136259687
2006-07-05,-0.00507570815613
2006-07-06,0.00372399871531
2006-07-07,-0.00880307788518
2006-07-10,-0.00400132296093
2006-07-11,-0.00331035781715
2006-07-12,-0.00715950875093
2006-07-13,9.3162074885e-05
2006-07-14,0.000694692567778
2006-07-17,-1.22912746117e-05
2006-07-18,0.00436041332984
2006-07-19,0.00994253881403
2006-07-20,-0.00601706978393
2006-07-21,-0.00658929056821
2006-07-24,-0.000808544799167
2006-07-25,-0.00546564388973
2006-07-26,-0.00661118470745
2006-07-27,-0.0085705765426
2006-07-28,-0.00352907947252
2006-07-31,0.00382647962389
2006-08-01,0.00502538011802
2006-08-02,0.00187641726609
2006-08-03,-0.0117914255564
2006-08-04,-0.00767092172544
2006-08-07,-0.000899558531167
2006-08-08,-0.00161916979721
2006-08-09,0.010223558927
2006-08-10,-0.00529901955286
2006-08-11,0.00401464797864
2006-08-14,-0.00174757208115
2006-08-15,-0.00123197477316
2006-08-16,-0.00252372739222
2006-08-17,0.00247404744995
2006-08-18,0.00440944813239
2006-08-21,0.00278686551612
2006-08-22,-0.00140205919048
2006-08-23,-0.00512921419728
2006-08-24,-0.0055119175139
2006-08-25,-0.00333469538072
2006-08-28,0.00564237041442
2006-08-29,-0.00387815862632
2006-08-30,-0.00301161835605
2006-08-31,0.00316539955402
2006-09-01,0.00223499269234
2006-09-05,0.00222211642231
2006-09-06,0.00193168177642
2006-09-07,0.00362538079309
2006-09-08,-0.00515937171223
2006-09-11,-0.00839349155969
2006-09-12,0.0034527581774
2006-09-13,0.00444008173597
2006-09-14,0.00445442779652
2006-09-15,0.0030155293764
2006-09-18,0.00469315041693
2006-09-19,0.00671757012597
2006-09-20,-0.0055107201817
2006-09-21,0.00436452788852
2006-09-22,0.00534038805506
2006-09-25,-0.00433866196508
2006-09-26,0.000110009643957
2006-09-27,-0.00277433661878
2006-09-28,-0.00164180858962
2006-09-29,0.00342272971279
2006-10-02,0.00430926618121
2006-10-03,-0.00332546888194
2006-10-04,-0.00396170230286
2006-10-05,0.00905515741198
2006-10-06,-0.00264603827497
2006-10-09,-0.00866793036841
2006-10-10,0.00344429796983
2006-10-11,-0.00153747234207
2006-10-12,-0.00126346230947
2006-10-13,-0.00464885136558
2006-10-16,0.00372963255985
2006-10-17,0.000426417056987
2006-10-18,0.0146808978579
2006-10-19,0.00742551010952
2006-10-20,0.00236826858722
2006-10-23,-0.00211148291815
2006-10-24,0.000329080127683
2006-10-25,-0.00622132127967
2006-10-26,0.00215919225535
2006-10-27,0.00284634630729
2006-10-30,-0.00500294092657
2006-10-31,-0.000452472464523
2006-11-01,0.000534336878892
2006-11-02,0.00482124800891
2006-11-03,-0.0039739133781
2006-11-06,0.000797593456441
2006-11-07,0.00946203934402
2006-11-08,-0.00998948667124
2006-11-09,-0.0128640733658
2006-11-10,-0.00317392478501
2006-11-13,0.000884739605421
2006-11-14,0.0145599177392
2006-11-15,0.00184403739649
2006-11-16,-7.6898632095e-05
2006-11-17,0.00158570301489
2006-11-20,0.00112603132447
2006-11-21,-0.0053218103301
2006-11-22,0.00492184288567
2006-11-24,-0.00142643605776
2006-11-27,0.00391851713549
2006-11-28,0.00186391019973
2006-11-29,0.0010727333429
2006-11-30,-0.00291625977225
2006-12-01,-0.000506895466661
2006-12-04,0.000564069586437
2006-12-05,0.000796117908673
2006-12-06,-0.00226251381058
2006-12-07,0.00130849418452
2006-12-08,0.00232847856898
2006-12-11,-0.00294991107838
2006-12-12,-0.00288247729033
2006-12-13,-0.000614563550908
2006-12-14,-0.00094546912698
2006-12-15,-0.00305132063966
2006-12-18,-0.00442516345187
2006-12-19,-0.00084836971491
2006-12-20,-0.00191813868121
2006-12-21,0.00773570904263
2006-12-22,0.00131319237309
2006-12-26,-0.000140887870415
2006-12-27,0.00496233059067
2006-12-28,0.000421786249681
2006-12-29,0.0043229195122
2007-01-03,0.00509555392493
2007-01-04,0.0181743101724
2007-01-05,0.0021770598499
2007-01-08,-0.00219814358665
2007-01-09,0.00135010762551
2007-01-10,0.00321824291844
2007-01-11,-0.00228892521429
2007-01-12,-0.00254260000108
2007-01-16,-0.00653389922946
2007-01-17,0.000826669922582
2007-01-18,-0.00450983322351
2007-01-19,-0.00209235103691
2007-01-22,-0.005585484936
2007-01-23,-0.0083730392058
2007-01-24,-0.00515583727615
2007-01-25,0.00164237312552
2007-01-26,-0.00657926429685
2007-01-29,0.00180106419527
2007-01-30,-0.00225364296955
2007-01-31,0.0026038611584
2007-02-01,0.00359697507612
2007-02-02,-0.00280173942335
2007-02-05,0.000408630533819
2007-02-06,-0.00109780680571
2007-02-07,-0.0042049582277
2007-02-08,0.00183190349039
2007-02-09,0.0010353177316
2007-02-12,-0.00138045021222
2007-02-13,-0.00179160414556
2007-02-14,0.0044842504109
2007-02-15,0.00237744657108
2007-02-16,0.000575826460077
2007-02-20,-0.00310825885607
2007-02-21,-0.00940375561289
2007-02-22,0.00613080056109
2007-02-23,0.00198061483167
2007-02-26,0.000668795053799
2007-02-27,-0.00300060896602
2007-02-28,-0.00337521045939
2007-03-01,0.0018506555924
2007-03-02,-0.00101689233617
2007-03-05,0.00184349777352
2007-03-06,0.00123488712006
2007-03-07,-0.00268184049163
2007-03-08,0.00808235963387
2007-03-09,-0.000398926304185
2007-03-12,-0.0026635127675
2007-03-13,-0.00967846259035
2007-03-14,0.00367806193274
2007-03-15,0.00452078703443
2007-03-16,0.000110110420316
2007-03-19,-0.00240444890069
2007-03-20,-0.00141095917077
2007-03-21,0.00802341798717
2007-03-22,0.001048805372
2007-03-23,-0.00383596685749
2007-03-26,-0.00517247882497
2007-03-27,-0.000579613208277
2007-03-28,-0.00065027392123
2007-03-29,0.000397076116583
2007-03-30,-0.00548458619055
2007-04-02,0.00318403075614
2007-04-03,-0.00241749883881
2007-04-04,-0.00317931128188
2007-04-05,0.00361608078754
2007-04-09,0.00468032699582
2007-04-10,-0.00846954624162
2007-04-11,-0.000589247262419
2007-04-12,-0.00682428617947
2007-04-13,-0.000908151968312
2007-04-16,0.00427603281493
2007-04-17,7.87528695284e-05
2007-04-18,0.000702931124437
2007-04-19,-0.00768573889911
2007-04-20,0.00678433483422
2007-04-23,0.00866728194862
2007-04-24,0.00345796472486
2007-04-25,0.00317443010289
2007-04-26,-0.00293771135945
2007-04-27,-0.00205470516163
2007-04-30,0.00801430353623
2007-05-01,-0.00283365621878
2007-05-02,-0.000511975707013
2007-05-03,0.00153182057148
2007-05-04,0.00449960826396
2007-05-07,0.000476826866155
2007-05-08,-0.0042111878815
2007-05-09,0.00188997375921
2007-05-10,-0.00184637137272
2007-05-11,0.000813911096471
2007-05-14,-0.000798428270894
2007-05-15,0.000262860158825
2007-05-16,0.0040626579783
2007-05-17,0.00206498817932
2007-05-18,-0.00145034450058
2007-05-21,0.000791600805225
2007-05-22,0.0034855245462
2007-05-23,0.00170569535035
2007-05-24,0.0100072544094
2007-05-25,0.00234210759855
2007-05-29,-0.0012825721945
2007-05-30,-0.0102047945222
2007-05-31,0.00396084889198
2007-06-01,0.00394665027534
2007-06-04,-0.00508231036886
2007-06-05,-0.00318920718477
2007-06-06,0.000259597127819
2007-06-07,-0.00649353624966
2007-06-08,0.00108652907623
2007-06-11,0.00487670258083
2007-06-12,-0.00223946573792
2007-06-13,0.00270360953842
2007-06-14,-0.00325631791557
2007-06-15,0.0019296859164
2007-06-18,0.00145284834097
2007-06-19,0.00543525537661
2007-06-20,-0.0127974654023
2007-06-21,-0.00797034184714
2007-06-22,-0.00653371382988
2007-06-25,-0.000462219783611
2007-06-26,0.00512236028902
2007-06-27,0.000145045369761
2007-06-28,0.00255078546858
2007-06-29,-0.000723429155904
2007-07-02,0.00371779728485
2007-07-03,0.000789458354
2007-07-05,0.00158643576379
2007-07-06,-0.00735776646534
2007-07-09,-0.00366992803126
2007-07-10,-0.00204543045442
2007-07-11,0.00531718948842
2007-07-12,-0.00235236338388
2007-07-13,0.00325724206026
2007-07-16,-9.91774686014e-05
2007-07-17,0.00174909142211
2007-07-18,-0.00344855201117
2007-07-19,-0.0108999747613
2007-07-20,-0.0157748899291
2007-07-23,-0.000731601899657
2007-07-24,0.00247915353708
2007-07-25,-0.0088692699773
2007-07-26,0.00748501195104
2007-07-27,0.00227221087364
2007-07-30,0.00131149899094
2007-07-31,0.00600204667269
2007-08-01,0.00701429553169
2007-08-02,0.00117636322021
2007-08-03,-0.000665823324371
2007-08-06,-0.0132054883033
2007-08-07,-0.00918138869549
2007-08-08,0.00157116612554
2007-08-09,0.0027759396909
2007-08-10,0.00183354440861
2007-08-13,0.0208621815616
2007-08-14,0.00166208620864
2007-08-15,-0.00832525917402
2007-08-16,-0.00355796086497
2007-08-17,0.00831721915735
2007-08-20,0.00746099525846
2007-08-21,0.00942121678226
2007-08-22,0.0122262446814
2007-08-23,0.0016488925659
2007-08-24,0.00118995884472
2007-08-27,0.00838789098004
2007-08-28,9.78246300155e-05
2007-08-29,8.6393058862e-05
2007-08-30,-0.00125227711188
2007-08-31,0.00277364760871
2007-09-04,0.00306417485787
2007-09-05,-0.00505487933385
2007-09-06,0.00214587940539
2007-09-07,-0.00221787772069
2007-09-10,-0.00137228718565
2007-09-11,-0.0065390532651
2007-09-12,-0.00571010343161
2007-09-13,0.00223949737975
2007-09-14,-0.00359664056006
2007-09-17,0.00296790847559
2007-09-18,-0.00391059911033
2007-09-19,-0.00266572371907
2007-09-20,-0.00102976713818
2007-09-21,-0.00517418511712
2007-09-24,-0.0047277522988
2007-09-25,0.00517809649825
2007-09-26,-0.00613960879995
2007-09-27,0.00960947593023
2007-09-28,0.0108175709315
2007-10-01,-0.0022097222055
2007-10-02,0.00758125096471
2007-10-03,0.00630506614828
2007-10-04,0.00276408446651
2007-10-05,-0.00629338735339
2007-10-08,-0.00336906349639
2007-10-09,-0.00502507194661
2007-10-10,0.00160816692795
2007-10-11,0.00830542293722
2007-10-12,-0.00861521320361
2007-10-15,0.00153825055598
2007-10-16,0.00470130359392
2007-10-17,-0.00661357099168
2007-10-18,-0.000817881344641
2007-10-19,0.000945836053905
2007-10-22,-0.000359022138119
2007-10-23,-0.00749814270103
2007-10-24,-0.00313148476992
2007-10-25,-0.00749764305593
2007-10-26,-0.00702490304554
2007-10-29,0.000555906231348
2007-10-30,0.00350970842434
2007-10-31,-0.00279758158836
2007-11-01,-0.000184109212542
2007-11-02,-0.00109611700832
2007-11-05,-0.0111329711688
2007-11-06,0.00270622483387
2007-11-07,-0.00178120627397
2007-11-08,0.0120295319961
2007-11-09,0.000613279875622
2007-11-12,0.00807735514757
2007-11-13,0.00968832299112
2007-11-14,-0.00133015150129
2007-11-15,-0.00963055555744
2007-11-16,0.000483800324305
2007-11-19,-0.00836267121079
2007-11-20,-0.0085528519434
2007-11-21,0.00894980601211
2007-11-23,0.00535568019792
2007-11-26,-0.0065599133487
2007-11-27,-0.00347717190351
2007-11-28,-0.000206374383732
2007-11-29,-0.00297212438767
2007-11-30,-0.00128810125571
2007-12-03,0.000863403995922
2007-12-04,-0.0121372043155
2007-12-05,0.000331324905048
2007-12-06,0.00279131162097
2007-12-07,0.00332056201197
2007-12-10,0.00851958194632
2007-12-11,0.0063976421348
2007-12-12,0.00500582539422
2007-12-13,0.000984776399862
2007-12-14,0.0041628461309
2007-12-17,0.00248564008162
2007-12-18,-0.0032865734118
2007-12-19,-0.00592538663511
2007-12-20,0.000865941249798
2007-12-21,0.00421720532729
2007-12-24,0.00189758872733
2007-12-26,0.00323081804898
2007-12-27,0.001735451178
2007-12-28,0.00163849655432
2007-12-31,0.00395951370246
2008-01-02,-0.006620208087
2008-01-03,0.000545647279623
2008-01-04,0.00372697354675
2008-01-07,0.0120018330784
2008-01-08,0.000557542522511
2008-01-09,0.012608760471
2008-01-10,0.00970881765383
2008-01-11,0.00802807558028
2008-01-14,-0.00307053143873
2008-01-15,0.00329406027945
2008-01-16,-0.002047009158
2008-01-17,0.00637377101585
2008-01-18,-0.000411232217052
2008-01-22,0.00259768074797
2008-01-23,0.00205122838806
2008-01-24,-0.000381073370153
2008-01-25,0.00842975358319
2008-01-28,-0.00112766443554
2008-01-29,0.0101611734975
2008-01-30,-0.00361844586824
2008-01-31,-0.00783916544901
2008-02-01,0.0166365687369
2008-02-04,0.012226367996
2008-02-05,-0.00412131168052
2008-02-06,-0.010288493197
2008-02-07,-0.00250082146739
2008-02-08,-0.00835752376369
2008-02-11,-0.00497819264562
2008-02-12,0.00883673450289
2008-02-13,-0.00469297154677
2008-02-14,0.00038544720507
2008-02-15,0.00827987500672
2008-02-19,-0.00240986420151
2008-02-20,0.00318848576834
2008-02-21,0.00759841468885
2008-02-22,-0.00321667619965
2008-02-25,-0.000985548193136
2008-02-26,0.00475983009042
2008-02-27,0.000367111287105
2008-02-28,-0.0159789416621
2008-02-29,-0.00677979233532
2008-03-03,-0.00388453052304
2008-03-04,0.00593930715824
2008-03-05,0.00475446417228
2008-03-06,0.00247121117565
2008-03-07,-0.000664098090156
2008-03-10,-0.0102329020373
2008-03-11,-0.00796201398406
2008-03-12,-0.00129371758758
2008-03-13,-0.00682779451291
2008-03-14,-0.00748118658103
2008-03-17,-0.0194073423225
2008-03-18,0.0162326199107
2008-03-19,0.011993342798
2008-03-20,0.012185473903
2008-03-24,0.00938044287323
2008-03-25,0.010599826466
2008-03-26,-0.00772839673611
2008-03-27,0.000924851852849
2008-03-28,-0.0106885942704
2008-03-31,0.0102383970888
2008-04-01,0.00318092623976
2008-04-02,0.0121712336108
2008-04-03,0.00636191468552
2008-04-04,-0.00192616037086
2008-04-07,0.00314727475554
2008-04-08,0.00950964797024
2008-04-09,0.00534987990523
2008-04-10,-0.000605733164037
2008-04-11,-0.00634501398312
2008-04-14,-0.00240457559323
2008-04-15,0.0101543805816
2008-04-16,-0.00011722141609
2008-04-17,0.00600483497601
2008-04-18,-0.0125880902019
2008-04-21,-0.0073449306894
2008-04-22,-0.00308648663986
2008-04-23,0.00660043475278
2008-04-24,0.00704730777979
2008-04-25,0.00294307367224
2008-04-28,0.00628477065962
2008-04-29,0.00131702726145
2008-04-30,-0.00164423077244
2008-05-01,0.00485649939184
2008-05-02,0.00369523780961
2008-05-05,-0.00108035312926
2008-05-06,0.012006110595
2008-05-07,-0.000187873107761
2008-05-08,0.00420697606101
2008-05-09,-0.00348253624836
2008-05-12,-0.00367466798112
2008-05-13,-0.0154077936565
2008-05-14,0.0120457351868
2008-05-15,0.000376968885171
2008-05-16,0.0077012477276
2008-05-19,-0.000820433597452
2008-05-20,0.00645354936152
2008-05-21,0.00162132579443
2008-05-22,-0.000931997655733
2008-05-23,-0.00103940215214
2008-05-27,0.00740458420635
2008-05-28,0.00120512703714
2008-05-29,-0.00488464267906
2008-05-30,-0.00936364329784
2008-06-02,-0.000517024012649
2008-06-03,0.005804029355
2008-06-04,-0.00275114825287
2008-06-05,-0.0148198869718
2008-06-06,-0.0143016749667
2008-06-09,0.00470420379202
2008-06-10,0.00630000198066
2008-06-11,8.39597614609e-05
2008-06-12,-0.0202378585612
2008-06-13,0.00846372661814
2008-06-16,-0.00260211684717
2008-06-17,0.00631278927788
2008-06-18,-0.021939941454
2008-06-19,0.00473841793119
2008-06-20,0.00943644868754
2008-06-23,0.00216777273254
2008-06-24,0.00181147079822
2008-06-25,-0.00399291072646
2008-06-26,-0.000405238497259
2008-06-27,0.000607477045868
2008-06-30,0.00922473031565
2008-07-01,0.00592923514318
2008-07-02,-0.00568262219914
2008-07-03,-0.00606997077387
2008-07-07,0.00581750636119
2008-07-08,0.00449020496754
2008-07-09,-0.00979403681027
2008-07-10,0.00789144201068
2008-07-11,0.00232734966228
2008-07-14,-0.00649451311316
2008-07-15,-0.00140524674703
2008-07-16,-0.0119876942675
2008-07-17,0.00858989158299
2008-07-18,0.00543674240613
2008-07-21,0.00125621177659
2008-07-22,-0.00871821461372
2008-07-23,0.0210576642729
2008-07-24,0.0065099158517
2008-07-25,0.0246717126186
2008-07-28,-0.0112278056043
2008-07-29,0.00110734100753
2008-07-30,0.000737323352262
2008-07-31,-0.0047460418269
2008-08-01,0.0116108497082
2008-08-04,-0.0122162422514
2008-08-05,-5.4990919824e-05
2008-08-06,0.00670765776538
2008-08-07,-0.00521272006347
2008-08-08,-0.00797555603469
2008-08-11,-0.0116633231529
2008-08-12,-0.00526623874683
2008-08-13,0.0147626224748
2008-08-14,-0.000575679287448
2008-08-15,0.0034504344607
2008-08-18,6.80601632826e-05
2008-08-19,0.00327079861525
2008-08-20,0.010196548282
2008-08-21,0.0013224702199
2008-08-22,0.000408378455327
2008-08-25,0.0095543540239
2008-08-26,-0.00322469922437
2008-08-27,0.0041401120663
2008-08-28,0.00250566907275
2008-08-29,-0.0023752534963
2008-09-02,-0.00329946553665
2008-09-03,-0.00406191601205
2008-09-04,0.00340878747362
2008-09-05,-0.0114697765147
2008-09-08,-0.011722083527
2008-09-09,-0.00347736471094
2008-09-10,-0.00171578810293
2008-09-11,0.00280952929156
2008-09-12,-0.0126858748429
2008-09-15,-0.020381058566
2008-09-16,0.00640784623846
2008-09-17,-0.028808979336
2008-09-18,-0.0166299164648
2008-09-19,0.0435269542223
2008-09-22,0.0303516377356
2008-09-23,0.0262170954369
2008-09-24,-0.013850987877
2008-09-25,-0.0182155065219
2008-09-26,0.00713882992572
2008-09-29,0.0128907729707
2008-09-30,0.00451743748522
2008-10-01,-0.00717372705592
2008-10-02,-0.0150473261532
2008-10-03,-0.00833993018989
2008-10-06,-0.0253512984747
2008-10-07,-0.00368447009587
2008-10-08,0.0536711934141
2008-10-09,-0.00494059165718
2008-10-10,-0.0324173021046
2008-10-13,0.0477583195006
2008-10-14,0.0162198778321
2008-10-15,-0.0186020246342
2008-10-16,0.0102879171124
2008-10-17,0.0137096778833
2008-10-20,0.0373031237683
2008-10-21,-0.0147777378682
2008-10-22,-0.0163723487859
2008-10-23,0.022628867968
2008-10-24,0.00341554869113
2008-10-27,0.00145010839527
2008-10-28,0.0297663198241
2008-10-29,-0.0104903455094
2008-10-30,0.0242236640886
2008-10-31,0.0336967277486
2008-11-03,0.0314081047844
2008-11-04,0.0267868197904
2008-11-05,0.0228918096143
2008-11-06,0.0196250687541
2008-11-07,0.000378401665453
2008-11-10,-0.000607698531056
2008-11-11,-0.0202442383046
2008-11-12,-0.0273252121212
2008-11-13,0.0156380343232
2008-11-14,0.00078758645301
2008-11-17,-0.000462339051456
2008-11-18,-0.000459340496435
2008-11-19,-0.0333566049151
2008-11-20,-0.0312467637276
2008-11-21,0.00324525864008
2008-11-24,0.0386431144606
2008-11-25,-0.00421103029639
2008-11-26,0.0134631545003
2008-11-28,0.00944249479149
2008-12-01,-0.00961933542492
2008-12-02,0.0219364905529
2008-12-03,-0.0121134159015
2008-12-04,0.0107474381801
2008-12-05,0.00375239763995
2008-12-08,0.0357490206422
2008-12-09,0.020495258398
2008-12-10,0.0203403414752
2008-12-11,-0.000154625944592
2008-12-12,-0.0112894610161
2008-12-15,0.00238902718577
2008-12-16,-0.00019268170592
2008-12-17,0.00601813361147
2008-12-18,-0.0112779304582
2008-12-19,-0.0369718252001
2008-12-22,0.0255399418039
2008-12-23,0.00560325170017
2008-12-24,-7.49361763092e-05
2008-12-26,-6.0184137702e-05
2008-12-29,0.00843999130112
2008-12-30,-0.0148750839401
2008-12-31,-0.00272440826709
2009-01-02,-0.00193967276672
2009-01-05,-0.00454414292262
2009-01-06,0.0146119275698
2009-01-07,0.015799581136
2009-01-08,-0.00272548658252
2009-01-09,0.00536415878229
2009-01-12,-0.00618253397811
2009-01-13,0.0172998195352
2009-01-14,-0.00973671358108
2009-01-15,-0.0110648924508
2009-01-16,0.00153483168652
2009-01-20,-0.0199131005671
2009-01-21,-0.00840360956737
2009-01-22,-0.00417772376611
2009-01-23,-0.013388390849
2009-01-26,-0.0012323789222
2009-01-27,-0.0163321707788
2009-01-28,0.0336257831605
2009-01-29,-0.00762594596191
2009-01-30,-0.00550831357879
2009-02-02,-0.0153609800423
2009-02-03,0.0126380607106
2009-02-04,-0.0237373253427
2009-02-05,0.000691709512194
2009-02-06,0.00841231505168
2009-02-09,0.00648368007437
2009-02-10,0.00813485678519
2009-02-11,-0.00741736078201
2009-02-12,-0.0176224674036
2009-02-13,0.00217055180994
2009-02-17,-0.0210206919515
2009-02-18,-0.00322915589645
2009-02-19,-0.00700898311414
2009-02-20,-0.012815387023
2009-02-23,0.0150241306374
2009-02-24,0.000633055854569
2009-02-25,0.00743332211734
2009-02-26,0.0090185556184
2009-02-27,-0.0306128503958
2009-03-02,-0.0272053310216
2009-03-03,-0.0339984253017
2009-03-04,-0.00510156650305
2009-03-05,-0.0256933670885
2009-03-06,0.00881591219698
2009-03-09,-0.00616442905658
2009-03-10,0.0127821740238
2009-03-11,-0.0185917191695
2009-03-12,0.00927183952044
2009-03-13,0.0120465127154
2009-03-16,0.00592191729962
2009-03-17,-0.0231497086106
2009-03-18,-0.00937457030635
2009-03-19,0.00990375224986
2009-03-20,0.00641402851553
2009-03-23,0.000588355383412
2009-03-24,0.0127926682347
2009-03-25,0.00898431294691
2009-03-26,-0.00269544796627
2009-03-27,0.0142975757483
2009-03-30,0.0172539161562
2009-03-31,0.0050822503738
2009-04-01,-0.0157205899418
2009-04-02,0.0174348698228
2009-04-03,-0.00461109919163
2009-04-06,-0.00087377271102
2009-04-07,0.0076937736464
2009-04-08,-0.0162037009016
2009-04-09,0.0032522434962
2009-04-13,-0.024162868263
2009-04-14,-0.00162233023394
2009-04-15,0.0293916708983
2009-04-16,-0.00291282124659
2009-04-17,0.00926735180926
2009-04-20,0.00634035769175
2009-04-21,-0.00213938231403
2009-04-22,-0.0166319001855
2009-04-23,-0.00081908350273
2009-04-24,-0.0185421665366
2009-04-27,0.00238953136268
2009-04-28,-0.00162417287443
2009-04-29,0.00489197818888
2009-04-30,-0.00255795947053
2009-05-01,0.000201249367645
2009-05-04,0.0187242559364
2009-05-05,-0.00379909270922
2009-05-06,0.00611048211541
2009-05-07,-0.0200385484993
2009-05-08,-0.00309933187497
2009-05-11,-0.00519089157569
2009-05-12,0.0141104358748
2009-05-13,0.00567648053347
2009-05-14,-0.00248776333894
2009-05-15,0.00339740926805
2009-05-18,0.00571275625732
2009-05-19,0.00355019189257
2009-05-20,0.00647390387617
2009-05-21,-0.0104708847119
2009-05-22,0.00374619095038
2009-05-26,0.00755754517823
2009-05-27,-0.00803050428985
2009-05-28,-0.00567352237177
2009-05-29,0.0103080708335
2009-06-01,0.0109034822072
2009-06-02,0.0239352405127
2009-06-03,-0.0108091896215
2009-06-04,0.00394911997044
2009-06-05,-0.00243544652804
2009-06-08,0.0113667977963
2009-06-09,-0.000779625865399
2009-06-10,0.000621996689109
2009-06-11,0.00356356397751
2009-06-12,0.00634199616511
2009-06-15,0.0016550623902
2009-06-16,-0.00369255500513
2009-06-17,-0.00173627143782
2009-06-18,0.00101528854055
2009-06-19,-0.00279157697774
2009-06-22,0.00609499415485
2009-06-23,0.0098898602105
2009-06-24,-0.000900506789573
2009-06-25,-0.00326688234452
2009-06-26,-0.00306144227947
2009-06-29,0.00774901590366
2009-06-30,0.0055373223442
2009-07-01,-0.00805571326352
2009-07-02,0.00277943636199
2009-07-06,0.00370620099703
2009-07-07,-0.012077236862
2009-07-08,0.0099138771442
2009-07-09,-0.0124038056622
2009-07-10,0.0148722906031
2009-07-13,0.0087890609475
2009-07-14,-0.00439207444296
2009-07-15,0.00667050936969
2009-07-16,-0.0105123428927
2009-07-17,0.00477902335528
2009-07-20,0.00257909292005
2009-07-21,0.00814185093598
2009-07-22,0.00365655691953
2009-07-23,0.00743779232929
2009-07-24,0.00905520824763
2009-07-27,-0.00159034993777
2009-07-28,0.00174370344661
2009-07-29,0.00692382271799
2009-07-30,0.00371488771886
2009-07-31,-0.00320069010108
2009-08-03,-0.00242299804863
2009-08-04,-0.00271747885844
2009-08-05,-0.00146492723501
2009-08-06,-0.00993538072234
2009-08-07,0.0126107655986
2009-08-10,0.00631944170179
2009-08-11,0.00449153457235
2009-08-12,-0.00500520137322
2009-08-13,0.00139576462697
2009-08-14,0.0109959654924
2009-08-17,-0.00213242562168
2009-08-18,-0.00140964242375
2009-08-19,-0.00117339195671
2009-08-20,0.00456156517664
2009-08-21,-0.0103241296323
2009-08-24,-0.0118434111931
2009-08-25,-0.000243633991075
2009-08-26,-0.00447256580305
2009-08-27,-0.00554883272941
2009-08-28,0.000443066520246
2009-08-31,0.00157985858384
2009-09-01,0.0138662098216
2009-09-02,-0.00621045106383
2009-09-03,-0.0140890506482
2009-09-04,0.000874457270989
2009-09-08,-0.00314941143947
2009-09-09,0.00111046496844
2009-09-10,-0.00041378602465
2009-09-11,-0.00112650682794
2009-09-14,0.00554443438767
2009-09-15,0.00175279411571
2009-09-16,-0.0130032536423
2009-09-17,-0.00284034533479
2009-09-18,0.00274649061564
2009-09-21,-0.00572268195724
2009-09-22,0.00335069513826
2009-09-23,0.0113656561928
2009-09-24,0.00609807021919
2009-09-25,-0.00125100100964
2009-09-28,-0.00456126262693
2009-09-29,-0.00198950571355
2009-09-30,0.00388258322247
2009-10-01,0.011874688451
2009-10-02,0.0107996278626
2009-10-05,0.00348670683053
2009-10-06,-0.00292106551715
2009-10-07,0.00600665050037
2009-10-08,0.0262785753516
2009-10-09,-0.00152529714176
2009-10-12,-0.000822090368696
2009-10-13,0.0101365877966
2009-10-14,0.00336391977064
2009-10-15,0.00293334652163
2009-10-16,-0.00162173518872
2009-10-19,-0.00337108939672
2009-10-20,-0.0179930840254
2009-10-21,0.0014438451566
2009-10-22,0.00232185498031
2009-10-23,-0.000887186308834
2009-10-26,-0.00726740400753
2009-10-27,-0.00294776569528
2009-10-28,0.00416126331403
2009-10-29,0.0168444233332
2009-10-30,-0.00306442347402
2009-11-02,-0.00876536263273
2009-11-03,-0.0165931029468
2009-11-04,0.0150028896128
2009-11-05,-0.00579076219519
2009-11-06,0.000860354961759
2009-11-09,0.0139710559902
2009-11-10,-0.00538549026958
2009-11-11,0.01073950823
2009-11-12,0.00530533146945
2009-11-13,0.00728205413071
2009-11-16,0.00234277801087
2009-11-17,-0.00139755203899
2009-11-18,-0.00816140030067
2009-11-19,-0.00558509054141
2009-11-20,0.00362436773251
2009-11-23,-0.000977766278176
2009-11-24,-0.00353449877445
2009-11-25,0.000137505654756
2009-11-27,0.00180121433881
2009-11-30,-0.00383364855042
2009-12-01,0.00241642347956
2009-12-02,-0.00782283173625
2009-12-03,0.00384466407006
2009-12-04,-0.00822397068771
2009-12-07,-0.00773136942611
2009-12-08,0.00286815522438
2009-12-09,0.00242622064148
2009-12-10,-0.00071982930128
2009-12-11,-0.00388600899304
2009-12-14,-0.00303926154395
2009-12-15,-0.00180495737729
2009-12-16,-0.0015635024594
2009-12-17,0.00262920341737
2009-12-18,0.00433451017958
2009-12-21,-0.0032415026354
2009-12-22,-0.0128755232938
2009-12-23,0.00356954680214
2009-12-24,-0.000979080622939
2009-12-28,0.00501411610094
2009-12-29,0.00236806539243
2009-12-30,0.00319900604246
2009-12-31,0.00278323737907
2010-01-04,0.00269221287104
2010-01-05,0.00183616848856
2010-01-06,0.001694813857
2010-01-07,0.00912384023046
2010-01-08,0.00279920527092
2010-01-11,0.00135174703508
2010-01-12,0.0090117404363
2010-01-13,0.000263233301216
2010-01-14,-0.00212190510316
2010-01-15,0.000187299990198
2010-01-19,0.0144523086822
2010-01-20,0.000185010276047
2010-01-21,0.00433113793945
2010-01-22,0.00221126077024
2010-01-25,0.00668997087733
2010-01-26,0.00553768699514
2010-01-27,0.00151524747992
2010-01-28,-0.00280894152329
2010-01-29,0.00733735130567
2010-02-01,0.00908985991236
2010-02-02,0.00131503380356
2010-02-03,-0.00317917764424
2010-02-04,-0.00605141987906
2010-02-05,-0.00226824772225
2010-02-08,0.00925060003009
2010-02-09,-0.005481990563
2010-02-10,-0.00400478392297
2010-02-11,0.00206926824421
2010-02-12,-0.00523768050637
2010-02-16,0.00295984029952
2010-02-17,6.5873656759e-05
2010-02-18,0.00253156698976
2010-02-19,-0.00243602269209
2010-02-22,0.00524388551605
2010-02-23,0.00685102815255
2010-02-24,-0.00289076476031
2010-02-25,-0.00218211607993
2010-02-26,0.00455413823902
2010-03-01,0.00561308032006
2010-03-02,0.00571277172273
2010-03-03,2.13019398454e-05
2010-03-04,-0.00209239248022
2010-03-05,-0.00392143778637
2010-03-08,-0.00228441091489
2010-03-09,-0.00259826456221
2010-03-10,-0.00383105265378
2010-03-11,-0.00313590655338
2010-03-12,-0.00371197425288
2010-03-15,0.000563077487426
2010-03-16,-0.00192385923435
2010-03-17,0.000695671588766
2010-03-18,0.00179125899829
2010-03-19,-0.00558267156764
2010-03-22,0.00621688356029
2010-03-23,0.00390231287514
2010-03-24,0.00257340256544
2010-03-25,0.00175557405945
2010-03-26,0.00256170576269
2010-03-29,-0.00264729651078
2010-03-30,-0.00663332812311
2010-03-31,0.00356954840144
2010-04-01,0.000552791490522
2010-04-05,0.00357673990201
2010-04-06,0.00510458577279
2010-04-07,0.00652294826412
2010-04-08,0.00150903304904
2010-04-09,-0.00310930192398
2010-04-12,0.000628523628157
2010-04-13,-0.0022927154696
2010-04-14,0.000153818787316
2010-04-15,-0.0129195275677
2010-04-16,-0.00110997935489
2010-04-19,0.00455370842383
2010-04-20,0.00045377483356
2010-04-21,0.01083150281
2010-04-22,0.00713207626677
2010-04-23,0.0017568203782
2010-04-26,0.0112241056381
2010-04-27,0.00298837954329
2010-04-28,0.00369750569565
2010-04-29,0.00176179777835
2010-04-30,0.00179374033964
2010-05-03,-0.000787803053086
2010-05-04,-0.00887358799518
2010-05-05,0.0120513194277
2010-05-06,0.00231750999292
2010-05-07,0.00693958678771
2010-05-10,0.00338492653669
2010-05-11,0.00385401392183
2010-05-12,0.00733260057659
2010-05-13,0.00468268679204
2010-05-14,0.0026065126413
2010-05-17,0.00151321390944
2010-05-18,0.0040923022043
2010-05-19,0.00301014148674
2010-05-20,0.00279869609268
2010-05-21,0.00517473050829
2010-05-24,0.000170750355802
2010-05-25,-0.00978258641889
2010-05-26,0.00207572603324
2010-05-27,0.0115463699082
2010-05-28,-0.000990321096959
2010-06-01,-0.00870737524394
2010-06-02,0.0018238806782
2010-06-03,0.000839009691988
2010-06-04,-0.00603702091712
2010-06-07,0.00276828848778
2010-06-08,-0.000622483837131
2010-06-09,-0.00837047699674
2010-06-10,0.00369258361919
2010-06-11,0.00382727533088
2010-06-14,0.00121740803607
2010-06-15,0.00422706988389
2010-06-16,0.0027085947468
2010-06-17,-0.00381448920355
2010-06-18,0.00023784529643
2010-06-21,0.00223124480452
2010-06-22,-0.00380038700235
2010-06-23,-0.00490346589284
2010-06-24,-0.00518907392168
2010-06-25,-0.000766710660975
2010-06-28,0.000652948956514
2010-06-29,0.00475652263284
2010-06-30,0.00635951455206
2010-07-01,0.00502592185449
2010-07-02,-0.00657769796527
2010-07-06,-0.00487932807964
2010-07-07,0.00264066201382
2010-07-08,0.00524974955433
2010-07-09,-0.0061529712564
2010-07-12,0.00148969488654
2010-07-13,-0.0010771057276
2010-07-14,0.00203692972936
2010-07-15,0.00638835385164
2010-07-16,0.000687452499563
2010-07-19,-0.000340007461854
2010-07-20,0.000801580757714
2010-07-21,0.00415674681244
2010-07-22,0.00151723807788
2010-07-23,-0.00059404563781
2010-07-26,0.00186021012755
2010-07-27,-0.00321383650764
2010-07-28,0.00973430045104
2010-07-29,0.00330376816509
2010-07-30,0.00308346952802
2010-08-02,0.00699098034351
2010-08-03,-0.0116452689439
2010-08-04,-0.00152235653103
2010-08-05,2.48206673903e-05
2010-08-06,-0.00479293601658
2010-08-09,-0.0016348689558
2010-08-10,-0.00139202030951
2010-08-11,0.00317498187103
2010-08-12,0.000747584785094
2010-08-13,-0.00125024713879
2010-08-16,0.000587143978482
2010-08-17,-0.00158452433841
2010-08-18,0.00951442189093
2010-08-19,-0.00320307759149
2010-08-20,0.00139541888066
2010-08-23,0.00381822472805
2010-08-24,-0.00173358533907
2010-08-25,0.00278497710513
2010-08-26,-0.00164625859663
2010-08-27,-0.002217705016
2010-08-30,-0.000571185539614
2010-08-31,-0.00194487596045
2010-09-01,0.000969660449005
2010-09-02,-0.00171755173419
2010-09-03,0.00568519088789
2010-09-07,-0.00694044828387
2010-09-08,-0.00992116010337
2010-09-09,0.00184747924525
2010-09-10,0.000671092054102
2010-09-13,0.00212506893561
2010-09-14,0.00936220794652
2010-09-15,0.0112433058872
2010-09-16,0.00219295415897
2010-09-17,0.00767784636606
2010-09-20,0.000639793887779
2010-09-21,-0.000164695108385
2010-09-22,-0.000282101876462
2010-09-23,-0.00107057223446
2010-09-24,5.95746824799e-05
2010-09-27,0.00157601845756
2010-09-28,-0.00253050076862
2010-09-29,-0.00618694109979
2010-09-30,0.00637141831183
2010-10-01,0.00396509014865
2010-10-04,0.0068175634105
2010-10-05,-0.00297090596808
2010-10-06,0.00301056275035
2010-10-07,0.00283539729517
2010-10-08,0.000205944071128
2010-10-11,-0.000731212248828
2010-10-12,0.00503138917239
2010-10-13,0.00351026643428
2010-10-14,0.0045921203319
2010-10-15,-0.00499371128789
2010-10-18,0.00311775781735
2010-10-19,0.00325476777586
2010-10-20,0.00839475795266
2010-10-21,0.0043764416912
2010-10-22,-0.00091302706453
2010-10-25,0.00549993390076
2010-10-26,-0.00780861633651
2010-10-27,0.00257688579662
2010-10-28,-0.0117182452337
2010-10-29,0.00313188553743
2010-11-01,0.00618372258227
2010-11-02,0.00707175962032
2010-11-03,0.00176555773461
2010-11-04,-0.00244336220091
2010-11-05,-0.0114507504088
2010-11-08,0.00214983153353
2010-11-09,-0.00131774338568
2010-11-10,0.00821660295714
2010-11-11,-0.00108282122867
2010-11-12,-0.00172662871441
2010-11-15,-0.0035175049301
2010-11-16,0.000914298350703
2010-11-17,-0.00118205391777
2010-11-18,0.00486863662188
2010-11-19,-0.00178059266466
2010-11-22,0.0070002710982
2010-11-23,-0.00940489839308
2010-11-24,-0.00382980566362
2010-11-26,-0.00113712020617
2010-11-29,0.00512633272246
2010-11-30,-0.00573020442408
2010-12-01,0.00352935727384
2010-12-02,0.00341727740981
2010-12-03,0.00370110723871
2010-12-06,-0.00449854544773
2010-12-07,0.00271149820332
2010-12-08,0.00893414672239
2010-12-09,0.00844878698217
2010-12-10,-0.00174712168464
2010-12-13,0.000898085112745
2010-12-14,-0.00345653994065
2010-12-15,-0.00400812763091
2010-12-16,-0.00135627768662
2010-12-17,0.00308414808288
2010-12-20,0.000823146017932
2010-12-21,-0.00782676105168
2010-12-22,0.00373774472569
2010-12-23,0.00325347077743
2010-12-27,-0.000665498680021
2010-12-28,-0.000735554814487
2010-12-29,0.00192225130832
2010-12-30,-0.00197299253767
2010-12-31,0.00190910444054
2011-01-03,-0.000273741754349
2011-01-04,-0.00514218065047
2011-01-05,0.00274663194737
2011-01-06,0.0024890290669
2011-01-07,-0.00134471653519
2011-01-10,0.00404037082716
2011-01-11,-0.0010003808872
2011-01-12,0.00184057012139
2011-01-13,0.000308413519712
2011-01-14,0.00826331826643
2011-01-18,-0.000535598240129
2011-01-19,0.00130311017099
2011-01-20,-0.000609496559477
2011-01-21,-0.00117133042603
2011-01-24,-0.000923280826719
2011-01-25,0.000226455571248
2011-01-26,0.00923062846136
2011-01-27,-0.00958811227876
2011-01-28,-0.00844536766177
2011-01-31,0.00457202228727
2011-02-01,0.0042436210201
2011-02-02,-0.00310695714987
2011-02-03,0.00657528768353
2011-02-04,0.0131718912938
2011-02-07,-0.00061039546507
2011-02-08,0.000257014593216
2011-02-09,0.00313624484912
2011-02-10,0.00121049062896
2011-02-11,0.00122263622585
2011-02-14,-0.00606302696522
2011-02-15,0.00113103142911
2011-02-16,-0.0113316924767
2011-02-17,0.000626633344635
2011-02-18,-0.00440259537524
2011-02-22,0.00181612316095
2011-02-23,0.00207439277346
2011-02-24,-0.00188024744373
2011-02-25,-0.00365787267392
2011-02-28,-0.00201997293735
2011-03-01,0.00667486036418
2011-03-02,-0.00223427744225
2011-03-03,-0.00322076218761
2011-03-04,-0.000314625157288
2011-03-07,0.00717128262696
2011-03-08,-0.00106802563602
2011-03-09,0.00502845878956
2011-03-10,-0.00114694190176
2011-03-11,0.00351653243167
2011-03-14,0.0101929851219
2011-03-15,-0.000575876975539
2011-03-16,-0.00109303466797
2011-03-17,0.00267856537122
2011-03-18,-0.00506049305092
2011-03-21,0.00604260044892
2011-03-22,0.00657825851417
2011-03-23,-0.00280715100597
2011-03-24,-0.00104619181763
2011-03-25,-0.00433564096421
2011-03-28,0.00163802794665
2011-03-29,-0.00377072917344
2011-03-30,0.00044681003743
2011-03-31,0.00103428703883
2011-04-01,-0.000924627993216
2011-04-04,-0.00678028258236
2011-04-05,0.00386806767855
2011-04-06,0.0010533924628
2011-04-07,-0.00654990516164
2011-04-08,-0.0114393238087
2011-04-11,0.00195558275354
2011-04-12,-0.00175018306237
2011-04-13,-0.00129391744823
2011-04-14,-0.00129302025461
2011-04-15,-0.00440052178077
2011-04-18,-0.00364396930047
2011-04-19,-0.00272884105455
2011-04-20,0.00939804220748
2011-04-21,-0.00271390625673
2011-04-25,0.00352452510678
2011-04-26,-0.00513879355273
2011-04-27,-0.00463115267137
2011-04-28,-0.000409307047211
2011-04-29,0.00631985493232
2011-05-02,0.000261899432143
2011-05-03,-0.000195635113168
2011-05-04,0.000725143207189
2011-05-05,0.00213373020428
2011-05-06,0.00104362255015
2011-05-09,-0.00186171278639
2011-05-10,-0.00268307539305
2011-05-11,-0.00434897722016
2011-05-12,-0.00304345327436
2011-05-13,0.00379316464655
2011-05-16,-0.0118966599919
2011-05-17,-0.00370183047053
2011-05-18,0.00381985164169
2011-05-19,-0.00146277403048
2011-05-20,0.00171953383468
2011-05-23,0.00186996257061
2011-05-24,0.00656173337519
2011-05-25,-0.000506368216944
2011-05-26,0.00105741506277
2011-05-27,0.00392456269104
2011-05-31,0.00578629402189
2011-06-01,0.00243906724052
2011-06-02,0.00127106948372
2011-06-03,0.000547752398145
2011-06-06,0.00581990774617
2011-06-07,0.00493899778065
2011-06-08,-0.00790877118558
2011-06-09,0.00327101033823
2011-06-10,0.0042721298633
2011-06-13,0.00110959300798
2011-06-14,0.00212823776022
2011-06-15,-0.00313929138612
2011-06-16,0.00154930892377
2011-06-17,-0.00463229447744
2011-06-20,0.00281052937634
2011-06-21,0.00319279787465
2011-06-22,0.00840527749255
2011-06-23,0.00133917347167
2011-06-24,-0.00420861097297
2011-06-27,0.00236508313815
2011-06-28,-0.000909496863929
2011-06-29,0.00718253549523
2011-06-30,-0.00248180089929
2011-07-01,0.00199838483954
2011-07-05,-0.000463143274555
2011-07-06,-0.00275976895576
2011-07-07,-0.00350949487039
2011-07-08,-0.00475596290919
2011-07-11,-0.00235759489837
2011-07-12,-0.00241587579127
2011-07-13,-0.0019493235018
2011-07-14,-0.000624878490925
2011-07-15,-0.00539618626245
2011-07-18,-0.00197796998972
2011-07-19,0.00188480392016
2011-07-20,-0.000192721786895
2011-07-21,0.00573657784403
2011-07-22,0.0101727957774
2011-07-25,-0.00527228851862
2011-07-26,-0.000128733160032
2011-07-27,-0.00499839692525
2011-07-28,-0.010324733069
2011-07-29,0.00953251573467
2011-08-01,-0.00544601439495
2011-08-02,-0.000425436290599
2011-08-03,0.0051294454688
2011-08-04,0.00520857219339
2011-08-05,-0.00314210273292
2011-08-08,-0.00916156278722
2011-08-09,0.016702290568
2011-08-10,-0.00112409646717
2011-08-11,0.0111402448777
2011-08-12,0.00385511084327
2011-08-15,0.017500825957
2011-08-16,0.00738097483469
2011-08-17,-0.000888810837696
2011-08-18,-0.00309877232269
2011-08-19,0.00215458876172
2011-08-22,0.00679319227725
2011-08-23,0.000510360329117
2011-08-24,0.00157333223393
2011-08-25,0.000199917785701
2011-08-26,0.00105149929117
2011-08-29,0.0100792381494
2011-08-30,-0.000815494578952
2011-08-31,0.00327641238129
2011-09-01,-0.00166948535026
2011-09-02,0.00326098459726
2011-09-06,-0.0132099153788
2011-09-07,0.00033449424267
2011-09-08,-0.00669598370131
2011-09-09,0.00963024794852
2011-09-12,-0.000833332281868
2011-09-13,-0.00109360513782
2011-09-14,0.000187066195041
2011-09-15,0.0100117609149
2011-09-16,0.00132886054722
2011-09-19,-0.0102371928399
2011-09-20,-0.000964066653165
2011-09-21,-0.0133748995099
2011-09-22,-0.00359065990455
2011-09-23,-0.00351992727728
2011-09-26,0.0137281284049
2011-09-27,0.0087769845811
2011-09-28,-0.00163099492152
2011-09-29,0.00470148710371
2011-09-30,-0.0132509969348
2011-10-03,0.000857316999671
2011-10-04,0.0139918081568
2011-10-05,0.0044055205616
2011-10-06,0.0230415337305
2011-10-07,-0.01627801809
2011-10-10,0.00194203560477
2011-10-11,0.00354666390709
2011-10-12,0.00372608549479
2011-10-13,0.00140733600977
2011-10-14,0.00723526853527
2011-10-17,0.00165161316127
2011-10-18,0.00303525829674
2011-10-19,-0.00462267848829
2011-10-20,0.00421181673735
2011-10-21,-0.00386078181909
2011-10-24,0.00501099716854
2011-10-25,-0.00366072083543
2011-10-26,-0.0163120347577
2011-10-27,0.00822347834276
2011-10-28,0.0105942186852
2011-10-31,-0.0059258657652
2011-11-01,0.00421250457389
2011-11-02,0.00109585145028
2011-11-03,0.0011118078318
2011-11-04,-0.00578171039076
2011-11-07,0.000561890976692
2011-11-08,0.00743438364263
2011-11-09,0.00380107915052
2011-11-10,-0.0100812636695
2011-11-11,-0.00245848401767
2011-11-14,-0.00154904540497
2011-11-15,0.000999856406546
2011-11-16,-0.00579847869111
2011-11-17,-0.00152602064273
2011-11-18,-0.00137734276992
2011-11-21,0.00576163610257
2011-11-22,-0.000323983481816
2011-11-23,0.00794617639576
2011-11-25,0.00153291586525
2011-11-28,-0.00247164657298
2011-11-29,-0.00142635347696
2011-11-30,0.0147153048729
2011-12-01,0.00210135149157
2011-12-02,0.00156839909133
2011-12-05,0.00256154435994
2011-12-06,0.00186952117787
2011-12-07,-0.00880793825671
2011-12-08,0.00312438264905
2011-12-09,0.000452266677179
2011-12-12,-0.00515439776072
2011-12-13,0.00365780050359
2011-12-14,-0.000711755046875
2011-12-15,-0.00441955558826
2011-12-16,-0.00734280065927
2011-12-19,-0.00040677329907
2011-12-20,-0.00420469908601
2011-12-21,-0.00303793087875
2011-12-22,-0.0108634228365
2011-12-23,0.000201546504142
2011-12-27,0.0011262477893
2011-12-28,-0.000275494074737
2011-12-29,-0.000953097822892
2011-12-30,0.00334395936865
2012-01-03,0.0054446229342
2012-01-04,0.0050066236322
2012-01-05,0.00159311663969
2012-01-06,-0.00466108241268
2012-01-09,-0.00365097459821
2012-01-10,0.000714641521346
2012-01-11,0.00535198393395
2012-01-12,0.00192332275999
2012-01-13,0.00628548772313
2012-01-17,-0.00373515559747
2012-01-18,-0.00064947907506
2012-01-19,0.00304223729738
2012-01-20,0.0065925240399
2012-01-23,0.00160693702189
2012-01-24,0.000360722934168
2012-01-25,-0.00496037503506
2012-01-26,-0.00486353620021
2012-01-27,0.00226653290552
2012-01-30,-0.0041760127802
2012-01-31,-0.00480341858939
2012-02-01,-0.00419266311089
2012-02-02,-0.00263229828194
2012-02-03,0.00172901525457
2012-02-06,0.000427546879804
2012-02-07,0.00393627048927
2012-02-08,-0.000491943204196
2012-02-09,-0.00229118545401
2012-02-10,-0.0022569050728
2012-02-13,0.00464531568161
2012-02-14,-0.000908295030813
2012-02-15,-0.00853256805681
2012-02-16,0.00212822374581
2012-02-17,0.00634133449427
2012-02-21,-8.3772129273e-05
2012-02-22,0.00284673834366
2012-02-23,-0.00403072025394
2012-02-24,0.0013978466004
2012-02-27,0.00544913091099
2012-02-28,-0.00494316078588
2012-02-29,0.00348126069198
2012-03-01,-0.000208762368847
2012-03-02,0.00204117480145
2012-03-05,-0.00292127370391
2012-03-06,-5.97784311833e-05
2012-03-07,-0.00497619643176
2012-03-08,0.00330482999463
2012-03-09,-0.00861843866754
2012-03-12,-0.00305837276639
2012-03-13,0.00653814172417
2012-03-14,-0.00257501638305
2012-03-15,0.00462443061593
2012-03-16,0.00878015281653
2012-03-19,-0.00160515371448
2012-03-20,-0.000165679204917
2012-03-21,-0.00665388339126
2012-03-22,-0.00340449078062
2012-03-23,0.00417309422117
2012-03-26,0.00306636631798
2012-03-27,-0.00323013092117
2012-03-28,-0.00578789261828
2012-03-29,0.00839908566671
2012-03-30,-0.000593664259856
2012-04-02,0.0106525713516
2012-04-03,0.00143567017415
2012-04-04,-0.00161646407305
2012-04-05,0.00391133634824
2012-04-09,0.00649667976477
2012-04-10,-0.00179473714045
2012-04-11,-0.00638049245138
2012-04-12,0.00559562031752
2012-04-13,0.00358852959762
2012-04-16,0.000613712591603
2012-04-17,0.00262050193458
2012-04-18,-0.00444118333682
2012-04-19,-0.00671285047365
2012-04-20,0.00501349668069
2012-04-23,0.0017912616649
2012-04-24,0.00724504132451
2012-04-25,-0.00797232181937
2012-04-26,0.00147590537283
2012-04-27,-0.00629719818891
2012-04-30,-0.0025225790495
2012-05-01,-0.00120009854239
2012-05-02,-0.00641117561027
2012-05-03,-0.00934417772706
2012-05-04,-0.00402404602697
2012-05-07,-0.00819736908315
2012-05-08,0.0047053947469
2012-05-09,-0.00129738782377
2012-05-10,-0.00484175154374
2012-05-11,-0.000664510288233
2012-05-14,0.00054704828105
2012-05-15,0.00245523569238
2012-05-16,0.00100456584123
2012-05-17,0.000656030768774
2012-05-18,0.00872670808898
2012-05-21,-0.00554264301733
2012-05-22,0.00287849619231
2012-05-23,0.000971363894426
2012-05-24,-0.00150541377653
2012-05-25,0.00070349316251
2012-05-29,0.000256510345766
2012-05-30,-0.000148901012755
2012-05-31,-0.0054194190283
2012-06-01,-0.0037718138939
2012-06-04,0.00807108368126
2012-06-05,-0.000950636918769
2012-06-06,0.00444057968234
2012-06-07,0.00529291490888
2012-06-08,0.00512569563679
2012-06-11,-0.00119211796754
2012-06-12,0.00387584998988
2012-06-13,0.00383893092036
2012-06-14,0.00103733854904
2012-06-15,0.00343329928957
2012-06-18,-0.00508038890143
2012-06-19,1.74031688061e-05
2012-06-20,0.00292174612081
2012-06-21,-0.00496991406945
2012-06-22,-0.000601127905619
2012-06-25,-0.00882269650656
2012-06-26,-0.000827909678666
2012-06-27,-0.0102099015721
2012-06-28,-0.00905544499339
2012-06-29,-0.00817665375964
2012-07-02,-0.00288835458887
2012-07-03,0.000558622236502
2012-07-05,0.00225990384524
2012-07-06,-0.00360324698478
2012-07-09,-0.000163895852301
2012-07-10,0.0010438246594
2012-07-11,0.0012974182992
2012-07-12,-0.0060760543294
2012-07-13,-0.004511470486
2012-07-16,-0.000654019554563
2012-07-17,-0.00155389019314
2012-07-18,0.0114355311172
2012-07-19,0.0164314743756
2012-07-20,-0.00947924073787
2012-07-23,-0.00557585517283
2012-07-24,0.00187418437295
2012-07-25,0.011747001069
2012-07-26,-0.0107349725416
2012-07-27,-0.00575779346633
2012-07-30,0.0027464883013
2012-07-31,0.000401383171976
2012-08-01,0.00174546918822
2012-08-02,-0.00959748609977
2012-08-03,0.00114134933487
2012-08-06,0.00134487735235
2012-08-07,0.000454826647675
2012-08-08,-0.00311399272613
2012-08-09,-0.0065056477734
2012-08-10,0.00101711821459
2012-08-13,0.00100449755639
2012-08-14,0.00541905445832
2012-08-15,0.0037292712233
2012-08-16,0.00391634228838
2012-08-17,-0.00472093427565
2012-08-20,0.0016230035962
2012-08-21,-0.00361284576376
2012-08-22,0.00108877585918
2012-08-23,-0.00165418237898
2012-08-24,0.00163229278535
2012-08-27,-0.00289067450604
2012-08-28,0.00208266761401
2012-08-29,0.000124818021309
2012-08-30,0.00296658572552
2012-08-31,-0.000754897384967
2012-09-04,-0.0109790514073
2012-09-05,-0.000228740969083
2012-09-06,0.00428625520036
2012-09-07,-0.00535056871878
2012-09-10,0.00618472894377
2012-09-11,-0.000924783110555
2012-09-12,-0.00567534366475
2012-09-13,-0.0026946028151
2012-09-14,-0.00131612491652
2012-09-17,-0.00477944804053
2012-09-18,-0.00105869258436
2012-09-19,-0.00491934212333
2012-09-20,-0.00663183012757
2012-09-21,-0.00152137127624
2012-09-24,0.00445206652523
2012-09-25,-0.000918357610772
2012-09-26,-0.00115945047861
2012-09-27,0.00504270680142
2012-09-28,-0.00731683437753
2012-10-01,-0.00059279953647
2012-10-02,0.00603903660232
2012-10-03,-0.00164548009027
2012-10-04,0.0055170625626
2012-10-05,-0.00260274056667
2012-10-08,-0.00861290930241
2012-10-09,-0.00138838046218
2012-10-10,-0.00301529462511
2012-10-11,-0.00875103854448
2012-10-12,-0.00225206773672
2012-10-15,-0.00532603349834
2012-10-16,-0.00504741191346
2012-10-17,-0.00685137724582
2012-10-18,-0.00383141453285
2012-10-19,-0.00603451484483
2012-10-22,-0.00165778207368
2012-10-23,0.00272705968641
2012-10-24,-0.00134594865199
2012-10-25,0.00297845739483
2012-10-26,-0.00372315344712
2012-10-31,-0.00316039467458
2012-11-01,-0.0109811769728
2012-11-02,0.0044242444281
2012-11-05,0.000365410570256
2012-11-06,8.02234264715e-05
2012-11-07,0.00276028649069
2012-11-08,-0.00666070794432
2012-11-09,0.00363456667797
2012-11-12,0.00144211186898
2012-11-13,-0.00257590468416
2012-11-14,0.00320912705478
2012-11-15,0.00046935506245
2012-11-16,0.00350155759675
2012-11-19,0.0103588401932
2012-11-20,-0.0063496362302
2012-11-21,-0.000176849986543
2012-11-23,0.00148734129563
2012-11-26,0.00649684588855
2012-11-27,0.00337793237222
2012-11-28,0.0111394204893
2012-11-29,0.00620599851318
2012-11-30,-0.000117948545627
2012-12-03,-0.00290527570383
2012-12-04,-0.00933261933545
2012-12-05,0.00793254329105
2012-12-06,-0.00086636838625
2012-12-07,-0.00164592453378
2012-12-10,0.000368566644296
2012-12-11,0.00487363344295
2012-12-12,0.0085870358448
2012-12-13,0.0036467409267
2012-12-14,0.000439310764568
2012-12-17,0.000837348272316
2012-12-18,0.00276014185487
2012-12-19,0.0026169652259
2012-12-20,-0.00645481885376
2012-12-21,-0.00220211373996
2012-12-24,0.00348249792654
2012-12-26,0.000636078224231
2012-12-27,0.000463375977891
2012-12-28,-0.00130813349222
2012-12-31,-0.00181826503444
2013-01-02,0.00222205133369
2013-01-03,-0.000312552221054
2013-01-04,0.00712247995086
2013-01-07,-0.00270720662995
2013-01-08,-0.00643435699564
2013-01-09,0.000260346071626
2013-01-10,0.00228158117954
2013-01-11,-0.00160490808623
2013-01-14,0.00287996775294
2013-01-15,-0.00141550950774
2013-01-16,0.00104134694477
2013-01-17,0.000285164879008
2013-01-18,-0.0037013211275
2013-01-22,0.00233664255541
2013-01-23,0.0069359165474
2013-01-24,0.00509563927712
2013-01-25,-0.00767853866924
2013-01-28,0.00119454436753
2013-01-29,0.00150737027846
2013-01-30,0.000630432496275
2013-01-31,0.000199768812621
2013-02-01,0.00117753377668
2013-02-04,-0.00087803437918
2013-02-05,-0.00204308146992
2013-02-06,-0.000131814355296
2013-02-07,-0.00133781561406
2013-02-08,0.00279899395361
2013-02-11,0.0011101059169
2013-02-12,-0.00143788074299
2013-02-13,0.00680352376441
2013-02-14,-0.00384440183203
2013-02-15,0.0030549326309
2013-02-19,-0.00420225671549
2013-02-20,0.00593575447259
2013-02-21,0.00728841503922
2013-02-22,0.000608856110798
2013-02-25,-0.0025474522385
2013-02-26,-0.00748920877836
2013-02-27,0.00830235855908
2013-02-28,-0.00394267741259
2013-03-01,-0.00301812479287
2013-03-04,-0.00364241840729
2013-03-05,-1.42656973123e-05
2013-03-06,0.00615494109831
2013-03-07,0.00180131040866
2013-03-08,-0.00353278923921
2013-03-11,-0.00218280422181
2013-03-12,-0.00175245961473
2013-03-13,-0.00340572955122
2013-03-14,-0.00473668962216
2013-03-15,0.000600850450186
2013-03-18,0.00160602161055
2013-03-19,-0.00684546232485
2013-03-20,0.000239418574069
2013-03-21,0.00257782809287
2013-03-22,0.000592644673614
2013-03-25,-0.00166421956087
2013-03-26,-0.000783447438606
2013-03-27,0.00132788901696
2013-03-28,-0.00462773220738
2013-04-01,-0.00568516281738
2013-04-02,-0.00258167743161
2013-04-03,-0.00117839812794
2013-04-04,-0.00335015676261
2013-04-05,-0.000754645596471
2013-04-08,-0.00130854260233
2013-04-09,-0.00517364472578
2013-04-10,0.00351853963345
2013-04-11,-0.00810439171342
2013-04-12,-0.00277407748984
2013-04-15,0.00461058695918
2013-04-16,-0.00478649596707
2013-04-17,-0.00487296541164
2013-04-18,1.7568949514e-05
2013-04-19,-0.00877801892217
2013-04-22,-0.000467421387388
2013-04-23,0.00258159577403
2013-04-24,0.0128754071017
2013-04-25,-1.50267308268e-05
2013-04-26,-0.00317968529481
2013-04-29,0.00318605023921
2013-04-30,0.000964348142801
2013-05-01,0.00389169314348
2013-05-02,-0.00181585151471
2013-05-03,0.00695932049957
2013-05-06,0.00531140099706
2013-05-07,0.00731056889463
2013-05-08,0.00460588280137
2013-05-09,0.00326834462325
2013-05-10,0.00450201336817
2013-05-13,-0.00072174432026
2013-05-14,0.000805799833636
2013-05-15,-0.00150310577526
2013-05-16,0.0150057021598
2013-05-17,-0.00754539680964
2013-05-20,-0.000201491152232
2013-05-21,-0.00241683552704
2013-05-22,0.00407684515941
2013-05-23,0.0150122015479
2013-05-24,-0.0115713159736
2013-05-28,-0.00865413800794
2013-05-29,0.00883900310755
2013-05-30,0.00446836350283
2013-05-31,0.00168433489396
2013-06-03,-0.00217992479324
2013-06-04,0.00349988535955
2013-06-05,-0.000694635222349
2013-06-06,0.0144790062099
2013-06-07,0.00217944696925
2013-06-10,-0.00827085304311
2013-06-11,0.000728141726649
2013-06-12,-0.00233761864698
2013-06-13,0.00027797449418
2013-06-14,-0.00459406998799
2013-06-17,0.00135686704748
2013-06-18,0.00520430825925
2013-06-19,-0.0052082480743
2013-06-20,-0.00378278440523
2013-06-21,0.000438321085524
2013-06-24,-0.00148118880342
2013-06-25,0.0055409817186
2013-06-26,-0.000485532386509
2013-06-27,0.0063073267362
2013-06-28,0.00126124548612
2013-07-01,-0.00441305866877
2013-07-02,0.00578107088388
2013-07-03,-0.00137029619441
2013-07-05,0.000359503026676
2013-07-08,-0.00187728683284
2013-07-09,0.0104760457212
2013-07-10,0.000278691863263
2013-07-11,0.00510711717978
2013-07-12,0.000466516358902
2013-07-15,0.00169388333541
2013-07-16,-0.000697024374721
2013-07-17,0.00193854147404
2013-07-18,0.00421894330642
2013-07-19,0.00132777081862
2013-07-22,-0.00131285341619
2013-07-23,0.00225172410681
2013-07-24,-0.00196713008621
2013-07-25,-0.00160446539232
2013-07-26,-0.000410886263045
2013-07-29,-0.0024265187751
2013-07-30,0.00259504749111
2013-07-31,0.00388077493413
2013-08-01,-0.00173615753695
2013-08-02,0.00249127811046
2013-08-05,-0.00107386339651
2013-08-06,0.00494300649936
2013-08-07,0.000532853097625
2013-08-08,-0.0016600327172
2013-08-09,-0.000546489195508
2013-08-12,-0.00703990480385
2013-08-13,0.00445928708494
2013-08-14,0.0044849723352
2013-08-15,0.00434888466342
2013-08-16,0.00181141253382
2013-08-19,-0.00176418471608
2013-08-20,0.00248264946325
2013-08-21,-0.00273300226039
2013-08-22,-0.00853873817892
2013-08-23,-0.00330247567228
2013-08-26,0.000588223530665
2013-08-27,0.000983791209806
2013-08-28,-0.00819598830871
2013-08-29,0.00177141924458
2013-08-30,0.00396527675013
2013-09-03,-0.00111780480589
2013-09-04,0.00563339730969
2013-09-05,0.00611807466129
2013-09-06,0.00459948880026
2013-09-09,0.00852648484497
2013-09-10,-0.00501167537241
2013-09-11,-0.00166194683635
2013-09-12,0.00507880937143
2013-09-13,-0.00326247460871
2013-09-16,-0.00477699580291
2013-09-17,-0.000254848105158
2013-09-18,0.0133146639308
2013-09-19,-0.00376526162813
2013-09-20,-0.000808730488697
2013-09-23,0.00342403266166
2013-09-24,-0.00101256846489
2013-09-25,-0.00695418960545
2013-09-26,-0.00329628123809
2013-09-27,0.00173506239872
2013-09-30,0.00278638305336
2013-10-01,-0.00134492855742
2013-10-02,0.00086097626367
2013-10-03,-0.00605769787499
2013-10-04,-0.00851228261538
2013-10-07,0.00624153890332
2013-10-08,0.00471353341373
2013-10-09,0.000424510408962
2013-10-10,0.00126018552793
2013-10-11,0.00401932174012
2013-10-14,-0.00181210571238
2013-10-15,0.00106622171374
2013-10-16,-0.0140007886799
2013-10-17,-0.00421423656494
2013-10-18,0.00336247096009
2013-10-21,0.00304463882245
2013-10-22,-0.000467505252466
2013-10-23,-0.00740291700086
2013-10-24,0.00806397144864
2013-10-25,0.00406754898307
2013-10-28,0.000357413021335
2013-10-29,-0.000479142926141
2013-10-30,5.23041579642e-05
2013-10-31,0.00543246756298
2013-11-01,-0.00700622231802
2013-11-04,0.00416813522836
2013-11-05,0.00170754773288
2013-11-06,0.00646481799128
2013-11-07,0.00270908711238
2013-11-08,-0.0034743406001
2013-11-11,-0.00255904112475
2013-11-12,0.00818568023902
2013-11-13,0.000925236131623
2013-11-14,-0.00579789094713
2013-11-15,-0.00217242517472
2013-11-18,-0.000439145620665
2013-11-19,7.09055560385e-05
2013-11-20,-0.00315507153676
2013-11-21,0.00174288674991
2013-11-22,0.00249664247806
2013-11-25,-0.00139212584042
2013-11-26,0.00114870161119
2013-11-27,-0.00450931164294
2013-11-29,-0.000121304291539
2013-12-02,-0.000231053623987
2013-12-03,0.00207371152039
2013-12-04,0.00619528603478
2013-12-05,0.0051040032177
2013-12-06,0.00329617054957
2013-12-09,-0.00784295727743
2013-12-10,-0.00230698256243
2013-12-11,0.0023889460063
2013-12-12,0.00242714244221
2013-12-13,0.00622479696602
2013-12-16,-0.00642379525504
2013-12-17,-0.00419123316565
2013-12-18,-0.00712336356565
2013-12-19,0.00171807888231
2013-12-20,0.0023144942151
2013-12-23,-0.00481367160089
2013-12-24,0.00185250286062
2013-12-26,-0.00266121121662
2013-12-27,-0.000205457460072
2013-12-30,0.00251531806715
2013-12-31,0.00334273053257
2014-01-02,0.00232457092566
2014-01-03,0.00342159654156
2014-01-06,-0.0058105720631
2014-01-07,-0.000291438136838
2014-01-08,-0.000332276866027
2014-01-09,0.00474384867689
2014-01-10,-0.00650503456247
2014-01-13,0.000555767425909
2014-01-14,-0.0021810632349
2014-01-15,-0.00275348220667
2014-01-16,-0.00943841690663
2014-01-17,-0.00077572179856
2014-01-21,-0.00750791244277
2014-01-22,-0.000396900212283
2014-01-23,0.00322913983306
2014-01-24,0.00227361376398
2014-01-27,0.00787680295155
2014-01-28,0.0088007439051
2014-01-29,0.00186114051645
2014-01-30,-0.000124909017625
2014-01-31,0.000180089160615
2014-02-03,0.00261380703941
2014-02-04,0.00197070493709
2014-02-05,-0.00330402422063
2014-02-06,-0.00674231952934
2014-02-07,0.00859994759824
2014-02-10,-0.000849825894731
2014-02-11,0.00530308079422
2014-02-12,-0.00390002429253
2014-02-13,-0.0101841902935
2014-02-14,-0.00286996625759
2014-02-18,-0.00308317932001
2014-02-19,-0.00290668097416
2014-02-20,-0.000199534557335
2014-02-21,0.00465989967012
2014-02-24,0.00470686596551
2014-02-25,-0.0022019190866
2014-02-26,0.00115725817053
2014-02-27,-0.000348589419598
2014-02-28,-0.00800568779095
2014-03-03,0.00551999977158
2014-03-04,0.00602083749179
2014-03-05,0.00629697037557
2014-03-06,0.00879210455769
2014-03-07,-0.00144316952012
2014-03-10,0.00341853305972
2014-03-11,0.00135605750605
2014-03-12,0.00435875821256
2014-03-13,0.00168506365016
2014-03-14,0.00295473057784
2014-03-17,0.00204504263103
2014-03-18,0.007725057173
2014-03-19,0.00430931450531
2014-03-20,-0.00557311733714
2014-03-21,-0.00612048646571
2014-03-24,0.00200011228961
2014-03-25,0.00505516352069
2014-03-26,0.00864065310001
2014-03-27,-0.00633600459809
2014-03-28,0.00543628317838
2014-03-31,0.00503876215484
2014-04-01,0.00404301992938
2014-04-02,-0.00548026079552
2014-04-03,-0.00869296701405
2014-04-04,7.57710422066e-05
2014-04-07,-0.00237410254454
2014-04-08,-8.65712252258e-05
2014-04-09,0.0142191050537
2014-04-10,0.00313102490138
2014-04-11,-0.000389070233873
2014-04-14,-0.00073390095711
2014-04-15,0.00397181804447
2014-04-16,-6.30837434189e-05
2014-04-17,-0.00122893366878
2014-04-21,0.00366099210176
2014-04-22,0.00524588234947
2014-04-23,0.00368491288728
2014-04-24,-0.00102545259853
2014-04-25,0.00420076948124
2014-04-28,0.00124741433362
2014-04-29,0.006881190473
2014-04-30,-0.0011675706624
2014-05-01,0.0025711022571
2014-05-02,0.00981636739023
2014-05-05,-0.00102921332171
2014-05-06,0.00238075861401
2014-05-07,0.000386869739874
2014-05-08,-0.000282980215816
2014-05-09,-0.0046761246976
2014-05-12,0.00118192272634
2014-05-13,0.00178059919824
2014-05-14,0.00642597812241
2014-05-15,0.00579066074837
2014-05-16,0.000557886572902
2014-05-19,-0.00145850458425
2014-05-20,0.00116220864626
2014-05-21,-0.00535238013009
2014-05-22,-0.0020077321367
2014-05-23,-0.00231502491884
2014-05-27,0.0094616886197
2014-05-28,0.00012922624821
2014-05-29,0.000677487822614
2014-05-30,0.0047988270668
2014-06-02,0.000837234715352
2014-06-03,-0.00476784896302
2014-06-04,-0.000675400220757
2014-06-05,0.00574761964847
2014-06-06,-0.00176203816132
2014-06-09,0.00286624209299
2014-06-10,0.00203693357614
2014-06-11,0.00323444795252
2014-06-12,-7.52534803696e-05
2014-06-13,0.00647092075131
2014-06-16,-0.00183655038406
2014-06-17,0.000940507492774
2014-06-18,0.0027311868968
2014-06-19,0.00562333185082
2014-06-20,-0.00420354680787
2014-06-23,-0.00165320772212
2014-06-24,0.00620613149302
2014-06-25,-0.00389440245939
2014-06-26,0.00249685633801
2014-06-27,-0.00142733021766
2014-06-30,-0.00454442042924
2014-07-01,0.00522819833838
2014-07-02,0.00456277345595
2014-07-03,-0.00116064617923
2014-07-07,0.00391946041881
2014-07-08,-0.0011046000091
2014-07-09,-0.00120825254032
2014-07-10,0.00186076673635
2014-07-11,0.00214721006701
2014-07-14,0.00271005236934
2014-07-15,0.00279459979934
2014-07-16,-0.00451203985541
2014-07-17,0.0021689679191
2014-07-18,0.00215866886977
2014-07-21,0.00200501663008
2014-07-22,-0.000386633733055
2014-07-23,0.00728527127969
2014-07-24,-0.00209417779633
2014-07-25,-0.00101053520346
2014-07-28,0.000465637168736
2014-07-29,0.000248113511593
2014-07-30,0.00176859686257
2014-07-31,0.00330364818454
2014-08-01,0.00288166545179
2014-08-04,0.0015211447769
2014-08-05,0.00526123865551
2014-08-06,0.0152680745065
2014-08-07,0.00355187335161
2014-08-08,0.00464536478811
2014-08-11,0.00024030856936
2014-08-12,0.00180831398283
2014-08-13,0.0038906950103
2014-08-14,-0.00184887881718
2014-08-15,-0.00166495834576
2014-08-18,-0.000836128651999
2014-08-19,0.00176168624379
2014-08-20,-0.00220048544067
2014-08-21,0.00410688811033
2014-08-22,-0.00250645671393
2014-08-25,0.000333485069244
2014-08-26,0.000531182137044
2014-08-27,0.00170932638583
2014-08-28,-0.00119585988561
2014-08-29,-0.00173130973423
2014-09-02,-0.00100610775936
2014-09-03,-0.00236939104297
2014-09-04,5.81391537471e-05
2014-09-05,0.00138608259409
2014-09-08,0.0010689685245
2014-09-09,0.00307369554056
2014-09-10,0.00256498635583
2014-09-11,0.000973495798712
2014-09-12,-0.00391419545859
2014-09-15,-0.00212587111299
2014-09-16,-0.000505936135464
2014-09-17,-0.00142586179145
2014-09-18,0.00230081658571
2014-09-19,-0.00508153669867
2014-09-22,0.000865515226642
2014-09-23,0.00467277541078
2014-09-24,0.00129046717292
2014-09-25,0.000242560772643
2014-09-26,8.04995528393e-05
2014-09-29,-0.00606027214699
2014-09-30,0.00435525224871
2014-10-01,0.00211899264796
2014-10-02,0.00277898471516
2014-10-03,0.00387746803625
2014-10-06,0.00121948637572
2014-10-07,-0.00560316590657
2014-10-08,0.00955404571232
2014-10-09,-0.00604192350741
2014-10-10,0.00146622869065
2014-10-13,-0.0016906464709
2014-10-14,0.00774786893773
2014-10-15,0.000664710164681
2014-10-16,0.0166765862913
2014-10-17,0.00301386321772
2014-10-20,0.00494063018109
2014-10-21,-0.000434631477739
2014-10-22,0.00915355159605
2014-10-23,-0.00205869431539
2014-10-24,0.00125095798103
2014-10-27,-0.00437560022508
2014-10-28,0.00618892468165
2014-10-29,-0.00187129390614
2014-10-30,-0.00507453472774
2014-10-31,-0.00144077178617
2014-11-03,-0.00309498241264
2014-11-04,-0.0120815603083
2014-11-05,-0.00588669855243
2014-11-06,0.00949596877878
2014-11-07,0.0101734701806
2014-11-10,-0.00690496415269
2014-11-11,0.0025575032412
2014-11-12,-3.6604322188e-05
2014-11-13,-0.00177166550646
2014-11-14,0.00419114700057
2014-11-17,-0.00389159994349
2014-11-18,0.00166131783103
2014-11-19,-0.000804174093806
2014-11-20,0.0075333818449
2014-11-21,0.00380938689938
2014-11-24,-0.0048514288591
2014-11-25,0.00618076870144
2014-11-26,-0.00156426394911
2014-11-28,-0.00856733559049
2014-12-01,0.000570887905815
2014-12-02,0.00518067133296
2014-12-03,0.00172857998165
2014-12-04,-0.00529594920745
2014-12-05,0.00256936518873
2014-12-08,-0.00503026010366
2014-12-09,-0.00501308061459
2014-12-10,-0.000954013781449
2014-12-11,0.00511935462668
2014-12-12,0.0023594787897
2014-12-15,0.00199781633368
2014-12-16,0.00447037992285
2014-12-17,-0.00330909906261
2014-12-18,0.00972930974855
2014-12-19,0.00284435646841
2014-12-22,0.00334390574864
2014-12-23,0.00142788627833
2014-12-24,0.00404104948775
2014-12-26,0.00284081971913
2014-12-29,0.00409880286463
2014-12-30,0.000766922827418
2014-12-31,-0.00297637720217
2015-01-02,-0.00477075040078
2015-01-05,-0.000240704213995
2015-01-06,-0.0030132260978
2015-01-07,0.0118326474956
2015-01-08,0.00970352197891
2015-01-09,0.00124223106229
2015-01-12,-5.28963938225e-05
2015-01-13,-0.00198698723755
2015-01-14,-0.00169757427766
2015-01-15,-0.00689144237961
2015-01-16,0.000828740039371
2015-01-20,0.004030357944
2015-01-21,-0.0102684733392
2015-01-22,0.00430188979797
2015-01-23,0.00613988902578
2015-01-26,-0.00907628545088
2015-01-27,-0.00312101440693
2015-01-28,0.00315683753776
2015-01-29,0.00703539574501
2015-01-30,-0.0086094500065
2015-02-02,0.00377221152052
2015-02-03,0.00231263590507
2015-02-04,-0.00431103361096
2015-02-05,-0.00140144625675
2015-02-06,-0.00259622246644
2015-02-09,0.00296225837398
2015-02-10,0.00555612669872
2015-02-11,-0.00181157690745
2015-02-12,0.00572260501435
2015-02-13,0.0101452750649
2015-02-17,0.000943925071696
2015-02-18,-0.00010784037533
2015-02-19,0.00148198993052
2015-02-20,0.0054113188867
2015-02-23,0.00109371521536
2015-02-24,0.00463580702439
2015-02-25,0.0020642484716
2015-02-26,-0.00534906998293
2015-02-27,0.000917610850898
2015-03-02,0.00565625162298
2015-03-03,-0.00201621513132
2015-03-04,0.00216225508674
2015-03-05,0.00234758452911
2015-03-06,-0.00343543816526
2015-03-09,-0.00267807785124
2015-03-10,0.00115216653575
2015-03-11,0.0043759047771
2015-03-12,-0.00243483185563
2015-03-13,0.00474961743871
2015-03-16,-0.00432871110507
2015-03-17,-0.00102077094145
2015-03-18,0.00137087705097
2015-03-19,0.0044051814334
2015-03-20,0.00351159624438
2015-03-23,0.00132966101715
2015-03-24,0.00777150154633
2015-03-25,0.00520390645888
2015-03-26,0.00279328706705
2015-03-27,0.00172454995485
2015-03-30,-0.00074531042708
2015-03-31,-0.00595141283521
2015-04-01,0.0044941750979
2015-04-02,0.00726042246713
2015-04-06,0.00621728545094
2015-04-07,0.00293887318962
2015-04-08,-0.000609896607466
2015-04-09,0.00535348160093
2015-04-10,0.00427706949384
2015-04-13,-0.00261260866903
2015-04-14,-0.00128711859375
2015-04-15,-5.76141143851e-06
2015-04-16,0.00131236048149
2015-04-17,-0.00868195712284
2015-04-20,0.00330041850103
2015-04-21,0.00887553214855
2015-04-22,0.000144440314612
2015-04-23,0.00202432202849
2015-04-24,-0.00510127925829
2015-04-27,-0.00143449664778
2015-04-28,-0.000999599034961
2015-04-29,-0.00395587597165
2015-04-30,-0.00135164644665
2015-05-01,0.00239685472832
2015-05-04,0.00580888311847
2015-05-05,0.00652350120321
2015-05-06,0.00486819823527
2015-05-07,0.00281644093814
2015-05-08,-0.000887211664103
2015-05-11,0.00421451152763
2015-05-12,0.00672962701458
2015-05-13,0.00295510590464
2015-05-14,-0.00103761014746
2015-05-15,0.00769821030486
2015-05-18,0.00106818053729
2015-05-19,0.000545235818392
2015-05-20,0.00345659178014
2015-05-21,0.00108121807129
2015-05-22,0.00239553973068
2015-05-26,0.00485533215513
2015-05-27,-0.00151673123276
2015-05-28,0.00392460624969
2015-05-29,-0.00097515593228
2015-06-01,0.000475285757837
2015-06-02,0.00195986530486
2015-06-03,-0.00452268857139
2015-06-04,-0.000372792934632
2015-06-05,-0.00569767249926
2015-06-08,0.00238494765162
2015-06-09,0.00101703302576
2015-06-10,-0.00180698129269
2015-06-11,0.00127815905121
2015-06-12,-9.81771111166e-05
2015-06-15,-8.71639280486e-05
2015-06-16,0.00359250704527
2015-06-17,0.000501120469402
2015-06-18,-0.00106486554654
2015-06-19,0.00340518012655
2015-06-22,0.00910348510669
2015-06-23,-0.00057880721733
2015-06-24,0.000188690352369
2015-06-25,-0.00288432260704
2015-06-26,-0.00960037621503
2015-06-29,-0.00151655781175
2015-06-30,-0.0116978421389
2015-07-01,-0.00619825208791
2015-07-02,-0.00246408368466
2015-07-06,-0.00331369887186
2015-07-07,0.000668506127377
2015-07-08,-0.00361507872408
2015-07-09,0.00507300781773
2015-07-10,0.0017542793348
2015-07-13,-0.00420129533229
2015-07-14,0.000820025920418
2015-07-15,0.00116392725532
2015-07-16,-0.0054423548962
2015-07-17,-0.0114687876388
2015-07-20,-0.00667470688963
2015-07-21,-0.00734047326852
2015-07-22,-0.000809015669209
2015-07-23,-0.0100245022676
2015-07-24,-0.00452341862115
2015-07-27,-0.00164866952294
2015-07-28,0.000207071408514
2015-07-29,0.000219309086829
2015-07-30,-0.00197874680282
2015-07-31,0.011929233633
2015-08-03,-0.0182054293529
2015-08-04,-0.0106021949125
2015-08-05,-0.00110676748319
2015-08-06,-0.00598714177259
2015-08-07,0.00586391011439
2015-08-10,0.00546684017168
2015-08-11,-0.00692046602581
2015-08-12,0.00227775704692
2015-08-13,-0.0012107234171
2015-08-14,-0.00205534352326
2015-08-17,-0.0032609623979
2015-08-18,-0.00391158690373
2015-08-19,0.00330001741748
2015-08-20,0.00618392426098
2015-08-21,-0.00316345206507
2015-08-24,-0.00793954661505
2015-08-25,0.00897453995553
2015-08-26,0.00275636189042
2015-08-27,0.00117391062541
2015-08-28,-0.000516195605814
2015-08-31,-0.00547059855251
2015-09-01,-0.0075835369807
2015-09-02,-0.00261449733781
2015-09-03,-0.000107878128014
2015-09-04,-0.00339695317889
2015-09-08,-0.00424538855837
2015-09-09,-0.000771851477669
2015-09-10,0.00190998125057
2015-09-11,-0.00443128528911
2015-09-14,-0.00386870710238
2015-09-15,0.00619934014718
2015-09-16,-0.0086427417893
2015-09-17,0.00455009468488
2015-09-18,-0.00104870755205
2015-09-21,-0.0045085063247
2015-09-22,0.00435132406571
2015-09-23,-0.00725908945878
2015-09-24,0.00460470185273
2015-09-25,-0.00828527033269
2015-09-28,-0.00659763995289
2015-09-29,-0.00251525410236
2015-09-30,0.00170672918725
2015-10-01,0.00154585226814
2015-10-02,0.00938383971985
2015-10-05,0.0153978612663
2015-10-06,-0.00803424789055
2015-10-07,0.0229186349028
2015-10-08,0.000580115540341
2015-10-09,0.00519900148603
2015-10-12,-0.00199569414826
2015-10-13,-0.00359686328093
2015-10-14,-0.00336828033828
2015-10-15,-0.00196805273138
2015-10-16,-0.00736843386513
2015-10-19,-0.000775235119276
2015-10-20,0.00656641673518
2015-10-21,-0.00188245115267
2015-10-22,0.00766579909296
2015-10-23,0.00946947907384
2015-10-26,-0.00230418536514
2015-10-27,-0.00249499602319
2015-10-28,0.0137342495302
2015-10-29,0.00998046474935
2015-10-30,0.0108390603121
2015-11-02,-0.00176248952881
2015-11-03,-0.000302503220074
2015-11-04,-0.00346243810238
2015-11-05,-0.0029050223694
2015-11-06,0.0074101023772
2015-11-09,0.00469535142431
2015-11-10,-0.00861421713818
2015-11-11,0.00215435506638
2015-11-12,-0.000663496653177
2015-11-13,0.00676216393242
2015-11-16,-0.0016507434815
2015-11-17,-0.0150992980853
2015-11-18,0.00434635882503
2015-11-19,0.00306953313972
2015-11-20,-0.00324175458955
2015-11-23,-0.00264415108352
2015-11-24,0.00336499309569
2015-11-25,0.0052098331289
2015-11-27,-0.00238379655214
2015-11-30,0.00647467641958
2015-12-01,0.00469331253828
2015-12-02,-0.00564337823156
2015-12-03,0.00327665771298
2015-12-04,-0.0109655383894
2015-12-07,-0.0109227137401
2015-12-08,0.00552980561865
2015-12-09,0.0110386670122
2015-12-10,0.00479101273582
2015-12-11,-0.00275624469355
2015-12-14,0.00988590804108
2015-12-15,0.00263560137006
2015-12-16,0.00505038854266
2015-12-17,0.00486747956047
2015-12-18,-0.00447422100872
2015-12-21,-0.00033674511466
2015-12-22,-0.000499715758229
2015-12-23,0.00479867260389
2015-12-24,-0.000508346240799
2015-12-28,0.00179798131743
2015-12-29,-0.00193573465771
2015-12-30,-0.000754697901334
2015-12-31,0.00141315013826
2016-01-04,-0.00844506720204
2016-01-05,0.00105760542578
2016-01-06,-0.00300511240801
2016-01-07,-0.0106669771778
2016-01-08,0.00211931466462
2016-01-11,0.0128415463298
2016-01-12,0.00286466728502
2016-01-13,0.00377079492788
2016-01-14,0.00382203064452
2016-01-15,0.00774124821517
2016-01-19,-0.00380313244291
2016-01-20,-0.00210028240635
2016-01-21,-0.007129536032
2016-01-22,0.00682007874111
2016-01-25,0.00834225517229
2016-01-26,0.0063970571941
2016-01-27,0.00697796792904
2016-01-28,-0.00107184953406
2016-01-29,-0.00211908071138
2016-02-01,-2.82206898925e-05
2016-02-02,0.00116457347364
2016-02-03,-0.00665535291828
2016-02-04,-0.00885824978656
2016-02-05,0.000376195306534
2016-02-08,0.00336099137682
2016-02-09,-0.000514637636123
2016-02-10,-0.000386656716419
2016-02-11,-0.0153278856467
2016-02-12,-0.000141122669521
2016-02-16,0.000994453646755
2016-02-17,0.00741903907927
2016-02-18,-0.00327854379841
2016-02-19,-0.000182554354119
2016-02-22,0.00669631187833
2016-02-23,-0.00790406935158
2016-02-24,0.00203944447764
2016-02-25,0.00761082599566
2016-02-26,0.0139231106353
2016-02-29,-0.00450603583849
2016-03-01,0.00655250234983
2016-03-02,0.00794009345058
2016-03-03,0.00614683182124
2016-03-04,-0.00432641206643
2016-03-07,0.00839328083573
2016-03-08,0.000479006788575
2016-03-09,0.00233829427637
2016-03-10,-0.00128057039745
2016-03-11,0.00114081386546
2016-03-14,0.00725278882261
2016-03-15,-0.00151665946019
2016-03-16,-0.00552910509942
2016-03-17,0.00303513451068
2016-03-18,0.00236732831537
2016-03-21,0.00389779380398
2016-03-22,-0.00279149223223
2016-03-23,0.00657356053647
2016-03-24,-0.0035537706322
2016-03-28,-0.00161053139949
2016-03-29,-0.00538360974241
2016-03-30,0.00408940632166
2016-03-31,-0.0046375030351
2016-04-01,-0.000745545679064
2016-04-04,0.00507305297443
2016-04-05,0.00262848498256
2016-04-06,-0.00971823099123
2016-04-07,-0.00381403092572
2016-04-08,-0.0101359811306
2016-04-11,0.00151641349703
2016-04-12,0.000826159809061
2016-04-13,0.00420485708956
2016-04-14,-0.00209237518258
2016-04-15,0.000659585256067
2016-04-18,-0.000428537592022
2016-04-19,0.00487748896413
2016-04-20,0.00518298452611
2016-04-21,-0.00758264541599
2016-04-22,-0.00807907731339
2016-04-25,0.00703545805263
2016-04-26,0.000795667258692
2016-04-27,0.00111831333686
2016-04-28,0.00529479172316
2016-04-29,-0.00156734492682
2016-05-02,0.0030977522153
2016-05-03,0.00205764845842
2016-05-04,-0.000939281173272
2016-05-05,-0.00108007673268
2016-05-06,-0.0098912874451
2016-05-09,0.00197908551358
2016-05-10,-0.000368065694754
2016-05-11,0.00735840566721
2016-05-12,-0.00566632476205
2016-05-13,0.00533175057666
2016-05-16,-0.00237162380102
2016-05-17,-0.00370904164132
2016-05-18,0.00358620334693
2016-05-19,-0.000947866928377
2016-05-20,0.0103585504674
2016-05-23,8.90270977679e-05
2016-05-24,0.00632614344433
2016-05-25,0.00459795140343
2016-05-26,0.000707152467625
2016-05-27,-0.000938051094348
2016-05-31,-0.00262612362862
2016-06-01,0.00276487848971
2016-06-02,-0.000635957880502
2016-06-03,0.000278081901335
2016-06-06,-0.000338061609933
2016-06-07,-0.00289431325976
2016-06-08,0.00978771154098
2016-06-09,-0.00698953396361
2016-06-10,-0.00742593746428
2016-06-13,0.0013754070357
2016-06-14,0.000827492490893
2016-06-15,0.00551319076752
2016-06-16,-0.00160787645004
2016-06-17,-0.00331804705853
2016-06-20,0.00354258197447
2016-06-21,-0.00137216384588
2016-06-22,0.00442597580099
2016-06-23,0.00332250416375
2016-06-24,0.00689559548255
2016-06-27,0.00291970521456
2016-06-28,0.00148104355864
2016-06-29,0.00278407361763
2016-06-30,-0.00278121153835
2016-07-01,-0.00387131308592
2016-07-05,-0.00568693631708
2016-07-06,0.00270239504348
2016-07-07,0.0010767754164
2016-07-08,0.0021473067081
2016-07-11,0.00288941973757
2016-07-12,-0.0045263556947
2016-07-13,0.00117203146018
2016-07-14,0.00173030095315
2016-07-15,0.000419340078655
2016-07-18,-0.000938258190868
2016-07-19,-0.0028355790161
2016-07-20,0.00384381565394
2016-07-21,0.0010418978409
2016-07-22,0.002532157101
2016-07-25,-0.00398181208389
2016-07-26,-0.00688527428906
2016-07-27,-0.00474238822258
2016-07-28,0.00851135506665
2016-07-29,-0.0073893141783
2016-08-01,-0.00276415376635
2016-08-02,0.00350924699115
2016-08-03,0.00212008448133
2016-08-04,0.0048605983947
2016-08-05,-0.00242183108146
2016-08-08,-0.00288998040316
2016-08-09,0.00222982893255
2016-08-10,-0.000898764490923
2016-08-11,-0.000352985833039
2016-08-12,-0.0051576483988
2016-08-15,0.000663316720675
2016-08-16,0.000853258130219
2016-08-17,0.00113192888131
2016-08-18,0.00343211587372
2016-08-19,0.00965188954785
2016-08-22,0.00289937407236
2016-08-23,-0.00365046395134
2016-08-24,-0.000345653406678
2016-08-25,0.00580940972712
2016-08-26,-0.00502898583323
2016-08-29,0.00633350853629
2016-08-30,-0.00454601191589
2016-08-31,0.00416906771915
2016-09-01,-0.0029480928795
2016-09-02,-0.00310428487684
2016-09-06,-0.00118438528032
2016-09-07,-0.00243289160266
2016-09-08,-0.00505554541643
2016-09-09,0.00516541194028
2016-09-12,-0.00119464874851
2016-09-13,0.00408327294824
2016-09-14,0.00692263253115
2016-09-15,0.000994969082775
2016-09-16,-0.00173911560473
2016-09-19,0.00108743021571
2016-09-20,-0.00135001026495
2016-09-21,-0.00616612522561
2016-09-22,-0.00258618560623
2016-09-23,-0.00349026400246
2016-09-26,0.00088799049981
2016-09-27,-0.00257711437619
2016-09-28,0.00346315464381
2016-09-29,-0.00174385791731
2016-09-30,0.00194183874834
2016-10-03,0.00153087841846
2016-10-04,0.00105915745078
2016-10-05,0.00309714935985
2016-10-06,0.000810205497884
2016-10-07,0.00605786312245
2016-10-10,-0.00136225649386
2016-10-11,0.00665648655442
2016-10-12,0.00245559385327
2016-10-13,0.00299012605125
2016-10-14,0.00297977909754
2016-10-17,0.00252747226159
2016-10-18,0.00238148229536
2016-10-19,0.00522265323402
2016-10-20,0.00322776599944
2016-10-21,-0.00299066598404
2016-10-24,-0.00212421854864
2016-10-25,0.00682331341457
2016-10-26,-0.00767815921682
2016-10-27,-0.000114258058646
2016-10-28,0.00696715327017
2016-10-31,-0.0111954895727
2016-11-01,-0.00196033866969
2016-11-02,-0.00354370842411
2016-11-03,0.00459280416224
2016-11-04,0.00254956287773
2016-11-07,0.00283020540544
2016-11-08,-0.000531981989198
2016-11-09,-0.0171878699005
2016-11-10,-0.00699073577492
2016-11-11,-0.0158431429415
2016-11-14,0.0030710219662
2016-11-15,0.00318457407018
2016-11-16,0.00648168828228
2016-11-17,-0.00781651597426
2016-11-18,0.000193988814848
2016-11-21,-0.000363344471315
2016-11-22,-0.00597352438921
2016-11-23,-0.00575561436772
2016-11-25,0.000229838399047
2016-11-28,-0.00368552583079
2016-11-29,0.00256087195762
2016-11-30,0.00706860542697
2016-12-01,-0.000202078457024
2016-12-02,0.0046937791004
2016-12-05,0.00310300914664
2016-12-06,-0.00419459813855
2016-12-07,-0.0128405774049
2016-12-08,0.00484462983503
2016-12-09,-0.000580562629098
2016-12-12,0.00054636968012
2016-12-13,-0.00129479156252
2016-12-14,0.00150823559649
2016-12-15,-0.00360799771779
2016-12-16,-0.00213843913622
2016-12-19,0.000193018505468
2016-12-20,-0.00701945898408
2016-12-21,0.00533350703834
2016-12-22,-0.00711282510215
2016-12-23,-0.00136161969289
2016-12-27,-0.00211150545889
2016-12-28,0.00399728784072
2016-12-29,9.52702895731e-05
2016-12-30,-0.000693800438243
2017-01-03,-0.00202827067397
2017-01-04,0.0075605302676
2017-01-05,0.00431004794028
2017-01-06,0.00428227562773
2017-01-09,0.00387464532232
2017-01-10,-0.00571072502411
2017-01-11,0.00682510115783
2017-01-12,-0.00442764394107
2017-01-13,-0.00481557830369
2017-01-17,0.00157378436061
2017-01-18,0.00265707890697
2017-01-19,-0.00492505842761
2017-01-20,-0.00810377253188
2017-01-23,-0.0100462962168
2017-01-24,-0.00478671513658
2017-01-25,-0.00208732393847
2017-01-26,0.00421485706238
2017-01-27,0.00294923642535
2017-01-30,-0.00332694035759
2017-01-31,0.000160019250841
2017-02-01,0.000232424034923
2017-02-02,-0.00114349282809
2017-02-03,0.00285521229248
2017-02-06,0.0036019620331
2017-02-07,-0.00147429530021
2017-02-08,0.00177719226328
2017-02-09,-0.0092258235767
2017-02-10,0.00495785241364
2017-02-13,0.000803120990903
2017-02-14,-0.0015723076128
2017-02-15,-0.00396915277449
2017-02-16,0.00113201151114
2017-02-17,-0.0103775642612
2017-02-21,-0.00252169986641
2017-02-22,-0.00110541850137
2017-02-23,0.00319997839697
2017-02-24,-0.000778999929
2017-02-27,-0.00417768091218
2017-02-28,0.00506206285591
2017-03-01,0.00282308412263
2017-03-02,-0.0040024914583
2017-03-03,-0.00314972919153
2017-03-06,-0.00228803798153
2017-03-07,-0.00490843739439
2017-03-08,-0.00742514850208
2017-03-09,6.70034279408e-05
2017-03-10,-0.00217225035384
2017-03-13,0.00285980452591
2017-03-14,0.00293333057639
2017-03-15,0.000385443393127
2017-03-16,-0.00144257186386
2017-03-17,-0.000463883001259
2017-03-20,0.00502365195305
2017-03-21,-0.00337909129971
2017-03-22,-0.000956064527341
2017-03-23,0.00607194218904
2017-03-24,-0.000130341751217
2017-03-27,-0.00577352745975
2017-03-28,0.00164011279999
2017-03-29,0.00428015584118
2017-03-30,-0.00437905017888
2017-03-31,0.00241241515108
2017-04-03,0.000696353827184
2017-04-04,0.00191687904128
2017-04-05,-0.000976647851795
2017-04-06,0.000890628459616
2017-04-07,-0.00113202708741
2017-04-10,-0.000662413918562
2017-04-11,0.00388804367479
2017-04-12,0.00576784416395
2017-04-13,-9.76246910577e-05
2017-04-17,0.00211643391247
2017-04-18,-0.00426965413141
2017-04-19,-0.0105856087211
2017-04-20,-0.00213900816513
2017-04-21,0.00265343775247
2017-04-24,0.00564373570416
2017-04-25,0.00059876654412
2017-04-26,-0.0104728579603
2017-04-27,0.00493819004016
2017-04-28,0.00469986747954
2017-05-01,-0.004713142995
2017-05-02,-0.0121636861676
2017-05-03,-0.00341240605945
2017-05-04,0.00483877945067
2017-05-05,-0.00284447211646
2017-05-08,0.0015131407081
2017-05-09,0.0017180291027
2017-05-10,-0.00124241958038
2017-05-11,-0.00101616066342
2017-05-12,0.00147859067206
2017-05-15,0.000200460173299
2017-05-16,-0.00562917568601
2017-05-17,-0.00738573546928
2017-05-18,-0.000126483763933
2017-05-19,-0.00333289076725
2017-05-22,-0.00322965813209
2017-05-23,-0.00468601293043
2017-05-24,-0.00370421027309
2017-05-25,0.0107301844605
2017-05-26,-0.00159731106981
2017-05-30,-0.00135593613214
2017-05-31,0.00164669196984
2017-06-01,0.00860986805595
2017-06-02,0.000339089591017
2017-06-05,-0.000678320446478
2017-06-06,0.00278927006892
2017-06-07,0.000400920120761
2017-06-08,0.00445548195721
2017-06-09,0.0078873876736
2017-06-12,-0.000119145797593
2017-06-13,0.00825967527119
2017-06-14,-0.000592054114138
2017-06-15,0.00223064574957
2017-06-16,-0.00578675909361
2017-06-19,0.00180761669302
2017-06-20,0.00501915552493
2017-06-21,0.00457446670783
2017-06-22,-2.18632175438e-06
2017-06-23,0.000291187715955
2017-06-26,0.00042303488867
2017-06-27,0.00263645213491
2017-06-28,0.00450625124232
2017-06-29,0.00041552053999
2017-06-30,0.000713602850396
2017-07-03,0.00269177738126
2017-07-05,0.00126837119625
2017-07-06,8.12863989544e-05
2017-07-07,0.00137495050191
2017-07-10,-0.000439272367623
2017-07-11,0.0060173973482
2017-07-12,0.00623007918489
2017-07-13,0.000218020217454
2017-07-14,-0.005491555847
2017-07-17,0.00223522787941
2017-07-18,-0.000517535993841
2017-07-19,-0.00269000138131
2017-07-20,0.00471336022192
2017-07-21,0.00415189248087
2017-07-24,0.000935560238536
2017-07-25,-0.000149572314277
2017-07-26,0.00182359624595
2017-07-27,0.00205353816505
2017-07-28,-0.000146364692825
2017-07-31,0.00113256536965
2017-08-01,-0.00725744280655
2017-08-02,0.00291999743836
2017-08-03,0.000387265035625
2017-08-04,-0.00237785618461
2017-08-07,0.00439758407843
2017-08-08,-0.00464052319321
2017-08-09,-0.00227773549425
2017-08-10,0.00177366953039
2017-08-11,0.00443742731132
2017-08-14,0.00129022821676
2017-08-15,0.00311244135719
2017-08-16,0.0116207714781
2017-08-17,0.00471590500965
2017-08-18,0.00607397312998
2017-08-21,-0.00236091278873
2017-08-22,-0.00111033621397
2017-08-23,0.00361752392542
2017-08-24,-0.00244562783517
2017-08-25,0.0042216745352
2017-08-28,-0.00328436363416
2017-08-29,0.0020660405864
2017-08-30,0.00377428618841
2017-08-31,-0.00117967523108
2017-09-01,-0.00121759914626
2017-09-05,-0.00233173071708
2017-09-06,0.00976786374059
2017-09-07,-0.00651860524814
2017-09-08,0.00633945400934
2017-09-11,0.00887815129432
2017-09-12,0.00431969087917
2017-09-13,0.000487729517771
2017-09-14,-0.00153513890541
2017-09-15,0.00140838239601
2017-09-18,-0.000856343291534
2017-09-19,0.00331377777703
2017-09-20,-0.00167671113525
2017-09-21,-0.00200715957056
2017-09-22,-0.00158860441027
2017-09-25,-0.00482089029142
2017-09-26,0.00227384365553
2017-09-27,0.000314729115469
2017-09-28,0.00196545920872
2017-09-29,-0.00161288283109
2017-10-02,0.00935216387698
2017-10-03,0.00310051781472
2017-10-04,9.17967795656e-05
2017-10-05,0.00984668155398
2017-10-06,0.00667598177627
2017-10-09,0.00370256729119
2017-10-10,-0.00277046647715
2017-10-11,-0.00660585742251
2017-10-12,0.000265515230961
2017-10-13,-0.00253983944619
2017-10-16,-0.000466841066524
2017-10-17,0.00705790382681
2017-10-18,-0.00382525672497
2017-10-19,0.0104602923045
2017-10-20,0.000826094023903
2017-10-23,-0.00095249627421
2017-10-24,0.00502841595932
2017-10-25,0.0058193361845
2017-10-26,0.00240225336371
2017-10-27,-0.00921304825769
2017-10-30,-0.0024047785467
2017-10-31,0.00868765270239
2017-11-01,0.00332219569822
2017-11-02,0.0010931994675
2017-11-03,-0.00168667929039
2017-11-06,-0.00814540242451
2017-11-07,0.00326862729329
2017-11-08,-6.26702118381e-05
2017-11-09,0.00530874404875
2017-11-10,0.00195198352577
2017-11-13,0.00162308862286
2017-11-14,0.00596416195681
2017-11-15,-0.00677006788837
2017-11-16,-0.00270051547202
2017-11-17,-0.0024096976414
2017-11-20,0.0039817795978
2017-11-21,-0.00171183838783
2017-11-22,0.00331360924288
2017-11-24,-0.000376036064609
2017-11-27,-0.000472394332671
2017-11-28,-9.00793153797e-05
2017-11-29,-0.000174428240565
2017-11-30,0.00102369145062
2017-12-01,5.98584940258e-05
2017-12-04,-0.00623033554282
2017-12-05,0.000544262567159
2017-12-06,-0.00198543986175
2017-12-07,0.00783904534424
2017-12-08,-0.00251721328819
2017-12-11,-0.000912600012742
2017-12-12,-0.002827012787
2017-12-13,-0.00932612854443
2017-12-14,0.00194464415959
2017-12-15,-0.00503271730898
2017-12-18,0.00577662062104
2017-12-19,0.00403665224243
2017-12-20,-0.00119605972986
2017-12-21,-0.000997007864514
2017-12-22,0.000433922720869
2017-12-26,-0.00048213115237
2017-12-27,-0.000451184447906
2017-12-28,0.00241625392005
2017-12-29,-0.000766756102886
2018-01-02,-0.00354258014111
2018-01-03,0.00693435479882
2018-01-04,-0.00137680157351
2018-01-05,0.00334431186706
2018-01-08,0.00480311664931
2018-01-09,0.00558620037989
2018-01-10,-0.0133810370534
2018-01-11,-0.00203408830171
2018-01-12,0.00166536741457
2018-01-16,0.00625415024084
2018-01-17,0.00234347424022
2018-01-18,0.00558807161899
2018-01-19,-0.000115701280883
2018-01-22,1.69292992155e-05
2018-01-23,-0.00421005699565
2018-01-24,0.00013626426081
2018-01-25,0.0117294894058
2018-01-26,-0.000791825873467
2018-01-29,-0.00502165006493
2018-01-30,0.00565656656886
2018-01-31,-0.000404193939758
2018-02-01,0.00306676177051
2018-02-02,-0.00739212048062
2018-02-05,-0.00126170513057
2018-02-06,0.0122468206056
2018-02-07,-0.0072145970486
2018-02-08,0.00111064725657
2018-02-09,-0.000185347375758
2018-02-12,-0.00042511191161
2018-02-13,-3.545083656e-05
2018-02-14,-0.00348411409183
2018-02-15,-0.00487829448331
2018-02-16,0.00747663652007
2018-02-20,0.00470325393379
2018-02-21,0.00598053009713
2018-02-22,-0.00069198282801
2018-02-23,-0.00672642569488
2018-02-26,-0.00608825653402
2018-02-27,0.00329748458894
2018-02-28,0.00205373286715
2018-03-01,0.00427718533869
2018-03-02,0.00148462521848
2018-03-05,-0.00645548134923
2018-03-06,0.0015996569886
2018-03-07,0.00864598553581
2018-03-08,0.00296996140139
2018-03-09,-0.00220416020374
2018-03-12,0.00727518250792
2018-03-13,0.00160181076751
2018-03-14,0.00663755111193
2018-03-15,0.00248021719229
2018-03-16,-0.00604784622519
2018-03-19,0.00276254561233
2018-03-20,-0.0054502813782
2018-03-21,0.00164565709841
2018-03-22,0.00169161817141
2018-03-23,0.0068346493515
2018-03-26,0.00606875486013
2018-03-27,-0.0059393182107
2018-03-28,0.00422677558195
2018-03-29,0.00536241827151
2018-04-02,-0.00347081012155
2018-04-03,-4.13543809102e-05
2018-04-04,0.00895064254903
2018-04-05,0.00227461630311
2018-04-06,-0.00270259731416
2018-04-09,-0.00261425543043
2018-04-10,0.00577300266096
2018-04-11,0.00146053268299
2018-04-12,-0.00321912393136
2018-04-13,-0.00207623053318
2018-04-16,-0.00800095991692
2018-04-17,0.00106105681214
2018-04-18,0.000575284389645
2018-04-19,0.00287254310333
2018-04-20,0.00324407739711
2018-04-23,-0.00612812792942
2018-04-24,-0.00921169991378
2018-04-25,-0.00761490002719
2018-04-26,-0.00408783199129
2018-04-27,-0.00196684680934
2018-04-30,0.00516166521712
2018-05-01,-0.0066946923283
2018-05-02,0.00858399148831
2018-05-03,0.0149295569509
2018-05-04,0.00119398042062
2018-05-07,-0.00386918263726
2018-05-08,0.00107459060367
2018-05-09,-0.00193251265807
2018-05-10,0.000527858343178
2018-05-11,-0.00316874718093
2018-05-14,-0.00019441071917
2018-05-15,0.00137624940123
2018-05-16,-0.00521846615476
2018-05-17,0.0102415153559
2018-05-18,-0.00739131777927
2018-05-21,0.00307039963349
2018-05-22,0.00321137453205
2018-05-23,0.00719672411322
2018-05-24,0.000387855057507
2018-05-25,-0.0107184615599
2018-05-29,-0.00178976557872
2018-05-30,0.00292152455652
2018-05-31,0.0017559511756
2018-06-01,-0.0046919422826
2018-06-04,-0.00118753457423
2018-06-05,0.00179522855419
2018-06-06,-0.00561015434338
2018-06-07,0.000989615072518
2018-06-08,-0.000189800226336
2018-06-11,-0.0105573686759
2018-06-12,-0.00271158190886
2018-06-13,0.00262572304517
2018-06-14,0.000762049727765
2018-06-15,-0.0108204901568
2018-06-18,-0.00441061873599
2018-06-19,0.00215593265148
2018-06-20,0.000462912794092
2018-06-21,-0.00245694680392
2018-06-22,0.00529181169174
2018-06-25,0.00590251215585
2018-06-26,0.001109851768
2018-06-27,-0.00108125053677
2018-06-28,0.000995772944221
2018-06-29,0.00347634323303
2018-07-02,-0.00588295762674
2018-07-03,0.00254199761798
2018-07-05,0.00255237832676
2018-07-06,-0.00151251590417
2018-07-09,0.00722188754968
2018-07-10,-0.00042649708378
2018-07-11,-0.00322403640219
2018-07-12,0.003916439177
2018-07-13,-0.00122452759601
2018-07-16,-0.00127519917442
2018-07-17,-0.00197821283942
2018-07-18,-0.00284373048735
2018-07-19,0.00855424172711
2018-07-20,0.00467586826436
2018-07-23,0.00644088652448
2018-07-24,0.00288507500188
2018-07-25,-0.00367403866711
2018-07-26,0.00922368143799
2018-07-27,-0.00110660439163
2018-07-30,-0.00419469211198
2018-07-31,0.00108439752746
2018-08-01,-0.00102514262085
2018-08-02,0.00362392880797
2018-08-03,-0.000473217714347
2018-08-06,4.91517434441e-05
2018-08-07,0.00681529583915
2018-08-08,-0.00202175750677
2018-08-09,-0.00378750765745
2018-08-10,-0.00409227620975
2018-08-13,0.00964671947472
2018-08-14,0.000497830337719
2018-08-15,0.00321620302222
2018-08-16,-0.00274936035735
2018-08-17,0.00397782989671
2018-08-20,1.41247461744e-05
2018-08-21,0.0129975439238
2018-08-22,0.00387240294166
2018-08-23,-0.00380317188968
2018-08-24,0.00216278568774
2018-08-27,0.00952879610562
2018-08-28,-0.00559600784092
2018-08-29,-0.00159586390434
2018-08-30,-0.00132257697398
2018-08-31,-0.00474367353023
2018-09-04,-0.00717168294936
2018-09-05,0.00319542117693
2018-09-06,-0.00296924807519
2018-09-07,-0.00267965076845
2018-09-10,-0.00867092104811
2018-09-11,-0.0017716735455
2018-09-12,0.0021458542001
2018-09-13,-0.00024053533974
2018-09-14,-0.00396386391607
2018-09-17,0.00631507160766
2018-09-18,0.00775863419066
2018-09-19,0.00477433795242
2018-09-20,-0.000157966851575
2018-09-21,-0.00123102367999
2018-09-24,-0.00346421772738
2018-09-25,0.00288395189829
2018-09-26,-0.00234259784906
2018-09-27,0.00060482928078
2018-09-28,-0.00124253030469
2018-10-01,0.00599034310185
2018-10-02,0.00106819044292
2018-10-03,0.0047276096771
2018-10-04,-0.00345654658316
2018-10-05,-0.0041534289826
2018-10-08,-0.00819469684345
2018-10-09,-0.00599536575165
2018-10-10,-0.00474391480604
2018-10-11,0.00946781475989
2018-10-12,0.00457036170018
2018-10-15,-0.00629692274544
2018-10-16,0.00844622501488
2018-10-17,0.00100792235125
2018-10-18,-0.0089898152553
2018-10-19,-0.0125419330869
2018-10-22,-0.00535592050796
2018-10-23,0.000921208252935
2018-10-24,0.000254417442346
2018-10-25,0.00758013000308
2018-10-26,0.00203811465563
2018-10-29,-0.0047559150168
2018-10-30,0.0076597404462
2018-10-31,0.00486910426352
2018-11-01,0.0289847496259
2018-11-02,-0.000556970610228
2018-11-05,-0.00125696949919
2018-11-06,-0.00370880028995
2018-11-07,-0.00483928437784
2018-11-08,-0.00108986583806
2018-11-09,0.00524729109638
2018-11-12,-0.016333012865
2018-11-13,0.00618966955087
2018-11-14,-0.00536381018952
2018-11-15,-0.0156890715274
2018-11-16,0.00468028603737
2018-11-19,-0.00788756739547
2018-11-20,0.00449775333559
2018-11-21,0.000397721264963
2018-11-23,-0.000809362790919
2018-11-26,-0.00179679669122
2018-11-27,-0.00351233083976
2018-11-28,0.00667122120794
2018-11-29,0.00863373964426
2018-11-30,0.00231679780534
2018-12-03,0.00817200526943
2018-12-04,-0.00680145321732
2018-12-06,-0.00694822327081
2018-12-07,0.00710061502328
2018-12-10,0.00265120242132
2018-12-11,-0.00388373463125
2018-12-12,-0.00220090209537
2018-12-13,-0.00936875844264
2018-12-14,0.00811848410138
2018-12-17,0.00270099157635
2018-12-18,-0.0089463694427
2018-12-19,-0.00400369668612
2018-12-20,-0.00504228988015
2018-12-21,-0.0153085133962
2018-12-24,-0.00846704237695
2018-12-26,0.000580675293993
2018-12-27,-0.00543884445722
2018-12-28,0.0050479095453
2018-12-31,-0.00445476311654
2019-01-02,0.00582880826222
2019-01-03,-0.00277211783212
2019-01-04,0.00797426858116
2019-01-07,-0.00165079721789
2019-01-08,0.00844874065812
2019-01-09,-0.00140796553811
2019-01-10,-0.00119331018267
2019-01-11,0.0102858046315
2019-01-14,0.00110257452112
2019-01-15,0.00296818369933
2019-01-16,-0.00318394311617
2019-01-17,-0.00166628124804
2019-01-18,-0.00195479323013
2019-01-22,0.00952867730481
2019-01-23,0.00267171331822
2019-01-24,-0.0160486215734
2019-01-25,-0.00293833709099
2019-01-28,-0.00418342547224
2019-01-29,0.0029478416359
2019-01-30,0.00836243208882
2019-01-31,0.00793710659601
2019-02-01,0.0110705552347
2019-02-04,-0.00523617956212
2019-02-05,0.00398298557108
2019-02-06,-0.00088201434201
2019-02-07,0.00521385620684
2019-02-08,0.00115796112847
2019-02-11,-3.00427528946e-05
2019-02-12,0.0073244215891
2019-02-13,-0.00149139582229
2019-02-14,0.00550976607155
2019-02-15,0.00507771343021
2019-02-19,-0.00174940861051
2019-02-20,0.00111376616412
2019-02-21,0.00616661710682
2019-02-22,-0.00905966096308
2019-02-25,0.00951716682069
2019-02-26,0.00214912694178
2019-02-27,-0.00450269599087
2019-02-28,-0.000737292375835
2019-03-01,0.000366917138124
2019-03-04,0.00757885071523
2019-03-05,-0.00223875652366
2019-03-06,-0.000562349142346
2019-03-07,-0.0047386102246
2019-03-08,0.000218921005184
2019-03-11,-0.00262061088412
2019-03-12,-0.00341854218359
2019-03-13,-6.83989425735e-06
2019-03-14,0.00430586167629
2019-03-15,-0.0049152827498
2019-03-18,0.00147124095291
2019-03-19,0.00121752366259
2019-03-20,-0.00349659058891
2019-03-21,-0.0132577304286
2019-03-22,-0.00229756533932
2019-03-25,0.00809541941172
2019-03-26,0.00416792416744
2019-03-27,-0.00148725510531
2019-03-28,0.00318920466467
2019-03-29,0.00718547177128
2019-04-01,0.00908754391343
2019-04-02,-0.00578198509475
2019-04-03,-0.00374260719861
2019-04-04,-0.00666213545594
2019-04-05,-0.00291893596842
2019-04-08,-0.00217554027676
2019-04-09,0.00444925000774
2019-04-10,-0.00163510817068
2019-04-11,-0.00891680371797
2019-04-12,-0.0027834215239
2019-04-15,0.00993003554676
2019-04-16,-0.0122976638819
2019-04-17,-0.0165999193781
2019-04-18,-0.00200650035464
2019-04-22,0.00475560676906
2019-04-23,0.0131135934302
2019-04-24,-0.00374963438447
2019-04-25,-0.000122313874981
2019-04-26,0.00507607369903
2019-04-29,0.0016911645097
2019-04-30,0.00643692976939
2019-05-01,-0.00186889304059
2019-05-02,-0.00323009862777
2019-05-03,-0.00143744108539
2019-05-06,-0.000885000133924
2019-05-07,-0.00211426193894
2019-05-08,-0.00290853398759
2019-05-09,-0.0054005356401
2019-05-10,-0.000718699775875
2019-05-13,-0.00524412258072
2019-05-14,0.00244843227972
2019-05-15,0.00151134531144
2019-05-16,0.00198533094206
2019-05-17,-0.00952692225978
2019-05-20,0.00193163400408
2019-05-21,5.2300419171e-05
2019-05-22,0.0164265915257
2019-05-23,0.00305153171826
2019-05-24,-0.00163001994547
2019-05-28,-0.00457233049582
2019-05-29,0.00803366459827
2019-05-30,-0.00621792580161
2019-05-31,0.00419624950424
2019-06-03,-0.00638137785003
2019-06-04,0.00405570739791
2019-06-05,-0.0114782309816
2019-06-06,-0.00403229561026
2019-06-07,-0.00107334026624
2019-06-10,0.00972783344675
2019-06-11,0.000446801377994
2019-06-12,-0.000789819767242
2019-06-13,0.00546149787405
2019-06-14,-0.000351532596537
2019-06-17,0.00085928506131
2019-06-18,0.00062461319349
2019-06-19,-0.00276810006826
2019-06-20,0.00511243190031
2019-06-21,0.00457666875912
2019-06-24,-0.000167591200314
2019-06-25,-3.731703874e-05
2019-06-26,0.00286229536959
2019-06-27,0.00786186379254
2019-06-28,0.00746227322395
2019-07-01,0.00982983931005
2019-07-02,-0.00646093857253
2019-07-03,-0.000439443832581
2019-07-05,-0.00225525063209
2019-07-08,-0.00316963205937
2019-07-09,0.000700597860595
2019-07-10,7.89015119688e-05
2019-07-11,-0.00369661155051
2019-07-12,0.00569415851852
2019-07-15,-0.00272606790297
2019-07-16,0.0085748919569
2019-07-17,-0.00156728184501
2019-07-18,0.00260191856827
2019-07-19,0.00167267992689
2019-07-22,0.000410770481804
2019-07-23,0.00162011896984
2019-07-24,0.00180823921518
2019-07-25,-0.00526250546706
2019-07-26,-0.00290933785102
2019-07-29,0.00269158450403
2019-07-30,-0.00471146974475
2019-07-31,0.00148417605043
2019-08-01,-0.00943788751527
2019-08-02,0.00702676326416
2019-08-05,0.00853894650701
2019-08-06,0.00479383409131
2019-08-07,-0.00617869259751
2019-08-08,0.00472137527771
2019-08-09,-0.00308234637154
2019-08-12,-0.00827219414109
2019-08-13,-0.00151186682583
2019-08-14,0.00085726527965
2019-08-15,0.00276590008477
2019-08-16,0.0052771665083
2019-08-19,-0.0145937569364
2019-08-20,0.00985676914354
2019-08-21,-0.00291617497336
2019-08-22,-0.00561614268515
2019-08-23,-0.000261805470472
2019-08-26,0.00445025422096
2019-08-27,0.00276288739486
2019-08-28,0.000310129036602
2019-08-29,0.000544702212294
2019-08-30,-0.000592989420505
2019-09-03,0.0069281284033
2019-09-04,0.00152533098771
2019-09-05,-0.000863231188862
2019-09-06,-0.0046417198135
2019-09-09,0.00860116098991
2019-09-10,0.00120853267311
2019-09-11,-0.00195686291831
2019-09-12,-0.0010187241549
2019-09-13,0.00857381328009
2019-09-16,-0.00867336393881
2019-09-17,0.00952666342187
2019-09-18,0.000635402138321
2019-09-19,0.00470125823416
2019-09-20,-0.00200486423764
2019-09-23,-0.00203500241723
2019-09-24,0.00328097918175
2019-09-25,0.0092997693008
2019-09-26,-0.00702288806611
2019-09-27,-0.00879409531859
2019-09-30,0.00364316894944
2019-10-01,0.00156190353046
2019-10-02,0.0049401529089
2019-10-03,-0.0032349517721
2019-10-04,-0.00100481489142
2019-10-07,-0.000265260423816
2019-10-08,0.00325568983812
2019-10-09,-0.00230811192513
2019-10-10,-0.00215769475179
2019-10-11,0.00549269141183
2019-10-14,-0.00209088276601
2019-10-15,-0.00554930816398
2019-10-16,0.00229633823104
2019-10-17,-0.00511994857044
2019-10-18,-0.00629200487724
2019-10-21,0.00370763809384
2019-10-22,0.00984347471501
2019-10-23,0.00806166231721
2019-10-24,0.00943377682928
2019-10-25,0.00124183265049
2019-10-28,-0.00363571371076
2019-10-29,0.0105793327706
2019-10-30,0.00601737800346
2019-10-31,0.00476605772082
2019-11-01,0.00971764081327
2019-11-04,-0.00564323458933
2019-11-05,0.00653959266467
2019-11-06,0.00828606501509
2019-11-07,-0.00145452201946
2019-11-08,-0.00910613823021
2019-11-11,0.00555769009967
2019-11-12,-0.00149775149473
2019-11-13,0.00243419893997
2019-11-14,0.00345645198764
2019-11-15,-0.00305690758972
2019-11-18,-0.0047431781278
2019-11-19,-0.000227954607709
2019-11-20,0.00639429764811
2019-11-21,0.0123262151961
2019-11-22,-0.00184686874828
2019-11-25,-0.00389565011174
2019-11-26,-0.00341580906309
2019-11-27,-0.000773756392417
2019-11-29,0.000100118742422
2019-12-02,-0.00320134904706
2019-12-03,0.00362527761779
2019-12-04,0.00095786548944
2019-12-05,0.000988913602305
2019-12-06,0.00067260258604
2019-12-09,-0.0027094124182
2019-12-10,-0.00587507251217
2019-12-11,-0.00269368365215
2019-12-12,0.00646852430829
2019-12-13,-0.00296500376503
2019-12-16,0.0104599209937
2019-12-17,-0.00246614620794
2019-12-18,-0.00133345055713
2019-12-19,-0.000782645360974
2019-12-20,-0.000715779516048
2019-12-23,0.00363973856964
2019-12-24,-0.00272499181457
2019-12-26,0.000356863326996
2019-12-27,0.00335693658061
2019-12-30,-0.000387090395137
2019-12-31,-0.00107392409059
2020-01-02,0.00374184160795
2020-01-03,-0.00366482784795
2020-01-06,-0.00277743675052
2020-01-07,-0.00597934912221
2020-01-08,0.00298458125574
2020-01-09,0.00231393543535
2020-01-10,-0.00662257423318
2020-01-13,-0.00157985659983
2020-01-14,-0.00290053111515
2020-01-15,-0.00354672791275
2020-01-16,-0.00180764478841
2020-01-17,0.00360080326052
2020-01-21,-0.00996140171889
2020-01-22,-0.00723013833292
2020-01-23,0.00412879520805
2020-01-24,-0.0106792870852
2020-01-27,-0.00473213088505
2020-01-28,0.00878371626087
2020-01-29,-0.000790655938616
2020-01-30,0.00393657645697
2020-01-31,-0.0140028105553
2020-02-03,-0.00114505897242
2020-02-04,0.00147691691048
2020-02-05,0.0130544686452
2020-02-06,-0.0106502950102
2020-02-07,-0.00671852717529
2020-02-10,-0.00134215541874
2020-02-11,0.00664756635665
2020-02-12,0.00299549973069
2020-02-13,-0.00278230716504
2020-02-14,-0.00425622587376
2020-02-18,0.00609947850143
2020-02-19,-0.0053821002646
2020-02-20,-0.000451286804778
2020-02-21,0.00941650872796
2020-02-24,-0.00475339610239
2020-02-25,-0.0093355629459
2020-02-26,0.00154550712767
2020-02-27,-0.00361304804699
2020-02-28,-0.00144672906274
2020-03-02,0.0361796158377
2020-03-03,-0.0149106927899
2020-03-04,0.020247959265
2020-03-05,-0.011494780888
2020-03-06,0.00417800910109
2020-03-09,-0.0344423893396
2020-03-10,0.00433325945937
2020-03-11,-0.0259961652687
2020-03-12,-0.0133517596838
2020-03-13,0.0145777614985
2020-03-16,0.0324374638228
2020-03-17,0.0299851376692
2020-03-18,0.0275752930357
2020-03-19,-0.0550733029422
2020-03-20,0.00246350786017
2020-03-23,-0.0145358783092
2020-03-24,0.0106257587976
2020-03-25,0.0593935299753
2020-03-26,0.0236595224666
2020-03-27,-0.021192186575
2020-03-30,0.00632302124414
2020-03-31,0.00261224847259
2020-04-01,-0.00937801047235
2020-04-02,-0.0200445159516
2020-04-03,-0.00670877169097
2020-04-06,0.0450871023522
2020-04-07,0.0211304596956
2020-04-08,0.0350618682491
2020-04-09,0.0227344028491
2020-04-13,-0.0141278431812
2020-04-14,0.00372701793957
2020-04-15,-0.00710350302008
2020-04-16,-0.0151699374224
2020-04-17,0.0227656290004
2020-04-20,-0.00578814763868
2020-04-21,0.00673475436184
2020-04-22,-0.00627928026702
2020-04-23,-0.00797751169133
2020-04-24,-0.00631512773461
2020-04-27,0.00460921804714
2020-04-28,0.00925475880702
2020-04-29,0.0104266926302
2020-04-30,-0.0055462144758
2020-05-01,0.00252007798522
2020-05-04,-0.0259220055894
2020-05-05,-0.0120205022635
2020-05-06,-0.00129581005085
2020-05-07,0.00931290059885
2020-05-08,0.00560922627004
2020-05-11,-0.0122778166405
2020-05-12,-0.012493830566
2020-05-13,-0.0057908521657
2020-05-14,0.0223130666082
2020-05-15,-0.0321980847151
2020-05-18,0.0324039879469
2020-05-19,-0.00320365329029
2020-05-20,0.0125968098244
2020-05-21,-0.00229659321298
2020-05-22,-0.00380728927848
2020-05-26,0.0259546440399
2020-05-27,0.0183512958435
2020-05-28,0.0055204163554
2020-05-29,0.0156455594993
2020-06-01,-0.00212708997987
2020-06-02,-0.0094205552859
2020-06-03,-0.00133931707001
2020-06-04,0.0117741873523
2020-06-05,0.0113602472533
2020-06-08,0.00170714587233
2020-06-09,0.00244183925921
2020-06-10,-0.00232626308674
2020-06-11,-0.00225987530168
2020-06-12,-0.00372738058557
2020-06-15,0.00126581592568
2020-06-16,0.0151894780728
2020-06-17,-0.00695188455621
2020-06-18,-0.00464804660313
2020-06-19,-0.00188613033234
2020-06-22,-0.00625514534925
2020-06-23,0.00125027060842
2020-06-24,-0.0028189201663
2020-06-25,-0.00413797510912
2020-06-26,0.00667524526585
2020-06-29,0.00917715716648
2020-06-30,-0.00364723456872
2020-07-01,2.64107431426e-05
2020-07-02,0.00218663088364
2020-07-06,-0.010804385491
2020-07-07,-0.0157105623718
2020-07-08,0.000617214074289
2020-07-09,-0.0144560177952
2020-07-10,0.0124265715323
2020-07-13,0.0131450116442
2020-07-14,-0.00378286019821
2020-07-15,0.00720234743069
2020-07-16,-0.00912240596442
2020-07-17,0.00213029875595
2020-07-20,-0.0026561873272
2020-07-21,0.00727816972859
2020-07-22,-0.00641212376361
2020-07-23,-0.00993308467785
2020-07-24,-0.000954700668328
2020-07-27,-0.00440727199368
2020-07-28,0.00699808685266
2020-07-29,-0.00648094436646
2020-07-30,-0.00162056395208
2020-07-31,0.000101484323988
2020-08-03,0.00213598483125
2020-08-04,0.00320448393127
2020-08-05,-0.00126470534102
2020-08-06,0.00944295001087
2020-08-07,0.00325934140608
2020-08-10,0.00896136967207
2020-08-11,0.00362313556126
2020-08-12,-0.00248682261646
2020-08-13,-1.23710178313e-05
2020-08-14,-0.00196689029895
2020-08-17,-0.00299253515787
2020-08-18,0.00692898200629
2020-08-19,-0.00794879165642
2020-08-20,0.00411981916205
2020-08-21,-0.0132202121593
2020-08-24,0.00200982043094
2020-08-25,0.00661534720612
2020-08-26,-0.0050769173259
2020-08-27,0.00175742485677
2020-08-28,-0.0107035359427
2020-08-31,0.00222969857963
2020-09-01,-0.00715110991891
2020-09-02,-0.000143533158436
2020-09-03,0.00966841225693
2020-09-04,0.00292155007243
2020-09-08,-0.00226880818041
2020-09-09,-0.00347366083179
2020-09-10,0.000259066485611
2020-09-11,-0.00552374849422
2020-09-14,-0.00235842349851
2020-09-15,-0.000144852798916
2020-09-16,0.000887934729896
2020-09-17,-0.00513595171997
2020-09-18,0.00135679034144
2020-09-21,0.00767661795364
2020-09-22,0.00467541633665
2020-09-23,-0.00187738942798
2020-09-24,0.00827143069555
2020-09-25,-0.00444986061614
2020-09-28,0.00791219789454
2020-09-29,-0.00676145740936
2020-09-30,0.00765132518043
2020-10-01,-0.0115300889413
2020-10-02,-0.000217746978563
2020-10-05,0.00588295967756
2020-10-06,0.00228567787349
2020-10-07,-0.00242614241275
2020-10-08,-0.00171316377138
2020-10-09,-0.0107451140911
2020-10-12,0.00218819888677
2020-10-13,-0.003154229312
2020-10-14,-0.0022204166301
2020-10-15,0.00196853603583
2020-10-16,-0.00986445042656
2020-10-19,-0.0031943819002
2020-10-20,0.0101385555881
2020-10-21,0.00329111799642
2020-10-22,0.00479466853706
2020-10-23,0.00712241798849
2020-10-26,-0.000419824926628
2020-10-27,-0.00214762651905
2020-10-28,-0.0077870396042
2020-10-29,-0.00418890491128
2020-10-30,0.00785417356596
2020-11-02,0.000648072704688
2020-11-03,0.00292042698915
2020-11-04,0.00508719159879
2020-11-05,0.00680238150949
2020-11-06,0.00631384623282
2020-11-09,0.00505223575261
2020-11-10,0.0158358094496
2020-11-11,0.00367819760721
2020-11-12,-0.00365372123012
2020-11-13,-0.00274783138704
2020-11-16,0.007002844738
2020-11-17,0.0134067296803
2020-11-18,0.000637906550613
2020-11-19,0.00502325254709
2020-11-20,-0.00481627873125
2020-11-23,-0.0052924084949
2020-11-24,0.0106734982799
2020-11-25,-0.00803240005971
2020-11-27,0.000386729932301
2020-11-30,0.00444193907499
2020-12-01,0.0101920523074
2020-12-02,-0.00818777824075
2020-12-03,0.00595568397637
2020-12-04,-0.00582099754822
2020-12-07,0.00211472457077
2020-12-08,-0.00103336554762
2020-12-09,-0.00414956723992
2020-12-10,-0.0105014541159
2020-12-11,-0.00365870508165
2020-12-14,0.00323342405787
2020-12-15,0.000624129738381
2020-12-16,-0.00416589101459
2020-12-17,-0.000336289658795
2020-12-18,-0.00238365997194
2020-12-21,0.00383619961013
2020-12-22,0.00285091532133
2020-12-23,0.0140046233484
2020-12-24,-0.00541620184539
2020-12-28,0.00145581624569
2020-12-29,0.00382897307065
2020-12-30,0.00279745878928
2020-12-31,-0.0025678445831
2021-01-04,0.00426118489065
2021-01-05,-0.000244739066935
2021-01-06,-0.00684202477858
2021-01-07,-0.0141319723037
2021-01-08,0.00314379486835
2021-01-11,0.00327177083072
2021-01-12,0.00569763674549
2021-01-13,-0.00548117014627
2021-01-14,-0.00174099316218
2021-01-15,0.00579726968682
2021-01-19,-0.00877880957926
2021-01-20,-0.00376156830514
2021-01-21,-0.00371272788962
2021-01-22,0.000980319728988
2021-01-25,-0.00295849820576
2021-01-26,-0.00781942909081
2021-01-27,-0.00781321377011
2021-01-28,0.0208824752179
2021-01-29,0.00145860922236
2021-02-01,0.00938832378638
2021-02-02,0.0131711686158
2021-02-03,-0.00444559276536
2021-02-04,0.00485447909198
2021-02-05,0.00364850440209
2021-02-08,0.00612664546296
2021-02-09,-0.00165153898528
2021-02-10,0.000418348478405
2021-02-11,0.0067439160056
2021-02-12,0.00109071655877
2021-02-16,0.000749206103091
2021-02-17,0.00649183640287
2021-02-18,0.00580102217686
2021-02-19,-0.00620256959846
2021-02-22,-0.012351051076
2021-02-23,-0.00305881321605
2021-02-24,-0.00386265045158
2021-02-25,0.00370217942633
2021-02-26,0.010765772361
2021-03-01,0.00880757251997
2021-03-02,0.00488024489747
2021-03-03,-0.0127508767925
2021-03-04,0.00472441473426
2021-03-05,-0.000196537875273
2021-03-08,0.00069393358079
2021-03-09,0.00684927012483
2021-03-10,0.00865412345248
2021-03-11,0.00438306455551
2021-03-12,0.000447842425078
2021-03-15,0.000992352209816
2021-03-16,0.00403409360165
2021-03-17,-0.00123373770504
2021-03-18,-0.00232408945199
2021-03-19,0.00882885571231
2021-03-22,0.00500972200784
2021-03-23,0.0046016960741
2021-03-24,-0.00433294685121
2021-03-25,-0.00412956321442
2021-03-26,-0.0181393865715
2021-03-29,-0.00629952389052
2021-03-30,0.00421921717437
2021-03-31,-0.00209123793072
2021-04-01,0.00607774573457
2021-04-05,-0.00260209280943
2021-04-06,0.00411185959604
2021-04-07,0.00456265115012
2021-04-08,-0.00210426883826
2021-04-09,0.000354605015365
2021-04-12,0.0020150666992
2021-04-13,-0.000672524778572
2021-04-14,-0.000646259520581
2021-04-15,-0.00157181949725
2021-04-16,0.0030869739115
2021-04-19,-0.00334712224576
2021-04-20,-0.00100694168689
2021-04-21,-0.00477075264386
2021-04-22,0.000226834641385
2021-04-23,-0.00655474638562
2021-04-26,-0.00237961355419
2021-04-27,0.0108926362525
2021-04-28,-0.00167791522653
2021-04-29,-0.00229573396836
2021-04-30,0.0122327099017
2021-05-03,0.00218377687802
2021-05-04,-0.000803824471941
2021-05-05,0.00813472596185
2021-05-06,0.00055527777291
2021-05-07,-0.00181198390589
2021-05-10,0.0049887463529
2021-05-11,-0.00618378237878
2021-05-12,0.000877434484824
2021-05-13,-0.00185335006948
2021-05-14,-0.00162735434856
2021-05-17,-0.0123138725542
2021-05-18,0.00136742512712
2021-05-19,-0.00134459783999
2021-05-20,0.00415460658663
2021-05-21,0.00547197277957
2021-05-24,-0.00278492563566
2021-05-25,-0.000637319072958
2021-05-26,-0.00311363975773
2021-05-27,0.000886401045353
2021-05-28,0.00380627246258
2021-06-01,0.00263387156788
2021-06-02,-0.00514378327894
2021-06-03,-0.00166310764392
2021-06-04,-0.00216304110105
2021-06-07,-0.0240166859732
2021-06-08,-0.00188262497589
2021-06-09,-0.00252522374933
2021-06-10,-0.0033198039328
2021-06-11,-0.00113480460075
2021-06-14,-0.00514748151698
2021-06-15,0.00201095613606
2021-06-16,0.00227478583714
2021-06-17,-0.00572911133857
2021-06-18,0.00141511264134
2021-06-21,-0.000926459220673
2021-06-22,-0.000837700866892
2021-06-23,0.00187796508066
2021-06-24,-0.00407256750587
2021-06-25,0.00353937996873
2021-06-28,-0.0021861420833
2021-06-29,0.00306703847224
2021-06-30,-0.00212690401753
2021-07-01,0.00748047153849
2021-07-02,0.00292704693831
2021-07-06,-0.000314180462761
2021-07-07,0.00210219695188
2021-07-08,-0.000290869609402
2021-07-09,0.000805556441373
2021-07-12,-0.00218417750305
2021-07-13,-0.00601536200511
2021-07-14,-0.0086949160896
2021-07-15,-0.00163982815528
2021-07-16,-0.00203201672406
2021-07-19,0.0128584252318
2021-07-20,-0.00813883264163
2021-07-21,0.000267027527376
2021-07-22,0.000772087283445
2021-07-23,0.000968829530427
2021-07-26,0.00680666220136
2021-07-27,0.00124710291595
2021-07-28,0.00121564075019
2021-07-29,-0.0113152912599
2021-07-30,-0.000684195552891
2021-08-02,2.87856217841e-05
2021-08-03,-0.0121914827549
2021-08-04,-0.00382293300886
2021-08-05,2.37721339952e-05
2021-08-06,0.00198364058374
2021-08-09,-0.00183834301611
2021-08-10,-0.0148060373644
2021-08-11,0.0027886350447
2021-08-12,-0.000181181582274
2021-08-13,0.00383436904259
2021-08-16,0.00174353196233
2021-08-17,-0.00766321319527
2021-08-18,-3.08784461435e-05
2021-08-19,0.00226858794966
2021-08-20,-0.00689013163308
2021-08-23,5.427312762e-05
2021-08-24,9.48322194721e-05
2021-08-25,-0.00150896823396
2021-08-26,0.000428377614951
2021-08-27,-0.000789208431381
2021-08-30,0.00612685364528
2021-08-31,0.00234525335175
2021-09-01,-0.00284753560574
2021-09-02,-0.00741943429557
2021-09-03,0.00245907837636
2021-09-07,-0.00105465812738
2021-09-08,0.00743716783953
2021-09-09,-0.00521043615955
2021-09-10,0.000716676589348
2021-09-13,-0.0043157439269
2021-09-14,-0.000995793341422
2021-09-15,-0.00774131945682
2021-09-16,0.00575874371342
2021-09-17,-0.000781379357481
2021-09-20,0.00480311660205
2021-09-21,0.00228067848507
2021-09-22,-0.00711684366009
2021-09-23,0.00180015367759
2021-09-24,-0.00507037647239
2021-09-27,0.00506713815947
2021-09-28,0.00246262437728
2021-09-29,2.34331626909e-05
2021-09-30,0.00325111619643
2021-10-01,-0.00914416223038
2021-10-04,-0.00425079528202
2021-10-05,-0.00394862786551
2021-10-06,-0.00288278113461
2021-10-07,0.00331777913479
2021-10-08,-0.0075076366593
2021-10-11,0.00279142807112
2021-10-12,0.00116319582314
2021-10-13,-0.00165984733357
2021-10-14,0.00402874997139
2021-10-15,0.000678684015572
2021-10-18,-0.00331019293602
2021-10-19,0.00445531182531
2021-10-20,-0.000935803580047
2021-10-21,0.000857387566204
2021-10-22,-0.00162940492581
2021-10-25,-0.0016568229711
2021-10-26,0.00908161077414
2021-10-27,0.00347981196684
2021-10-28,-0.00308347184398
2021-10-29,0.00843004157597
2021-11-01,0.000766190732508
2021-11-02,-0.00624547247378
2021-11-03,-0.00308401682069
2021-11-04,-0.000995006252983
2021-11-05,0.00914114926303
2021-11-08,-0.00604205091335
2021-11-09,0.00329342737774
2021-11-10,0.00203517626416
2021-11-11,-0.00976688974119
2021-11-12,-0.0017922906129
2021-11-15,-0.0064273505653
2021-11-16,0.00507075938129
2021-11-17,0.00368335897742
2021-11-18,0.000279931238458
2021-11-19,0.00300604587107
2021-11-22,-0.00590918412557
2021-11-23,-0.000484186315538
2021-11-24,0.00439163705852
2021-11-26,-0.00822686255871
2021-11-29,0.0136017845044
2021-11-30,-0.00582442826898
2021-12-01,-0.00590788223482
2021-12-02,-0.00325863876698
2021-12-03,-0.00268370708089
2021-12-06,0.00826257835818
2021-12-07,0.00789506838567
2021-12-08,0.00600921658077
2021-12-09,-0.00902996901136
2021-12-10,0.00371335284898
2021-12-13,-0.00596034673261
2021-12-14,-0.00245151234325
2021-12-15,0.00736343733454
2021-12-16,-0.00569972249787
2021-12-17,-0.00581196488224
2021-12-20,0.00248419181203
2021-12-21,0.00959263742904
2021-12-22,-0.00315434326016
2021-12-23,0.00799523108258
2021-12-27,0.00336100522348
2021-12-28,-0.000703374762363
2021-12-29,-0.00201346838166
2021-12-30,0.00399195315492
2021-12-31,0.00349456140489
2022-01-03,0.00417956135309
2022-01-04,0.00520032050793
2022-01-05,-0.00433648636305
2022-01-06,-0.0020982632018
2022-01-07,0.00575196746875
2022-01-10,-0.00338876725694
2022-01-11,0.000224243910301
2022-01-12,0.00112100628473
2022-01-13,-0.00447576842264
2022-01-14,-0.0186183404552
2022-01-18,-0.00770715485299
2022-01-19,0.00204786355739
2022-01-20,0.0108635267807
2022-01-21,-0.00771415531484
2022-01-24,-0.00103702644223
2022-01-25,-0.0087115099373
2022-01-26,-0.00525598237104
2022-01-27,0.00615184892965
2022-01-28,0.00382735575883
2022-01-31,0.0220899450479
2022-02-01,-0.00290305265969
2022-02-02,0.00160634317144
2022-02-03,0.00486169282222
2022-02-04,-0.00508387903755
2022-02-07,0.0105916930403
2022-02-08,-0.00020881832057
2022-02-09,0.00696526417644
2022-02-10,0.00529024223945
2022-02-11,0.00303908266246
2022-02-14,-0.00118708901805
2022-02-15,0.00202171790798
2022-02-16,-0.00412554800995
2022-02-17,-0.00331073791717
2022-02-18,-0.00505514539554
2022-02-22,0.00231087632883
2022-02-23,-0.00465804437213
2022-02-24,-0.000119831085576
2022-02-25,-0.00288277671194
2022-02-28,-0.0177735505385
2022-03-01,-0.0183932700409
2022-03-02,0.00972154848962
2022-03-03,-0.00345830467341
2022-03-04,-0.0131221282653
2022-03-07,-0.0135082090035
2022-03-08,0.00597534157522
2022-03-09,0.0066948359417
2022-03-10,-0.0128303936926
2022-03-11,-0.0023339136586
2022-03-14,0.015981519759
2022-03-15,0.00510356369185
2022-03-16,0.0119184396617
2022-03-17,0.00231832099803
2022-03-18,0.00684072005104
2022-03-21,-0.00166049064277
2022-03-22,0.00658650094205
2022-03-23,-0.00402160341735
2022-03-24,-0.0053703526636
2022-03-25,0.000770887669418
2022-03-28,0.00951347766099
2022-03-29,3.6666256289e-05
2022-03-30,-0.00631559615381
2022-03-31,-0.00696683321864
2022-04-01,-0.00188979297225
2022-04-04,0.00398277970209
2022-04-05,-0.011149529313
2022-04-06,-0.00800376422262
2022-04-07,-0.0183751493718
2022-04-08,0.00125294736832
2022-04-11,0.00771449401229
2022-04-12,-0.00207873271175
2022-04-13,0.00635341705757
2022-04-14,-0.000873522115614
2022-04-18,-7.46563392908e-05
2022-04-19,0.00310589003973
2022-04-20,0.000277642641388
2022-04-21,-0.0125655460423
2022-04-22,0.0160147911013
2022-04-25,-0.00281258961319
2022-04-26,-6.54524266936e-05
2022-04-27,-0.00566333714293
2022-04-28,-0.0119027666117
2022-04-29,2.96048465136e-05
2022-05-02,-0.00531391054233
2022-05-03,-0.000718657187898
2022-05-04,-0.0191361551773
2022-05-05,0.000223175433869
2022-05-06,-0.0118049392504
2022-05-09,-0.00111554494357
2022-05-10,-0.00246930897668
2022-05-11,0.00355790799392
2022-05-12,0.000602914013784
2022-05-13,0.00195580259691
2022-05-16,-0.00828552266112
2022-05-17,0.00140044451654
2022-05-18,-0.00304328457178
2022-05-19,0.00338034773726
2022-05-20,-0.0022383389745
2022-05-23,0.00914987029586
2022-05-24,0.00190697168156
2022-05-25,-0.0026274338022
2022-05-26,0.00525199293726
2022-05-27,0.0142898156656
2022-05-31,-0.00436266415735
2022-06-01,-0.00406780341361
2022-06-02,0.00674319702448
2022-06-03,-0.0174147216687
2022-06-06,-0.00214344262642
2022-06-07,0.00592462775674
2022-06-08,-0.0046817432891
2022-06-09,-0.00625048286433
2022-06-10,0.0101854480182
2022-06-13,-0.000754222355244
2022-06-14,-0.0105667653175
2022-06-15,0.000679824020701
2022-06-16,0.00268418857502
2022-06-17,-0.00401182001157
2022-06-21,-0.00711294515689
2022-06-22,0.0011168869611
2022-06-23,0.00629078651706
2022-06-24,-0.00103259468033
2022-06-27,0.0116579966677
2022-06-28,0.00182010355836
2022-06-29,-0.00263008732503
2022-06-30,0.000541122832582
2022-07-01,-0.00554092776851
2022-07-05,0.00389853672278
2022-07-06,-0.00273726091625
2022-07-07,0.00938526318207
2022-07-08,-0.00340569509695
2022-07-11,0.00784058385849
2022-07-12,0.0078691047554
2022-07-13,0.0110970837213
2022-07-14,-0.00191236819584
2022-07-15,0.00915821048136
2022-07-18,-0.00464338943517
2022-07-19,0.00267125922082
2022-07-20,0.00265755540981
2022-07-21,-0.00696476570624
2022-07-22,0.00851037511615
2022-07-25,-0.00572652650863
2022-07-26,-0.00488466951648
2022-07-27,0.0117070991558
2022-07-28,0.00368965977522
2022-07-29,-0.000569473605947
2022-08-01,0.0005339884376
2022-08-02,0.00738929410321
2022-08-03,-0.0121487822423
2022-08-04,-0.00200874806627
2022-08-05,0.00565659270821
2022-08-08,-0.00473040390338
2022-08-09,-0.00358999076365
2022-08-10,-0.00242781146323
2022-08-11,-0.00571864318511
2022-08-12,-0.00371533432254
2022-08-15,-0.000761015445539
2022-08-16,-0.0104456730084
2022-08-17,0.00588021402062
2022-08-18,0.00436788290018
2022-08-19,0.000859613065491
2022-08-22,0.00456720265525
2022-08-23,0.00558773777497
2022-08-24,-0.00149515919549
2022-08-25,-0.00231969883265
2022-08-26,-0.00145003735015
2022-08-29,-0.00183759226672
2022-08-30,0.0024481945311
2022-08-31,-0.00176443193218
2022-09-01,-0.00243254882484
2022-09-02,-0.00368620220084
2022-09-06,0.00714949000359
2022-09-07,-0.00117445276848
2022-09-08,-0.0048363432166
2022-09-09,0.00462621109228
2022-09-12,0.00261905715564
2022-09-13,-0.0112728505227
2022-09-14,-0.0121990339999
2022-09-15,-0.00626293375579
2022-09-16,0.00142243144621
2022-09-19,0.00361920271186
2022-09-20,0.00696427679179
2022-09-21,0.00478001761467
2022-09-22,-0.0154592524927
2022-09-23,0.00236867475559
2022-09-26,-0.0066559871645
2022-09-27,0.00468186656542
2022-09-28,-0.00641486905533
2022-09-29,-0.00815120166317
2022-09-30,0.00888259300392
2022-10-03,0.001030334568
2022-10-04,-0.00310268099075
2022-10-05,-0.0199445549381
2022-10-06,-0.00934129736151
2022-10-07,-0.00758373817766
2022-10-10,-0.00371661972256
2022-10-11,-0.00650037794028
2022-10-12,0.00934696243227
2022-10-13,-0.00120654844232
2022-10-14,0.00922644575692
2022-10-17,0.00377089745422
2022-10-18,0.00731815156296
2022-10-19,-0.00019182088474
2022-10-20,-0.00251568895841
2022-10-21,-0.0157398515866
2022-10-24,0.00329668836808
2022-10-25,0.00951850916639
2022-10-26,-0.002371736895
2022-10-27,-0.0240764500198
2022-10-28,-0.00194486189896
2022-10-31,-0.0030829142863
2022-11-01,0.00414998957575
2022-11-02,-0.00353078170265
2022-11-03,-0.00483641933915
2022-11-04,-0.00133700503331
2022-11-07,-0.00216855855856
2022-11-08,0.0053713532935
2022-11-09,-0.00693141418388
2022-11-10,0.00541000398724
2022-11-11,0.000127064602681
2022-11-14,-0.00526474195776
2022-11-15,0.00475202349917
2022-11-16,0.00149907676384
2022-11-17,0.00304526714483
2022-11-18,0.00821633744644
2022-11-21,-0.000663545859381
2022-11-22,-0.00063999061651
2022-11-23,0.00563493697288
2022-11-25,0.000344179914986
2022-11-28,7.31463715625e-05
2022-11-29,-0.0032044435706
2022-11-30,0.00182268493744
2022-12-01,-0.00422304713008
2022-12-02,-0.00317302038586
2022-12-05,-0.00996412525006
2022-12-06,0.000642900922654
2022-12-07,0.00524373383245
2022-12-08,-0.008920960053
2022-12-09,-0.000736873837768
2022-12-12,-0.00660512955091
2022-12-13,5.8281180562e-05
2022-12-14,-0.00322074911492
2022-12-15,0.000852147735953
2022-12-16,0.00262444792821
2022-12-19,0.00750301059922
2022-12-20,0.00171605904877
2022-12-21,-0.00151832953371
2022-12-22,0.00242141499797
2022-12-23,0.00210691928944
2022-12-27,-0.00451689836409
2022-12-28,-0.00549164400498
2022-12-29,0.00179300049228
2022-12-30,0.00113249452871
2023-01-03,-0.00482950627231
2023-01-04,-0.0017114098652
2023-01-05,-0.00575677507555
2023-01-06,0.0101737239493
2023-01-09,0.0102164056051
2023-01-10,-0.00712143174072
2023-01-11,0.0117233268334
2023-01-12,-0.00246988512015
2023-01-13,0.00792308154939
2023-01-17,-0.0010588841352
2023-01-18,0.00140759244231
2023-01-19,-0.00949206271657
2023-01-20,-0.00569085695885
2023-01-23,-0.00277991802739
2023-01-24,0.00343364998907
2023-01-25,-0.00714147068766
2023-01-26,-0.00580156217661
2023-01-27,-0.0052699777256
2023-01-30,0.00161904951539
2023-01-31,0.00998130640982
2023-02-01,0.0134706211212
2023-02-02,0.00386612432792
2023-02-03,0.00309208054021
2023-02-06,0.000140623641076
2023-02-07,0.00994190215341
2023-02-08,-0.00454187745024
2023-02-09,-0.00858975894002
2023-02-10,0.00833264513285
2023-02-13,-0.00602466150812
2023-02-14,-0.00163984498495
2023-02-15,0.0015111932455
2023-02-16,-0.0051387828451
2023-02-17,0.00489117363255
2023-02-21,0.00249706158614
2023-02-22,0.00282328341453
2023-02-23,0.000853645364705
2023-02-24,-0.00139143609079
2023-02-27,0.00467978703688
2023-02-28,0.00540169936858
2023-03-01,0.00504084783112
2023-03-02,0.00243173254779
2023-03-03,0.00303840365809
2023-03-06,0.00198913460584
2023-03-07,-0.00943460064403
2023-03-08,0.00478769874407
2023-03-09,-0.00189486059932
2023-03-10,-0.000841772759804
2023-03-13,-0.00270743759723
2023-03-14,-0.00454824267325
2023-03-15,0.0178708750684
2023-03-16,-0.00189493808964
2023-03-17,-0.00258882632331
2023-03-20,0.000567481831821
2023-03-21,0.00839996602195
2023-03-22,-0.0133150427322
2023-03-23,0.00100372723667
2023-03-24,0.00365572436006
2023-03-27,0.0111918595764
2023-03-28,0.00271967215119
2023-03-29,0.00787002064194
2023-03-30,-0.00108492376794
2023-03-31,0.00321832080895
2023-04-03,-0.00321644761869
2023-04-04,-0.00819069620615
2023-04-05,0.0023420782587
2023-04-06,0.00110201165926
2023-04-10,0.0168094097538
2023-04-11,0.00395479290453
2023-04-12,0.00244246922854
2023-04-13,-0.00568659342976
2023-04-14,0.0029308569785
2023-04-17,0.00638087690792
2023-04-18,0.0048273107191
2023-04-19,-0.000650891592471
2023-04-20,0.00300651609581
2023-04-21,-0.00521642283728
2023-04-24,0.00952406659715
2023-04-25,0.000785290034049
2023-04-26,0.00566203493959
2023-04-27,0.00231129465097
2023-04-28,-0.00513174613286
2023-05-01,0.00384933469766
2023-05-02,-0.00652376530192
2023-05-03,-0.0108273339129
2023-05-04,-0.00273174496427
2023-05-05,0.00208646772212
2023-05-08,-0.00526964524269
2023-05-09,-0.00366716432066
2023-05-10,0.00291395263672
2023-05-11,-0.00216108214464
2023-05-12,0.00565850252357
2023-05-15,-0.00247035969273
2023-05-16,-0.01170620798
2023-05-17,0.0108160076129
2023-05-18,-0.0022969466773
2023-05-19,0.0023029431436
2023-05-22,0.00125596812274
2023-05-23,8.07351143932e-05
2023-05-24,0.000591686076532
2023-05-25,-0.0185845682969
2023-05-26,-0.0012363823432
2023-05-30,-0.0148823462969
2023-05-31,-0.00382951114129
2023-06-01,0.00563401167169
2023-06-02,0.000735450052929
2023-06-05,-0.00717424429499
2023-06-06,0.00811046500023
2023-06-07,-0.0015282893422
2023-06-08,-0.000906159647069
2023-06-09,-0.000921164095183
2023-06-12,0.00657825528583
2023-06-13,-0.00238855748865
2023-06-14,0.0128995684692
2023-06-15,0.000679685095164
2023-06-16,0.00205287370729
2023-06-20,-0.00661963616361
2023-06-21,0.00243475223074
2023-06-22,0.000525432812882
2023-06-23,-0.0114924536948
2023-06-26,0.0163920410404
2023-06-27,-0.00839761471841
2023-06-28,-0.00876501538634
2023-06-29,0.00433220151664
2023-06-30,-0.00333487631885
2023-07-03,0.0100338910316
2023-07-05,0.00219814923605
2023-07-06,-0.00691538144944
2023-07-07,0.00052236200336
2023-07-10,0.00440311659488
2023-07-11,0.00457959755635
2023-07-12,0.00523169455864
2023-07-13,0.00114986002346
2023-07-14,0.0084122959063
2023-07-17,0.000621459845395
2023-07-18,-0.000364260902333
2023-07-19,-0.00216033364853
2023-07-20,0.00899609995109
2023-07-21,0.00320126370752
2023-07-24,0.00582336640208
2023-07-25,0.00171964829816
2023-07-26,0.000948612069467
2023-07-27,0.00494284869433
2023-07-28,-0.00276213415603
2023-07-31,0.0103622498647
2023-08-01,0.0115484652429
2023-08-02,-0.000282978036671
2023-08-03,0.0114198514085
2023-08-04,0.0020363271296
2023-08-07,-0.00894613910113
2023-08-08,-0.00973888777366
2023-08-09,0.00180378467287
2023-08-10,-0.0105593852561
2023-08-11,0.000579647334707
2023-08-14,0.0004117061231
2023-08-15,-0.00146595212095
2023-08-16,0.00171160760889
2023-08-17,0.00205479690928
2023-08-18,-0.00370597166067
2023-08-21,0.00401720182939
2023-08-22,-0.00165399387601
2023-08-23,0.00156226774962
2023-08-24,0.00316450423033
2023-08-25,0.00316194882567
2023-08-28,-0.00209147899021
2023-08-29,0.000696268114987
2023-08-30,0.00213178766524
2023-08-31,-0.00286450474942
2023-09-01,-0.00755787379105
2023-09-05,0.00216922346509
2023-09-06,0.000278311246639
2023-09-07,-0.000171971592473
2023-09-08,0.00218339529777
2023-09-11,0.00536809345838
2023-09-12,0.00790729479558
2023-09-13,0.00969446416364
2023-09-14,0.00592268880821
2023-09-15,-0.00658544805505
2023-09-18,-0.00307609787316
2023-09-19,0.00248102365524
2023-09-20,-0.00647545813171
2023-09-21,-0.00485560652724
2023-09-22,-0.00083198988745
2023-09-25,0.000949288934971
2023-09-26,0.00375312413343
2023-09-27,0.00237562134852
2023-09-28,0.00518292390014
2023-09-29,0.0136165447295
2023-10-02,-0.0107167161483
2023-10-03,0.0116085119379
2023-10-04,-0.0122283854613
2023-10-05,-0.00603023000677
2023-10-06,0.00352462370517
2023-10-09,0.000207844973272
2023-10-10,0.00458012425731
2023-10-11,0.00239531107726
2023-10-12,0.000862817445655
2023-10-13,0.00800421728459
2023-10-16,-0.000710130945205
2023-10-17,0.00051656007887
2023-10-18,0.00669348995095
2023-10-19,0.0192528201919
2023-10-20,0.000377423727308
2023-10-23,0.00752456284728
2023-10-24,-0.00347531311846
2023-10-25,-0.00372497363319
2023-10-26,0.015653713714
2023-10-27,0.00115291649789
2023-10-30,-0.00318544873751
2023-10-31,-0.00316596461128
2023-11-01,-0.00545510867603
2023-11-02,-0.00222842124924
2023-11-03,0.0146736446273
2023-11-06,-0.00113958804612
2023-11-07,-0.00872643279975
2023-11-08,0.00369762582597
2023-11-09,-0.00357534512092
2023-11-10,0.000497073908041
2023-11-13,-0.000652277466798
2023-11-14,0.00772877338865
2023-11-15,0.0010531210236
2023-11-16,-0.00783068185666
2023-11-17,0.00254133227009
2023-11-20,-0.000400025783558
2023-11-21,-0.00463850599706
2023-11-22,-0.00120708252597
2023-11-24,-0.0028796443594
2023-11-27,-0.000280368461275
2023-11-28,0.00559704095491
2023-11-29,-0.000719236559914
2023-11-30,-0.00414058288985
2023-12-01,-0.00445039784598
2023-12-04,0.00122374618632
2023-12-05,0.00263639987782
2023-12-06,-0.00142833235775
2023-12-07,1.49713880797e-05
2023-12-08,0.000641728602641
2023-12-11,0.00413194938074
2023-12-12,-0.00514998982564
2023-12-13,0.00866643249552
2023-12-14,0.00552649415779
2023-12-15,-0.00937203862816
2023-12-18,-0.00195840056178
2023-12-19,0.0025091156155
2023-12-20,0.00431744738526
2023-12-21,-0.002195158954
2023-12-22,0.00103536176334
2023-12-26,-0.00152517073309
2023-12-27,-0.00249356695399
2023-12-28,0.00135183949239
2023-12-29,0.0023136692007
2024-01-02,0.00103744806924
2024-01-03,0.0103850012907
2024-01-04,-0.00094689343473
2024-01-05,0.00106204563736
2024-01-08,0.00340849906691
2024-01-09,-0.00527125086279
2024-01-10,0.00303739668814
2024-01-11,0.0070314838041
2024-01-12,0.00408053294866
2024-01-16,1.60324873557e-05
2024-01-17,-0.00296118552665
2024-01-18,-0.00135054544982
2024-01-19,-0.00888626754041
2024-01-22,0.0082220280116
2024-01-23,0.000262856732534
2024-01-24,0.00659215300157
2024-01-25,0.0167523416105
2024-01-26,0.00164474829715
2024-01-29,-0.00168953653057
2024-01-30,0.00693545909916
2024-01-31,0.0133923500206
2024-02-01,0.0173990522461
2024-02-02,-0.0236153434292
2024-02-05,-0.00606931297624
2024-02-06,0.00787402120243
2024-02-07,0.00240664889539
2024-02-08,-0.000227574807386
2024-02-09,-0.00667555961206
2024-02-12,0.00331507559547
2024-02-13,-0.0063118198259
2024-02-14,-0.00750151411156
2024-02-15,0.00644175192676
2024-02-16,-0.0130260144552
2024-02-20,0.00878649771507
2024-02-21,0.00346131763536
2024-02-22,-5.9943954646e-05
2024-02-23,0.00831087142812
2024-02-26,0.000126073528446
2024-02-27,-0.00658018806435
2024-02-28,-9.46337557868e-05
2024-02-29,0.00247907448688
2024-03-01,0.000393306826081
2024-03-04,-0.00749564822382
2024-03-05,-0.0171311658329
2024-03-06,-0.00155837462106
2024-03-07,0.0039061370691
2024-03-08,0.00775329452188
2024-03-11,0.0061807383429
2024-03-12,0.00062244257431
2024-03-13,-0.00456259767294
2024-03-14,2.71234515637e-05
2024-03-15,-0.00409967156589
2024-03-18,-0.0029707751393
2024-03-19,0.00449935249526
2024-03-20,-0.00470266826281
2024-03-21,-0.00894715315226
2024-03-22,0.00268373967399
2024-03-25,-0.0011041172675
2024-03-26,0.0084318348286
2024-03-27,0.00519280888922
2024-03-28,0.00565476970577
2024-04-01,-0.00266456514317
2024-04-02,0.00333201892747
2024-04-03,0.00711767887054
2024-04-04,-0.000103446444331
2024-04-05,-0.00740751749767
2024-04-08,-0.00407800837324
2024-04-09,0.00654422901928
2024-04-10,-0.00636356821332
2024-04-11,-0.00353675655731
2024-04-12,-0.000141675337306
2024-04-15,0.000804996592418
2024-04-16,0.00474207746147
2024-04-17,-0.000712053800295
2024-04-18,0.00480542233925
2024-04-19,0.00473815851009
2024-04-22,-0.00190825121468
2024-04-23,-0.00884616081797
2024-04-24,-0.00646390826082
2024-04-25,0.00356284030176
2024-04-26,-0.00894114168711
2024-04-29,0.000621980507193
2024-04-30,-0.00532557618573
2024-05-01,-0.0074299995786
2024-05-02,-0.00518284407151
2024-05-03,-0.0106880745592
2024-05-06,-0.00584730053984
2024-05-07,0.00238560489021
2024-05-08,-0.00570619141613
2024-05-09,0.00400179272035
2024-05-10,-0.00222330301695
2024-05-13,0.000908720684942
2024-05-14,-0.00902396299241
2024-05-15,-0.00437834767069
2024-05-16,0.00514969420453
2024-05-17,-0.00277561566653
2024-05-20,0.00137347635554
2024-05-21,-0.00742589084797
2024-05-22,-0.0121574559395
2024-05-23,0.00202464516352
2024-05-24,-0.00827160486869
2024-05-28,0.00181328563873
2024-05-29,-0.000340565934696
2024-05-30,0.00149821081637
2024-05-31,0.00659307559342
2024-06-03,-0.0097067819118
2024-06-04,0.00511413698159
2024-06-05,-0.00362930461517
2024-06-06,0.00272810938136
2024-06-07,0.00433513030495
2024-06-10,-0.00641799661557
2024-06-11,7.78578631524e-05
2024-06-12,-0.00880884865149
2024-06-13,0.00221837457761
2024-06-14,0.00216145546151
2024-06-17,-0.0081229406007
2024-06-18,-0.0141168687309
2024-06-20,0.0107791630548
2024-06-21,0.00643299507107
2024-06-24,0.0026129972119
2024-06-25,-0.00523243942127
2024-06-26,-0.00614948168255
2024-06-27,0.000622591603685
2024-06-28,-0.0111977127541
2024-07-01,-0.00304657315283
2024-07-02,0.00671435132468
2024-07-03,0.00838394229718
2024-07-05,0.00588581827111
2024-07-08,-0.000339091930366
2024-07-09,-0.00191018093556
2024-07-10,0.00704764626839
2024-07-11,-0.000572507048823
2024-07-12,0.000406717896696
2024-07-15,0.00587372481536
2024-07-16,0.00380705451108
2024-07-17,0.00395985540572
2024-07-18,-0.00413035592386
2024-07-19,0.00112857584929
2024-07-22,-0.000739401632894
2024-07-23,0.0065721826177
2024-07-24,-0.000596555499759
2024-07-25,0.0103545254525
2024-07-26,0.0169998207737
2024-07-29,0.000480630708191
2024-07-30,-0.00534651430753
2024-07-31,0.00233143776872
2024-08-01,-0.00074676115402
2024-08-02,-0.00744414778435
2024-08-05,-0.013334577696
2024-08-06,0.00198362707936
2024-08-07,0.00376767842723
2024-08-08,-0.00297047438954
2024-08-09,0.00454254421076
2024-08-12,0.000522944237279
2024-08-13,0.00304587648432
2024-08-14,-0.000901878097176
2024-08-15,0.0126771761874
2024-08-16,0.00135937631203
2024-08-19,0.00702083261787
2024-08-20,-0.00136993031138
2024-08-21,0.0136543436417
2024-08-22,-0.00581058358751
2024-08-23,-0.00147992760657
2024-08-26,-0.00500648986141
2024-08-27,-0.00640875859976
2024-08-28,-0.00070211352765
2024-08-29,0.00480715982337
2024-08-30,0.00211451122575
2024-09-03,0.0113508939601
2024-09-04,-0.00422309138181
2024-09-05,-0.00188212108041
2024-09-06,-0.00719132068599
2024-09-09,-0.00962235238524
2024-09-10,0.00551025445192
2024-09-11,0.00206155097507
2024-09-12,0.00357061642929
2024-09-13,0.00143285295258
2024-09-16,-0.00524792995662
2024-09-17,-0.00273545259575
2024-09-18,-0.00220416783504
2024-09-19,0.00132526500202
2024-09-20,-0.0013691097689
2024-09-23,0.00686366135375
2024-09-24,-0.00438536346265
2024-09-25,0.00179034525257
2024-09-26,-0.0174869298769
2024-09-27,-0.00277509859907
2024-09-30,0.0061573591244
2024-10-01,-0.00959789520021
2024-10-02,-0.00331846761383
2024-10-03,0.000794783599729
2024-10-04,-0.00476985689908
2024-10-07,-0.00633443275452
2024-10-08,0.00724533350964
2024-10-09,-0.0058639430458
2024-10-10,0.00672155442523
2024-10-11,0.00244149684269
2024-10-14,0.00238844513811
2024-10-15,0.00583117720243
2024-10-16,-0.00985262482598
2024-10-17,-0.00999344285727
2024-10-18,0.00863592747861
2024-10-21,-0.00439745917502
2024-10-22,0.0184768437299
2024-10-23,0.00636018001635
2024-10-24,-0.000460511197268
2024-10-25,-0.00334978462626
2024-10-28,-6.66048235568e-05
2024-10-29,-0.0113255990562
2024-10-30,-0.00694398294721
2024-10-31,0.0024180995441
2024-11-01,0.0080737441111
2024-11-04,0.00612314315528
2024-11-05,-0.000918276199662
2024-11-06,-0.0383919135812
2024-11-07,0.00336865988504
2024-11-08,0.00276490113346
2024-11-11,-0.0136624008538
2024-11-12,-0.00673748125908
2024-11-13,-0.00932032707091
2024-11-14,-0.00216720202982
2024-11-15,-0.00650678098524
2024-11-18,0.00196681731902
2024-11-19,0.00140684050332
2024-11-20,0.00365388111448
2024-11-21,0.0053451762314
2024-11-22,-0.000752757979704
2024-11-25,0.00219272779205
2024-11-26,-0.00576941534619
2024-11-27,0.00436567122183
2024-11-29,0.00634742463873
2024-12-02,-0.00237059873066
2024-12-03,0.00967178873635
2024-12-04,-0.0017526862161
2024-12-05,0.00640085654673
2024-12-06,0.00484773684028
2024-12-09,-0.00451741586861
2024-12-10,-0.00745842800611
2024-12-11,0.00508390704919
2024-12-12,0.00622617709056
2024-12-13,-0.00147566315507
2024-12-16,-0.00736837950835
2024-12-17,0.00130226670974
2024-12-18,0.0124465316769
2024-12-19,-0.00764789876973
2024-12-20,0.0061300444502
2024-12-23,-0.00609987058909
2024-12-24,-0.00274301513628
2024-12-26,-0.0013947644586
2024-12-27,-0.000492646373559
2024-12-30,0.00189424851964
2024-12-31,-7.5415578921e-05
2025-01-02,-0.00344075648735
2025-01-03,-0.00360629502268
2025-01-06,0.000714329099348
2025-01-07,-0.00870165874451
2025-01-08,-0.000456978609463
2025-01-10,-0.0195121483594
2025-01-13,-0.00293310189493
2025-01-14,0.001676650377
2025-01-15,-0.00666919213724
2025-01-16,0.0011207293473
2025-01-17,0.00670015832302
2025-01-21,0.00655687691194
2025-01-22,-0.00198280071217
2025-01-23,-0.0085870862261
2025-01-24,0.0111648355628
2025-01-27,2.38361010547e-05
2025-01-28,0.00285695025834
2025-01-29,0.0024799617683
2025-01-30,0.0140200596879
2025-01-31,-0.0012168379507
2025-02-03,-0.0117834562866
2025-02-04,0.000483021612062
2025-02-05,-0.00582570702986
2025-02-06,-0.00627240739462
2025-02-07,-0.00224221368136
2025-02-10,0.00974758327714
2025-02-11,0.00368569279171
2025-02-12,-0.0113563918818
2025-02-13,-0.00625562992534
2025-02-14,-0.00636548258538
2025-02-18,0.0030415068062
2025-02-19,0.00571541515149
2025-02-20,0.00731726266513
2025-02-21,0.00573668136867
2025-02-24,0.000437096063273
2025-02-25,0.00183960364569
2025-02-26,0.00034334026087
2025-02-27,0.00344695532932
2025-02-28,0.00371038960436
2025-03-03,-0.0172354746708
2025-03-04,-0.00832063977003
2025-03-05,0.00336367492067
2025-03-06,0.00613100454867
2025-03-07,-0.00371368483855
2025-03-10,-0.0122462015448
2025-03-11,-0.000213704956051
2025-03-12,-0.00129210165947
2025-03-13,-0.014501951635
2025-03-14,0.00423679725108
2025-03-17,-0.00323424028096
2025-03-18,-0.00164182954621
2025-03-19,0.00568260356576
2025-03-20,-0.00313975064859
2025-03-21,0.000195491545875
2025-03-24,0.00781775958714
2025-03-25,-0.00953054111366
2025-03-26,0.00977532067715
2025-03-27,-0.00201588088134
2025-03-28,0.00330987162652
2025-03-31,0.00623366191024
2025-04-01,-0.00671152355407
2025-04-02,0.000699122628048
2025-04-03,-0.0336049398371
2025-04-04,-0.00427774518751
2025-04-07,0.00881255480469
2025-04-08,-0.000262994096497
2025-04-09,-0.00182213159557
2025-04-10,-0.0191849885778
2025-04-11,-0.00588783396539
2025-04-14,0.0135766629432
2025-04-15,0.00390510039434
2025-04-16,-0.00727449763391
2025-04-17,0.015302974291
2025-04-21,0.00119060499879
2025-04-22,0.0273231972027
2025-04-23,0.0085416283543
2025-04-24,0.00515684349805
2025-04-25,-0.0124824573026
2025-04-28,0.00787066878398
2025-04-29,0.00168778440276
2025-04-30,-0.0162856649911
2025-05-01,0.00310193875442
2025-05-02,0.00975695312087
2025-05-05,-0.0109856883932
2025-05-06,0.000218529425737
2025-05-07,-0.000352346888924
2025-05-08,0.000638769650518
2025-05-09,-0.00628026819786
2025-05-12,0.0134942407345
2025-05-13,-0.00985068568663
2025-05-14,-0.00196458909049
2025-05-15,-0.00736955082371
2025-05-16,0.00799181753912
2025-05-19,-0.000678887319897
2025-05-20,-0.00167570845078
2025-05-21,-0.00387890993074
2025-05-22,-0.00467168387974
2025-05-23,0.00103349519992
2025-05-27,-0.00105412463591
2025-05-28,0.000799373398855
2025-05-29,-0.000715031444259
2025-05-30,0.00175987511904
2025-06-02,0.00521220577612
2025-06-03,0.00155433706753
2025-06-04,-0.00334151552216
2025-06-05,-0.00555155171514
2025-06-06,0.00638471928469
2025-06-09,-0.00719204730508
2025-06-10,0.00291488419617
2025-06-11,-0.000533426509955
2025-06-12,-0.00780143693059
2025-06-13,-0.012674711297
2025-06-16,-0.00892690011446
2025-06-17,-0.00135975318258
2025-06-18,-0.00100307943199
2025-06-20,-0.002339638759
2025-06-23,6.02588786838e-06
2025-06-24,0.00529424670514
2025-06-25,-0.0114734931002
2025-06-26,0.00315378749914
2025-06-27,-0.0034985569491
2025-06-30,-0.00707850051532
2025-07-01,0.00456302089909
2025-07-02,0.00150700007538
2025-07-03,0.00170780289871
2025-07-07,0.00187631194794
2025-07-08,0.00530692033843
2025-07-09,-0.00795177648051
2025-07-10,0.00457447351637
2025-07-11,-0.00317629104146
2025-07-14,0.00182375371577
2025-07-15,-0.00551430180695
2025-07-16,-0.00573149235553
2025-07-17,-0.00187483347807
2025-07-18,0.0115050026653
2025-07-21,0.00347616214727
2025-07-22,-0.00796686785929
2025-07-23,0.00301654641414
2025-07-24,-0.00190109242011
2025-07-25,0.0090460855642
2025-07-28,0.000487764579123
2025-07-29,0.000580193419527
2025-07-30,-0.00504496027644
2025-07-31,0.00836346879005
2025-08-01,0.000586599605882
2025-08-04,0.00209866297333
2025-08-05,0.00462623241866
2025-08-06,-0.00152836627599
2025-08-07,-0.00621146302523
2025-08-08,-2.45530404555e-05
2025-08-11,-0.00457007401126
2025-08-12,-0.00106257730299
2025-08-13,0.00420339037564
2025-08-14,0.00278757259674
2025-08-15,0.0033451302749
2025-08-18,0.0066269439992
2025-08-19,-0.00601713376988
2025-08-20,0.00527286380098
2025-08-21,0.00628045115988
2025-08-22,-0.00553395732929
2025-08-25,-0.00678033161467
2025-08-26,0.00408667819086
2025-08-27,-0.000905967480302
2025-08-28,0.00274235409831
2025-08-29,-0.00464727790463
2025-09-02,-0.0101400910804
2025-09-03,-0.00973455506621
2025-09-04,-0.0101108203502
2025-09-05,-0.00802711629396
2025-09-08,-0.00624870259208
2025-09-09,0.000653326036584
2025-09-10,0.017684663722
2025-09-11,-0.00310208750424
2025-09-12,-0.00583849275684
2025-09-15,-0.00987243525017
2025-09-16,-0.002763979609
2025-09-17,0.00830453212735
2025-09-18,0.00211808416759
2025-09-19,0.00485716532234
2025-09-22,-0.00579271566788
2025-09-23,-6.66768922576e-05
2025-09-24,0.00471418045743
2025-09-25,0.000380825402707
2025-09-26,0.00142856416892
2025-09-29,0.00432765541371
2025-09-30,0.0111426672615
2025-10-01,-0.0170985449074
2025-10-02,0.00696949618142
2025-10-03,-0.000979765480581
2025-10-06,0.00649558833856
2025-10-07,0.0075276490626
2025-10-08,-0.000443524386033
2025-10-09,0.00385010497858
2025-10-10,0.00148215182556
2025-10-13,-0.00515024222214
2025-10-14,0.0088895382618
2025-10-15,0.00750690599011
2025-10-16,0.000551585494924
2025-10-17,0.0118210415967
2025-10-20,0.00976628140284
2025-10-21,0.00304358141381
2025-10-22,-0.0151334863739
2025-10-23,-0.000135122942647
2025-10-24,0.0086113345724
2025-10-27,-0.00431616275716
2025-10-28,-0.000694717432936
2025-10-29,-0.00499573764534
2025-10-30,0.00546579582507
2025-10-31,0.000376778938174
2025-11-03,0.00030244181325
2025-11-04,-0.00216023788439
2025-11-05,0.0139871664122
2025-11-06,0.00176752288446
2025-11-07,0.00241920008156
2025-11-10,0.00304926980377
2025-11-11,-0.0050978479419
2025-11-12,0.00264941522678
2025-11-13,-0.00990382905822
2025-11-14,0.00425175358224
2025-11-17,-0.000659234093958
2025-11-18,0.00357190074334
2025-11-19,-9.3853960315e-05
2025-11-20,-0.0058399991944
2025-11-21,0.00259354138537
2025-11-24,0.0111662192481
2025-11-25,0.00261114527632
2025-11-26,0.00410270257199
2025-11-28,0.0067450308085
2025-12-01,-0.00696435943129
2025-12-02,0.000939965929647
2025-12-03,-0.00736215842792
2025-12-04,0.0027922587418
2025-12-05,0.000143594360465
2025-12-08,-0.000694879695516
2025-12-09,0.00809756703138
2025-12-10,0.00298977860688
2025-12-11,-0.00419147859159
2025-12-12,-0.00378580069459
2025-12-15,0.00017982183185
2025-12-16,-0.00393773639305
2025-12-17,-0.0171252074565
2025-12-18,-0.00179232101578
2025-12-19,0.00850760967136
2025-12-22,0.00199960407845
2025-12-23,0.00787177487201
2025-12-24,-0.00184227446331
2025-12-26,0.00105129031459
2025-12-29,0.00322305809328
2025-12-30,0.00072741789436
2025-12-31,-0.00467332924834
2026-01-02,-0.0087122032609
2026-01-05,0.00738095934795
2026-01-06,-0.022376662386
2026-01-07,0.00175757897629
2026-01-08,0.0152013928944
2026-01-09,-0.0110746825357
2026-01-12,0.000586689056854
2026-01-13,0.000251562735023
2026-01-14,-0.0091128725968
2026-01-15,-0.00144731587996
2026-01-16,-0.0088776329771
2026-01-20,-0.0106701197338
2026-01-21,-0.0025728866713
2026-01-22,0.00654495457298
2026-01-23,0.00442919050355
2026-01-26,0.00682641518473
2026-01-27,-0.00081808428245
2026-01-28,-0.00447543882769
2026-01-29,0.00519304566971
2026-01-30,0.00624199278239
2026-02-02,0.0045598938695
2026-02-03,-0.011875421532
2026-02-04,0.00755922392435
2026-02-05,-0.00147959820855
2026-02-06,0.00800441028328
2026-02-09,0.000131034714739
2026-02-10,-0.00126862721316
2026-02-11,-0.0152907614741
2026-02-12,0.0125189227465
2026-02-13,0.016966342639
2026-02-17,0.00904896688407
2026-02-18,0.00921981063071
2026-02-19,-0.0174423557143
2026-02-20,0.00263074315744
2026-02-23,-0.0281389600988
2026-02-24,0.000864483857066
2026-02-25,0.0180065171682
2026-02-26,0.0191798698945
2026-02-27,-0.0148837000079
2026-03-02,-0.00260341092035
2026-03-03,0.00717633945864
2026-03-04,-0.00058929526718
2026-03-05,0.00353152695866
2026-03-06,0.00254436297505
2026-03-09,0.00135383057623
2026-03-10,-0.00127137754809
2026-03-11,-0.00260404874862
2026-03-12,-0.00749481971733
2026-03-13,0.00609668736774
2026-03-16,0.00276740082648
2026-03-17,-0.00195869566139
2026-03-18,-0.00633049177156
2026-03-19,-0.0183190308007
2026-03-20,0.00593164031236
2026-03-23,0.0100812551366
2026-03-24,-0.0106226903799
2026-03-25,0.00445887620718
2026-03-26,-0.00159779818376
2026-03-27,-0.00451779559482
2026-03-30,0.00216794631899
2026-03-31,0.00994913232008
2026-04-01,-0.00346978490921
2026-04-02,-0.000605833719632
2026-04-06,0.010240268606
2026-04-07,-0.00322187509156
2026-04-08,0.00271636220689
2026-04-09,0.00207241942856
2026-04-10,-0.00646321474419
2026-04-13,-0.00777177033647
2026-04-14,0.0211892086902
2026-04-15,-0.00197723080228
2026-04-16,0.00658320487124
2026-04-17,0.0125909772596
2026-04-20,0.00152217305314
2026-04-21,-0.0280031404636
2026-04-22,-0.00667117516676
2026-04-23,-0.00390224703408
2026-04-24,0.00304461085516
2026-04-27,-0.00478087600121
2026-04-28,-0.00384034800711
2026-04-29,-0.00913523510807
2026-04-30,-0.00890263590091
2026-05-01,-0.0122973214637
2026-05-04,0.000419806878651
2026-05-05,-0.0126003210071
2026-05-06,0.00286951264874
2026-05-07,0.0143557659037
2026-05-08,-0.015774721513
2026-05-11,-0.0131120227742
2026-05-12,0.00787012796907
2026-05-13,-0.0153885076047
2026-05-14,0.00128332790425
2026-05-15,0.00857334020277
2026-05-18,0.0045358760909
2026-05-19,0.00611452646822
2026-05-20,0.0176082808768
2026-05-21,-0.000397927570822
2026-05-22,0.000723473981692
2026-05-26,0.00193286462808
2026-05-27,0.00687388235982
2026-05-28,-0.00472078345534
2026-05-29,-0.00730389046671
2026-06-01,0.0013266470292
2026-06-02,-0.00739615421203
2026-06-03,0.0124884802899
2026-06-04,8.97872290676e-05
2026-06-05,0.00863623804977
2026-06-08,-0.00162110365213
2026-06-09,0.00539797273258
2026-06-10,-0.00767703777961
2026-06-11,0.00321776768055
2026-06-12,0.0111204342568
2026-06-15,0.000133572981207
2026-06-16,0.00210557699556
2026-06-17,-0.0150287440297
2026-06-18,-0.00777473445546
2026-06-22,-0.0107799070135
2026-06-23,0.00189800211964
2026-06-24,-0.0114153645129
2026-06-25,-0.0096130172877
2026-06-26,0.00341978018979
2026-06-29,-0.00434575472338
2026-06-30,0.012796900367
